pca_1,pca_2,cluster,segment
-1.1385570690454403,0.46000166549816285,0,High-Margin Products
3.147138566747939,-0.06362775960280645,2,High-Value Products
-0.4373769562291514,0.041236111767435954,3,High-Selling / Low-Margin Products
2.201353554860302,0.3296243224602938,2,High-Value Products
0.9922993163330442,-0.9894988419611245,3,High-Selling / Low-Margin Products
-0.10191065256393458,0.6246642377159131,0,High-Margin Products
-0.8880954129093374,-0.26792514716698534,3,High-Selling / Low-Margin Products
0.5607299983896094,0.2443922878665618,0,High-Margin Products
-2.3337760114694217,-1.9782368206302667,1,Low-Performance Products
1.7390079700853665,0.6986408212542651,2,High-Value Products
-0.7296263891514027,-1.0350559567467648,3,High-Selling / Low-Margin Products
2.164248135455708,-1.0662474382553224,2,High-Value Products
-0.3498537234654798,-1.1051287248422046,3,High-Selling / Low-Margin Products
0.5484369111770051,-0.42386075621271213,3,High-Selling / Low-Margin Products
1.7258980421915835,0.5277787451481818,2,High-Value Products
0.15604981334364293,-1.1471305649084693,3,High-Selling / Low-Margin Products
2.8612562839141344,-1.0462467344382949,2,High-Value Products
1.694888345156521,-1.2372691564397353,2,High-Value Products
0.9966655379029437,-1.1287537132494074,3,High-Selling / Low-Margin Products
2.18681487898236,-1.9362379999263908,2,High-Value Products
2.1261897157515164,-0.6700129532488295,2,High-Value Products
-0.5382629195032543,-0.5823473945439601,3,High-Selling / Low-Margin Products
-3.421190416320876,0.6936866711298818,1,Low-Performance Products
-0.37038046422352594,-0.05705618685956328,0,High-Margin Products
-2.9640868242399425,-1.2096979596854098,1,Low-Performance Products
-1.1656626600373856,1.5860603833867792,0,High-Margin Products
-1.9825238014630215,-0.39472498332812367,1,Low-Performance Products
-0.0018882060329435029,1.3004827885406411,0,High-Margin Products
2.447767701994885,-0.23660029705408056,2,High-Value Products
3.0990525862975753,1.7889626488288008,2,High-Value Products
1.1750111778122736,1.3145150054808208,0,High-Margin Products
3.679069293903911,-0.9166231934240054,2,High-Value Products
3.1516146223321306,-0.22991527100840842,2,High-Value Products
-2.2809191831345124,0.4299245565179905,1,Low-Performance Products
-3.9421983963782634,0.7928593835979658,1,Low-Performance Products
1.5718319800003966,0.1106678457703498,2,High-Value Products
1.2932884363958814,-0.18314273223350716,2,High-Value Products
-1.3637691044559899,0.8600607367539185,1,Low-Performance Products
-0.5309019986311801,1.2429495473694057,0,High-Margin Products
1.6900322965320076,-0.3927558798530722,2,High-Value Products
1.0517395772250062,-1.8508432327206967,3,High-Selling / Low-Margin Products
2.49183615049855,-2.587663212304944,2,High-Value Products
3.097116191016246,-1.0952219016714357,2,High-Value Products
1.7249420618834095,0.4366690759967939,2,High-Value Products
0.9100365369588002,-1.2455653374574194,3,High-Selling / Low-Margin Products
-1.9222963146200986,-0.2804612879442419,1,Low-Performance Products
-1.2164283802025602,-1.40925447814412,3,High-Selling / Low-Margin Products
-4.088626472188654,-1.426679246454515,1,Low-Performance Products
-1.8157089564943927,-2.1191514965194336,3,High-Selling / Low-Margin Products
0.9273421394596547,1.503267012451198,0,High-Margin Products
2.056254488865638,0.4741711449458557,2,High-Value Products
0.9154318678589409,-0.7047895093711066,3,High-Selling / Low-Margin Products
1.5327414412265565,0.3098448507961554,2,High-Value Products
1.3004694349697277,0.5237420178161492,0,High-Margin Products
-2.60084224208757,-1.3688173594795965,1,Low-Performance Products
0.06678201912054049,2.2796201945394388,0,High-Margin Products
0.6533699018667728,-0.04811634844175904,0,High-Margin Products
-0.21764365708657865,-0.13042063672082613,3,High-Selling / Low-Margin Products
-0.08162157584408421,0.25521104702370945,0,High-Margin Products
0.6562383141569188,1.8238197251458392,0,High-Margin Products
-1.6008044405720667,0.3783923044603406,1,Low-Performance Products
-3.10810208397746,-1.2867466830745868,1,Low-Performance Products
-2.082274699625004,-0.4829595356493847,1,Low-Performance Products
0.8238786787420147,-0.642468068861306,3,High-Selling / Low-Margin Products
-2.6369340980353604,-1.548156751457847,1,Low-Performance Products
-3.252666200496731,0.09440071493654761,1,Low-Performance Products
3.9940006984140908,-0.1296595664755189,2,High-Value Products
-1.4984614632813251,-0.040904757925989715,1,Low-Performance Products
-1.6376571391476085,-0.7452366111346519,1,Low-Performance Products
0.20054271319779046,-0.5976783507329322,3,High-Selling / Low-Margin Products
2.410792864157588,-0.7370733739910534,2,High-Value Products
-0.16000383397898765,0.18725415447940988,0,High-Margin Products
1.9340723325024716,-1.163989119600488,2,High-Value Products
4.219047105676355,1.0771157971776042,2,High-Value Products
3.3663708981742904,-0.7115141288375956,2,High-Value Products
-1.8049574614536037,-0.6547409097325116,1,Low-Performance Products
-1.7908607322969197,-0.5052735820556875,1,Low-Performance Products
2.683051887706886,0.5199794650322813,2,High-Value Products
2.3864054418673755,-1.636909996566808,2,High-Value Products
0.8885951472016751,0.5654622322533643,0,High-Margin Products
0.4481455869089366,1.3768251032933636,0,High-Margin Products
2.3788124255332397,-1.5270538257078723,2,High-Value Products
0.5195700265210642,0.7292028269715018,0,High-Margin Products
-2.144727102624182,-0.8626332862294942,1,Low-Performance Products
0.08681193697527904,-0.4982657647825584,3,High-Selling / Low-Margin Products
-0.30287610514797914,-1.506522240895668,3,High-Selling / Low-Margin Products
0.06409650776971945,0.3884968271110741,0,High-Margin Products
1.550721566888255,-2.4199468761980065,3,High-Selling / Low-Margin Products
2.5356703389195245,1.1600321738194561,2,High-Value Products
1.8420809577635273,1.1219224593268713,2,High-Value Products
-0.3848750945633242,1.9918155770371773,0,High-Margin Products
0.27031341568123535,0.47408402228605956,0,High-Margin Products
2.1508499882979293,0.739901470921961,2,High-Value Products
0.5628805413598849,0.1773739010802909,0,High-Margin Products
-3.1577369466490466,-1.3678957304351247,1,Low-Performance Products
-2.5736969495065547,-1.1804748785350476,1,Low-Performance Products
-0.4634159518689806,1.010725560997547,0,High-Margin Products
-1.281787170365702,-1.0189162535843357,3,High-Selling / Low-Margin Products
-0.801273046893919,1.0517399049126535,0,High-Margin Products
0.4344108104527341,0.8431199738182392,0,High-Margin Products
0.22084596258651706,0.10547268982885784,3,High-Selling / Low-Margin Products
0.6932408330256449,-0.7664794387372434,3,High-Selling / Low-Margin Products
-0.6907543932917507,0.21518770142274737,0,High-Margin Products
4.168162297194752,-0.0022599709990434548,2,High-Value Products
1.4428721406538396,1.3363066180885577,0,High-Margin Products
1.8571538460149002,0.7217352120858833,2,High-Value Products
0.269710545793551,0.34121113323924396,0,High-Margin Products
3.884218212315523,0.3390461114435475,2,High-Value Products
-0.20138160058098606,-0.11606977048819177,3,High-Selling / Low-Margin Products
-2.579754637877774,0.38874505774781,1,Low-Performance Products
-1.8843174751071912,-0.43962204284108986,1,Low-Performance Products
-2.1623761264067825,0.7226669335618456,1,Low-Performance Products
-2.2816401851495445,-0.83929093897672,1,Low-Performance Products
2.041232726735286,0.8573526040060282,2,High-Value Products
0.08930224413407001,-1.772498402782007,3,High-Selling / Low-Margin Products
-1.5183908614965864,0.16637180301220356,1,Low-Performance Products
-3.558727397727541,0.2032378514115627,1,Low-Performance Products
4.5004105832216945,-1.9332291329806313,2,High-Value Products
1.1633021226633555,0.19586807985549856,0,High-Margin Products
1.2326619716763172,0.8809222886665684,0,High-Margin Products
0.5123366728953425,-0.23247637633400983,0,High-Margin Products
-2.0898561436180803,0.7605133711670652,1,Low-Performance Products
-1.835697812054199,1.9315106823727917,1,Low-Performance Products
0.9382284670153799,-0.4561788279897135,3,High-Selling / Low-Margin Products
0.6825550171069441,0.4157755717254359,0,High-Margin Products
-0.6625522718217592,0.9571838320257142,0,High-Margin Products
-0.7060064444623695,1.6388056037650174,0,High-Margin Products
1.7001451076452185,1.4105290309535927,0,High-Margin Products
-0.6679595247218031,-0.9533642043071052,3,High-Selling / Low-Margin Products
-0.5614681598917509,-0.09120154316324633,3,High-Selling / Low-Margin Products
-1.0110226553040096,1.5055919628281558,0,High-Margin Products
0.24188434270914658,1.207169117304725,0,High-Margin Products
3.166041162830613,1.0589126921256424,2,High-Value Products
2.136183929438991,0.39857596305800036,2,High-Value Products
0.45296132641499043,1.946354366509252,0,High-Margin Products
0.7920343261174818,-1.7749239110147135,3,High-Selling / Low-Margin Products
-0.5987068679515389,1.242326321829125,0,High-Margin Products
-3.3779810518469215,-0.4589892775618222,1,Low-Performance Products
-1.815624556137915,1.1297284619691856,1,Low-Performance Products
1.1920272621502348,0.5871606558825696,0,High-Margin Products
-0.07580917202225465,-1.3047003481933708,3,High-Selling / Low-Margin Products
0.17594495475822933,-1.987303077867176,3,High-Selling / Low-Margin Products
-1.8681732318593534,0.49102696794787776,1,Low-Performance Products
0.7513617214835279,-1.8477612089164173,3,High-Selling / Low-Margin Products
-0.16237598382904905,-0.007802876784208681,0,High-Margin Products
-2.470022767829704,-0.44365413874127707,1,Low-Performance Products
-0.4375699811548383,1.431768009951442,0,High-Margin Products
1.3766380158085643,-0.8856118421772585,2,High-Value Products
0.5766532717014519,0.6297437562371149,0,High-Margin Products
3.4846832442799465,2.4939065135212726,2,High-Value Products
-0.9500870524208447,-0.9838952697926068,3,High-Selling / Low-Margin Products
-2.319759812538961,0.584167599932908,1,Low-Performance Products
-1.1894587157281227,0.21518928875545934,0,High-Margin Products
-0.979664595942298,0.3373033603603736,0,High-Margin Products
-0.25299026726715346,-0.5139603957265734,3,High-Selling / Low-Margin Products
-0.7436923663326737,-1.1136596246241068,3,High-Selling / Low-Margin Products
1.9702154277756878,1.1986101119602137,2,High-Value Products
1.8239925469161689,-1.5097643342641667,2,High-Value Products
-1.5176704995590846,-0.7204542909263415,1,Low-Performance Products
3.473546573132685,-1.5120066630621012,2,High-Value Products
0.5007274975443151,0.4725890030082,0,High-Margin Products
0.07046465127445052,0.12862984156644755,0,High-Margin Products
-2.4870564506509267,0.5387156068750201,1,Low-Performance Products
-0.610638918499425,0.5290787962684884,0,High-Margin Products
2.6283827552688384,-0.050724813029702685,2,High-Value Products
3.600409683620305,0.04629205180252786,2,High-Value Products
1.9474531109647037,-2.862872022194605,2,High-Value Products
-0.021762209077663203,0.6486384771889414,0,High-Margin Products
4.422422910415057,0.6984603188220587,2,High-Value Products
-1.0578473914927253,-0.13402756392035808,3,High-Selling / Low-Margin Products
1.006270661456587,-0.9225841865926308,3,High-Selling / Low-Margin Products
1.170788794040609,-1.5729161529857976,3,High-Selling / Low-Margin Products
0.17423933821246074,-1.1012867137952607,3,High-Selling / Low-Margin Products
1.0801536254772115,0.2883320199365149,0,High-Margin Products
-3.6061811797180123,0.8462528483809936,1,Low-Performance Products
0.34863657493323025,0.7282418470732185,0,High-Margin Products
0.08154760344151615,1.2215866148369892,0,High-Margin Products
0.8266480606774858,0.6199795315775188,0,High-Margin Products
0.4844709331400278,1.3007172277810026,0,High-Margin Products
-0.022591174613389935,-1.3064506592571388,3,High-Selling / Low-Margin Products
2.1043338957019486,0.26815122497660027,2,High-Value Products
-3.140873426524706,-1.1217740372380298,1,Low-Performance Products
-3.3013720457501456,0.08469220466047317,1,Low-Performance Products
-3.2020801670624244,0.4586489021230142,1,Low-Performance Products
-0.37831905698829166,0.09769646023035938,0,High-Margin Products
-0.7359358651707155,-0.028299896532140285,3,High-Selling / Low-Margin Products
-0.3410208222074559,-2.6228823979059475,3,High-Selling / Low-Margin Products
-2.945384276698557,-0.09129416772582616,1,Low-Performance Products
-0.2588421742169781,-0.1670986130054873,3,High-Selling / Low-Margin Products
-0.06480119915171158,-0.4387414779200108,3,High-Selling / Low-Margin Products
-4.130701826154792,0.18613061618466528,1,Low-Performance Products
-0.8030818160537022,-1.4887471497848934,3,High-Selling / Low-Margin Products
-0.4787847463801507,-1.4856551796444766,3,High-Selling / Low-Margin Products
0.4796816634903043,-0.7519139516754483,3,High-Selling / Low-Margin Products
2.7033064479391693,0.8949454704139786,2,High-Value Products
-2.5529558508412262,0.4033705355310338,1,Low-Performance Products
1.8047194683434467,-1.2423366312062312,2,High-Value Products
4.7264808499383735,-0.5997093397167593,2,High-Value Products
0.30451430680610897,-0.43820655024439037,3,High-Selling / Low-Margin Products
-0.509746837496238,1.6963248287779154,0,High-Margin Products
-2.409037570674069,-0.9176939778128331,1,Low-Performance Products
-1.161213691350603,1.998811540495346,0,High-Margin Products
-0.1874665062420531,0.6556398728401727,0,High-Margin Products
-2.0339808265363253,-1.4694819663165053,1,Low-Performance Products
-3.2181994999142676,0.01389138830765861,1,Low-Performance Products
1.8588822457416543,1.4907295133344491,2,High-Value Products
3.095896012962304,0.10253072437174797,2,High-Value Products
-2.721651956608821,0.26287233134901816,1,Low-Performance Products
2.982739924483115,-2.069897341417312,2,High-Value Products
0.3628881979865784,-1.367681832088539,3,High-Selling / Low-Margin Products
-0.8260151587525854,1.5650963239418318,0,High-Margin Products
-2.1777343830992257,-0.08007198098169756,1,Low-Performance Products
0.7064720616933206,1.1148832303502862,0,High-Margin Products
-0.044129441634497245,1.0641136017338808,0,High-Margin Products
3.3183128235289785,1.1838642596171782,2,High-Value Products
1.2500684276488745,0.9050010346171712,0,High-Margin Products
1.5013653195079284,-1.5031039410497815,2,High-Value Products
4.500185492693662,0.6521160593497901,2,High-Value Products
-0.8614360073329276,-0.056137370440264726,3,High-Selling / Low-Margin Products
-0.39401222400236086,0.5570955317506404,0,High-Margin Products
-6.249204210097955,-0.9334816271282667,1,Low-Performance Products
-1.5678650369649467,-1.1247247024203886,3,High-Selling / Low-Margin Products
0.12493146719915552,1.47104312245787,0,High-Margin Products
-2.7045207260491955,-1.5495521941221595,1,Low-Performance Products
1.5045326202998568,-2.2525383172481104,3,High-Selling / Low-Margin Products
3.9101839206545375,0.656341465811023,2,High-Value Products
1.5517614224069538,-1.1044137447339295,2,High-Value Products
-1.2625175559365978,-1.1883498774869783,3,High-Selling / Low-Margin Products
-0.7603175025467489,-0.0009955626280904388,0,High-Margin Products
-1.187207325220607,0.9010268693628478,0,High-Margin Products
0.6149263064544028,-0.5392439327929963,3,High-Selling / Low-Margin Products
0.0453518006922111,-1.358583599976702,3,High-Selling / Low-Margin Products
-0.22486128470660766,1.2216183830304663,0,High-Margin Products
1.8940457010011786,0.9130402639541999,2,High-Value Products
-0.6522128934037449,0.6744669710439046,0,High-Margin Products
1.3534009741200095,0.2230908018983729,2,High-Value Products
-0.1778986894483905,-0.09500156438085573,3,High-Selling / Low-Margin Products
0.6650904407190787,-0.8165596373193393,3,High-Selling / Low-Margin Products
0.8466305860491257,-0.30768173163158175,3,High-Selling / Low-Margin Products
1.9882404780347602,1.0198381834343568,2,High-Value Products
-1.4686894458821589,1.5013328136939394,0,High-Margin Products
4.134348834357724,0.6907184699634454,2,High-Value Products
-1.2754749466334006,-0.1990363857453541,3,High-Selling / Low-Margin Products
0.41824788415754327,0.7621141933184479,0,High-Margin Products
0.05404580736015483,0.6428720324272017,0,High-Margin Products
0.006902025070100935,0.547382160072753,0,High-Margin Products
-0.2779486059107324,-0.7153785831170317,3,High-Selling / Low-Margin Products
3.3964168170507563,1.5002663861962318,2,High-Value Products
-1.0352306400879816,0.3419427300279092,0,High-Margin Products
-3.8718216383809763,1.8656758513240308,1,Low-Performance Products
-2.616136976950923,1.1169693052421203,1,Low-Performance Products
0.30127995539486224,-2.4983686842379424,3,High-Selling / Low-Margin Products
-0.26804115955424085,-0.6823148932933801,3,High-Selling / Low-Margin Products
-2.9321078529829707,-0.4326141171447998,1,Low-Performance Products
0.14529874383464714,0.7153682968584719,0,High-Margin Products
1.955235617471466,-0.2256521951903968,2,High-Value Products
1.965134004149224,-0.7532348669449362,2,High-Value Products
1.457661961328492,0.8900606660108186,0,High-Margin Products
0.9592569076376858,1.423154973675891,0,High-Margin Products
0.10898101245622983,-0.20634104369259917,0,High-Margin Products
-3.4708080192377446,-1.6946543740398516,1,Low-Performance Products
-0.17083249173190784,-2.0073709154234995,3,High-Selling / Low-Margin Products
1.752233616853676,0.7359385919641028,2,High-Value Products
0.41494882397972965,-0.328238043063635,3,High-Selling / Low-Margin Products
1.8238907260067894,0.43190201555093,2,High-Value Products
4.139542438855695,1.1889906960382888,2,High-Value Products
2.0926925039195057,-1.049644241851645,2,High-Value Products
-0.05387428922472546,1.9820575345336946,0,High-Margin Products
0.7623569772931975,-1.1595420270353531,3,High-Selling / Low-Margin Products
-3.597762717663998,1.6920115837195977,1,Low-Performance Products
3.238807454951242,1.2183603009401294,2,High-Value Products
-0.056074825356577915,0.32336917134013915,0,High-Margin Products
1.2902118291283584,-0.4183185867191644,2,High-Value Products
-2.979863323524445,0.011527900479675373,1,Low-Performance Products
-1.2118933838369654,0.5416741830057983,0,High-Margin Products
-0.4175852909789109,-0.6870918867759161,3,High-Selling / Low-Margin Products
2.0491650114155098,1.0824910609912213,2,High-Value Products
-2.3317481299384935,-0.19282531715719312,1,Low-Performance Products
2.1628439683974814,-0.6249637934478632,2,High-Value Products
-1.068909040595846,-1.8197578315880414,3,High-Selling / Low-Margin Products
-1.4313726938683509,-0.13326950374744473,1,Low-Performance Products
-1.6425239682166635,0.5964346324498373,1,Low-Performance Products
2.8751409561201258,-0.03808918958278457,2,High-Value Products
0.20244115490583248,-0.14327129318639475,3,High-Selling / Low-Margin Products
0.2834870330902353,-0.6450475078476843,3,High-Selling / Low-Margin Products
1.335379030377025,1.2402811552166089,0,High-Margin Products
-1.2732415068110126,-0.31481600955761657,3,High-Selling / Low-Margin Products
0.03247074623590656,-1.2889752989731715,3,High-Selling / Low-Margin Products
2.4767954106088865,1.2003096272556237,2,High-Value Products
2.0668327213204334,-0.38242660219945374,2,High-Value Products
1.9150205037537882,-0.4136832934505971,2,High-Value Products
-2.1722573655353523,1.0632132892624364,1,Low-Performance Products
-0.44892895996865456,0.5579295245317547,0,High-Margin Products
-2.3777304172874087,-1.4740629685471398,1,Low-Performance Products
0.02083007857594749,-1.7084082859300547,3,High-Selling / Low-Margin Products
-1.5264299023281969,0.9085336659899509,1,Low-Performance Products
-1.6820033581670355,-0.2586349278942722,1,Low-Performance Products
1.2433094063933106,-1.3194100454179085,3,High-Selling / Low-Margin Products
0.11563007896551472,-1.6308205505655502,3,High-Selling / Low-Margin Products
-1.636057156233676,-0.8978659514022147,3,High-Selling / Low-Margin Products
-0.5889837811962871,1.7412667450630017,0,High-Margin Products
1.6151304345683837,-0.29239507004912796,2,High-Value Products
-2.0633673582289624,-0.10258195221061867,1,Low-Performance Products
-1.247835696837601,1.919575328557209,0,High-Margin Products
-0.9642676054547908,1.086932605767272,0,High-Margin Products
1.1023674161991992,-1.92052040031674,3,High-Selling / Low-Margin Products
0.7152312302374291,2.0687118932971518,0,High-Margin Products
2.919840302193019,0.6629936353644514,2,High-Value Products
2.6665282834526796,0.6822028780774861,2,High-Value Products
-2.107208597621699,0.2769469487456728,1,Low-Performance Products
-1.05622819832896,-1.3368500114423914,3,High-Selling / Low-Margin Products
1.5054527000793634,2.0274642914384997,0,High-Margin Products
-1.195497051249156,-1.8574348951173332,3,High-Selling / Low-Margin Products
-2.55772635518302,-0.09728060732600598,1,Low-Performance Products
1.0611557907510711,0.335591687091276,0,High-Margin Products
-1.0964419369464862,-0.38402236966585823,3,High-Selling / Low-Margin Products
0.26765365906561217,0.8225626994981489,0,High-Margin Products
-0.05707263348597811,-0.9849529845379487,3,High-Selling / Low-Margin Products
1.4646100814903713,0.03837523553086612,2,High-Value Products
-0.16527603168161278,-0.8423491341458551,3,High-Selling / Low-Margin Products
-1.866555403646844,0.5710537297887525,1,Low-Performance Products
-1.3391401579581186,2.5446825761419607,0,High-Margin Products
1.4009064120421129,0.79563780747802,0,High-Margin Products
2.984425549702451,-0.6778277986359612,2,High-Value Products
-0.4505967410394262,0.38435010001869907,0,High-Margin Products
-0.9482701619683337,0.8684514031449732,0,High-Margin Products
0.7008134318805526,-0.4393006963575644,3,High-Selling / Low-Margin Products
-2.3661673597509805,1.0614926204588722,1,Low-Performance Products
-0.05767190022981811,-0.08074069589038581,3,High-Selling / Low-Margin Products
1.4864760256654044,-1.1511015076909341,2,High-Value Products
2.750365643633419,-0.5562379434679948,2,High-Value Products
-0.12545796376584412,-1.5717424456793923,3,High-Selling / Low-Margin Products
2.850131509374213,0.032142025070357,2,High-Value Products
0.20150052265634433,-0.22894016261648784,3,High-Selling / Low-Margin Products
-0.46471695269903174,0.7215960843107352,0,High-Margin Products
1.9215838830869818,1.4525972673309577,2,High-Value Products
-3.138953025659249,1.1047895137733263,1,Low-Performance Products
-1.5678985372421648,0.33531341153158606,1,Low-Performance Products
-0.9450450814604858,1.4780614321428949,0,High-Margin Products
1.1991920487244472,0.6578194896018517,0,High-Margin Products
-2.23139208824051,-1.1027689928584248,1,Low-Performance Products
1.6387545707549669,0.13020404663252766,2,High-Value Products
-1.8785145680746784,-0.4672898081341844,1,Low-Performance Products
0.605405192767271,0.8199520768974423,0,High-Margin Products
-0.09322162847273477,0.03723611121267883,0,High-Margin Products
-2.341298349283996,1.8927777229144467,1,Low-Performance Products
4.497466153819229,0.26281510140226055,2,High-Value Products
0.6999395964812345,-0.5685644781933058,3,High-Selling / Low-Margin Products
-1.2546894675719704,-1.4493376894821484,3,High-Selling / Low-Margin Products
0.12991537741454992,-0.342185024839308,3,High-Selling / Low-Margin Products
-1.3078455833152607,0.7931988718382541,1,Low-Performance Products
0.7281163628225715,0.671283884371902,0,High-Margin Products
1.4617469395865574,-1.0931460278715108,2,High-Value Products
-0.497185423839178,0.48273544113840156,0,High-Margin Products
-2.003824939676322,-0.5534966414478306,1,Low-Performance Products
-1.4684933022840256,-1.040458865565703,3,High-Selling / Low-Margin Products
-1.15453555490011,-1.3388003345300208,3,High-Selling / Low-Margin Products
0.1602750615219543,1.8334777973377534,0,High-Margin Products
-0.18308712109897715,-0.982749775542263,3,High-Selling / Low-Margin Products
0.7704638234058506,-0.36751215165769696,3,High-Selling / Low-Margin Products
-0.12780309798001277,-1.18356677045085,3,High-Selling / Low-Margin Products
0.1827914456630646,1.4281664819764373,0,High-Margin Products
0.38821272250183547,-1.463681350151974,3,High-Selling / Low-Margin Products
0.047241262331421785,-1.9939951197181764,3,High-Selling / Low-Margin Products
-1.1418023546007994,0.2027576527000304,0,High-Margin Products
-0.8904346126290034,2.115489816903218,0,High-Margin Products
-3.895849552031637,0.1494257106140194,1,Low-Performance Products
0.6936480201197442,-0.49503047475005757,3,High-Selling / Low-Margin Products
0.09709423373635208,-0.29580232273738766,3,High-Selling / Low-Margin Products
1.4468806134823209,-1.2526940829400528,2,High-Value Products
-1.5877156401398018,-1.9059747127925553,3,High-Selling / Low-Margin Products
-0.3560736145870903,-1.5552619186187606,3,High-Selling / Low-Margin Products
0.5189375292612054,-0.5058182342539641,3,High-Selling / Low-Margin Products
-2.503393203071398,2.046084033313467,1,Low-Performance Products
0.31852992337946867,-0.13334410347288156,3,High-Selling / Low-Margin Products
0.2635262065250808,-0.4469810562123367,3,High-Selling / Low-Margin Products
-0.1671983501930781,-0.7172588338408405,3,High-Selling / Low-Margin Products
-1.2927646151663212,-0.17086616712959837,1,Low-Performance Products
-0.7347018844540116,0.1507834860841736,3,High-Selling / Low-Margin Products
-2.443243811937333,-0.40286554790186246,1,Low-Performance Products
0.4295572603272378,-1.2001466366584377,3,High-Selling / Low-Margin Products
-5.5301601086623995,0.8519789911044371,1,Low-Performance Products
1.0363542854980463,0.2304488288848052,0,High-Margin Products
-1.1571365522604955,-2.7527625479509434,3,High-Selling / Low-Margin Products
-2.4418519018791662,-0.0446465847796642,1,Low-Performance Products
-1.181653759232416,1.6505189348657785,0,High-Margin Products
0.4131433652260451,0.6026515082089253,0,High-Margin Products
2.467703279247146,-0.3918631108566533,2,High-Value Products
-1.10985610554567,1.49210808544943,0,High-Margin Products
2.7148533440942972,-1.9545193321130563,2,High-Value Products
-1.3243178808037779,-1.3415920784673414,3,High-Selling / Low-Margin Products
-1.208191983527713,-2.0801680654133703,3,High-Selling / Low-Margin Products
0.1909449967656397,0.9466267838595387,0,High-Margin Products
-1.3912961316447279,0.013902504632909722,1,Low-Performance Products
-0.2431767417095157,-1.3585515717844399,3,High-Selling / Low-Margin Products
0.9898140628088054,0.13546035438351767,0,High-Margin Products
-0.012192725398744855,-1.9702333081637036,3,High-Selling / Low-Margin Products
-0.10501564984664413,0.3879689876063091,0,High-Margin Products
-2.2352150337168335,1.2843292877629338,1,Low-Performance Products
1.6533285288858033,-0.8560379592293499,2,High-Value Products
-2.1401838566189437,1.7413735258498668,1,Low-Performance Products
0.17628219762794814,0.20130895994259607,0,High-Margin Products
3.573883209927351,1.5565940033663335,2,High-Value Products
-1.4971404861644506,2.75883333430697,0,High-Margin Products
-0.6451256383226769,0.6099819176256476,0,High-Margin Products
1.6667182522663087,-0.6237659236162064,2,High-Value Products
-0.2646408215511416,-0.12042975686011789,3,High-Selling / Low-Margin Products
0.91276541226958,0.8752197309174936,0,High-Margin Products
0.32360570785634746,-0.26021949558124124,3,High-Selling / Low-Margin Products
-0.991498392022758,0.593590557356347,0,High-Margin Products
-3.5246745598806886,-0.05401873526937727,1,Low-Performance Products
-1.0071548774861203,0.5283903229054052,0,High-Margin Products
1.5470081780890488,-0.24964152530839923,2,High-Value Products
-4.020222069139004,-0.17580249808792298,1,Low-Performance Products
-1.697465468215634,-0.7283577770111709,1,Low-Performance Products
-0.781351221991653,1.140170475784349,0,High-Margin Products
-0.07489260670113244,1.0552225467779524,0,High-Margin Products
-2.142121185521882,0.6595119487223847,1,Low-Performance Products
1.4152784637652478,0.19572992434519682,2,High-Value Products
0.7517952646992329,-0.2645387221747513,3,High-Selling / Low-Margin Products
1.3797399785514817,0.5669966635578493,2,High-Value Products
-1.5452447367337723,-0.33260082070938773,1,Low-Performance Products
-1.8526328621615262,0.6084716193520857,1,Low-Performance Products
0.6718047017264938,-1.1086240392770434,3,High-Selling / Low-Margin Products
1.199336882835649,0.08856381194722825,2,High-Value Products
-1.6367780608377642,-0.11143156321623368,1,Low-Performance Products
-0.8975711578880269,-0.3359731292743372,3,High-Selling / Low-Margin Products
-0.11479097294766628,0.9464039072678123,0,High-Margin Products
4.218948967361771,0.7230472573076046,2,High-Value Products
2.4375786120098075,-0.6320285979774778,2,High-Value Products
1.155600924010345,0.061671095560453595,2,High-Value Products
-2.2531227489442354,0.11373895473317962,1,Low-Performance Products
-1.9718208393728127,0.30077721472802577,1,Low-Performance Products
1.2687849139122762,-0.06205831560990664,2,High-Value Products
1.8771167835269547,-0.06436220813475886,2,High-Value Products
-0.04664506001312205,0.960035793997428,0,High-Margin Products
2.3779959360035643,-0.26338142705657797,2,High-Value Products
-0.5422857113804423,1.257954123846059,0,High-Margin Products
5.230256560259503,-1.5380506993991452,2,High-Value Products
-1.3297015557318759,-0.67130389464066,3,High-Selling / Low-Margin Products
-4.173484998791971,-0.6570968910948115,1,Low-Performance Products
0.6991351170198841,-1.5063431266802843,3,High-Selling / Low-Margin Products
1.3788145601785335,0.30944232667756155,2,High-Value Products
-2.634988614562183,0.3289840949803779,1,Low-Performance Products
0.5715437038669761,0.7000663593700852,0,High-Margin Products
2.58002838139668,-0.4492900327718342,2,High-Value Products
0.28014659383525353,-0.10762786849399604,3,High-Selling / Low-Margin Products
-2.7921053347051368,-0.012823620219454407,1,Low-Performance Products
-1.4867339799123835,0.7028930604138195,1,Low-Performance Products
0.47007309815457127,0.6645920833716894,0,High-Margin Products
3.345101331670331,-1.7765266003275848,2,High-Value Products
0.6141944319509626,1.8844054839010131,0,High-Margin Products
-0.5965206521754726,1.513566865247536,0,High-Margin Products
2.7349275614231936,0.014442114719888923,2,High-Value Products
1.2100938271155282,-1.3780642173643216,3,High-Selling / Low-Margin Products
-3.408367160396075,-0.27319123522617045,1,Low-Performance Products
-1.7218612403949132,0.6980755335915682,1,Low-Performance Products
2.1815025271254695,-0.3418243383116797,2,High-Value Products
4.430553545711152,-0.5408545968847747,2,High-Value Products
0.4943117374959105,1.0955060017017515,0,High-Margin Products
-2.125620190808024,0.5427517854866276,1,Low-Performance Products
1.2248774903504898,-0.33505347782873435,2,High-Value Products
2.5206969206905545,1.6175674650221712,2,High-Value Products
0.2242053206667553,-2.13358617473175,3,High-Selling / Low-Margin Products
-3.684612493867266,2.929361336171173,1,Low-Performance Products
-2.5185024564069423,0.7919958168483703,1,Low-Performance Products
3.4163060914247283,1.1280956208467932,2,High-Value Products
1.7506282826027146,0.04155318396495879,2,High-Value Products
0.8496273883893608,-0.8226085496907739,3,High-Selling / Low-Margin Products
0.7338838678973151,2.0565664045599963,0,High-Margin Products
-0.3519145377343663,-0.1468056027417932,3,High-Selling / Low-Margin Products
1.4671501039830164,1.0070364053896463,0,High-Margin Products
-0.16835440698531864,-0.33277865654114025,3,High-Selling / Low-Margin Products
-1.1250524612039077,-2.116578462098771,3,High-Selling / Low-Margin Products
4.33550029099319,1.03795387976445,2,High-Value Products
-0.9093958819461334,0.8192036887653865,0,High-Margin Products
-1.381457926379166,0.7133946951725251,1,Low-Performance Products
0.4593358718472038,-1.088254880102621,3,High-Selling / Low-Margin Products
-0.9594124407717312,1.3487882662470536,0,High-Margin Products
-0.42839353835100663,1.391502609816596,0,High-Margin Products
3.793958969977766,0.1135998428418096,2,High-Value Products
-3.023090221537843,1.6658041162941837,1,Low-Performance Products
-0.6212240036423671,-1.4438710690910999,3,High-Selling / Low-Margin Products
-1.427250996301848,0.6295256013790501,1,Low-Performance Products
3.688663762895999,1.1773386310891107,2,High-Value Products
0.13488555436091632,-0.7616735357113683,3,High-Selling / Low-Margin Products
-0.5166989268546265,0.004112041635015863,3,High-Selling / Low-Margin Products
1.990257830450322,-0.9229073383920737,2,High-Value Products
1.2285626826412994,-0.7066611965364561,2,High-Value Products
2.0708998096806472,-0.14882145726971374,2,High-Value Products
-0.07364696512492287,0.501513413518353,0,High-Margin Products
0.9200855750287285,-0.719395537850835,3,High-Selling / Low-Margin Products
-1.5312531454967955,-1.9104401779934859,3,High-Selling / Low-Margin Products
-1.1184228324677754,1.6985607109886947,0,High-Margin Products
-1.4306236589962058,0.5605578818606001,1,Low-Performance Products
0.44806798558251093,1.5292353567600159,0,High-Margin Products
0.9184782488787862,-0.019381454244227696,0,High-Margin Products
1.3110889763717484,0.7158266485558225,0,High-Margin Products
0.6107246094873862,-1.0030316314110277,3,High-Selling / Low-Margin Products
-3.8376412725649334,0.1361981865534664,1,Low-Performance Products
1.1157753225966174,-0.6102097424255062,2,High-Value Products
-1.2129412836322893,1.066568929124117,0,High-Margin Products
1.891164625344165,1.249330071410072,2,High-Value Products
-2.443344755411332,-1.9643557560104559,1,Low-Performance Products
0.6381711040861241,-0.3385972991564071,3,High-Selling / Low-Margin Products
0.8556088559189952,1.462262711106941,0,High-Margin Products
0.05743144503953094,1.9188761702421044,0,High-Margin Products
1.6424735739055332,1.199188062219375,2,High-Value Products
-3.1296764283806304,1.4429418659342559,1,Low-Performance Products
3.166850552145155,-1.4123820813514185,2,High-Value Products
-3.2775251393319547,1.5932655037072307,1,Low-Performance Products
-0.23391224570062777,-0.816264320267604,3,High-Selling / Low-Margin Products
2.27018128419733,-0.12479861278020259,2,High-Value Products
-3.5426829916234093,-1.5610410437728732,1,Low-Performance Products
0.7879297782320921,-0.23291620176917635,3,High-Selling / Low-Margin Products
0.9702915520544496,-0.610266572114496,3,High-Selling / Low-Margin Products
1.7144417038217012,0.9936527324213619,2,High-Value Products
-1.9143934034558787,0.32507471616489414,1,Low-Performance Products
0.7009490504755184,-0.16866817093279368,3,High-Selling / Low-Margin Products
-1.0624083916363607,0.9168513856934467,0,High-Margin Products
0.3898328328681888,-0.8027855698704206,3,High-Selling / Low-Margin Products
-0.2241123877199348,-0.8102182533667641,3,High-Selling / Low-Margin Products
-0.6234346335999164,1.4769827080843128,0,High-Margin Products
-2.658609899547228,1.9314520957451864,1,Low-Performance Products
-3.7207346833179114,-0.8077234768026765,1,Low-Performance Products
-1.0741678080215555,-0.5078181865038857,3,High-Selling / Low-Margin Products
0.8646726711616174,1.0827662765113877,0,High-Margin Products
1.3966364483738654,0.3914196077480441,2,High-Value Products
3.3250956907184333,0.6786598630385908,2,High-Value Products
1.765902668907088,-0.7782153389859966,2,High-Value Products
0.5355580039575408,2.2140925779367273,0,High-Margin Products
2.258429425911286,-0.9631814584347258,2,High-Value Products
4.5720635930702205,-0.9730948650498596,2,High-Value Products
1.9587500939844176,-0.03361477616550912,2,High-Value Products
1.3130682118920884,0.32702513252201165,2,High-Value Products
0.03525144187576148,0.36837298868961665,0,High-Margin Products
-1.2116314904220544,-0.8688347151342268,3,High-Selling / Low-Margin Products
-1.1096314170195638,2.0873516879170846,0,High-Margin Products
-2.547309012323379,-0.5951653878890603,1,Low-Performance Products
-1.2599620021120677,0.9854293585317874,0,High-Margin Products
-1.1974693294557677,-0.09171304118383275,1,Low-Performance Products
-3.6178806921717714,-1.5594123076679427,1,Low-Performance Products
2.8461330781048555,-0.0191896767693773,2,High-Value Products
-0.8601372816389482,-1.0159754580015332,3,High-Selling / Low-Margin Products
2.4098245956021462,-0.2470827170090661,2,High-Value Products
0.8172364849225516,1.1536234031444235,0,High-Margin Products
2.0351960485750524,-0.7915982050246904,2,High-Value Products
-0.6552309376431159,-0.16423192643349363,3,High-Selling / Low-Margin Products
-1.0652178387918287,1.7241916274338105,0,High-Margin Products
-2.416634157923466,1.0328884739059403,1,Low-Performance Products
1.7456803223162898,0.8804790398595711,2,High-Value Products
-3.972804542401375,-0.19250546183700704,1,Low-Performance Products
-1.021991393698521,-0.901246256455746,3,High-Selling / Low-Margin Products
1.5969340508383936,0.2068024555484337,2,High-Value Products
2.322339307069547,-0.3577503389471217,2,High-Value Products
-0.6012552932835181,-0.09303591901230691,3,High-Selling / Low-Margin Products
1.807293191724289,-0.3543370228588484,2,High-Value Products
1.5315774620145457,-0.3335193144574652,2,High-Value Products
-2.3466182176553976,1.3940766328054122,1,Low-Performance Products
-0.7264102916001121,1.1387773893524409,0,High-Margin Products
1.0671061518495768,-0.45215347148702284,2,High-Value Products
1.428018702212785,-0.9344610579911223,2,High-Value Products
-1.1748458562774067,-0.6225112027273864,3,High-Selling / Low-Margin Products
-2.230998740152944,0.7209997062584186,1,Low-Performance Products
-1.60127625854422,-2.6661142764548362,3,High-Selling / Low-Margin Products
-0.19868713653223988,2.89481218760938,0,High-Margin Products
0.7266311326854387,-0.75270533365078,3,High-Selling / Low-Margin Products
3.369427439514238,0.8259495484013971,2,High-Value Products
1.4203540015238039,-0.8913487591962742,2,High-Value Products
-2.726383739421636,-0.37354015631458903,1,Low-Performance Products
-3.5655290073808623,-2.420544294770902,1,Low-Performance Products
0.36012523445030037,-2.5254466154343835,3,High-Selling / Low-Margin Products
-0.8219990242109864,-0.38266081013018344,3,High-Selling / Low-Margin Products
4.250663120609948,-0.6209801845002322,2,High-Value Products
-2.6105149425879812,-1.3215666130211305,1,Low-Performance Products
-2.328669390722398,0.7521740663197206,1,Low-Performance Products
0.2876726995737509,1.0424305746080078,0,High-Margin Products
-0.9421211440825764,0.404352473600718,0,High-Margin Products
-1.8351387660003597,0.565835565564585,1,Low-Performance Products
-0.8241392697922401,-0.5546207842684644,3,High-Selling / Low-Margin Products
-1.9449961281081962,0.24995483347544742,1,Low-Performance Products
1.7122739848028314,1.6899745716520675,0,High-Margin Products
-0.8868498276369728,2.256682367255924,0,High-Margin Products
-2.8549795311567188,-0.48763441779116967,1,Low-Performance Products
1.432065251959745,-0.15475852329975323,2,High-Value Products
2.203455999224824,0.8944056181365837,2,High-Value Products
-3.1876929990992466,-0.14629283180324068,1,Low-Performance Products
-2.6371706026476893,-0.13051220968623414,1,Low-Performance Products
-0.4240809050928479,0.8605245772513682,0,High-Margin Products
-0.14492385661187474,0.38070889730696145,0,High-Margin Products
1.4175002642113048,1.084066509889957,0,High-Margin Products
3.988409936841569,0.3233746104393475,2,High-Value Products
1.2835981980610305,-0.010281379404791496,2,High-Value Products
2.08297295050812,-1.1953665517182905,2,High-Value Products
4.737962160131233,-0.4239913714683755,2,High-Value Products
2.4138859546068376,-0.24885514938863224,2,High-Value Products
0.521180321332071,3.2899036892596722,0,High-Margin Products
-0.022060308054733985,-0.5795354445733003,3,High-Selling / Low-Margin Products
-2.480497077375277,-0.5841782114558239,1,Low-Performance Products
2.507749559897266,-1.2365795134791322,2,High-Value Products
-1.0279840995168543,-0.530934639776311,3,High-Selling / Low-Margin Products
0.7184202464400506,0.8469324000711925,0,High-Margin Products
1.3925352361635206,-3.336026865564108,3,High-Selling / Low-Margin Products
0.2677460986881224,-1.8471311620460023,3,High-Selling / Low-Margin Products
-1.5220157516821269,-0.6335075434286435,3,High-Selling / Low-Margin Products
-1.354203965292223,0.3046986078709308,1,Low-Performance Products
1.686127260440348,2.369631278779785,0,High-Margin Products
2.1509024649200867,0.3306214673581102,2,High-Value Products
0.8822968612349452,0.3126583938472593,0,High-Margin Products
-0.13827256277933464,1.2908944578729138,0,High-Margin Products
-1.570082371834525,0.2719310193221678,1,Low-Performance Products
-5.250164690952356,-2.2377395241528335,1,Low-Performance Products
1.1141306732679612,-0.8039141176169401,3,High-Selling / Low-Margin Products
-1.2931465180457662,0.3701307724101857,1,Low-Performance Products
0.810966145251439,-0.7193817783855215,3,High-Selling / Low-Margin Products
0.3434766368532358,2.073637571088272,0,High-Margin Products
1.7293625943485107,1.1249579615224174,2,High-Value Products
2.0485269183246255,1.4083303544370382,2,High-Value Products
1.4683073629384642,1.1141888600942091,0,High-Margin Products
-0.7646382935985624,1.6838482749379902,0,High-Margin Products
-3.995076337557659,1.3395514045801282,1,Low-Performance Products
-1.0456686532191335,-0.23966012998699104,3,High-Selling / Low-Margin Products
0.7970855856947129,-0.9062754710666545,3,High-Selling / Low-Margin Products
-2.054142579518328,0.938108989992555,1,Low-Performance Products
0.6821899204272283,-0.5694533901058318,3,High-Selling / Low-Margin Products
0.14362894818297262,-1.1141230534538291,3,High-Selling / Low-Margin Products
-0.9977380894462629,-0.06029745675654895,3,High-Selling / Low-Margin Products
1.531080939764312,0.14193930642238325,2,High-Value Products
-0.40800499786273753,-1.4135654015178942,3,High-Selling / Low-Margin Products
-0.9419621521257976,1.296697841016441,0,High-Margin Products
-0.6259686050372043,1.9365573568072172,0,High-Margin Products
2.083769627222168,1.2146117889601886,2,High-Value Products
-0.6349478018242096,-0.8024256846062567,3,High-Selling / Low-Margin Products
-0.04163601753575106,-0.3345041511286407,3,High-Selling / Low-Margin Products
1.9489846841516782,0.48071936148276456,2,High-Value Products
-0.5678802945744715,0.21364699203316498,0,High-Margin Products
-3.891621639594766,-0.8994045344183766,1,Low-Performance Products
-1.3658224688035303,0.7314819045524686,1,Low-Performance Products
1.755818984042476,1.6709069995003978,0,High-Margin Products
-2.624146071234761,0.9484171932829518,1,Low-Performance Products
2.5419694959188557,0.38736563621424164,2,High-Value Products
2.4568113489843744,0.4960696769435173,2,High-Value Products
-4.169391989300076,-0.5029057332456223,1,Low-Performance Products
-0.06747022999662426,0.5014241486927701,0,High-Margin Products
-1.6533635722517117,-0.9327398069376817,1,Low-Performance Products
0.5320963240026859,2.1319214636646118,0,High-Margin Products
-0.971667675793927,-0.6392439356924491,3,High-Selling / Low-Margin Products
2.405917644104543,0.6856520947689156,2,High-Value Products
-0.5910975750913903,2.038881767470202,0,High-Margin Products
-1.9614307331361789,0.4774955531558133,1,Low-Performance Products
-1.0693452395584175,-0.5548063374148389,3,High-Selling / Low-Margin Products
2.217846644593876,1.0740586226759128,2,High-Value Products
-3.367533334155997,0.1262578038403852,1,Low-Performance Products
-1.9491683872286307,-0.6743813263367231,1,Low-Performance Products
0.7104576335268323,-1.2637009994692086,3,High-Selling / Low-Margin Products
-1.4923103356099137,-1.550472581593607,3,High-Selling / Low-Margin Products
-3.5993762900215076,-0.1497389220198884,1,Low-Performance Products
-1.0709106280863607,1.00019642366058,0,High-Margin Products
-0.9906020024125954,-0.4305270974128836,3,High-Selling / Low-Margin Products
-3.4149275790817955,-0.3942489802590836,1,Low-Performance Products
0.9121944037579278,-1.5688089900374085,3,High-Selling / Low-Margin Products
-2.20307572720021,0.9433081948082097,1,Low-Performance Products
-1.5045676510180357,-0.304467345097844,1,Low-Performance Products
-0.2503053402441376,1.2579438277179142,0,High-Margin Products
2.501277880448819,0.48511494211537215,2,High-Value Products
-0.012382387744469854,-0.46756552593629946,3,High-Selling / Low-Margin Products
0.29855349777435936,1.1842247258482974,0,High-Margin Products
4.716272302216472,-0.8195569817061278,2,High-Value Products
-1.9827138263031514,-0.10179032386440733,1,Low-Performance Products
-3.499369248805301,-0.9054021119482574,1,Low-Performance Products
0.7871787317736054,1.0854474349532717,0,High-Margin Products
1.422793995968102,-0.8038332842716068,2,High-Value Products
0.8266918306531819,-0.17631478393930491,3,High-Selling / Low-Margin Products
-2.6588248227292395,-1.908528379532366,1,Low-Performance Products
0.8609114810186679,-0.8005636835330588,3,High-Selling / Low-Margin Products
-0.5348943952224545,1.2052415440021202,0,High-Margin Products
2.2687953960282807,-0.6132073864860369,2,High-Value Products
-2.766717175629636,-0.7472116360894591,1,Low-Performance Products
1.8310920908570083,1.7649286516889187,0,High-Margin Products
-0.5340923513106869,0.18665668207444785,0,High-Margin Products
1.0238174374066198,-1.4080024294504614,3,High-Selling / Low-Margin Products
-2.8033237889021554,0.38915597924346745,1,Low-Performance Products
-2.991169690401671,-1.4381518264943671,1,Low-Performance Products
0.12117500074187863,-0.30900271141153274,3,High-Selling / Low-Margin Products
0.9434449159824213,-0.47440186687657704,3,High-Selling / Low-Margin Products
2.093588753296169,-0.6718448543890394,2,High-Value Products
-0.15158644245672268,-1.2030838052169355,3,High-Selling / Low-Margin Products
1.8890272367843162,0.5860513759885071,2,High-Value Products
3.66117196490203,-0.5998034166314637,2,High-Value Products
0.6015676780330096,-0.0698733194108101,0,High-Margin Products
2.5851275915604957,0.19906376001866685,2,High-Value Products
1.3870871642228173,-0.2849722144126806,2,High-Value Products
2.423901899270305,-0.842788085763896,2,High-Value Products
2.6830620429667777,0.35655160638910804,2,High-Value Products
-1.0027508448620754,0.10582088276172731,3,High-Selling / Low-Margin Products
2.4532242899255428,-0.31697166502891666,2,High-Value Products
-1.958367083713832,-0.722585252400625,1,Low-Performance Products
-1.42255041785283,-0.6231480142498887,3,High-Selling / Low-Margin Products
1.9831531988781554,-0.36584924144557956,2,High-Value Products
0.046136361614150675,-0.4136469126557329,3,High-Selling / Low-Margin Products
-0.5861572663093617,0.28661079449346316,0,High-Margin Products
-1.037909505855204,-0.9065323623897081,3,High-Selling / Low-Margin Products
-0.5806981895234138,0.6826904138681,0,High-Margin Products
-3.192741156484135,-0.6480319963516225,1,Low-Performance Products
-2.5615318519242787,-1.3033064549887383,1,Low-Performance Products
-5.0562736838100175,0.32113958404307635,1,Low-Performance Products
0.24299216332576762,0.2278285175814188,0,High-Margin Products
1.9768058680294323,0.208942646687862,2,High-Value Products
-2.088389881606481,0.055378627295182815,1,Low-Performance Products
-0.31866219452579103,-1.445896877601405,3,High-Selling / Low-Margin Products
1.2451726155723366,1.9052887753542767,0,High-Margin Products
0.9379953986931374,0.3752844616749804,0,High-Margin Products
-3.120139915585103,-0.5063586666080687,1,Low-Performance Products
-2.746845385430115,-0.027106165035475277,1,Low-Performance Products
0.0029617960952780867,0.28016238299969115,0,High-Margin Products
-1.6992746337801568,1.6032179682676444,1,Low-Performance Products
0.1559119805767765,0.9136107957769533,0,High-Margin Products
-1.4205387793664719,1.5299730193746945,0,High-Margin Products
-1.129371713847148,2.786618064778635,0,High-Margin Products
-1.3694181548167363,-0.09196426219389854,1,Low-Performance Products
2.669866535048576,0.1885774093989482,2,High-Value Products
3.145315620568592,0.18426791558221378,2,High-Value Products
-2.9887924618021446,-0.1466465281054189,1,Low-Performance Products
2.5873187777263777,0.18351762665139346,2,High-Value Products
-0.9100808970796124,0.9602116157456307,0,High-Margin Products
2.1249224758826,1.0352474733505788,2,High-Value Products
-0.4800363415826471,-0.6696947623717364,3,High-Selling / Low-Margin Products
-0.9958587569822921,-0.6165025887842518,3,High-Selling / Low-Margin Products
1.2471546270594063,0.3486750046422441,2,High-Value Products
1.7749697385964522,-1.1373528226232688,2,High-Value Products
0.996536227841556,-0.8035581086727117,3,High-Selling / Low-Margin Products
-1.797482215338497,-1.4476801415524196,3,High-Selling / Low-Margin Products
2.137421905573845,0.199133914047397,2,High-Value Products
3.2864001053085925,2.1615985040616437,2,High-Value Products
-2.381928700645821,1.075112217127408,1,Low-Performance Products
-1.6532572790148776,-0.0727901465801673,1,Low-Performance Products
-5.450053587773797,0.4588942731084273,1,Low-Performance Products
-1.1056008785860862,1.331251192889506,0,High-Margin Products
-0.11809305861031219,-1.983318835280376,3,High-Selling / Low-Margin Products
2.561093991278718,1.7659929818543514,2,High-Value Products
4.372382897139554,-1.5545021444600027,2,High-Value Products
-3.0252518553673142,-0.6965163642656494,1,Low-Performance Products
1.38317939199307,2.5552753637952943,0,High-Margin Products
-0.06469951597499116,-0.16648714169632425,0,High-Margin Products
0.9529058002182584,0.20342503414882968,0,High-Margin Products
-1.7734517680175892,-1.2807471019188759,3,High-Selling / Low-Margin Products
0.16168792693715295,-0.31360830047016686,3,High-Selling / Low-Margin Products
2.7584745794606076,0.281825241661679,2,High-Value Products
-4.926124259291575,1.064016944684357,1,Low-Performance Products
-2.0047902845072727,-0.5598759387740935,1,Low-Performance Products
2.1131664702344244,-1.5715715602135671,2,High-Value Products
-0.22994047455579192,0.19393662853545607,0,High-Margin Products
2.2219197553135155,0.8297600353508978,2,High-Value Products
-2.3987525696555267,1.4017822472870451,1,Low-Performance Products
1.7186352985777105,-2.8346881408770908,3,High-Selling / Low-Margin Products
2.1179345374460286,-0.0869411413836773,2,High-Value Products
1.484754174252979,-0.8227470310254568,2,High-Value Products
1.5960994717697063,1.9059670013733039,0,High-Margin Products
1.3704825414275235,-0.5352376730619461,2,High-Value Products
-0.09573526029806259,-1.2125915453008715,3,High-Selling / Low-Margin Products
-2.1465547884120464,-1.5198231416399146,1,Low-Performance Products
1.1947062909273856,-0.6467417104185709,2,High-Value Products
-0.677092903161645,0.311542872000794,0,High-Margin Products
-0.7879039947570219,0.8738951909967972,0,High-Margin Products
-0.7897791417368257,-1.512849614534053,3,High-Selling / Low-Margin Products
1.530132651541724,0.15212206912308768,2,High-Value Products
-1.6577996830543071,0.909070296061853,1,Low-Performance Products
-0.5829737068617219,1.7153254999274783,0,High-Margin Products
2.2333576196599942,0.32631861367620235,2,High-Value Products
-2.2206565687305644,0.13913344106153386,1,Low-Performance Products
-0.3256689753844877,-0.6681611376987251,3,High-Selling / Low-Margin Products
-2.117170480684537,0.18257829545652787,1,Low-Performance Products
-1.047680305565229,1.5494147522021922,0,High-Margin Products
-2.7716704618835917,0.8237481313666133,1,Low-Performance Products
1.3987351247125526,-0.5201572938190048,2,High-Value Products
-2.423730952870557,-0.8749071606251374,1,Low-Performance Products
-2.559168303180994,1.258691816705514,1,Low-Performance Products
-2.480341191595982,-0.7091317460320559,1,Low-Performance Products
-0.04087002566331068,0.606580450788041,0,High-Margin Products
-0.5640333907614146,-0.8887304830761117,3,High-Selling / Low-Margin Products
2.530175055745206,0.6574365313644779,2,High-Value Products
0.11246714411277492,-0.9546675555718319,3,High-Selling / Low-Margin Products
-1.4042901865330646,-0.6516022991258832,3,High-Selling / Low-Margin Products
2.078592564865715,-2.542623168630134,2,High-Value Products
-0.8786846884510775,-0.13920523585267314,3,High-Selling / Low-Margin Products
-0.6345544730643126,-1.566738901923995,3,High-Selling / Low-Margin Products
-0.8136336936025302,-1.3967905718739377,3,High-Selling / Low-Margin Products
-1.9888362779822293,1.275324803257859,1,Low-Performance Products
2.632040254850119,0.15320067933291925,2,High-Value Products
2.170925715671829,0.18439610664088843,2,High-Value Products
-1.1421745332764448,1.5303339587588172,0,High-Margin Products
-3.5843489057367908,-0.940640085910442,1,Low-Performance Products
-0.4974058245956986,0.9218610317202942,0,High-Margin Products
-0.8946510833690884,-0.6195918138122166,3,High-Selling / Low-Margin Products
3.2613212625513204,1.3783084327013049,2,High-Value Products
-0.4129396760850903,1.4768679483905498,0,High-Margin Products
-2.3336662875834575,1.901065891866988,1,Low-Performance Products
-1.1553077289250462,-2.5238966406284185,3,High-Selling / Low-Margin Products
2.042046226835323,-0.7317457298919136,2,High-Value Products
-0.9987732581721047,0.7382587485172812,0,High-Margin Products
-0.38958831987965287,2.4373293621619836,0,High-Margin Products
1.0947771752661775,-1.1163078705683325,3,High-Selling / Low-Margin Products
-0.8517213969435636,0.31030975949093786,0,High-Margin Products
3.6298317162772413,0.1752578840550168,2,High-Value Products
1.5812310979528623,-1.108370724036593,2,High-Value Products
-0.4012934906062298,-0.7360041961349323,3,High-Selling / Low-Margin Products
1.2495462646468913,0.16028405199199652,2,High-Value Products
-1.3394554229802909,-0.2825427970989713,1,Low-Performance Products
0.9067347791881785,0.18469921335426023,0,High-Margin Products
2.3945570847055233,-0.9174916827225159,2,High-Value Products
0.9201927936310308,1.2216901242594214,0,High-Margin Products
1.4743092993171465,-0.5528512993787256,2,High-Value Products
-0.8375163269673354,-1.153371076571169,3,High-Selling / Low-Margin Products
-2.7760253125084504,-0.2085550239648245,1,Low-Performance Products
0.9573358878250838,-1.1530545766796678,3,High-Selling / Low-Margin Products
-0.28385993599024256,0.16507755181552877,3,High-Selling / Low-Margin Products
0.11069406153654432,-1.049016253707671,3,High-Selling / Low-Margin Products
4.68291926624281,0.43104049115372317,2,High-Value Products
2.1987588768360333,-0.8579431094584958,2,High-Value Products
2.2948684526255216,0.29729898851801667,2,High-Value Products
-4.002812491475283,-0.4464998398163633,1,Low-Performance Products
-1.307839917286547,0.8033927703408262,0,High-Margin Products
3.12886150904272,0.02159933018598109,2,High-Value Products
-3.513263329484863,0.7902591091544371,1,Low-Performance Products
-1.3477303731644086,-0.7511819688072743,3,High-Selling / Low-Margin Products
-5.5202138847176325,-0.15247226225958949,1,Low-Performance Products
-1.404806945984146,-0.08410028506086159,1,Low-Performance Products
1.9534374499628926,-0.40288628368878865,2,High-Value Products
1.6066312602681596,1.297022595132957,0,High-Margin Products
2.5647376387884235,-0.3700227161693285,2,High-Value Products
-1.4760070132089687,-1.2291458211229018,3,High-Selling / Low-Margin Products
1.1654031964015954,1.5175659441026832,0,High-Margin Products
-0.16896569268895525,-0.17337719161069742,3,High-Selling / Low-Margin Products
-2.2177472470421993,3.5602958948662047,0,High-Margin Products
-1.6704635066030424,-1.8116399795480758,3,High-Selling / Low-Margin Products
0.09687638502177962,-1.2532356275288816,3,High-Selling / Low-Margin Products
-2.249840067562132,-0.26993258481155136,1,Low-Performance Products
0.3049232299928305,0.8961761339732434,0,High-Margin Products
0.8894683964803246,-0.5288657675329264,3,High-Selling / Low-Margin Products
-0.37606354193188896,-0.9142871850118309,3,High-Selling / Low-Margin Products
-1.514635681280814,-0.19319434320796455,1,Low-Performance Products
2.039040561900271,0.5012859898582616,2,High-Value Products
-0.2254052645454961,0.7077003312816073,0,High-Margin Products
2.8531870283920666,0.192325940537336,2,High-Value Products
2.1515461078346987,-1.0419240370229823,2,High-Value Products
1.3426039926792745,-0.14376900313304558,2,High-Value Products
-0.6414895309333766,-2.1254951208213173,3,High-Selling / Low-Margin Products
2.3464269857303917,0.8428845597817635,2,High-Value Products
-1.0189534104914493,0.21082345026113183,0,High-Margin Products
0.9179150641488529,1.3353375179628992,0,High-Margin Products
2.8812948487485577,0.08528356335502457,2,High-Value Products
2.6776339334549397,2.2018234102993346,2,High-Value Products
1.2681657390472758,-1.5483143647255755,3,High-Selling / Low-Margin Products
1.2165850215258052,0.23269587062519204,2,High-Value Products
-1.0685272153080827,-1.1067541061098631,3,High-Selling / Low-Margin Products
1.9760948611730278,-1.0476611556616506,2,High-Value Products
0.9975474893954027,-0.6895102804247227,3,High-Selling / Low-Margin Products
0.9425328737232778,1.0733025228284938,0,High-Margin Products
-0.16716826395792325,-1.6302426437647837,3,High-Selling / Low-Margin Products
-0.40844864294084354,-0.5366892360746062,3,High-Selling / Low-Margin Products
-0.5902562936285322,-1.0285511577200683,3,High-Selling / Low-Margin Products
1.4621060736000198,-0.007623027774754322,2,High-Value Products
-4.07865226983001,-1.2894059403819278,1,Low-Performance Products
-1.8127152672841056,-0.3727914115126846,1,Low-Performance Products
2.4019707273030177,-1.125842487940323,2,High-Value Products
2.436335387494094,-1.351450842629882,2,High-Value Products
1.2292016868870943,-2.044658255765074,3,High-Selling / Low-Margin Products
-1.2479620638287754,0.057069267792513964,1,Low-Performance Products
-1.8235936551062655,1.5707758893407604,1,Low-Performance Products
-0.028637798730021036,-2.741934691294424,3,High-Selling / Low-Margin Products
2.0483104974281403,-1.1320928609107297,2,High-Value Products
-1.8925040807528712,-1.8145143109027349,3,High-Selling / Low-Margin Products
1.6230012247258596,0.6356366657911914,2,High-Value Products
-1.398825147154572,-1.3706212933224884,3,High-Selling / Low-Margin Products
-1.0661688944695347,-1.0810307452262784,3,High-Selling / Low-Margin Products
-0.568881580708633,0.7663120046446082,0,High-Margin Products
0.5956999882810298,0.5824277151874332,0,High-Margin Products
-0.5229251536439988,-0.2170259855219732,3,High-Selling / Low-Margin Products
2.6825595413205163,1.2217424649783963,2,High-Value Products
0.1930200238972346,1.1665720143837868,0,High-Margin Products
-1.811573549649585,0.15698779790402137,1,Low-Performance Products
-2.2975094907535403,1.615214324005873,1,Low-Performance Products
-3.0583821453051403,-1.0475053616447514,1,Low-Performance Products
-1.8937780378554365,0.38014819096765456,1,Low-Performance Products
0.6439247953381374,0.048977456286382975,0,High-Margin Products
-0.49955644450856446,0.2639728817001728,0,High-Margin Products
-0.03098091161694012,-0.5368217580319641,3,High-Selling / Low-Margin Products
0.009770565852291207,0.12338053519261213,3,High-Selling / Low-Margin Products
2.531711417454922,1.5336195289602168,2,High-Value Products
0.8224505465954918,0.23322628302608886,0,High-Margin Products
-3.2831239366780363,0.39971156970598704,1,Low-Performance Products
-0.17449417646590365,2.2948445307044985,0,High-Margin Products
0.7409618358511928,-0.30353228004621113,0,High-Margin Products
-1.0933105431821064,-0.3314775714823476,3,High-Selling / Low-Margin Products
0.12128359027110103,0.4243760580245384,0,High-Margin Products
0.803991212081107,-1.2986951083857359,3,High-Selling / Low-Margin Products
-0.707509711479444,-0.423602932557981,3,High-Selling / Low-Margin Products
0.6752452194747925,0.2152689658980765,0,High-Margin Products
1.731014649916621,0.07317669057239112,2,High-Value Products
0.19717275143442728,-0.017008815530257695,3,High-Selling / Low-Margin Products
3.953056918115774,0.9029336429458847,2,High-Value Products
-2.462371800727333,0.5466193688171157,1,Low-Performance Products
2.948033092114975,-0.8261150565399378,2,High-Value Products
1.4407149662628858,0.30734235080036226,2,High-Value Products
0.137412033678731,1.2690813487287647,0,High-Margin Products
-1.0835305212559867,0.7055717678188593,0,High-Margin Products
0.11774423527091972,-1.0934049752933557,3,High-Selling / Low-Margin Products
1.0870880732169543,-0.20004540788962258,2,High-Value Products
0.7046184223008944,-2.582456647305847,3,High-Selling / Low-Margin Products
-0.9984758900886344,-0.1884425470349412,3,High-Selling / Low-Margin Products
-2.1364988605210975,0.6686992969230142,1,Low-Performance Products
4.2597552880286145,-1.8140281127700948,2,High-Value Products
0.426694256655288,-0.009049300117942916,0,High-Margin Products
-4.295905880867508,-0.22490231365131325,1,Low-Performance Products
-1.6730695794828294,-0.31196710916251036,1,Low-Performance Products
-2.557147237943221,-0.0035784174894741673,1,Low-Performance Products
1.7166917948389033,1.1424041309820476,2,High-Value Products
1.4718839542269706,-1.5454660823531987,2,High-Value Products
-0.42161045388715584,-0.5877907821747395,3,High-Selling / Low-Margin Products
-0.3443652098708698,-0.5909966291475243,3,High-Selling / Low-Margin Products
2.2842239699069147,-1.3497905862174955,2,High-Value Products
3.31952256283565,-0.950542849839572,2,High-Value Products
-0.9247044732348555,-1.401207344593748,3,High-Selling / Low-Margin Products
-1.046839064603085,1.5064484273062633,0,High-Margin Products
1.3683374774239472,-1.2761481393024547,3,High-Selling / Low-Margin Products
1.5190213938930173,0.09525234444080186,2,High-Value Products
0.39269728570512613,0.08612468345343505,0,High-Margin Products
-0.013634687861496934,-0.8570727713811981,3,High-Selling / Low-Margin Products
2.3761074025619577,-0.7119846388613689,2,High-Value Products
2.4668946548601918,-1.4444525087947448,2,High-Value Products
-1.0304867433440488,0.9524518491284493,0,High-Margin Products
0.433298139523944,-2.77761822277995,3,High-Selling / Low-Margin Products
-0.31647215871397416,0.03412586774119446,0,High-Margin Products
-1.3891840607118282,2.091089143079162,0,High-Margin Products
0.732030547117434,-1.084455816853102,3,High-Selling / Low-Margin Products
2.953414621959863,0.8571473844908002,2,High-Value Products
0.62367567891955,-1.3463681518220403,3,High-Selling / Low-Margin Products
-0.702200365975655,-0.9867473801021532,3,High-Selling / Low-Margin Products
-0.6645493051064517,0.3404083771629614,0,High-Margin Products
-3.3851050944480052,-1.782944002253617,1,Low-Performance Products
-2.3865313704920514,-0.9070263194059192,1,Low-Performance Products
-1.0637179646167465,1.148463616934947,0,High-Margin Products
1.6095752567302601,-0.7400065085739185,2,High-Value Products
0.23554566355527365,0.20383712518882546,0,High-Margin Products
-1.654429061190025,0.44212101379633173,1,Low-Performance Products
1.5007147104394332,0.15237116286732835,2,High-Value Products
-0.5144886810511823,2.175187158323283,0,High-Margin Products
-0.6466216499324116,1.0521159522576502,0,High-Margin Products
0.6445115392172778,-2.0557883679024185,3,High-Selling / Low-Margin Products
-0.4955677060458396,-1.219176455702749,3,High-Selling / Low-Margin Products
1.2952497043957858,2.245395480164923,0,High-Margin Products
0.16479439442823046,0.04945228026798399,3,High-Selling / Low-Margin Products
-2.6738945379701966,-0.8016594154961763,1,Low-Performance Products
2.237267594694433,0.2883222811606198,2,High-Value Products
-3.098421640361754,-0.8433526836709924,1,Low-Performance Products
2.330262162068156,1.2665762811363126,2,High-Value Products
2.6865487492713127,-0.6259938470794635,2,High-Value Products
1.7184908300640935,0.009235805546143928,2,High-Value Products
0.8508579354532548,0.9243823568565562,0,High-Margin Products
-0.2757559864813682,-1.1379981830257395,3,High-Selling / Low-Margin Products
0.642306916889207,2.4525877452069462,0,High-Margin Products
-5.213125832060515,0.140853525111758,1,Low-Performance Products
-1.5507047653070487,-1.0180211853577852,3,High-Selling / Low-Margin Products
3.244242421138823,0.5680986897916284,2,High-Value Products
-0.6987270673506841,0.5811012335297249,0,High-Margin Products
1.7407447064373465,1.748057296244143,0,High-Margin Products
4.014694915466055,2.3695463058347697,2,High-Value Products
0.9942346828686158,1.1997699525951253,0,High-Margin Products
-0.909607771467571,-0.15233307319812422,3,High-Selling / Low-Margin Products
1.089987176915819,0.5364083662345269,0,High-Margin Products
-0.4226182892140735,0.58817252784643,0,High-Margin Products
0.7004775645295108,0.9419664758642127,0,High-Margin Products
2.2077641908727803,1.1009269861610107,2,High-Value Products
-1.1284112581176664,-1.0726310720209682,3,High-Selling / Low-Margin Products
-0.15424565822561817,0.5301514170166762,0,High-Margin Products
-2.521845551506848,0.43172019800627803,1,Low-Performance Products
-1.9844839722762644,1.8009619477823984,1,Low-Performance Products
1.2204722644424881,0.221465329197819,2,High-Value Products
1.1026925498019722,1.0625627163691578,0,High-Margin Products
-0.32978952813819074,1.3293952392334811,0,High-Margin Products
-1.3647384788738357,-0.06740399178783307,1,Low-Performance Products
-0.36530335905413647,-0.510712166648057,3,High-Selling / Low-Margin Products
0.12878892783628876,-0.7013842156648086,3,High-Selling / Low-Margin Products
2.458049529798939,-1.1891201026033456,2,High-Value Products
-0.1373589583834022,-2.9642469759870895,3,High-Selling / Low-Margin Products
-2.532393508944956,-1.088858625749085,1,Low-Performance Products
-1.3975442888070684,0.9905851402716,0,High-Margin Products
0.9243987368227818,1.5117648170959814,0,High-Margin Products
-0.4281122967370696,2.3143414188196374,0,High-Margin Products
-0.06618282285507968,-1.09249384865454,3,High-Selling / Low-Margin Products
-1.3087357609991934,-0.6314222912119547,3,High-Selling / Low-Margin Products
1.1890034829707343,1.350547122202673,0,High-Margin Products
-2.172049390570024,1.4901556638085343,1,Low-Performance Products
3.8402241469198075,-1.1477617524704509,2,High-Value Products
0.7130651069020525,1.2651573006394847,0,High-Margin Products
-0.5067431349255875,-0.9864851141101317,3,High-Selling / Low-Margin Products
-0.09506640226609965,-0.4478118429777414,3,High-Selling / Low-Margin Products
1.7698808393643777,0.6286243355570448,2,High-Value Products
-1.9372689928096172,0.17650109733403094,1,Low-Performance Products
1.3233236745869705,1.6013380935755859,0,High-Margin Products
1.1946967862106774,0.36305485164668533,0,High-Margin Products
1.874884526146462,-1.1569334139573653,2,High-Value Products
-0.5441908875807265,-2.2070772034936286,3,High-Selling / Low-Margin Products
2.117597452641526,-2.1789628235819727,2,High-Value Products
2.9997036705127447,1.0738397810369005,2,High-Value Products
0.4145590373068989,-0.1279638145671599,0,High-Margin Products
-1.6387576203206777,0.23491440609043085,1,Low-Performance Products
-1.597119729681677,0.15850878976474986,1,Low-Performance Products
0.5223563926856808,-0.2544356456934195,0,High-Margin Products
-0.7784129490687486,0.49705266053517033,0,High-Margin Products
1.2127085415050778,-0.27458354630347964,2,High-Value Products
-2.885434646640001,0.4783513841443361,1,Low-Performance Products
0.6316747282102797,0.9689924618714053,0,High-Margin Products
1.5865807941572945,-0.11023090693832789,2,High-Value Products
-1.5248925034002176,1.0080220771461235,1,Low-Performance Products
-2.473343226132783,0.31520560372439144,1,Low-Performance Products
-1.4642359330284005,-0.7563802787795568,3,High-Selling / Low-Margin Products
-0.3063202046115915,1.0771301084808174,0,High-Margin Products
0.7684635492141034,-0.22594318004830066,3,High-Selling / Low-Margin Products
0.7840457655762293,0.7218455229279704,0,High-Margin Products
0.84958759714101,-0.4277153189523561,3,High-Selling / Low-Margin Products
0.0759648554637051,-1.0733686032562268,3,High-Selling / Low-Margin Products
5.45450426467123,0.1626261337212622,2,High-Value Products
-0.4641916337654887,-0.6788501772376073,3,High-Selling / Low-Margin Products
-2.157819200277245,-2.119785314369851,3,High-Selling / Low-Margin Products
-1.5198551703770502,0.6217700746196886,1,Low-Performance Products
1.013571151157789,1.6110698498559686,0,High-Margin Products
2.821459820968124,-0.02346690677827698,2,High-Value Products
-2.369431973547813,-0.043171908935216975,1,Low-Performance Products
0.20936168944541309,1.3840777344128057,0,High-Margin Products
0.4090558202500955,-0.9896678068596086,3,High-Selling / Low-Margin Products
0.80607770488287,0.07800491950619415,0,High-Margin Products
-1.8886977595773249,0.3688866075662365,1,Low-Performance Products
1.6491498761794636,-1.705529108378949,2,High-Value Products
0.9220105892718493,0.33931942657168157,0,High-Margin Products
2.1447582978885436,0.12337470622826222,2,High-Value Products
1.8617689863849012,-1.0592473499901014,2,High-Value Products
-0.10453485719246676,1.7905333565515684,0,High-Margin Products
2.5723433996480884,-0.18475529009438943,2,High-Value Products
1.8611405182487963,2.5262658484725056,0,High-Margin Products
1.8428482300408593,1.5343809411936336,2,High-Value Products
-2.4126187693636028,-0.3277811605143345,1,Low-Performance Products
1.412299947235166,-0.5983494459243459,2,High-Value Products
-0.5419208535878628,-0.02013681375598447,0,High-Margin Products
-1.6186657998518097,0.9507746944108145,1,Low-Performance Products
0.8841201433877073,0.02914625538079046,0,High-Margin Products
2.0784871564277645,-0.23183413228967586,2,High-Value Products
2.2884864716421354,-0.46897958511348287,2,High-Value Products
0.26234923101924496,-0.15709926216694767,3,High-Selling / Low-Margin Products
-1.9232335277712669,1.4476562276066645,1,Low-Performance Products
-1.9448567909035375,-0.16111342615702007,1,Low-Performance Products
0.8010226959862543,-0.09250584879457784,0,High-Margin Products
-1.041255019457289,0.09837539373841953,0,High-Margin Products
0.3497108753153919,-0.053267384921850215,3,High-Selling / Low-Margin Products
-2.7309967051941517,-1.8168401514605113,1,Low-Performance Products
-1.0500591411610203,-2.3824755134577384,3,High-Selling / Low-Margin Products
2.195529818957289,0.3257700923551353,2,High-Value Products
-4.347474859209742,-1.4919351623564974,1,Low-Performance Products
0.7925560624005772,-1.0653604144180264,3,High-Selling / Low-Margin Products
-1.674047769409963,-2.6021369798021117,3,High-Selling / Low-Margin Products
-0.5442654145809381,-0.40845432460293835,3,High-Selling / Low-Margin Products
-0.49008363671109334,0.6652893840046975,0,High-Margin Products
0.18322143548404674,-0.28947023248439785,3,High-Selling / Low-Margin Products
-4.434507533277384,0.7749101952324177,1,Low-Performance Products
2.7259147889853486,0.11953508594958691,2,High-Value Products
1.0610456042860346,0.6358819586982724,0,High-Margin Products
-0.37080848129596006,-0.3541155761483333,3,High-Selling / Low-Margin Products
1.1794318892616031,1.1141872374929078,0,High-Margin Products
-0.9875643240482791,0.16219123915033523,0,High-Margin Products
0.7620841465654905,-0.8790708228870038,3,High-Selling / Low-Margin Products
-1.6116725361319908,-0.6003986067821937,1,Low-Performance Products
-0.023327284240752193,-0.7607500875138069,3,High-Selling / Low-Margin Products
0.06858123229021584,0.1257036051651983,0,High-Margin Products
-1.3219239251432031,-2.0491413879331426,3,High-Selling / Low-Margin Products
-2.5826205512213467,-0.5923826283021204,1,Low-Performance Products
-2.030014046066808,-0.9848142846538005,1,Low-Performance Products
-0.4849090335102041,-0.5150443387066451,3,High-Selling / Low-Margin Products
1.1230614304733233,1.0243277730046516,0,High-Margin Products
2.4714049431336003,-0.2391298603265463,2,High-Value Products
-0.3228776123223158,0.7480893249295019,0,High-Margin Products
-1.2156615700593252,-0.469997207588784,3,High-Selling / Low-Margin Products
-2.102654065884014,0.6405047179025886,1,Low-Performance Products
1.1610022117499097,-0.6675304641293365,2,High-Value Products
1.7245265658131332,-0.025278580200455952,2,High-Value Products
0.7119334026023839,0.44642253239196317,0,High-Margin Products
-1.019258748807669,-0.26605587195170716,3,High-Selling / Low-Margin Products
-0.07625507822325074,-0.19600330432604984,3,High-Selling / Low-Margin Products
3.163768182812858,-1.197595090344843,2,High-Value Products
1.9749494776192384,-2.1110637278001807,2,High-Value Products
3.851818728183752,-0.5628667986940736,2,High-Value Products
-3.5414400086257727,-2.442791364646884,1,Low-Performance Products
0.5572391019490889,0.7354534467485735,0,High-Margin Products
0.2781196025610977,-0.5787874961259241,3,High-Selling / Low-Margin Products
-0.5789276966837094,-0.3384202852556507,3,High-Selling / Low-Margin Products
-0.856313002641967,-0.3972283919262812,3,High-Selling / Low-Margin Products
-1.780833623565894,-0.9310766659303745,1,Low-Performance Products
-3.144132348910896,-0.3249130935191004,1,Low-Performance Products
-0.3816266876250248,0.5379712719185944,0,High-Margin Products
0.7481637048244472,0.6897535362872619,0,High-Margin Products
0.6357047955666324,-0.011783910391687222,0,High-Margin Products
-0.8247856039956816,-0.029410561006067863,0,High-Margin Products
-1.607655562611256,-1.1603246685160287,3,High-Selling / Low-Margin Products
3.1940121958063092,0.3180912689824354,2,High-Value Products
3.530102604250894,0.8581601514808799,2,High-Value Products
2.885812240609802,0.062472941907387405,2,High-Value Products
-3.7911613405901274,-1.1126727282856657,1,Low-Performance Products
-1.7100119286164377,0.9449424644804829,1,Low-Performance Products
0.5016407190725096,2.018553126627871,0,High-Margin Products
2.263877323206221,0.7800067819788772,2,High-Value Products
3.4334270642771383,1.0629188533426401,2,High-Value Products
-4.414501543585319,1.7447052490178274,1,Low-Performance Products
1.533284439856666,1.1297819494297205,0,High-Margin Products
2.211015596290184,-0.9347143763479631,2,High-Value Products
0.0003104926532256176,0.14891668001839856,0,High-Margin Products
2.250984551064525,1.7450479831082242,2,High-Value Products
3.8537923023426903,0.2244607842089423,2,High-Value Products
-0.9958727327195925,1.4819680350591076,0,High-Margin Products
-1.2431410612723095,-1.8860202787659521,3,High-Selling / Low-Margin Products
-0.907540589287714,0.7270308022375466,0,High-Margin Products
-3.730914375184481,0.5600821774208853,1,Low-Performance Products
0.29693088694087605,-0.4880364071682105,3,High-Selling / Low-Margin Products
-0.2048911372393233,2.5064703768931382,0,High-Margin Products
-0.14526917906587347,-1.0578179178459506,3,High-Selling / Low-Margin Products
-1.8321406192267538,-1.4820123867835735,3,High-Selling / Low-Margin Products
0.22656581856223504,0.8993599383756221,0,High-Margin Products
-2.369805876569965,-1.4743996203724041,1,Low-Performance Products
-0.28611014467980483,0.2782032356228411,0,High-Margin Products
1.4749749744489264,-0.5955278756421618,2,High-Value Products
-2.103714010157006,0.5672370575155151,1,Low-Performance Products
-0.16477988328334522,1.2336453809618697,0,High-Margin Products
-0.3896973417428044,-2.058665162143713,3,High-Selling / Low-Margin Products
-0.33953613129211185,-0.3633912730438432,3,High-Selling / Low-Margin Products
1.4343143200993866,1.32830184182011,0,High-Margin Products
2.5489548905449415,-0.6654656911420633,2,High-Value Products
4.336536203213732,-0.9716487991815667,2,High-Value Products
2.0938938060060375,-0.47031067673597143,2,High-Value Products
0.4301013596981088,-1.2262550623798447,3,High-Selling / Low-Margin Products
1.3382457083693409,-0.580129147030631,2,High-Value Products
2.637732417834488,0.8132905078860385,2,High-Value Products
-0.7794686070968717,-0.007868598522341728,3,High-Selling / Low-Margin Products
0.6337531486134359,1.663739564379317,0,High-Margin Products
-2.8992200369385497,-1.9527666892535636,1,Low-Performance Products
0.618727613649108,0.36472935631249465,0,High-Margin Products
-0.951621973346221,-0.23689930679281662,3,High-Selling / Low-Margin Products
-1.7963906678095514,1.8286963676471337,1,Low-Performance Products
2.5085111364159216,-0.1648532261777511,2,High-Value Products
-1.5809936462881655,1.7355262820573492,1,Low-Performance Products
0.3203458865357468,0.4040183719572687,0,High-Margin Products
1.6534184133853664,0.8835812549570026,2,High-Value Products
-2.3034058511204916,0.6622225510485144,1,Low-Performance Products
-2.2388816828052027,0.09630008998430502,1,Low-Performance Products
-1.3242329956186818,0.4922417372011743,0,High-Margin Products
-0.5036724669116454,0.6636612971518618,0,High-Margin Products
-0.8783503354801905,-1.6624736666665492,3,High-Selling / Low-Margin Products
0.2529200849815389,1.1426429542338534,0,High-Margin Products
0.7140485291049645,0.16408832976745225,0,High-Margin Products
0.16709829612282995,0.6755316284106156,0,High-Margin Products
-1.1893392462166656,1.2816118910870595,0,High-Margin Products
-3.268965117107989,0.33630637545019065,1,Low-Performance Products
-2.782847672761856,1.4216447731016795,1,Low-Performance Products
-3.3720652462821272,-0.6921280806146868,1,Low-Performance Products
3.613259386343153,0.6976747077547992,2,High-Value Products
1.6956751271282036,1.3333859744752712,2,High-Value Products
4.724791497493174,0.9499861507298663,2,High-Value Products
-0.042584612807995026,0.06300008622812238,0,High-Margin Products
-0.38757342002306083,-0.8431505053403094,3,High-Selling / Low-Margin Products
-1.3554505249162188,0.7268007788097036,1,Low-Performance Products
0.34076706979131643,0.6965915799803808,0,High-Margin Products
1.6765518820812684,0.8159564104108231,2,High-Value Products
-3.4809292851277513,-1.223320851252669,1,Low-Performance Products
-2.778020812452088,0.18647057033073114,1,Low-Performance Products
2.9070906132058862,-0.42862588980300487,2,High-Value Products
0.5012502336587419,0.8654313980431663,0,High-Margin Products
2.0700731902056466,1.090472364287913,2,High-Value Products
-0.9017613840754407,-1.4667785973811964,3,High-Selling / Low-Margin Products
-1.5022397049262037,-0.12524887373463478,1,Low-Performance Products
3.2315300277918677,-0.3376761969763249,2,High-Value Products
-0.19873604865317007,-2.5409866595202453,3,High-Selling / Low-Margin Products
1.1562298356898215,0.5345445432286009,0,High-Margin Products
1.5579177972543288,-2.560211779901889,3,High-Selling / Low-Margin Products
-1.5576302374097601,0.6986176636558318,1,Low-Performance Products
0.16874693401502158,0.49479575409516835,0,High-Margin Products
1.9368085013553027,1.7498572401667147,2,High-Value Products
-0.08510129028137199,0.4755695414419404,0,High-Margin Products
-1.18122784518425,0.7777055528102573,0,High-Margin Products
0.33614143466140095,-0.49409811408911325,3,High-Selling / Low-Margin Products
2.0463536528984214,-0.8426955834771547,2,High-Value Products
-0.42593289341079654,-1.1860501213726178,3,High-Selling / Low-Margin Products
0.7381650922924167,0.4758514390373761,0,High-Margin Products
1.7063071014886688,1.6451094478377122,0,High-Margin Products
3.9693016192850665,1.168356528329335,2,High-Value Products
-0.19849052756802923,-0.8306637671459527,3,High-Selling / Low-Margin Products
2.9224594107423094,0.4026183439289535,2,High-Value Products
-2.3139543903724364,0.11636579743515219,1,Low-Performance Products
-2.514840360946668,-0.32172267508030855,1,Low-Performance Products
2.4956383209818287,-0.188240998720929,2,High-Value Products
4.83833396669063,0.10414702837578353,2,High-Value Products
-1.3829325410838915,-0.6187742020482166,3,High-Selling / Low-Margin Products
0.7088196108369849,0.5858449985183551,0,High-Margin Products
-3.1071697077768214,0.27475869060307595,1,Low-Performance Products
-0.01053883838154463,-1.972418003994304,3,High-Selling / Low-Margin Products
1.9478507922730053,-0.1948798149122011,2,High-Value Products
2.327320950833992,0.26841377203582506,2,High-Value Products
-1.3753817680070937,-0.7070897823441731,3,High-Selling / Low-Margin Products
-0.3576216990706852,-1.794439771042559,3,High-Selling / Low-Margin Products
0.2157021409158013,0.5403711579388756,0,High-Margin Products
-2.30573666510024,1.0532455070672557,1,Low-Performance Products
1.0599887678532334,-0.9728370765534574,3,High-Selling / Low-Margin Products
4.377619840180377,0.48858795239817243,2,High-Value Products
1.5675354627615838,1.1119454751499291,0,High-Margin Products
-1.3207918701822758,0.29006589171431424,1,Low-Performance Products
0.5925697500601528,-0.25834687731371675,0,High-Margin Products
-0.44182204157491656,-0.06828233336768842,0,High-Margin Products
-2.0354589835206074,-1.565204462045274,1,Low-Performance Products
0.06048610169682529,0.577689126315305,0,High-Margin Products
-0.2257233286012716,-1.2752561440120582,3,High-Selling / Low-Margin Products
1.7312152661035003,-1.6975729349366944,2,High-Value Products
-0.34974450396487594,-1.5572025281329622,3,High-Selling / Low-Margin Products
-0.03918764805082128,-2.341269218253686,3,High-Selling / Low-Margin Products
-0.4704681485161239,1.4899770176249234,0,High-Margin Products
-0.09253581800673726,0.38523683073624576,0,High-Margin Products
0.9622295491182982,0.39909738665341554,0,High-Margin Products
-1.337644073998062,-1.7819976842214165,3,High-Selling / Low-Margin Products
1.6902708690293162,0.40541212616357075,2,High-Value Products
3.6043978754725736,0.8599838017102638,2,High-Value Products
-1.0183162684837306,1.9257484417185413,0,High-Margin Products
-2.0751642107122352,-0.28178980531257525,1,Low-Performance Products
-0.8644497071718978,-0.3051606456770406,3,High-Selling / Low-Margin Products
-0.5276389604089406,2.6540126845109944,0,High-Margin Products
-1.2276641242314055,-0.7424603168391043,3,High-Selling / Low-Margin Products
-0.3832381654274589,-1.4558422877347486,3,High-Selling / Low-Margin Products
-4.507387001726333,-1.0819262503914013,1,Low-Performance Products
2.46740497019665,0.7697813285114868,2,High-Value Products
1.0191670251826324,1.1946497986740938,0,High-Margin Products
-0.6001376216586732,-0.018217749729676463,3,High-Selling / Low-Margin Products
0.9844634070432319,1.3690152680246053,0,High-Margin Products
-1.6144559456186411,1.7251802782282428,0,High-Margin Products
1.0746729087679283,1.5308606085661616,0,High-Margin Products
-0.6207130373783462,-1.3799102328155932,3,High-Selling / Low-Margin Products
0.7921770100575919,-0.8073792962461221,3,High-Selling / Low-Margin Products
0.7611329010476531,1.9876188267660921,0,High-Margin Products
-2.3848542700862643,1.0016530603762643,1,Low-Performance Products
0.01829209083540669,0.031157485083030366,0,High-Margin Products
1.627731849345651,-0.04272206268319157,2,High-Value Products
3.759917273097193,-1.7433229752086383,2,High-Value Products
0.34716484904112543,0.16465915077830084,0,High-Margin Products
-1.5870047459567296,1.7153377755956374,0,High-Margin Products
-0.6292465059901067,1.1093404446938144,0,High-Margin Products
-3.1600486222121957,0.7064081116977887,1,Low-Performance Products
0.4629092493159549,0.829634256323058,0,High-Margin Products
-0.8227620977653516,1.8208732769208185,0,High-Margin Products
1.8177245135668259,-1.5480046765031152,2,High-Value Products
2.6561833240441834,1.7426647348643027,2,High-Value Products
-1.7477261310798629,0.6033075574120661,1,Low-Performance Products
0.12353345203190674,0.0762426923352086,0,High-Margin Products
1.0117828260296717,-1.5012589407051025,3,High-Selling / Low-Margin Products
0.5406819714946917,0.1002961086449503,0,High-Margin Products
-0.640608879868859,0.1296540963042595,0,High-Margin Products
0.8641580764767589,-2.049740429672768,3,High-Selling / Low-Margin Products
0.4858962585290334,-1.0425739503344909,3,High-Selling / Low-Margin Products
0.06397475316267318,1.0212406618109338,0,High-Margin Products
-0.6159036962294133,0.713601198196792,0,High-Margin Products
1.9593172957785032,-1.2489558907848048,2,High-Value Products
-0.7071954968569745,-1.4169236875898574,3,High-Selling / Low-Margin Products
-2.6132728493114374,-1.1275627358106568,1,Low-Performance Products
-2.7547056407335244,0.8218796901549748,1,Low-Performance Products
-0.15320458165955625,-1.1821061391863112,3,High-Selling / Low-Margin Products
-1.638259951544252,0.00413591677786077,1,Low-Performance Products
-0.7241634513463793,0.31397266507148625,0,High-Margin Products
-1.6118625666611595,0.3800438783678432,1,Low-Performance Products
2.2895176921956772,-0.2276066618605122,2,High-Value Products
-1.5341632984132094,0.8041729825257515,1,Low-Performance Products
1.4259459845992635,0.7463034020022685,2,High-Value Products
3.1833307903294825,-0.43920854354675465,2,High-Value Products
-0.03627372557101142,-0.6414351463275743,3,High-Selling / Low-Margin Products
0.2510074159941488,1.0789037971047977,0,High-Margin Products
-1.8867059334784364,2.594423486218947,0,High-Margin Products
-0.9096285517146752,0.07579530445264812,0,High-Margin Products
-2.375541018426125,-1.2465793338997773,1,Low-Performance Products
-1.604996869519198,-2.1021965544690464,3,High-Selling / Low-Margin Products
-0.15702151361995934,-1.1972628987213256,3,High-Selling / Low-Margin Products
0.21198994989926034,0.7379677463510398,0,High-Margin Products
1.6442519935224627,-1.1695421637557077,2,High-Value Products
-2.349664644825399,0.5536831783731544,1,Low-Performance Products
-1.9552360042517698,1.030930928721736,1,Low-Performance Products
4.748260685431258,-1.148690018442039,2,High-Value Products
1.7995436635273134,-0.6660806420088148,2,High-Value Products
3.026800478794187,-0.5466196621698658,2,High-Value Products
1.5310717966296916,-0.0819885521790927,2,High-Value Products
0.25724228056701953,-0.22664041102554944,3,High-Selling / Low-Margin Products
2.2975909818405786,-0.14193918063512298,2,High-Value Products
-1.0528199221605248,0.635170336599275,0,High-Margin Products
1.3567330871406313,0.7347278508938506,0,High-Margin Products
0.22186524764297838,-0.7108193361614975,3,High-Selling / Low-Margin Products
-0.5604093218539771,0.48036553957118816,0,High-Margin Products
1.1039704948005813,1.493358850145401,0,High-Margin Products
2.736782123519158,0.2788820410086028,2,High-Value Products
-0.261856449843027,-0.9984414589238949,3,High-Selling / Low-Margin Products
-3.8265974586504834,-0.4775937671704518,1,Low-Performance Products
-5.705834701552645,0.07954313144263978,1,Low-Performance Products
1.7312454934730317,-2.0053663660070513,3,High-Selling / Low-Margin Products
-1.1880489841627113,-0.7418106728909716,3,High-Selling / Low-Margin Products
0.0947429619497243,0.7376531887098797,0,High-Margin Products
2.015178557006718,-0.3557554470980429,2,High-Value Products
-2.667426615332831,-5.598161946510149e-05,1,Low-Performance Products
2.0785651444320545,0.7322612247493507,2,High-Value Products
-0.007341906734761882,-1.278892929267388,3,High-Selling / Low-Margin Products
-2.0970122177498394,0.433152950258457,1,Low-Performance Products
1.8667151625020997,1.5896916972261435,2,High-Value Products
-0.4069958804649637,0.6697313299577291,0,High-Margin Products
2.044789564554574,0.862228297337496,2,High-Value Products
-2.008620047131446,1.2235706805083997,1,Low-Performance Products
-0.2932676683301253,-0.43784966462270597,3,High-Selling / Low-Margin Products
0.07194803252316821,-0.2779738889927439,3,High-Selling / Low-Margin Products
2.706375800473409,0.16191434760670298,2,High-Value Products
1.9794991588976152,0.8090616385847734,2,High-Value Products
-3.2911124192140186,1.4288409977890664,1,Low-Performance Products
-1.3588029871589602,2.102646144201786,0,High-Margin Products
-0.695534465552544,0.6260290831689976,0,High-Margin Products
4.970128899073755,0.48811160561614736,2,High-Value Products
0.6058911269903886,-0.8025812116088538,3,High-Selling / Low-Margin Products
-3.6451223835151856,-0.5219837880077803,1,Low-Performance Products
0.12284330595186947,0.9188179021682871,0,High-Margin Products
-1.604221653711425,-0.10870602351576772,1,Low-Performance Products
0.8186335593710399,-0.6979645438963429,3,High-Selling / Low-Margin Products
3.046725126446246,-1.1248565667181636,2,High-Value Products
-1.0485424354010044,-0.22561721433215393,3,High-Selling / Low-Margin Products
1.0137246600886258,1.2597444728456861,0,High-Margin Products
-1.54487309337362,-1.3064524327764808,3,High-Selling / Low-Margin Products
1.0181850837082627,1.96868900412782,0,High-Margin Products
-3.0746100294810756,-1.7605649121600762,1,Low-Performance Products
-0.21201532976891982,0.6469825034360742,0,High-Margin Products
0.34695731219274095,-0.46034502835665925,3,High-Selling / Low-Margin Products
-0.14717055298373977,-0.5621545934552706,3,High-Selling / Low-Margin Products
4.357199811435818,0.3745410080398547,2,High-Value Products
0.8777394383368445,0.15857953583470413,0,High-Margin Products
-0.34500374137110157,-1.7757472654393538,3,High-Selling / Low-Margin Products
1.2609612957936802,0.056450768322516894,2,High-Value Products
-1.1474187218104746,-0.22213427954092194,3,High-Selling / Low-Margin Products
1.3178995846849042,-0.6787707078024403,2,High-Value Products
2.431519236203501,0.8565156472180925,2,High-Value Products
-1.2520342947550491,0.09023924753580038,1,Low-Performance Products
0.014484053538957533,0.11334720445198039,0,High-Margin Products
-0.923499626061192,-0.1567918671279616,3,High-Selling / Low-Margin Products
1.470682250161593,0.8289690040938652,2,High-Value Products
2.370435152797148,0.0023607405858407423,2,High-Value Products
-1.8887768721865117,-1.985482646344801,3,High-Selling / Low-Margin Products
1.4015252108471425,0.3102161059389987,2,High-Value Products
-1.2880446408462125,-0.04620403008530858,1,Low-Performance Products
3.4461062712968027,-2.0114387815591703,2,High-Value Products
5.475737004991893,-0.4931477745523466,2,High-Value Products
-0.9548826884655166,1.3277782067336883,0,High-Margin Products
1.4038693525238604,1.5661281256197712,0,High-Margin Products
-2.1456326256981617,0.7884756709241544,1,Low-Performance Products
-0.5742247758303465,0.21590783694446028,0,High-Margin Products
-2.2306762196163312,-1.304425882616104,1,Low-Performance Products
-2.2063017182611047,-0.24052634784266771,1,Low-Performance Products
1.281446504596203,-0.16842287874849945,2,High-Value Products
0.7471271051745315,-0.11691742858605253,3,High-Selling / Low-Margin Products
2.289568906476201,0.42455756343634915,2,High-Value Products
-1.2503896726050792,-0.8726540728063228,3,High-Selling / Low-Margin Products
-1.2817141870773434,0.884167396589221,0,High-Margin Products
1.2275289018389535,0.31572753217163274,0,High-Margin Products
0.5170854453513711,0.7150699112999082,0,High-Margin Products
-1.304916103228183,0.6951536531437691,1,Low-Performance Products
1.017206584509712,-0.045836883706805095,0,High-Margin Products
-1.825186591818538,-1.5578667650465365,3,High-Selling / Low-Margin Products
-0.759893601447591,0.5086214744152995,0,High-Margin Products
-0.21654464081385683,-0.42956991222245133,3,High-Selling / Low-Margin Products
0.15536298917310845,0.7056480993553939,0,High-Margin Products
0.8176490967885857,1.3834098866536455,0,High-Margin Products
-5.558061196712886,-0.32493670076157904,1,Low-Performance Products
-0.22341849043225634,-0.326791998493042,3,High-Selling / Low-Margin Products
0.09613989393100306,0.4565231915128114,0,High-Margin Products
-1.4862732389463567,0.3745794583996059,1,Low-Performance Products
-3.088615460754668,0.3829917013475515,1,Low-Performance Products
-6.758541752579711,-0.7549952951152091,1,Low-Performance Products
-1.8325740735061309,1.1019258409053163,1,Low-Performance Products
-0.20733660585091535,0.8126692106887747,0,High-Margin Products
-1.9232272191065662,-0.6355972901433434,1,Low-Performance Products
-0.31104562714306366,0.9244523515344428,0,High-Margin Products
-0.5798760982969754,-0.8782022296057931,3,High-Selling / Low-Margin Products
-1.0478361196839487,0.7322989497310435,0,High-Margin Products
-0.857266844310456,-0.6374172204409595,3,High-Selling / Low-Margin Products
-1.705294607676241,-0.6758716339078323,3,High-Selling / Low-Margin Products
0.42015128281415864,-0.08881366002591681,3,High-Selling / Low-Margin Products
0.01421040885281185,0.25760686332165506,0,High-Margin Products
1.383386872302143,0.21005077995061883,2,High-Value Products
-0.49295931611442545,1.2806230269950492,0,High-Margin Products
-0.3537585272029127,0.4755439919500246,0,High-Margin Products
-0.7503193632558468,-0.6064768878723366,3,High-Selling / Low-Margin Products
0.5748744559951223,-0.025264134506559885,3,High-Selling / Low-Margin Products
-0.6972105231951374,-2.077125960974293,3,High-Selling / Low-Margin Products
-2.6481639764720075,0.5501741553339138,1,Low-Performance Products
-4.864293412539904,0.3137705219133023,1,Low-Performance Products
-0.3370372355035019,0.46150693524737935,0,High-Margin Products
-1.0141068598740588,-0.21004987807581302,3,High-Selling / Low-Margin Products
-0.89262784404704,1.181671736512729,0,High-Margin Products
-0.7331607833655958,0.07922814230738984,3,High-Selling / Low-Margin Products
-1.2115032517513118,0.6194776040218979,0,High-Margin Products
-1.2738467708776742,-1.0229885480387266,3,High-Selling / Low-Margin Products
-2.3046881796119374,0.5958089391883382,1,Low-Performance Products
-1.0513964894500676,-0.6876158096024829,3,High-Selling / Low-Margin Products
-2.710983871077083,-0.43373128729430405,1,Low-Performance Products
3.768287228834937,1.8466079847317736,2,High-Value Products
-4.596607238303475,-0.04157857576009161,1,Low-Performance Products
-1.888352763122426,0.1513234668979461,1,Low-Performance Products
-0.08141327392912037,0.07920867537262909,0,High-Margin Products
-2.112141245449672,-0.7065959232664724,1,Low-Performance Products
0.41503085891603037,-0.0928496697365276,3,High-Selling / Low-Margin Products
-0.0963361729404863,2.2349211448845456,0,High-Margin Products
1.4659171294042819,-0.5981148548364574,2,High-Value Products
1.112099254052236,-0.12555414324232214,2,High-Value Products
-2.7367283991438125,2.416983771775321,1,Low-Performance Products
2.0479950573613412,0.16052173697457203,2,High-Value Products
-1.9222119067168668,-1.9046814528321854,3,High-Selling / Low-Margin Products
-0.8962590508237839,0.12400225432518872,0,High-Margin Products
0.033617016188200316,1.5069874404744623,0,High-Margin Products
3.2807645823830898,-0.047266221762863415,2,High-Value Products
0.9867832244885529,-1.3276606309191907,3,High-Selling / Low-Margin Products
0.506570665366529,-1.7958845047372858,3,High-Selling / Low-Margin Products
-1.1652570753310476,-0.42376741083544395,3,High-Selling / Low-Margin Products
-2.5648300711991587,0.5249376895620871,1,Low-Performance Products
-2.1167866367260095,1.8457420264565976,1,Low-Performance Products
-0.6965217772783645,0.2956783249774783,0,High-Margin Products
-0.4739250889042458,-0.006067016281433193,0,High-Margin Products
-1.4565303639483616,-0.5519450977416206,1,Low-Performance Products
3.6050716453446836,0.9504724207566284,2,High-Value Products
-2.274898528464529,-0.4903250839552189,1,Low-Performance Products
1.9694134129790526,0.613704338301556,2,High-Value Products
0.6524657809420333,-2.204422664421795,3,High-Selling / Low-Margin Products
1.8947807043915093,-0.625723274427352,2,High-Value Products
2.298431686676396,-1.4085737427654335,2,High-Value Products
-0.6531581079810955,2.017516832236293,0,High-Margin Products
-0.9409228699630031,0.47290038736289924,0,High-Margin Products
-2.5427890845519143,-0.9552065853769989,1,Low-Performance Products
-0.20095817534044305,-0.39572651916836293,3,High-Selling / Low-Margin Products
2.2484929216648517,-0.911895228160212,2,High-Value Products
0.7422099374594147,-1.4610956993244815,3,High-Selling / Low-Margin Products
2.2768758301511003,0.5699846853354675,2,High-Value Products
3.3438237480750725,0.9511670044021164,2,High-Value Products
3.648677381155493,-0.6628481674491886,2,High-Value Products
0.8857717725550392,0.5224287382332783,0,High-Margin Products
-1.3407489983120928,0.724517666339356,0,High-Margin Products
-0.09735607161774737,1.5025197571956617,0,High-Margin Products
-3.762492239851214,-0.1789256723818309,1,Low-Performance Products
0.9643463719837537,-0.10633327242935914,0,High-Margin Products
-1.8604558902551103,1.1654618142237898,1,Low-Performance Products
-0.5925407935592125,0.9949059269278606,0,High-Margin Products
-1.2603528707438727,-1.314880900462045,3,High-Selling / Low-Margin Products
0.07085234654010845,-1.1040570392565145,3,High-Selling / Low-Margin Products
3.4780685934215954,0.669007112588105,2,High-Value Products
-1.802426996052596,2.466829693161417,0,High-Margin Products
-0.5556387088795164,1.421121348597662,0,High-Margin Products
-1.2092743469986238,0.5177856681541401,0,High-Margin Products
2.246126693327754,0.26872387437270445,2,High-Value Products
-0.8199606081909617,0.06681214531886563,3,High-Selling / Low-Margin Products
0.7872063266028957,0.9836552388348982,0,High-Margin Products
-3.683380005834358,1.1063769433757884,1,Low-Performance Products
-0.8617079724773153,-0.027061032754495045,3,High-Selling / Low-Margin Products
3.999167341452399,-0.9543906373335567,2,High-Value Products
-2.4329455499071284,1.6370804262416474,1,Low-Performance Products
-0.38633029881787584,1.0152895918117455,0,High-Margin Products
-0.18767852800962048,-0.6914933858508341,3,High-Selling / Low-Margin Products
-2.09452071479497,-2.0648480178885333,3,High-Selling / Low-Margin Products
1.970552369098381,1.073021271619177,2,High-Value Products
-0.9441095220294904,0.5134352208863293,0,High-Margin Products
0.12456654976516629,0.658561447507441,0,High-Margin Products
0.19142639805711698,-0.7903083614007795,3,High-Selling / Low-Margin Products
3.96322356146321,-1.6710082177345567,2,High-Value Products
-0.47265187830233424,2.2507324048047206,0,High-Margin Products
1.1094359754831147,-0.22669262517537636,3,High-Selling / Low-Margin Products
1.2584471721551038,-0.20084148773859495,2,High-Value Products
1.5987329346417094,-2.008906143106691,3,High-Selling / Low-Margin Products
-0.8412589876444202,0.3889779252298366,0,High-Margin Products
-1.5842389058465516,-0.4629782877597484,1,Low-Performance Products
-0.9173430491321429,-1.3703063930026955,3,High-Selling / Low-Margin Products
-2.4844856021146686,-1.1567417819958696,1,Low-Performance Products
-5.833306775951477,1.064774033574984,1,Low-Performance Products
2.854661744168215,-0.19269524721094913,2,High-Value Products
0.15403933294019692,1.3837147264916425,0,High-Margin Products
-0.2849679702819734,1.1548752499718025,0,High-Margin Products
4.871745133085817,0.8498761705134716,2,High-Value Products
2.6838837907395963,-1.4550608505916227,2,High-Value Products
-0.29370898423044,-0.27128541064412887,3,High-Selling / Low-Margin Products
1.3408774120696465,0.3907864710502151,2,High-Value Products
-1.6435464787942042,-0.7445739340809343,1,Low-Performance Products
2.9722051316889364,1.164088797068965,2,High-Value Products
1.2510785386200425,-0.24440914003316463,2,High-Value Products
-0.2627014207001777,-0.29161278294751325,3,High-Selling / Low-Margin Products
1.496887519845066,-2.268715230392225,3,High-Selling / Low-Margin Products
0.2967671356877999,-0.41022073792135466,3,High-Selling / Low-Margin Products
-4.773784536215034,-0.35264132954252586,1,Low-Performance Products
-0.33278853410688436,-1.3296733888436345,3,High-Selling / Low-Margin Products
-1.0603622902668004,2.5970064570811418,0,High-Margin Products
-0.2343467459812436,-1.9642479034735238,3,High-Selling / Low-Margin Products
-1.3617446224205663,0.6389959159053114,1,Low-Performance Products
-2.2522672783840476,0.9113498321014173,1,Low-Performance Products
0.36738033366109973,0.8171036085852015,0,High-Margin Products
2.8176824517133547,1.347461431170213,2,High-Value Products
-1.5546589382262417,0.4250732713659562,1,Low-Performance Products
0.26230894454712933,2.192803021545773,0,High-Margin Products
0.5859990890032308,2.177371628162859,0,High-Margin Products
3.2779592327511398,0.461079314374915,2,High-Value Products
1.153397433809444,0.1879201932165195,0,High-Margin Products
-0.9439953063370891,-0.536917701023758,3,High-Selling / Low-Margin Products
-0.10271371958488627,0.5315328499320582,0,High-Margin Products
0.018340617076528457,1.2710279945286342,0,High-Margin Products
-0.5020487470325595,0.9003099961415479,0,High-Margin Products
3.01238981008727,0.18792629776668843,2,High-Value Products
-1.9772879195065236,1.6238497866186985,1,Low-Performance Products
2.9360827651595276,0.7372288527928693,2,High-Value Products
-2.123656475280872,0.20412385151808343,1,Low-Performance Products
-2.972421669663836,0.452102286861048,1,Low-Performance Products
1.5891430502365682,-2.055396519081296,3,High-Selling / Low-Margin Products
-4.3656985536793895,-0.11822472427402747,1,Low-Performance Products
0.6673139278945007,-0.1792165439379273,0,High-Margin Products
-0.8118052878272618,-0.5648596919027982,3,High-Selling / Low-Margin Products
-0.17220709767785253,-0.2386457726906329,3,High-Selling / Low-Margin Products
0.15050376249108557,0.9734225186589989,0,High-Margin Products
-1.9264104621978917,-0.5169314661704095,1,Low-Performance Products
-0.09439756558089622,-0.4029748965136193,3,High-Selling / Low-Margin Products
-0.16583392664072297,-0.07935034854192143,0,High-Margin Products
-0.7237518943616089,1.396013950875793,0,High-Margin Products
-0.43791515612423076,-0.36983930059763837,3,High-Selling / Low-Margin Products
0.09598363222393878,-0.8458499138074137,3,High-Selling / Low-Margin Products
-0.885434355640553,1.8985303682367598,0,High-Margin Products
-0.4481188315212005,0.40713294395058763,0,High-Margin Products
-0.2452141204669185,0.27139226060390553,0,High-Margin Products
1.0892533787819858,-1.2874741155771432,3,High-Selling / Low-Margin Products
-0.05913711442755974,-1.69918606265673,3,High-Selling / Low-Margin Products
1.0556668293579639,0.1508952845918017,0,High-Margin Products
1.6017093884696434,1.7985074407845483,0,High-Margin Products
-2.400296859353224,0.8546354432763636,1,Low-Performance Products
-3.8152098865535176,-0.33134629468644594,1,Low-Performance Products
-0.5001670995996857,-1.919024368795388,3,High-Selling / Low-Margin Products
-0.9258459227454913,0.8073358981108548,0,High-Margin Products
1.8315193868180457,-0.6309541963668542,2,High-Value Products
0.21427289931091073,-0.23483667900427324,3,High-Selling / Low-Margin Products
0.4459362635951479,0.011651137411706805,0,High-Margin Products
-2.4898800462407364,-1.395937043356351,1,Low-Performance Products
-1.7740705724501251,0.41309050620903276,1,Low-Performance Products
0.4486221149629222,0.12290076764574048,0,High-Margin Products
-1.2083840693686552,0.004970161478739862,3,High-Selling / Low-Margin Products
-1.9046595870197036,-2.136854608891712,3,High-Selling / Low-Margin Products
3.8289398028885473,-2.596275419406306,2,High-Value Products
2.0336377922496154,-0.7816489570031621,2,High-Value Products
-1.1131595623342834,1.8856643924047636,0,High-Margin Products
5.364383584439276,0.21217946142341526,2,High-Value Products
-2.290282636487,0.05014900433928637,1,Low-Performance Products
-2.6647954651427517,0.8773373494347493,1,Low-Performance Products
-0.9606259380462707,-0.5029136043767762,3,High-Selling / Low-Margin Products
-1.018123582292073,0.13911862001265904,3,High-Selling / Low-Margin Products
-0.6408640726504902,-0.27785384188453793,3,High-Selling / Low-Margin Products
-2.2072378328497857,0.39450880927872883,1,Low-Performance Products
-0.6270367336738947,-1.0455184956344525,3,High-Selling / Low-Margin Products
-2.122243738945582,-0.07996503160715171,1,Low-Performance Products
-0.4368813316388699,1.8208206812833203,0,High-Margin Products
-2.9054731383354655,-0.4538560951678333,1,Low-Performance Products
0.4340961134496014,0.6391898525752895,0,High-Margin Products
1.8386853137947308,1.4801404009959205,2,High-Value Products
0.3965398672087231,0.42588508750754533,0,High-Margin Products
-0.716253814567357,0.9451169421292568,0,High-Margin Products
2.836965027600407,-0.15298046585263075,2,High-Value Products
1.9618927774140675,-0.398191224921447,2,High-Value Products
3.2453044616789724,1.8975994142742847,2,High-Value Products
-2.9599201785496887,0.250880919996411,1,Low-Performance Products
1.0437013601106777,-0.45142026939484153,3,High-Selling / Low-Margin Products
1.548493291640381,0.48653190654749584,2,High-Value Products
-0.06215459231320045,-0.03437159462706296,3,High-Selling / Low-Margin Products
2.0386213549086984,0.2776537178016154,2,High-Value Products
0.1841905463176905,-1.3267633123788893,3,High-Selling / Low-Margin Products
-2.1338109366234352,0.02656234564078438,1,Low-Performance Products
2.7993726657594347,0.18000366511041566,2,High-Value Products
-2.1918811475220448,-0.174397031517946,1,Low-Performance Products
2.248483733711044,0.7400426349729348,2,High-Value Products
-0.8890981469308301,-0.11696365506498667,3,High-Selling / Low-Margin Products
1.2104970239153623,1.1032685871992411,0,High-Margin Products
-3.718750022439886,-1.5393293812598474,1,Low-Performance Products
1.1946667928982084,-0.035552960105172185,2,High-Value Products
-1.942887378348521,-0.06147728927312533,1,Low-Performance Products
-3.284962491090247,0.9165180242147619,1,Low-Performance Products
-0.8952152590234654,1.7920022464072387,0,High-Margin Products
0.8622877936491402,-0.6437499194378377,3,High-Selling / Low-Margin Products
1.9404136010085953,-0.8805682709863194,2,High-Value Products
-0.7282096734463724,-1.516734396997383,3,High-Selling / Low-Margin Products
-1.2783309557544231,-1.6317727750681608,3,High-Selling / Low-Margin Products
2.331379788821642,0.2998190510734781,2,High-Value Products
-0.07330191739759515,-1.6431475374882847,3,High-Selling / Low-Margin Products
-2.22310340843208,-0.3733938159893891,1,Low-Performance Products
-3.7825755719333634,0.07268068964761736,1,Low-Performance Products
0.024895908488242767,-1.518486581172227,3,High-Selling / Low-Margin Products
0.6229449455911878,-0.387063643474052,3,High-Selling / Low-Margin Products
2.1351881559349652,0.12085300608922425,2,High-Value Products
0.011086035411307116,2.4401623999005655,0,High-Margin Products
-1.9233985615450684,2.7361557705432253,0,High-Margin Products
2.923519416931298,-0.6213205713175791,2,High-Value Products
-2.0110001264749857,0.9625221465410646,1,Low-Performance Products
-2.04360802897349,1.3177761914611787,1,Low-Performance Products
-2.876648787966125,0.41489693757699464,1,Low-Performance Products
-0.6127237678971529,1.614037895923194,0,High-Margin Products
3.866516647751988,-0.9706279564952831,2,High-Value Products
-2.988922741008191,-2.1079505195894597,1,Low-Performance Products
-3.1779840962594847,-0.267981763013178,1,Low-Performance Products
1.1865001866278138,-1.4111271115886193,3,High-Selling / Low-Margin Products
-2.4425912302283894,2.0480963405102006,1,Low-Performance Products
-2.384892979873809,-1.1467838694542305,1,Low-Performance Products
-2.0076080775471423,1.9892099784808337,1,Low-Performance Products
0.7296530517610621,0.17597674054810236,0,High-Margin Products
1.7966397321034582,-0.13198993484902208,2,High-Value Products
0.18082388537938612,-1.5953989892226013,3,High-Selling / Low-Margin Products
-2.586616387134614,-0.9110818864565072,1,Low-Performance Products
1.5613825815010953,-0.9855515921176538,2,High-Value Products
-0.8768626836724515,2.1284548401922003,0,High-Margin Products
-1.6407620917063752,1.3961588366411792,1,Low-Performance Products
0.8728901294865404,-2.7857742876313987,3,High-Selling / Low-Margin Products
0.41243406379583747,0.6932175045675445,0,High-Margin Products
1.1530406557858566,-1.1614968735472178,2,High-Value Products
-1.2913291059925165,-1.27643099596085,3,High-Selling / Low-Margin Products
-1.2229620614278245,0.6353533462899926,0,High-Margin Products
-1.2992185006769457,0.6246205347227959,1,Low-Performance Products
-5.459502727113002,-0.8038779143163832,1,Low-Performance Products
-0.8930837597000695,-0.5988000564732242,3,High-Selling / Low-Margin Products
0.3154940285926945,1.1178506725758115,0,High-Margin Products
0.4396962545224964,0.791033543060701,0,High-Margin Products
1.8675421172442501,-0.5679155773047622,2,High-Value Products
-1.755558025599162,-0.2981465976988505,1,Low-Performance Products
-0.4249333384869632,0.12491066778281168,0,High-Margin Products
2.770000296263784,0.6303025227159391,2,High-Value Products
-0.981829102744802,0.3099253300726277,0,High-Margin Products
-1.708886603520619,0.5732910957958377,1,Low-Performance Products
2.4015886772376955,-0.1269824354141497,2,High-Value Products
0.133579331652512,0.46126888277209965,0,High-Margin Products
0.42027829250950743,1.1690728090396274,0,High-Margin Products
-0.32824795092188147,1.6177701918931433,0,High-Margin Products
1.5275854185280966,-0.452641694042863,2,High-Value Products
-0.706701163821708,-0.08829139470365108,0,High-Margin Products
3.2228150024782867,0.9166393731730084,2,High-Value Products
-1.102772915738852,-1.5792201197530265,3,High-Selling / Low-Margin Products
2.478257672376579,0.45190467628214787,2,High-Value Products
-0.058693741143104015,-0.7484304404208183,3,High-Selling / Low-Margin Products
-0.1401008144918782,-0.8014021694138604,3,High-Selling / Low-Margin Products
0.7125486034551279,0.5413199942759418,0,High-Margin Products
-4.062170865351075,-1.4431506435357189,1,Low-Performance Products
-3.2972895773460777,2.3894373437601475,1,Low-Performance Products
-1.7528345774468568,-2.5622277421101805,3,High-Selling / Low-Margin Products
0.8375362161994339,1.6676317333942865,0,High-Margin Products
1.2054609695871579,0.4294975456952371,0,High-Margin Products
-0.6478313064416205,0.8977163144998109,0,High-Margin Products
-3.1140831112783105,-0.9324819880947,1,Low-Performance Products
-0.9558142125426047,-2.9710461941200412,3,High-Selling / Low-Margin Products
1.2682023440458834,1.462478876833068,0,High-Margin Products
-2.4173707546543137,-0.21031725131583198,1,Low-Performance Products
2.9171984836127707,0.009996957883324453,2,High-Value Products
-1.3676850067280542,-0.9246557802305088,3,High-Selling / Low-Margin Products
0.6984384163474883,-0.22073159520126528,3,High-Selling / Low-Margin Products
0.44094450201447377,0.9672165506828354,0,High-Margin Products
-1.2416947833032574,-2.0379909775254625,3,High-Selling / Low-Margin Products
1.2190718866358554,1.5685421302019784,0,High-Margin Products
-0.5685528496369591,-0.8945341629327699,3,High-Selling / Low-Margin Products
-3.637956305309569,-0.20444105508098032,1,Low-Performance Products
-4.028911425681486,1.2412382262063992,1,Low-Performance Products
2.204100723625596,0.02988190660386494,2,High-Value Products
-0.3071365398216299,0.5424649648328942,0,High-Margin Products
1.3469776992237714,1.8001862957234323,0,High-Margin Products
3.1602434716805163,0.39726686349910695,2,High-Value Products
-0.20140182537839246,0.32308808776148557,0,High-Margin Products
2.0903748349838174,-0.6853509077223519,2,High-Value Products
-0.19915220718188628,1.5638730171220159,0,High-Margin Products
-0.11306088642091772,1.828614324481759,0,High-Margin Products
-0.7236074974550704,-0.3734819483293606,3,High-Selling / Low-Margin Products
1.4017458897984245,1.2403796068855673,0,High-Margin Products
-0.6950620807902319,-0.2349198045094095,3,High-Selling / Low-Margin Products
1.3354206395960257,0.3837134880209068,0,High-Margin Products
-0.2433330423228448,0.24954387274441664,0,High-Margin Products
-1.5595966736792235,-0.14877118536567902,1,Low-Performance Products
-1.1184175107458114,0.0439687220846875,0,High-Margin Products
-0.22928621293588505,-1.1363374722415667,3,High-Selling / Low-Margin Products
-1.2191620993622294,-1.2014772026715996,3,High-Selling / Low-Margin Products
-1.5653230766630148,-1.2050089261333863,3,High-Selling / Low-Margin Products
-2.411428576336311,-0.017372956792017922,1,Low-Performance Products
1.4540589859223145,0.15168210017050146,2,High-Value Products
2.677953753910584,-0.3498491996593911,2,High-Value Products
-0.10498334184693002,-0.07373175244153801,3,High-Selling / Low-Margin Products
-0.7021822770575122,-0.13255042458912566,0,High-Margin Products
-2.516224631877166,0.34235420248004783,1,Low-Performance Products
-1.4244217799448957,2.1060540459695263,0,High-Margin Products
-1.7300441057778986,-0.2355792502353637,1,Low-Performance Products
0.26056730076574897,0.6976880822117411,0,High-Margin Products
-0.9386445038676687,2.2414071760384235,0,High-Margin Products
-2.1270939228376227,0.8891863287935555,1,Low-Performance Products
-0.41831088077499373,0.5564145017910238,0,High-Margin Products
0.775741570099297,-1.368643397307961,3,High-Selling / Low-Margin Products
0.4978676141075373,0.06254011632322601,0,High-Margin Products
0.800863529439636,0.019280221390262798,0,High-Margin Products
3.1661725932067206,-0.8653154641765015,2,High-Value Products
0.449974033726601,-1.3858797179427125,3,High-Selling / Low-Margin Products
0.18134980328290107,1.0373446144692196,0,High-Margin Products
-0.6163701215876727,-0.9019054580289139,3,High-Selling / Low-Margin Products
-0.4412417647070778,-0.21916486779547195,3,High-Selling / Low-Margin Products
-1.5853477710527069,0.5686219681567664,1,Low-Performance Products
-2.4212525435526366,-0.7739422991916519,1,Low-Performance Products
-4.913432228099518,-1.2007655554744932,1,Low-Performance Products
3.3525733912057794,-0.7978405046804744,2,High-Value Products
-1.1906047078020636,0.6861202632842406,0,High-Margin Products
-1.1062648158877086,-1.2985415574097596,3,High-Selling / Low-Margin Products
-2.205307408605898,0.9066778997075974,1,Low-Performance Products
-0.9988812822166416,1.3046705132985146,0,High-Margin Products
-0.17200126365990143,0.8002512324863028,0,High-Margin Products
0.4660330138519895,-0.3187343565044744,3,High-Selling / Low-Margin Products
-0.9098597906939926,0.5808243879497563,0,High-Margin Products
4.683240263591265,-0.3222539888466441,2,High-Value Products
0.4877476498756816,-1.0207968432452779,3,High-Selling / Low-Margin Products
-2.1386532592457175,-0.8620038482584916,1,Low-Performance Products
4.392579451179508,0.5108805847899166,2,High-Value Products
-0.1386895875187062,-0.46444393053107513,3,High-Selling / Low-Margin Products
-0.3817633597474849,0.6482937043940953,0,High-Margin Products
0.8368264265734106,1.3293865102601974,0,High-Margin Products
-1.5653851551483748,-0.3993502370128864,1,Low-Performance Products
-1.3506034049734288,0.3966652429783289,1,Low-Performance Products
0.7498253100501481,0.3995609265840572,0,High-Margin Products
-2.5392318798147264,0.9066687760513202,1,Low-Performance Products
-3.020716239712712,-0.9962039348527751,1,Low-Performance Products
-1.9176092730444194,1.2349761846884575,1,Low-Performance Products
-0.734437102412288,0.4223188375341891,0,High-Margin Products
0.7516919924753349,0.01939221423554607,0,High-Margin Products
2.0384505438013227,-0.5038007896805671,2,High-Value Products
-3.2716892415911256,1.2023192438129937,1,Low-Performance Products
2.019630915774206,-1.3221173525816936,2,High-Value Products
-1.1484907372302635,-0.6085225340469087,3,High-Selling / Low-Margin Products
1.3066292247989584,0.043967158969197756,2,High-Value Products
1.5046852808073943,-1.0878659999641123,2,High-Value Products
1.3859009639673523,-0.24812356065329758,2,High-Value Products
2.5690461523945243,-0.6940154888373639,2,High-Value Products
0.791325215557885,0.5768765746163967,0,High-Margin Products
2.8294283405534926,0.7800932373389483,2,High-Value Products
-2.9410889593996172,0.0911823387446338,1,Low-Performance Products
1.05958053840935,-0.8003916095519971,3,High-Selling / Low-Margin Products
-0.7334735677229631,1.3519085968532565,0,High-Margin Products
-1.581736376250374,0.0701081773348302,1,Low-Performance Products
-1.1091181478197922,-0.030272755002627973,3,High-Selling / Low-Margin Products
4.448408992953528,-1.5804824096002543,2,High-Value Products
-0.6867890034924282,-1.0180258828511402,3,High-Selling / Low-Margin Products
-2.513674796448362,1.1345068285512583,1,Low-Performance Products
-0.6316327990850039,0.5698622464732586,0,High-Margin Products
-0.6335510810427589,2.003860003468903,0,High-Margin Products
0.998426744949395,1.3569089652541162,0,High-Margin Products
1.2087492736710121,0.5857105507521347,0,High-Margin Products
-1.1552454582455511,0.5529879196002621,0,High-Margin Products
-1.3623224320358323,-0.30754786813627233,3,High-Selling / Low-Margin Products
-1.2205029996737418,-0.9467332886825095,3,High-Selling / Low-Margin Products
-3.793221441793903,-0.8041809599345331,1,Low-Performance Products
-1.0660218899160376,-2.0124172433867358,3,High-Selling / Low-Margin Products
-0.4529146995637179,0.4153499246353288,0,High-Margin Products
-2.5732100671785365,2.4485305711094876,1,Low-Performance Products
-0.28716105221196386,-0.7761759961233488,3,High-Selling / Low-Margin Products
-2.6300432797495086,-0.799825672661123,1,Low-Performance Products
-1.4528180877336039,0.2515740627336305,1,Low-Performance Products
2.4027539705714647,0.8253909516445282,2,High-Value Products
-0.9640988504765895,0.7332466660898433,0,High-Margin Products
3.0118689024440335,-0.2462831845317225,2,High-Value Products
-0.9402687286443809,1.4081321577794976,0,High-Margin Products
1.7638434136161965,0.04186947603120755,2,High-Value Products
-1.063138112032584,-0.5315314910802132,3,High-Selling / Low-Margin Products
-0.5095144664643763,1.2863448375869162,0,High-Margin Products
-1.4849552447659555,-0.06241890655317095,1,Low-Performance Products
2.6874795138507293,-2.2347403116305338,2,High-Value Products
1.2521867673543976,-0.41608816665521897,2,High-Value Products
2.1209162440382685,0.8544634706436206,2,High-Value Products
1.2382448132968906,0.4670113183215168,0,High-Margin Products
3.19449823116961,1.7763065726623635,2,High-Value Products
-1.3776025634892417,-0.32352678720307176,1,Low-Performance Products
-0.5908937603898432,-0.3820992320713474,3,High-Selling / Low-Margin Products
-2.6909684029420506,-0.5377904396025418,1,Low-Performance Products
-1.3023582471198298,0.04714829824659713,1,Low-Performance Products
-0.4821188535753502,-1.4932290062811462,3,High-Selling / Low-Margin Products
4.747287334258963,-2.109563345047935,2,High-Value Products
-0.007238125032028304,-0.8485109705476768,3,High-Selling / Low-Margin Products
3.3708335940943424,-0.1693772371846835,2,High-Value Products
-2.1726569377391303,-1.0298060954231452,1,Low-Performance Products
-0.9867378808014969,1.5932266292363553,0,High-Margin Products
-0.11606036255197717,0.6111202237993939,0,High-Margin Products
-4.17536136297847,1.9583219326424193,1,Low-Performance Products
1.4268131538113364,-0.7866379932933428,2,High-Value Products
-0.0009523150209017313,0.1592540626725966,0,High-Margin Products
-3.316288860811592,-0.1985060195909898,1,Low-Performance Products
2.5373513470953677,-0.7981395861756725,2,High-Value Products
-0.5736834902961543,-0.7977489002636934,3,High-Selling / Low-Margin Products
1.7898640334807567,-2.421341157643161,3,High-Selling / Low-Margin Products
-3.4153176030664065,0.5818447585245918,1,Low-Performance Products
3.2859828108035827,0.7614291846792506,2,High-Value Products
-0.2858941189588792,-1.3490848653284615,3,High-Selling / Low-Margin Products
0.6231998049453968,0.7689727032934532,0,High-Margin Products
-2.0631782062368464,0.28392437627450806,1,Low-Performance Products
-0.698302924963331,0.46899699739982664,0,High-Margin Products
0.9312750090253568,2.237606738561168,0,High-Margin Products
0.8234811321635249,-0.907326802659035,3,High-Selling / Low-Margin Products
-3.549976681170819,0.5360691498593196,1,Low-Performance Products
-0.09156523837990559,-0.2681486037705749,3,High-Selling / Low-Margin Products
-0.6502583893912262,1.3338631733857558,0,High-Margin Products
2.2926004177862565,-0.5161322482302098,2,High-Value Products
1.8479464037387112,-0.17921484173931576,2,High-Value Products
2.9396300481235023,-1.0507472001980047,2,High-Value Products
-1.8544440641442421,-0.27777596378396346,1,Low-Performance Products
-1.8148561380054207,-0.13355210590800845,1,Low-Performance Products
2.2208771947888293,-2.078775482269282,2,High-Value Products
-0.716537640703958,-1.3285564035739104,3,High-Selling / Low-Margin Products
0.37678160572184427,-0.8251741196736373,3,High-Selling / Low-Margin Products
-1.4993105990465452,1.2440896940946504,1,Low-Performance Products
-1.5150438989880042,-0.9223318026697587,3,High-Selling / Low-Margin Products
-0.6966240963484694,-0.9251223296666303,3,High-Selling / Low-Margin Products
-0.42370645555411274,-0.5918533841327964,3,High-Selling / Low-Margin Products
-0.49390137208637097,-0.3914518358085794,3,High-Selling / Low-Margin Products
-0.705921216720963,-0.19178381936233754,3,High-Selling / Low-Margin Products
0.31353600807732984,0.16517677363312394,0,High-Margin Products
-0.7672768555350047,0.767090905468776,0,High-Margin Products
-1.6313893759564326,-1.6871157835286101,3,High-Selling / Low-Margin Products
-4.0820088507328105,-0.25248282958079693,1,Low-Performance Products
-2.699414709108381,0.8742990608584429,1,Low-Performance Products
0.5227745490886467,-0.6665680217258433,3,High-Selling / Low-Margin Products
0.6723006901313205,0.815583811444523,0,High-Margin Products
-1.337143021295523,0.9904182062103648,0,High-Margin Products
0.1601323695599866,0.3345651284482617,0,High-Margin Products
-1.6747919886262141,2.1268301617868994,0,High-Margin Products
0.634156910297627,-2.0699942338920607,3,High-Selling / Low-Margin Products
-0.6109087131967691,-1.3022861498864329,3,High-Selling / Low-Margin Products
2.330895974916582,-0.22664923282988866,2,High-Value Products
1.837149732400524,0.8014372602819223,2,High-Value Products
2.2193488364319744,0.24487544884813287,2,High-Value Products
1.5549244425584183,0.37539769924208427,2,High-Value Products
-0.4689243611845926,-0.14578046046402524,3,High-Selling / Low-Margin Products
-5.538987970514027,1.776553141481237,1,Low-Performance Products
3.2184701335110963,0.1346418822587284,2,High-Value Products
-0.6167581269728004,0.27458278304278655,0,High-Margin Products
-2.8839384376184984,-0.3241995833476811,1,Low-Performance Products
-3.9069647652710313,-0.6638403222682866,1,Low-Performance Products
1.086588174069628,1.3056337769997826,0,High-Margin Products
-0.5542313339866664,0.001070111747970209,0,High-Margin Products
1.100520109337615,0.03259670352405201,2,High-Value Products
-2.0423120190389996,1.1479324676392983,1,Low-Performance Products
3.5683544454209817,-2.3287442974804566,2,High-Value Products
0.6433004196633825,-0.14700637635048344,0,High-Margin Products
-1.43779451152594,-1.0054505714364388,3,High-Selling / Low-Margin Products
-0.7452031908346746,0.2089317697686278,3,High-Selling / Low-Margin Products
2.6263475888432315,0.7179753333871184,2,High-Value Products
0.37597719580375843,0.6957679680028872,0,High-Margin Products
0.4737530069166178,2.5635588786264942,0,High-Margin Products
1.401640689823128,-0.17834969952453006,2,High-Value Products
-1.5671168042479908,1.1234131611683773,1,Low-Performance Products
-0.17294382939887182,-1.046783139015714,3,High-Selling / Low-Margin Products
-1.9193638828108954,-0.28918983212841226,1,Low-Performance Products
-0.5135025196811996,-1.1994742511194594,3,High-Selling / Low-Margin Products
0.7825622159218593,-0.17779547716436156,0,High-Margin Products
1.7194681323584602,0.20902742021994886,2,High-Value Products
0.8786174319471842,0.22045418947435202,0,High-Margin Products
1.588958622455402,0.06088125719326883,2,High-Value Products
-0.9467061906038711,1.6254374988137688,0,High-Margin Products
-2.906590017937972,0.814750235994779,1,Low-Performance Products
0.721945225924043,-1.0118115232211107,3,High-Selling / Low-Margin Products
0.21941253301575947,2.8053128319805065,0,High-Margin Products
-1.2099791016152879,-0.8277590683421436,3,High-Selling / Low-Margin Products
-0.33093039500052396,1.9980183882819844,0,High-Margin Products
4.827763745938799,-1.3580331452364929,2,High-Value Products
-0.8830421325426229,-0.5007971555991991,3,High-Selling / Low-Margin Products
-2.57181764270656,-0.2304657872172429,1,Low-Performance Products
0.9312191541843584,-0.18460162048201662,0,High-Margin Products
0.9691401132670409,1.0025704410552883,0,High-Margin Products
0.22652652523177094,-1.595432857148431,3,High-Selling / Low-Margin Products
0.030347059851466986,-1.1904604795619311,3,High-Selling / Low-Margin Products
1.191203890972547,-1.102603428449725,3,High-Selling / Low-Margin Products
2.335728033691255,0.19291132757254842,2,High-Value Products
0.44596643966050914,-0.7385785547671692,3,High-Selling / Low-Margin Products
2.328132698204905,-2.4187567826345,2,High-Value Products
-3.096184156576785,-0.9340297509151433,1,Low-Performance Products
-0.6344825072674913,2.454733484223008,0,High-Margin Products
0.6403886175185871,0.6427401860831844,0,High-Margin Products
-0.5190409444064104,-3.55042191980987,3,High-Selling / Low-Margin Products
0.2982948174668045,0.8476982285796262,0,High-Margin Products
-3.6220689120372427,0.7200420574058889,1,Low-Performance Products
-0.16959157915723636,1.383249387863391,0,High-Margin Products
4.617935581398241,0.5490560121727246,2,High-Value Products
4.265502951260445,0.4915596299196432,2,High-Value Products
0.2708146803499957,0.4000542663864118,0,High-Margin Products
-2.544793784252203,0.16620705024204982,1,Low-Performance Products
-0.16668802714903208,-0.05521296574060246,0,High-Margin Products
2.6860292666663894,-0.790912815155842,2,High-Value Products
-2.146139685800766,-0.532020798193508,1,Low-Performance Products
3.747403249647839,0.07084140693905493,2,High-Value Products
1.5950877139815958,1.849175959507255,0,High-Margin Products
-0.026048089490389552,0.8506489573920971,0,High-Margin Products
3.0825281016577204,0.5688886514381025,2,High-Value Products
0.4122599142706108,-1.3223866809813185,3,High-Selling / Low-Margin Products
4.172524049625439,-1.604250123854572,2,High-Value Products
3.4748932146276594,-0.28943044240849775,2,High-Value Products
1.2195389516775614,1.2105995382818395,0,High-Margin Products
-0.5860676940932463,-0.3987073857891517,3,High-Selling / Low-Margin Products
-0.17402958136280203,-0.913362340657943,3,High-Selling / Low-Margin Products
-2.9665465789199437,0.22093745895192157,1,Low-Performance Products
0.23462751635100457,-0.8802998844757531,3,High-Selling / Low-Margin Products
2.108438754695599,0.7099379719886988,2,High-Value Products
0.032879114996184414,2.2420396811070353,0,High-Margin Products
1.7657367782532725,1.2992470164293386,2,High-Value Products
-0.24625109171310028,2.4080958586297174,0,High-Margin Products
-2.7093573406974327,0.16042732942693555,1,Low-Performance Products
0.4513754999969454,-0.5795086348170256,3,High-Selling / Low-Margin Products
-0.01105845662375217,2.261785405176786,0,High-Margin Products
1.8137833673085775,-0.7246225726730551,2,High-Value Products
1.354978422699246,-0.5019752528190501,2,High-Value Products
-1.0320665884072444,-2.9161045290206844,3,High-Selling / Low-Margin Products
1.6514463235853407,0.056843999091679996,2,High-Value Products
-1.773104841932831,-1.2872528038658146,3,High-Selling / Low-Margin Products
4.101253714981298,1.3353588622635406,2,High-Value Products
-2.3225522266385785,-1.715007963866499,1,Low-Performance Products
-0.30082365111133874,-0.5163245372787134,3,High-Selling / Low-Margin Products
0.7404705543118693,0.18546837532697524,0,High-Margin Products
-2.256522954325435,0.8889523525535163,1,Low-Performance Products
-2.123805861843413,1.4906241748622153,1,Low-Performance Products
3.8285702562261728,-0.7719779950413101,2,High-Value Products
-1.1786616693484007,-2.133741902888061,3,High-Selling / Low-Margin Products
-1.5433313892159193,0.10922092771072958,1,Low-Performance Products
-0.7093205699247478,0.3300479558819376,0,High-Margin Products
-0.6162932130043505,-1.4841475362013745,3,High-Selling / Low-Margin Products
-1.1225452434610925,0.6427358733262176,0,High-Margin Products
-0.4422789293878959,0.8213663918956527,0,High-Margin Products
-2.8156808292256734,-0.17679702308773806,1,Low-Performance Products
0.7398856627207645,0.8504027105019986,0,High-Margin Products
2.678381312147897,-0.03563651482178108,2,High-Value Products
-0.6053727503739132,-0.7781532315434222,3,High-Selling / Low-Margin Products
-0.5021889999251865,-1.0301980865156157,3,High-Selling / Low-Margin Products
2.1562749229947134,-0.13602914648211853,2,High-Value Products
-2.4313862348293487,-0.39347371128557174,1,Low-Performance Products
0.5896420086926752,-0.44680419995896153,3,High-Selling / Low-Margin Products
1.3965665573506434,0.6575887796401864,2,High-Value Products
2.063911490971835,1.1135146968155025,2,High-Value Products
2.248715858153469,0.03335879910357561,2,High-Value Products
0.4787383628674122,-1.0242950999078853,3,High-Selling / Low-Margin Products
-1.887058808883212,0.09796434173836117,1,Low-Performance Products
0.029803889674237586,0.1653572275216847,0,High-Margin Products
-3.7245355517461634,0.6896233418478883,1,Low-Performance Products
-2.803624063555253,-0.5591660136296774,1,Low-Performance Products
-0.9721399304696812,0.2271806125966561,0,High-Margin Products
-1.2925100872942068,-0.1733949969789732,3,High-Selling / Low-Margin Products
-0.6001239793551224,-0.10192759568101928,3,High-Selling / Low-Margin Products
0.1036614317428093,-2.266933483312642,3,High-Selling / Low-Margin Products
1.8814363358328046,0.061238246782898284,2,High-Value Products
1.2470613284327727,-0.09508194039177141,2,High-Value Products
3.892180914487522,1.2931117356608812,2,High-Value Products
-3.401416212349418,1.6354805340546683,1,Low-Performance Products
-2.093763806533515,0.436313768232781,1,Low-Performance Products
-1.6439614277626742,2.4424336767281956,0,High-Margin Products
-0.1547127520958196,-1.3324403822167523,3,High-Selling / Low-Margin Products
-0.34166484186844853,0.613771471774957,0,High-Margin Products
-2.545000770449735,1.550901044558559,1,Low-Performance Products
-0.36019167334188257,0.7303919921702696,0,High-Margin Products
-2.1609366222697646,-0.8651004878691592,1,Low-Performance Products
-0.8475398558684019,-1.8770642653292584,3,High-Selling / Low-Margin Products
3.121291439302732,-0.05887364615962007,2,High-Value Products
1.4910673854414827,-0.21415368311924632,2,High-Value Products
-0.8498497548010064,0.6734680471843513,0,High-Margin Products
0.34665114963077526,0.19275349792589286,0,High-Margin Products
-1.6109336905628575,-2.104668807424307,3,High-Selling / Low-Margin Products
3.2937859605928415,0.20707681150219573,2,High-Value Products
0.04314104674897023,0.2719108800504002,0,High-Margin Products
2.5926000775869458,-0.16875808144945875,2,High-Value Products
0.21546807063579035,-0.8164668551913391,3,High-Selling / Low-Margin Products
2.909778297376556,-1.1584301130989294,2,High-Value Products
4.052871475307657,1.2321167441005776,2,High-Value Products
2.609282130695371,-2.035569906154398,2,High-Value Products
1.3523425984984947,-0.14219276738080544,2,High-Value Products
-3.3189110721334782,-1.9673875816840813,1,Low-Performance Products
2.762247764530399,-0.40417987646573594,2,High-Value Products
-2.0875597160449773,0.6801457571674424,1,Low-Performance Products
-2.3431600287670653,0.044840132205836415,1,Low-Performance Products
1.743187073802748,-0.7068102170415927,2,High-Value Products
3.8231460079379356,-0.3657264053578153,2,High-Value Products
-0.278213587874879,-0.1197964002790112,0,High-Margin Products
1.1976973946589726,1.2517511923431663,0,High-Margin Products
0.4369260727550584,1.959954330444206,0,High-Margin Products
-4.804201555686489,2.234190337374818,1,Low-Performance Products
-1.620190798984774,0.1656220152446498,1,Low-Performance Products
-3.5029443275554963,0.0929263409860933,1,Low-Performance Products
1.2987246288261443,0.9346543885053978,0,High-Margin Products
1.7881306990311925,-0.26621793494007406,2,High-Value Products
0.9081725694790361,-2.6117033056205923,3,High-Selling / Low-Margin Products
0.28639676616959714,0.3150754543564891,0,High-Margin Products
2.543558679684029,-1.3970333413070195,2,High-Value Products
0.7941431258942109,-1.5485265552440834,3,High-Selling / Low-Margin Products
2.2513497585197646,0.5632810797347678,2,High-Value Products
-0.5547598992128786,2.19370763498874,0,High-Margin Products
-0.6119949600966947,-1.5673598840654295,3,High-Selling / Low-Margin Products
1.8064848986975734,0.6981614586356905,2,High-Value Products
1.3328051763602156,-0.6560470745483925,2,High-Value Products
-2.5570964291376566,1.1914241129768157,1,Low-Performance Products
0.1557960780435351,0.5972478239443658,0,High-Margin Products
0.2184149900857269,-1.818213323391291,3,High-Selling / Low-Margin Products
2.0915627606647997,-0.7678027482878055,2,High-Value Products
3.287025750443961,0.5959057778150407,2,High-Value Products
1.3909045471573602,0.10364693532855757,2,High-Value Products
0.9787659748003386,-0.4424736885359397,3,High-Selling / Low-Margin Products
-2.2783410410563976,0.8832800475766197,1,Low-Performance Products
-0.12647942851033242,0.30087234917686223,0,High-Margin Products
-1.9016290510880067,0.03869735524154649,1,Low-Performance Products
0.7502794897403293,-0.6785793929802644,3,High-Selling / Low-Margin Products
2.064992064225799,-0.016431409475639782,2,High-Value Products
-0.6458691017828418,-0.37694454289880547,3,High-Selling / Low-Margin Products
-4.403337765627941,0.557319637294217,1,Low-Performance Products
-1.8570223988124979,-0.2351686728926389,1,Low-Performance Products
1.3413410494126958,-0.03290909187701781,2,High-Value Products
1.2596964051960715,0.002398158180713877,2,High-Value Products
0.5866983004993819,0.2348604581385275,0,High-Margin Products
3.0789964510258576,-0.7663243744046452,2,High-Value Products
-1.0646130049071023,-0.5379750408380443,3,High-Selling / Low-Margin Products
-1.5315271612359809,-0.5904504494056458,1,Low-Performance Products
0.05357655701650306,0.29851341696249356,0,High-Margin Products
-1.7852532108521384,-1.8856018267418797,3,High-Selling / Low-Margin Products
-0.7366192774055305,-1.3476316652746707,3,High-Selling / Low-Margin Products
-2.1989155870458172,-0.23709508513591276,1,Low-Performance Products
-1.1979213935203548,-0.25034075804534883,3,High-Selling / Low-Margin Products
0.6842991338302825,0.8956015260100326,0,High-Margin Products
-1.7265487537107767,-1.0391252694299369,1,Low-Performance Products
-0.67942397808507,0.8429458006787474,0,High-Margin Products
2.1853379503453514,0.2745936548433292,2,High-Value Products
-0.033674233312282455,0.3770815259298539,0,High-Margin Products
1.6278693713816794,1.329078270107774,0,High-Margin Products
-0.36852661937879866,0.2081987780698119,0,High-Margin Products
-5.271153489388014,1.1882142749444609,1,Low-Performance Products
-0.8908919552347353,-0.3314244378099926,3,High-Selling / Low-Margin Products
-2.7249257336967063,0.03328704484149105,1,Low-Performance Products
0.5871236620822237,1.3530387368280312,0,High-Margin Products
3.523726803758451,-1.06275696227817,2,High-Value Products
1.0423452627773044,0.08636519423002492,0,High-Margin Products
-3.596842688026543,0.10520181761130915,1,Low-Performance Products
3.5740458494817555,0.8812878882470123,2,High-Value Products
-2.300541565221523,-0.7619873927073847,1,Low-Performance Products
1.727227070593363,0.39119548119611497,2,High-Value Products
0.04326899734857022,0.02906358694561382,0,High-Margin Products
-0.597495743456183,0.45066803004664313,0,High-Margin Products
-0.05031228872884129,-1.7667686109535923,3,High-Selling / Low-Margin Products
-1.075478064586996,-0.41107086180637803,3,High-Selling / Low-Margin Products
2.2837483474372293,-0.28532697917762295,2,High-Value Products
1.4003142760172504,-0.7995554452490092,2,High-Value Products
-2.3555124245749695,-1.2400449014007018,1,Low-Performance Products
-1.4807984484315395,-0.2649348510349921,1,Low-Performance Products
2.8053947413889837,0.7126608588896981,2,High-Value Products
-0.22888598572834196,0.28085016961687426,0,High-Margin Products
1.372376958727338,0.8044902164705638,0,High-Margin Products
-0.07306007347362035,-0.6755953373170998,3,High-Selling / Low-Margin Products
-1.7380410095393841,-0.8743598542874325,1,Low-Performance Products
1.8479761048121075,-0.38589238480036026,2,High-Value Products
0.038147510621654813,0.4673063262652973,0,High-Margin Products
1.872355517781378,-1.3004819131482865,2,High-Value Products
2.7908188598619783,0.8996073718569584,2,High-Value Products
-2.031035375389126,-0.0739747362127645,1,Low-Performance Products
0.01156623342330096,1.0575123540705056,0,High-Margin Products
-1.419530073745599,0.8021803418773582,1,Low-Performance Products
-0.8967225831315556,0.920875211865093,0,High-Margin Products
-0.27340067026246173,0.485858663917955,0,High-Margin Products
1.4008832867256185,0.3862755052985233,2,High-Value Products
-3.5452917298084787,0.20803551514441962,1,Low-Performance Products
3.0573964150605843,-0.9964870983001495,2,High-Value Products
-1.3510499106459888,0.24712082564178095,1,Low-Performance Products
2.0048891282155825,0.31605709550819294,2,High-Value Products
4.174906814908769,0.20174101025957952,2,High-Value Products
0.6083192343847671,-0.15780991258269333,0,High-Margin Products
0.6444426919475947,-2.2563032505784775,3,High-Selling / Low-Margin Products
-1.8292829377461903,0.6240824370941608,1,Low-Performance Products
-0.09089152994986717,0.7368601949225839,0,High-Margin Products
1.0867891994620762,-2.315421297052346,3,High-Selling / Low-Margin Products
3.9029691311542374,-1.0332050538733457,2,High-Value Products
-2.1629026358649277,0.8945273906134286,1,Low-Performance Products
0.21487099858165898,-0.8356904470343894,3,High-Selling / Low-Margin Products
3.625887151964831,0.06275178578477024,2,High-Value Products
1.046681750933074,0.2711713056897872,0,High-Margin Products
-0.4754747499334255,1.0803592535902153,0,High-Margin Products
2.967867327498227,-3.0660809829436033,2,High-Value Products
-1.9951140728205798,-0.1047388491640335,1,Low-Performance Products
-0.2825953123186528,-0.6323878954018426,3,High-Selling / Low-Margin Products
-1.9439315383703968,2.276916938318544,1,Low-Performance Products
-0.3979917772802744,1.508908900474356,0,High-Margin Products
2.5934311621159636,0.5955179330817386,2,High-Value Products
-2.9652874926159285,0.765241874766318,1,Low-Performance Products
-1.0100537439273025,0.6376201580972329,0,High-Margin Products
1.8575337031707435,0.9576115332712648,2,High-Value Products
0.6464731596393555,1.6439740935808613,0,High-Margin Products
0.0037274743413727306,-0.9562470679274995,3,High-Selling / Low-Margin Products
0.26449261564072474,0.2886949636549484,0,High-Margin Products
-3.576262807660741,-1.7511251397008543,1,Low-Performance Products
0.14476605520501354,-1.469284453406108,3,High-Selling / Low-Margin Products
1.1208361708949375,-2.7300702875048835,3,High-Selling / Low-Margin Products
-0.8794698666637606,-0.24475622880153386,3,High-Selling / Low-Margin Products
-0.23190893420466066,1.2406771732267823,0,High-Margin Products
0.2970435206894928,0.7485859793066775,0,High-Margin Products
3.60143227806045,0.4021078528589518,2,High-Value Products
1.097893451131593,0.8671350449874908,0,High-Margin Products
0.009190437643862535,-0.598721550584954,3,High-Selling / Low-Margin Products
1.6338804349331033,-1.1032241970124543,2,High-Value Products
-2.53609662796181,0.03212813261935886,1,Low-Performance Products
0.7544397795170102,-0.7177741915930465,3,High-Selling / Low-Margin Products
0.3209944639041419,-1.5482921895081385,3,High-Selling / Low-Margin Products
-1.413448472174583,0.07389648280431028,1,Low-Performance Products
0.9076241132773247,0.43893984950065906,0,High-Margin Products
0.1369108817808361,-0.9257452128698798,3,High-Selling / Low-Margin Products
-1.733562117242389,-0.21564905230171247,1,Low-Performance Products
3.1262683808887886,0.6400550035948102,2,High-Value Products
1.5453918964042057,-0.24222554550607714,2,High-Value Products
-0.5907815144793869,-1.1284670829856234,3,High-Selling / Low-Margin Products
-1.582465960551267,-0.12839693858517381,1,Low-Performance Products
0.7266576411505449,-1.3234285914382797,3,High-Selling / Low-Margin Products
-0.827349501412869,-0.6319416855658448,3,High-Selling / Low-Margin Products
0.6059234504843878,1.4729282659271727,0,High-Margin Products
3.727014825670036,-0.5562730889770047,2,High-Value Products
1.0386259307147672,0.059572324785296095,0,High-Margin Products
2.492442917960578,-1.653215830068783,2,High-Value Products
-0.24628860892764534,2.2747039030579055,0,High-Margin Products
-1.979590207028043,1.9901433504131734,1,Low-Performance Products
0.6561400730111511,0.2068016382323173,0,High-Margin Products
-1.4997135472823344,-0.3348035242354138,1,Low-Performance Products
1.7645102649909798,0.33986737961786745,2,High-Value Products
-1.2341045276066838,-0.188414481040236,1,Low-Performance Products
-5.739250461608479,1.0957511073970505,1,Low-Performance Products
-0.6891474681029932,0.5980887779885031,0,High-Margin Products
0.20199842974578755,0.5275040782603089,0,High-Margin Products
-0.763775585393569,-1.3318245214562274,3,High-Selling / Low-Margin Products
0.43314431784340995,0.38919992988184093,0,High-Margin Products
2.3990944573884976,2.613466213350932,2,High-Value Products
3.3265008509845697,0.5122775081873012,2,High-Value Products
-0.33143852334306717,2.9071605182063482,0,High-Margin Products
0.27572711104996034,1.3934824075087326,0,High-Margin Products
1.5686294760713413,2.0069211213128004,0,High-Margin Products
-1.629739638522477,-0.8765994306162693,3,High-Selling / Low-Margin Products
-0.23752855885687937,0.1505854430647528,0,High-Margin Products
0.5697707551684411,0.6297480544478162,0,High-Margin Products
0.5962003092760582,-0.9062174035605689,3,High-Selling / Low-Margin Products
-2.0435211340165065,-0.5920487901504243,1,Low-Performance Products
5.146908508778228,-0.1937262172300528,2,High-Value Products
-4.57044528440733,0.6118587942506156,1,Low-Performance Products
0.42728143023558035,1.7758934144145881,0,High-Margin Products
4.04948503145445,-0.5902684847544515,2,High-Value Products
1.0313445745645176,0.24302762800733405,0,High-Margin Products
-0.8026495844082178,1.0619227102515292,0,High-Margin Products
1.5892603894473685,0.3256478523952559,2,High-Value Products
-2.5279608793640067,1.0166491111832405,1,Low-Performance Products
-2.6204928771207774,1.46723239572668,1,Low-Performance Products
1.4357458352923822,-0.4803735998912273,2,High-Value Products
-0.6508204407642519,0.4910113997925415,0,High-Margin Products
-3.5973436954375253,2.494164385907867,1,Low-Performance Products
-3.739928424009873,0.27837930272777545,1,Low-Performance Products
-2.5232610068820334,-0.139971849328083,1,Low-Performance Products
1.5952460769548822,0.727134656835611,2,High-Value Products
0.8861698651175691,-0.39058685511217933,3,High-Selling / Low-Margin Products
-1.7495442586170646,0.24667664937892195,1,Low-Performance Products
4.02814484177135,-0.8701791943482451,2,High-Value Products
-2.9183358111937787,-0.5145045560383199,1,Low-Performance Products
-4.684303055000933,0.20567917954506948,1,Low-Performance Products
-0.4517417498695516,-0.22075685455593702,0,High-Margin Products
2.286956796641695,-0.5855873791072085,2,High-Value Products
-1.1263188029453164,-0.8670205104835235,3,High-Selling / Low-Margin Products
-2.917497630269569,0.5935878541546371,1,Low-Performance Products
2.1392884655041966,-0.7057369332748277,2,High-Value Products
4.8168726025069954,0.7277074397079598,2,High-Value Products
0.173594158760456,0.410528241976513,0,High-Margin Products
2.6718330613007746,2.095653969053948,2,High-Value Products
2.5917344464952916,0.6048737493281121,2,High-Value Products
-1.9573798868801493,0.6147443142544216,1,Low-Performance Products
-1.8279861672104594,0.01736647690306302,1,Low-Performance Products
2.788290889256897,-1.6333098343682761,2,High-Value Products
-3.017934313212144,-0.6585856280370407,1,Low-Performance Products
0.6509565181760165,-1.167333844025792,3,High-Selling / Low-Margin Products
2.2469369214856045,-0.196962413838157,2,High-Value Products
-2.262282458164836,1.516549036361092,1,Low-Performance Products
0.26879400507436085,-1.1906613601612566,3,High-Selling / Low-Margin Products
-1.4798729478340793,0.2814732903307858,1,Low-Performance Products
4.593677729431564,0.4811582167174641,2,High-Value Products
-1.5091182484491128,-0.5044401889671892,1,Low-Performance Products
0.392680472161449,-0.8152153663112753,3,High-Selling / Low-Margin Products
1.0318111283109836,-0.5626595716250321,3,High-Selling / Low-Margin Products
-1.651811760436316,-1.1887748000265848,3,High-Selling / Low-Margin Products
-1.5921570481464544,-0.5082348917616037,1,Low-Performance Products
-1.6440424547542858,-1.5214979967853204,3,High-Selling / Low-Margin Products
-0.05359200904399553,-0.24976733195360842,3,High-Selling / Low-Margin Products
0.30290750377840103,-0.21318090295620667,3,High-Selling / Low-Margin Products
-2.152573363043995,1.2339652003375632,1,Low-Performance Products
1.0486407627729881,-1.2373398425722124,3,High-Selling / Low-Margin Products
1.2934057776760972,-1.1667890111357868,3,High-Selling / Low-Margin Products
1.6900801646764083,0.7871437573477836,2,High-Value Products
0.24017932777529355,-2.3902629808477203,3,High-Selling / Low-Margin Products
2.9044356702893293,1.994976810571126,2,High-Value Products
2.0759935768495317,-1.4171402578477912,2,High-Value Products
-0.7656871996011074,-0.2108532333718912,3,High-Selling / Low-Margin Products
0.4650211642432899,-0.24300050841759332,3,High-Selling / Low-Margin Products
1.2212820981562613,0.06100305095887594,2,High-Value Products
-1.4747437352074522,-0.9344266142079266,3,High-Selling / Low-Margin Products
0.11819554066376378,0.9712716066338984,0,High-Margin Products
-1.0506105809732096,0.8124423137955126,0,High-Margin Products
-0.5673685257098848,3.401338660764857,0,High-Margin Products
-2.321232443656187,-2.3678510417093945,1,Low-Performance Products
-1.112203254177566,-0.9392690512538133,3,High-Selling / Low-Margin Products
-2.893164370036267,-0.38506184301631485,1,Low-Performance Products
-2.485822847281265,-0.9312787667174861,1,Low-Performance Products
2.1799692914068376,0.24328689582415755,2,High-Value Products
-0.6287446570672885,1.519878363223771,0,High-Margin Products
-2.7075950984083446,0.2969407497170318,1,Low-Performance Products
-0.35154621418348164,1.2326672848552946,0,High-Margin Products
0.33122139432605263,-0.4073768546861784,3,High-Selling / Low-Margin Products
-1.2977078317484307,-0.7392929570665593,3,High-Selling / Low-Margin Products
0.4323258891203327,0.04166899760878098,0,High-Margin Products
-0.5258981976727046,0.5259518219331215,0,High-Margin Products
-0.03746650325010234,0.10954837660182176,0,High-Margin Products
-1.606133356178953,-0.5957854791778807,1,Low-Performance Products
-0.5034409280914132,1.265460574742059,0,High-Margin Products
0.5055455271243303,1.1517098997560244,0,High-Margin Products
-0.9496126772355447,-2.4002470691962574,3,High-Selling / Low-Margin Products
-0.083476388191842,0.8617432513374166,0,High-Margin Products
2.224760347328461,0.13963952434667376,2,High-Value Products
2.6555914548897617,-0.41315574353456663,2,High-Value Products
0.12801957834582056,1.1413058308432946,0,High-Margin Products
1.2961014149137284,-0.7299710091708206,2,High-Value Products
0.4530872799092922,-0.8485095587917787,3,High-Selling / Low-Margin Products
1.7746247314919272,0.7316408131365405,2,High-Value Products
0.962927110412092,-0.042378420315902304,0,High-Margin Products
2.1824298929888917,1.069116128840109,2,High-Value Products
-1.353074105727756,-3.1924636540609312,3,High-Selling / Low-Margin Products
0.5787545691002074,1.605417089380443,0,High-Margin Products
-2.4775968604622665,1.4416921053769693,1,Low-Performance Products
-2.756026437728385,-1.2289014173321404,1,Low-Performance Products
-0.10030520270224144,-2.361783157953406,3,High-Selling / Low-Margin Products
0.11099927406523129,-1.1024013316034003,3,High-Selling / Low-Margin Products
-4.585107291273706,0.7570949689116948,1,Low-Performance Products
0.4458085132617255,0.14568558466439846,0,High-Margin Products
0.8659943706827176,0.6823674838292392,0,High-Margin Products
-2.0932415291723188,1.6532768596134984,1,Low-Performance Products
-1.2956872134839437,-1.4625256152781145,3,High-Selling / Low-Margin Products
-1.0729033078624222,-2.1998068890254947,3,High-Selling / Low-Margin Products
-1.5773646681058033,0.9641454032015716,1,Low-Performance Products
-1.2840963369418787,0.8914826382375276,0,High-Margin Products
2.669647823192906,0.7992523049261393,2,High-Value Products
-0.5224544116752204,0.15402821680856885,0,High-Margin Products
-0.4950394071348794,-0.36155076864929453,3,High-Selling / Low-Margin Products
1.2677868558043905,-0.16359347167959923,2,High-Value Products
2.8852746459277894,-0.029437681755617246,2,High-Value Products
0.6333701643430892,0.12388575981731095,0,High-Margin Products
-1.6176287076993998,0.14325505792484577,1,Low-Performance Products
0.6495216814799116,1.0840007953873139,0,High-Margin Products
-0.11924599944489717,0.3603823092713076,0,High-Margin Products
-1.9372416184885144,-0.06596060908896877,1,Low-Performance Products
0.4262763873267512,-1.2640438835986663,3,High-Selling / Low-Margin Products
-1.0930685743772617,0.36053382962177044,0,High-Margin Products
1.4781451959199332,0.6425159227066118,2,High-Value Products
-1.6327613967249937,0.4737483352591881,1,Low-Performance Products
-2.490291004615657,0.9779444497302724,1,Low-Performance Products
0.16598178157791144,0.26012869393963406,0,High-Margin Products
1.9356762429924501,-0.16359609267725161,2,High-Value Products
-1.7554144333184136,-0.74559959245602,1,Low-Performance Products
-2.687060667478098,0.32923602868949364,1,Low-Performance Products
-1.5528716530380906,0.8518562889220197,1,Low-Performance Products
0.20834873795540723,-1.857040171665767,3,High-Selling / Low-Margin Products
1.9276060308001794,1.2787436331470792,2,High-Value Products
-2.4439545315138615,0.8298997866859895,1,Low-Performance Products
3.9925515043621846,-0.25990335304284884,2,High-Value Products
-1.9826037130927263,-0.7486932356261964,1,Low-Performance Products
-0.33817232792347096,-0.7204218446199769,3,High-Selling / Low-Margin Products
-0.06956929825180994,0.21679390650595345,0,High-Margin Products
-1.425738016442558,1.8948909226379467,0,High-Margin Products
-4.126427508995865,1.4788683580128852,1,Low-Performance Products
1.5866603434389897,-1.0603547763117391,2,High-Value Products
-2.1558623681389446,-0.028176876195137132,1,Low-Performance Products
-2.3605762001252857,-0.16334519754306748,1,Low-Performance Products
3.775829479975688,-0.8555695635093616,2,High-Value Products
0.8294169240731983,-1.1592706526728664,3,High-Selling / Low-Margin Products
0.8251611669811248,-0.20501489465825098,0,High-Margin Products
3.9151247174471986,1.1089047299996415,2,High-Value Products
-2.3976765989624473,0.7081356527652224,1,Low-Performance Products
-0.5315425199451284,0.20270842204816114,0,High-Margin Products
-1.3126280860295105,-0.10350321262796511,3,High-Selling / Low-Margin Products
-2.7809585851036234,2.5108489561841782,1,Low-Performance Products
0.08829602409875227,-2.0496447648096034,3,High-Selling / Low-Margin Products
2.15235175669019,0.7431397416568727,2,High-Value Products
0.535228075356212,-1.641117653907666,3,High-Selling / Low-Margin Products
2.9477889512210265,0.04055373586407717,2,High-Value Products
-1.5999041709864605,2.009564838300538,0,High-Margin Products
2.5286967138466423,0.7032222642362143,2,High-Value Products
1.591323325645361,1.1919750313678146,0,High-Margin Products
-2.769270314931303,-1.5732442286325203,1,Low-Performance Products
1.5711250316785503,0.9602940184705063,2,High-Value Products
-0.7941151797813791,0.6718701513767021,0,High-Margin Products
-3.1109804099463534,0.7930689302422484,1,Low-Performance Products
-1.8372529123180041,-0.5791269636559884,1,Low-Performance Products
4.2179539312713175,0.7691750008685353,2,High-Value Products
1.6461619409504704,-0.30772298832246636,2,High-Value Products
-0.48079717983552256,-1.537806282929043,3,High-Selling / Low-Margin Products
1.2745178246582392,-2.106566540562199,3,High-Selling / Low-Margin Products
2.619952384539495,1.2546770212106746,2,High-Value Products
-0.8728843325598914,1.5335038405921402,0,High-Margin Products
2.6245567856605607,-0.6745023546410259,2,High-Value Products
1.138071097753309,-0.6686052559978705,3,High-Selling / Low-Margin Products
-0.22660993967395,-0.7146194507517107,3,High-Selling / Low-Margin Products
1.5586763006033972,0.45133751684275586,2,High-Value Products
3.0414558295923957,1.6893576678296218,2,High-Value Products
-1.6421555013507467,1.0777302610818074,1,Low-Performance Products
2.073566293067727,-0.782833578934335,2,High-Value Products
1.9981982994806988,0.6144574133510502,2,High-Value Products
5.973681983257465,0.8083858558379887,2,High-Value Products
2.614967331537414,-0.5300655332182999,2,High-Value Products
-1.007411289174264,0.439312092427268,0,High-Margin Products
2.678904743075335,0.9185732358052977,2,High-Value Products
0.40005316922656275,0.2747569305757463,0,High-Margin Products
0.19537429649937996,-1.4016247072334749,3,High-Selling / Low-Margin Products
0.8663052660977216,-1.561858942270683,3,High-Selling / Low-Margin Products
0.3970021537863498,2.606837445927192,0,High-Margin Products
-2.1339540480495853,-1.3934342231775878,1,Low-Performance Products
-2.3284325185518533,0.6871499314232568,1,Low-Performance Products
0.6789381163062601,-1.353645670384804,3,High-Selling / Low-Margin Products
0.8568868380427319,1.2385576985760656,0,High-Margin Products
-2.4173728782415105,-0.27371991979505217,1,Low-Performance Products
2.678804143020705,0.9903532399764111,2,High-Value Products
0.7476822103247996,0.04813420478524497,0,High-Margin Products
-2.1407552641668244,0.9442596259332853,1,Low-Performance Products
0.6422080194084774,-1.5425269241042947,3,High-Selling / Low-Margin Products
0.5636477274867365,0.09739965635191246,0,High-Margin Products
2.3276848580056715,0.7191550522126253,2,High-Value Products
-2.3049035736361776,-0.10772476797526934,1,Low-Performance Products
-1.268005918062263,-1.1762620016221783,3,High-Selling / Low-Margin Products
1.633379049350603,1.707946506010336,0,High-Margin Products
1.0682348074630588,-1.1854430936266023,3,High-Selling / Low-Margin Products
-0.9361684704026614,-1.0567246063368265,3,High-Selling / Low-Margin Products
-2.1110974218914174,1.2832872151124048,1,Low-Performance Products
-4.643592917406952,-1.904126037384583,1,Low-Performance Products
-1.1043249017697558,-1.1763187479889794,3,High-Selling / Low-Margin Products
-0.1278660235022719,0.606820308637447,0,High-Margin Products
-2.8460631839077326,0.1269301063049749,1,Low-Performance Products
-0.04506792291205669,0.8130426930079977,0,High-Margin Products
0.44374930220420294,0.3346712354559836,0,High-Margin Products
-0.9723643148694463,-2.0044008886283717,3,High-Selling / Low-Margin Products
-0.03554525826568382,-0.9341459495932405,3,High-Selling / Low-Margin Products
-0.8841094926884664,0.11030007388964136,3,High-Selling / Low-Margin Products
1.7976105269139286,-0.4549801530833021,2,High-Value Products
-0.6676568068933277,-0.1900562135398102,3,High-Selling / Low-Margin Products
2.459211463877399,-0.22896043679351719,2,High-Value Products
-0.534987189858064,0.7843774148870628,0,High-Margin Products
-0.05383110883328667,0.9601396399829234,0,High-Margin Products
-0.8677766464133836,0.9227437789240166,0,High-Margin Products
-1.9901770426970136,-0.028692541712738592,1,Low-Performance Products
4.50827058474581,-1.8070540592734983,2,High-Value Products
1.083956821006765,-0.5502624588556065,2,High-Value Products
0.24641994724758415,0.3436658510694781,0,High-Margin Products
-2.503001701299513,-1.6653378807257977,1,Low-Performance Products
-2.9652636556857543,-0.1306209099623249,1,Low-Performance Products
-5.009699430098266,0.033868080348354465,1,Low-Performance Products
1.6399248777447764,2.5596691995620127,0,High-Margin Products
1.5832952221227696,0.6451602478460475,2,High-Value Products
-1.560449466486517,-0.8150009042709195,3,High-Selling / Low-Margin Products
3.8759252036284937,-2.5019479710277994,2,High-Value Products
-3.173887828212573,-0.2430556598481964,1,Low-Performance Products
-1.0078300579479615,0.7396435281260937,0,High-Margin Products
1.0593842314880522,0.5820764099454618,0,High-Margin Products
-1.4620941742703366,-0.3666873462915466,1,Low-Performance Products
-3.543248525212065,-1.2380556939543386,1,Low-Performance Products
1.0324349563876551,0.3431508184170668,0,High-Margin Products
2.3774053471009693,0.5489297143187204,2,High-Value Products
-1.720130781012156,-0.8715321909578693,1,Low-Performance Products
-0.05980150318169008,0.8013062872078734,0,High-Margin Products
-2.565960943601948,-0.3893423963385219,1,Low-Performance Products
1.5835485020362647,-0.06793622256346499,2,High-Value Products
0.5131846420890189,0.03807576299728631,0,High-Margin Products
-1.3069528875691474,0.19095076484887322,1,Low-Performance Products
-1.3761245690540724,1.9335007235279003,0,High-Margin Products
0.27855281934046916,-1.4937244566645838,3,High-Selling / Low-Margin Products
-0.33886344625252823,-0.18103296072679567,3,High-Selling / Low-Margin Products
2.56560080658091,0.9534706724588026,2,High-Value Products
0.5873705846036906,-1.6048332887666708,3,High-Selling / Low-Margin Products
-0.08762879217196391,0.8335504999884293,0,High-Margin Products
-0.2853908022173689,0.5267104119588407,0,High-Margin Products
1.22909640399931,-1.4021351026632178,3,High-Selling / Low-Margin Products
-0.9144257125840327,-0.26085470852118453,3,High-Selling / Low-Margin Products
0.44177350376956187,-2.3267051427070076,3,High-Selling / Low-Margin Products
-2.4625869212331253,1.0729044791767879,1,Low-Performance Products
1.6628056174147547,0.25229239707926926,2,High-Value Products
-2.1645689210483154,0.6601136631051846,1,Low-Performance Products
2.145028398645134,-0.473012328224913,2,High-Value Products
-1.772494955503047,1.9280870439355229,1,Low-Performance Products
-0.6826375020016184,-1.6597874507485957,3,High-Selling / Low-Margin Products
1.0558869336619794,-1.1606425957257398,3,High-Selling / Low-Margin Products
-0.8392093832542847,0.6214133570190172,0,High-Margin Products
0.27809767422836473,0.21740977451855362,0,High-Margin Products
1.7054611788177707,0.3128289255860426,2,High-Value Products
-1.5387390443878257,1.5564886541904346,0,High-Margin Products
2.8084559647403444,-1.9336279225571418,2,High-Value Products
1.6474388843462082,0.8166347804511737,2,High-Value Products
0.585719793151779,1.0315304983326472,0,High-Margin Products
1.5969633205142977,0.17712929000099614,2,High-Value Products
-0.9805848029042614,0.562003725935314,0,High-Margin Products
0.5450497291341647,0.009704929582601494,0,High-Margin Products
-2.4800081728375027,-0.28562603209242715,1,Low-Performance Products
1.5916143201818005,0.49516686960900896,2,High-Value Products
-2.7734378938532083,-0.6650798931387312,1,Low-Performance Products
0.12100776963817512,-0.8918405713372938,3,High-Selling / Low-Margin Products
0.54932514330458,0.7608245596643921,0,High-Margin Products
0.24641191827819126,-0.2523670232193239,0,High-Margin Products
1.6025991410320717,-0.4723935986575339,2,High-Value Products
-1.9813904243676141,-0.8131580943555692,1,Low-Performance Products
-0.7297293626819036,-1.72699148760607,3,High-Selling / Low-Margin Products
0.8564593296814691,-1.256993832123202,3,High-Selling / Low-Margin Products
2.296778796057606,1.3962817177948843,2,High-Value Products
-1.1832691235585644,-0.8105727188623254,3,High-Selling / Low-Margin Products
1.2674125288870863,0.7106812975601551,0,High-Margin Products
0.33861890119240423,1.0805376341672315,0,High-Margin Products
0.7563184805322171,-1.22099658549139,3,High-Selling / Low-Margin Products
-2.406443426695184,0.22042624693115953,1,Low-Performance Products
0.9508372135078905,-0.16218621865006738,3,High-Selling / Low-Margin Products
1.6286824642406394,0.6730328590443098,2,High-Value Products
3.374092647638343,-0.010993484774550122,2,High-Value Products
2.479039087876247,1.584772748626912,2,High-Value Products
-0.9466473984092829,-1.0194029370157398,3,High-Selling / Low-Margin Products
-0.823613470206087,-1.6419684317338756,3,High-Selling / Low-Margin Products
-1.4332636316258696,-0.03191557565038036,1,Low-Performance Products
-1.5548641843182691,0.9222836666977269,1,Low-Performance Products
2.298327269685996,0.4514807228795966,2,High-Value Products
-0.8458711172736689,-0.4984601377175072,3,High-Selling / Low-Margin Products
1.6061372178865585,-0.8738803662914054,2,High-Value Products
-1.6479837001664315,0.3202787593939372,1,Low-Performance Products
-1.6055726237847483,-0.3427361650560237,1,Low-Performance Products
-1.5378551507028362,0.04899868625933583,1,Low-Performance Products
0.21358556240282037,1.1038805484290533,0,High-Margin Products
1.609436960854845,0.1934385232343883,2,High-Value Products
2.746620108238399,0.5209043540848908,2,High-Value Products
-0.44465686668016546,0.6448726993750454,0,High-Margin Products
2.4794647998684285,0.13572114212709915,2,High-Value Products
-2.079210278082798,0.5727966485807562,1,Low-Performance Products
1.5070331540891913,0.3724361091151521,2,High-Value Products
-2.5165347446248227,1.980265406123499,1,Low-Performance Products
0.6680251443420882,-0.5579512010436359,3,High-Selling / Low-Margin Products
-1.2393879975038509,0.5534890431097036,0,High-Margin Products
-2.7025696041575604,-0.050758988183906534,1,Low-Performance Products
-1.853193858963176,0.6107582091256387,1,Low-Performance Products
2.797622558852861,-0.8251956672400871,2,High-Value Products
0.6606424336380041,1.394964114923814,0,High-Margin Products
-0.007598766940333441,1.8163196225444418,0,High-Margin Products
-2.1285909156654403,-0.06872760151333097,1,Low-Performance Products
-1.4462051872083153,-0.740525749033389,3,High-Selling / Low-Margin Products
1.7190491147707785,-1.3051640676774454,2,High-Value Products
-0.283725468559293,-1.0453540424132233,3,High-Selling / Low-Margin Products
0.3151819457822277,0.9370913571135137,0,High-Margin Products
1.7252738493392825,0.547874303268464,2,High-Value Products
-0.06434143817072732,2.245965767405021,0,High-Margin Products
0.7247561831286552,0.23436451595418423,0,High-Margin Products
-1.169638471149845,-0.6712240323598199,3,High-Selling / Low-Margin Products
-0.12597982364452565,-0.24258957657875516,3,High-Selling / Low-Margin Products
-1.6882670819127978,-0.7321471861658856,1,Low-Performance Products
1.14773961455881,-0.9595257410050844,3,High-Selling / Low-Margin Products
-1.1943212979439852,-0.10074285994511703,1,Low-Performance Products
1.7519753462712437,-2.4405104722534996,2,High-Value Products
3.211151760278548,0.8186256274382936,2,High-Value Products
0.8687431063303919,1.3079469943952113,0,High-Margin Products
-5.810642293672971,0.5293408933132147,1,Low-Performance Products
-0.8689169703705041,-1.5465408924148487,3,High-Selling / Low-Margin Products
1.1194565680074928,1.8538319786719726,0,High-Margin Products
0.2869167345885761,0.5179895602529312,0,High-Margin Products
-2.9507468053958608,-0.5952830829406941,1,Low-Performance Products
1.3469289587443367,-1.9606766847059645,3,High-Selling / Low-Margin Products
1.6033820278807938,-1.0414410835695842,2,High-Value Products
0.04190775696732983,-1.0017216818678074,3,High-Selling / Low-Margin Products
-1.1833714864751566,0.9046446828216089,0,High-Margin Products
1.1852489814149094,1.2163869030537304,0,High-Margin Products
-0.3550806603274936,-0.9659748595694481,3,High-Selling / Low-Margin Products
-0.227643268996073,1.4528830354939513,0,High-Margin Products
1.8943417837571104,0.5800811816285372,2,High-Value Products
0.9574264727750166,0.9822381163531548,0,High-Margin Products
0.335783533083513,-1.0126828221239428,3,High-Selling / Low-Margin Products
-0.47562355465937145,-1.318198745339081,3,High-Selling / Low-Margin Products
-1.1203689785050452,0.5271625058345134,0,High-Margin Products
4.6264436394830835,-2.163185139334612,2,High-Value Products
-2.4750829293302905,-0.7255213292129905,1,Low-Performance Products
-2.2824583652449717,-0.7498225324155372,1,Low-Performance Products
-0.769635061981941,-1.547098565950249,3,High-Selling / Low-Margin Products
-1.2406178596217512,-0.7165401716435432,3,High-Selling / Low-Margin Products
2.4886724065066304,0.34567963557456216,2,High-Value Products
2.2309924262981213,-0.026932301961970138,2,High-Value Products
-2.954968593006161,-0.4556409561308087,1,Low-Performance Products
-0.6601741476457708,0.3637659165073934,0,High-Margin Products
-1.0004498388076377,-0.44048588965229013,3,High-Selling / Low-Margin Products
-1.7572182243869214,0.6985067802424363,1,Low-Performance Products
-3.520871834384627,2.4798199736937527,1,Low-Performance Products
-2.022397609191045,0.39201897909922406,1,Low-Performance Products
0.7609073654608709,0.04099512798608464,0,High-Margin Products
-1.9430466566381446,-0.3116477100480578,1,Low-Performance Products
0.4596369933457068,-1.253710084981719,3,High-Selling / Low-Margin Products
-0.08708107398066298,0.38283492291133225,0,High-Margin Products
2.5421875606493884,1.6716626312126943,2,High-Value Products
0.6301278118495948,1.288594993649575,0,High-Margin Products
0.5458792877776318,-1.792763747239719,3,High-Selling / Low-Margin Products
-1.0040145642072562,0.11864189575010797,0,High-Margin Products
-0.7686113957773679,0.4100189403542787,0,High-Margin Products
0.5241689380828818,1.4685219185013056,0,High-Margin Products
0.4668016042316009,-0.48609307906719157,3,High-Selling / Low-Margin Products
1.0186374613009241,0.7265104294516732,0,High-Margin Products
-1.7665281680019613,-1.9606892888803984,3,High-Selling / Low-Margin Products
-2.883285103742132,0.35612543949069253,1,Low-Performance Products
0.26381589438179903,-1.887443079993569,3,High-Selling / Low-Margin Products
-1.0477907891693439,-0.7540753824970631,3,High-Selling / Low-Margin Products
-0.6207430782702328,0.010065707513067842,3,High-Selling / Low-Margin Products
2.1727780858300973,-0.44625548303844026,2,High-Value Products
2.619410333735958,1.224673720676535,2,High-Value Products
-1.3514409580824303,-0.12933039114864275,3,High-Selling / Low-Margin Products
1.3456274114536675,-0.601810613214565,2,High-Value Products
-0.6855420387749087,0.6076449922290187,0,High-Margin Products
0.9852391007744831,0.09335062221143918,0,High-Margin Products
-2.7189816904693678,-1.8602567481353178,1,Low-Performance Products
0.6969066136061338,-0.14188561675166023,0,High-Margin Products
-1.4612106674089522,0.9919082843138772,1,Low-Performance Products
-0.5332922500466106,-0.9206583410915518,3,High-Selling / Low-Margin Products
-0.31688323779784433,-1.0249686679934895,3,High-Selling / Low-Margin Products
0.21720741297310692,0.9510862999298085,0,High-Margin Products
-1.190858840160529,0.02027837184830517,1,Low-Performance Products
0.2803266464039424,-0.7925090346133145,3,High-Selling / Low-Margin Products
-0.4456481017018936,-1.5721279047401526,3,High-Selling / Low-Margin Products
0.7297281003535963,0.48944124526019667,0,High-Margin Products
0.24803831700301646,-0.5446254992834869,3,High-Selling / Low-Margin Products
-0.40961074915752516,-0.48311252042790837,3,High-Selling / Low-Margin Products
-0.20038517703263528,1.075605152816426,0,High-Margin Products
-1.4993688375185783,0.6895348768854804,1,Low-Performance Products
-0.1567037219615527,0.4628110263088289,0,High-Margin Products
0.034358439900634766,-0.47547389918650035,3,High-Selling / Low-Margin Products
0.30542419560928474,0.26019441992289977,0,High-Margin Products
-3.5594061034113844,0.9420997943759726,1,Low-Performance Products
2.1515558814395486,1.8564366321628134,2,High-Value Products
-0.2821041355122481,1.3946352476449704,0,High-Margin Products
1.6100011386976645,-0.16768463611404066,2,High-Value Products
-0.5610044852905958,0.49992723425032104,0,High-Margin Products
1.1123975162665478,-1.9994860758382516,3,High-Selling / Low-Margin Products
-2.6373814314862645,-1.7984767779633966,1,Low-Performance Products
-3.6452693053386316,-0.8944322075786234,1,Low-Performance Products
2.854882146892769,-0.431482338284627,2,High-Value Products
3.3149719262296893,0.18606740228697155,2,High-Value Products
-0.4609134296206602,-0.26147911137889823,3,High-Selling / Low-Margin Products
0.4109107841829438,1.7503553209392122,0,High-Margin Products
-1.549859186099794,2.2722432163767414,0,High-Margin Products
-3.129504189650172,0.6863169840474646,1,Low-Performance Products
2.45867939612712,-0.34869612076663353,2,High-Value Products
0.8743764361844668,0.002083326348887971,0,High-Margin Products
0.6816988165080806,0.10625154061432583,0,High-Margin Products
-1.2083378465511907,-0.1605052896260869,1,Low-Performance Products
-0.12515088230402588,1.5119883901992293,0,High-Margin Products
0.1140880048474996,1.5253730257445712,0,High-Margin Products
-0.5913734002070681,1.2378128234462225,0,High-Margin Products
1.0109651801155193,0.6432757255171427,0,High-Margin Products
1.2046348936546363,1.1680429225420814,0,High-Margin Products
-3.164155962422045,0.49372049916283667,1,Low-Performance Products
2.3816892499391886,-0.1654495322162679,2,High-Value Products
-0.6124682399191671,-1.4130700970289967,3,High-Selling / Low-Margin Products
0.47651116069990046,-0.9907299520875886,3,High-Selling / Low-Margin Products
-1.9752412186659931,-1.0535720831188777,1,Low-Performance Products
-0.9604330430486814,0.5474051311361984,0,High-Margin Products
1.9643999125565295,1.0672212022038656,2,High-Value Products
-0.4726562413219214,-0.8668012791592479,3,High-Selling / Low-Margin Products
-0.41100517785165,-0.712535334184353,3,High-Selling / Low-Margin Products
3.0476579140445437,0.7749642674583507,2,High-Value Products
-1.9786138204672132,0.0009582947179953873,1,Low-Performance Products
1.8631644417827034,-0.16825578808686192,2,High-Value Products
-0.6194207424423944,0.18032107051324847,0,High-Margin Products
-2.0926126062601864,-0.40313120432876326,1,Low-Performance Products
2.8605613060249486,-0.5094837025561516,2,High-Value Products
-0.33282196973635075,-0.5069387082466263,3,High-Selling / Low-Margin Products
-0.8019605139927098,-1.7358315559292614,3,High-Selling / Low-Margin Products
-1.543309125549166,-1.1337643398980517,3,High-Selling / Low-Margin Products
-0.9662267515115528,0.21748201262435352,0,High-Margin Products
3.104340895721845,-0.18069780689779433,2,High-Value Products
-1.9272070262099985,-0.7599894948124418,1,Low-Performance Products
-4.509485987040454,-1.9987403929169794,1,Low-Performance Products
-0.14667462287177624,-0.11697941097395403,0,High-Margin Products
-0.2825427167449224,-2.125279243214014,3,High-Selling / Low-Margin Products
-0.4417775872302652,-0.05700538353451775,3,High-Selling / Low-Margin Products
-2.3818250942289665,-0.5895910927651145,1,Low-Performance Products
2.1652138980146893,-0.6231766217246998,2,High-Value Products
0.09651604518608042,0.6103163008153086,0,High-Margin Products
2.974945171633215,-0.6381477617065608,2,High-Value Products
-0.8542173053254413,2.331523682817115,0,High-Margin Products
0.878521408133776,0.22155521755756705,0,High-Margin Products
-0.8155770672616183,-0.3654652456344572,3,High-Selling / Low-Margin Products
1.1039888807774276,1.2908251366258505,0,High-Margin Products
-1.1753771169972433,1.202769377997002,0,High-Margin Products
-0.09867521426272027,0.6734879918824502,0,High-Margin Products
-1.3057456065297517,0.7915085839913696,0,High-Margin Products
-3.390474854565792,0.720486814784853,1,Low-Performance Products
1.7864777974955772,1.098513404171994,2,High-Value Products
0.33571028969572486,-0.382186617380559,3,High-Selling / Low-Margin Products
0.7642691115849509,0.940849557894402,0,High-Margin Products
0.4352380007176011,0.8511529381064313,0,High-Margin Products
0.3828441054043919,0.9268291815083778,0,High-Margin Products
-0.38635718467539765,-0.07372502696166457,3,High-Selling / Low-Margin Products
-1.334179627884332,0.11519677830831913,1,Low-Performance Products
0.32770667570948253,0.13037644333352602,0,High-Margin Products
-0.4845127917189342,-1.8729106020768636,3,High-Selling / Low-Margin Products
-0.6073855893952866,-0.010614400720128309,0,High-Margin Products
-2.2358244048314333,-0.7898197775416292,1,Low-Performance Products
2.4934532647620444,0.3679523245704971,2,High-Value Products
0.5731626011133679,1.3372538476415348,0,High-Margin Products
-2.037082914011415,-0.378506665168355,1,Low-Performance Products
-0.07590627763814034,-1.08767628961992,3,High-Selling / Low-Margin Products
-2.536773403456472,-0.5020187605542261,1,Low-Performance Products
-0.11443972000202539,-1.1009958139409959,3,High-Selling / Low-Margin Products
1.4863778298695116,0.09924060021443731,2,High-Value Products
0.3062952430820133,1.4312445001764196,0,High-Margin Products
0.7850702721539756,-1.1392650125712451,3,High-Selling / Low-Margin Products
-2.3966706757443443,0.2599379823928792,1,Low-Performance Products
-3.662821693302506,0.7912577220200506,1,Low-Performance Products
0.4963779033947808,0.02257156438293895,0,High-Margin Products
2.535294124584227,-1.0563796037445377,2,High-Value Products
-0.7131287754550383,1.8305893778633366,0,High-Margin Products
-0.784044920451012,-0.7418444186192856,3,High-Selling / Low-Margin Products
-0.31800487149177886,-1.7407723360295126,3,High-Selling / Low-Margin Products
3.160561955745716,-1.5378079182869153,2,High-Value Products
1.2413369264300507,-1.1405708452330399,3,High-Selling / Low-Margin Products
-0.8737459182561941,1.3853880534832526,0,High-Margin Products
-0.318483351726651,0.7458244709139628,0,High-Margin Products
0.12198750115065349,3.0697134765875096,0,High-Margin Products
-1.0456184436947016,0.3326635890044854,0,High-Margin Products
1.3143323237472702,0.5332406867266609,2,High-Value Products
2.7721628077387233,1.12380109240262,2,High-Value Products
-2.006975271382131,-1.8479171245075923,3,High-Selling / Low-Margin Products
1.3611232328576859,0.953756842385817,0,High-Margin Products
-0.2663175658779796,-2.468301367838813,3,High-Selling / Low-Margin Products
0.8367189897589173,-0.8753355832195525,3,High-Selling / Low-Margin Products
-0.08950118225231492,-1.4556036970352602,3,High-Selling / Low-Margin Products
-1.1061993893773165,2.154729496001419,0,High-Margin Products
1.9460921302833325,0.35313507922832604,2,High-Value Products
1.4803765465712617,1.1855531691776828,0,High-Margin Products
-3.8402065709067688,-0.7307305979044584,1,Low-Performance Products
-1.948881055644981,-2.2124602484361526,3,High-Selling / Low-Margin Products
-1.1507182128074445,0.7279750930246743,0,High-Margin Products
1.4421477224243893,-0.5955815213086452,2,High-Value Products
0.4617288420643598,-0.5848741434364134,3,High-Selling / Low-Margin Products
-2.386662825395049,-1.1809110925402586,1,Low-Performance Products
-1.4505711142178943,-1.189439109688546,3,High-Selling / Low-Margin Products
1.5414067592578196,1.1530374599076272,0,High-Margin Products
-1.7290566582281344,-0.18189787457887904,1,Low-Performance Products
-0.8426547132313094,-0.2194135729151485,3,High-Selling / Low-Margin Products
-3.6138847617972267,0.9927851294802759,1,Low-Performance Products
0.48422061714881637,1.7851911880465299,0,High-Margin Products
-0.30008785373703484,-2.191053136675743,3,High-Selling / Low-Margin Products
4.652427642306584,0.3203617717570728,2,High-Value Products
1.96388688174964,0.6869076447086887,2,High-Value Products
0.28384315758162987,1.3448091405953468,0,High-Margin Products
0.8999722986503761,0.2974594457014715,0,High-Margin Products
-3.823586671429905,-1.2159280866851574,1,Low-Performance Products
1.4777500026534156,-1.398367346652971,2,High-Value Products
2.072341030953389,-0.896703714517708,2,High-Value Products
0.5665276339219776,0.5620929477877368,0,High-Margin Products
0.48241659128275705,0.3583345199668729,0,High-Margin Products
0.575247565742523,-1.6720011199551368,3,High-Selling / Low-Margin Products
-1.94951957385898,-0.33887523513991163,1,Low-Performance Products
-2.6537705494868358,0.09332441398447483,1,Low-Performance Products
-1.9979233266008787,-0.8754642855820374,1,Low-Performance Products
0.5697366041932292,1.7568917626494172,0,High-Margin Products
-4.84916830921851,-0.5990156532614899,1,Low-Performance Products
0.29404457901390924,0.7519373030705023,0,High-Margin Products
-2.5534333068677717,0.9032095169870399,1,Low-Performance Products
1.3212646048859886,-2.1097938537198337,3,High-Selling / Low-Margin Products
-0.9965568155957746,0.5724860343473588,0,High-Margin Products
1.8941795904225636,-1.9203426709984717,2,High-Value Products
1.4388860056823596,-0.8071897688014553,2,High-Value Products
-1.8829276417405907,0.8773161710766876,1,Low-Performance Products
-1.2101165672971244,0.5066727092792549,0,High-Margin Products
0.3075385768475877,-1.8559589947304338,3,High-Selling / Low-Margin Products
0.49585390754568676,-0.5284522927286075,3,High-Selling / Low-Margin Products
1.9871913005621389,1.0372543801762752,2,High-Value Products
4.242960613793184,-1.3402240663832563,2,High-Value Products
-0.03803069908089436,-0.22933006393407712,3,High-Selling / Low-Margin Products
0.3303292270137351,0.8494962430293951,0,High-Margin Products
0.34625518880279305,-1.1119732807510405,3,High-Selling / Low-Margin Products
-1.3490661165423634,0.9563731971338748,0,High-Margin Products
-0.03616514085456877,1.3809349597248828,0,High-Margin Products
1.386757666192175,1.24814671805058,0,High-Margin Products
0.6841697894608277,2.1695719836239404,0,High-Margin Products
0.9023956455835792,1.0333084414540292,0,High-Margin Products
-1.1392490660694694,0.3108079267930818,0,High-Margin Products
2.0712751842497323,-0.22647620020396297,2,High-Value Products
0.3696379524829838,-1.5657543356891876,3,High-Selling / Low-Margin Products
-1.4138399245461089,-0.6225672694776331,3,High-Selling / Low-Margin Products
2.2174476448708083,0.1988481397937452,2,High-Value Products
0.15692446731704449,-1.7898596660679102,3,High-Selling / Low-Margin Products
-1.0828561982726128,0.26249144439545974,0,High-Margin Products
-1.1676998948540258,1.0625213099084843,0,High-Margin Products
2.69406958752052,-0.5976672185742605,2,High-Value Products
0.1713972935587578,-0.09995346455719777,3,High-Selling / Low-Margin Products
0.2757305824185514,-1.8464396962267564,3,High-Selling / Low-Margin Products
-1.9427049369496827,0.18550575148584741,1,Low-Performance Products
1.473170296564578,0.5866169287774277,2,High-Value Products
-2.2422929729731065,0.08804322918794014,1,Low-Performance Products
-3.79165080491627,0.12100157862045181,1,Low-Performance Products
0.22314789304781574,-1.4842821863212914,3,High-Selling / Low-Margin Products
-0.6039552151721828,-0.45080661061583077,3,High-Selling / Low-Margin Products
-1.6631085153722134,-0.6109722736972462,1,Low-Performance Products
-1.0541297758840589,1.5353352370233537,0,High-Margin Products
3.5967568029236716,1.3301678882137473,2,High-Value Products
-0.1569569323354281,-0.3845310959883008,3,High-Selling / Low-Margin Products
1.2023551156842307,0.9697366146359709,0,High-Margin Products
3.691712935581766,-0.1256226935985567,2,High-Value Products
2.793801213768444,0.9573452344909928,2,High-Value Products
1.8244839877227805,1.394737959086041,2,High-Value Products
0.9617820824435063,0.8420043528964853,0,High-Margin Products
-1.1017129875486595,0.31417044963278856,0,High-Margin Products
2.3372466914814507,1.662515042110865,2,High-Value Products
-0.9793155814533258,1.2406252634411707,0,High-Margin Products
1.5628058634164648,0.3199217295905225,2,High-Value Products
-1.5547941172612996,0.016777127420317568,1,Low-Performance Products
-0.7044913275693274,1.4788331435519884,0,High-Margin Products
1.4216765779314977,-0.809059028959905,2,High-Value Products
-4.636629727740554,0.5204559817416334,1,Low-Performance Products
3.5179452251798247,-0.9221488427335451,2,High-Value Products
-1.9713285488907133,0.7544362795801852,1,Low-Performance Products
1.0380861083388147,0.4792720883547212,0,High-Margin Products
-2.549905116193511,0.3415020977226728,1,Low-Performance Products
0.08635519958075431,-1.6151493678634226,3,High-Selling / Low-Margin Products
-0.7709105849229392,-0.6312657070411994,3,High-Selling / Low-Margin Products
2.206320722114984,1.3324190857302953,2,High-Value Products
3.911608166006034,0.6586724696673497,2,High-Value Products
-2.1031340552764504,-0.016834263133576135,1,Low-Performance Products
-0.0568172929687132,-0.8412048599681852,3,High-Selling / Low-Margin Products
-2.0724998803150045,-1.335149566279827,1,Low-Performance Products
-1.839301803046306,-0.23312731889832955,1,Low-Performance Products
-0.18110440726047006,-1.0674023452959522,3,High-Selling / Low-Margin Products
-0.2907641589520537,-1.1911418431737506,3,High-Selling / Low-Margin Products
1.1316922884290994,-0.5837144282171447,3,High-Selling / Low-Margin Products
0.27977712779962033,0.632038974009191,0,High-Margin Products
2.084518286591273,1.5295883184945094,2,High-Value Products
-2.9999995065811254,2.1633512413018026,1,Low-Performance Products
-2.935401285660821,0.47434529386153235,1,Low-Performance Products
0.874690327343536,0.1463766391402154,0,High-Margin Products
2.777351045331837,0.3244747229771983,2,High-Value Products
1.793847885902865,-0.20287825472470838,2,High-Value Products
-1.4164392296616177,-0.035254129657812355,1,Low-Performance Products
-0.5235002976590319,-1.1979229293317748,3,High-Selling / Low-Margin Products
0.5772980498900858,0.9843254854823352,0,High-Margin Products
-1.5293906160011166,-0.7701462297277177,3,High-Selling / Low-Margin Products
-3.568092286563315,1.3798967915153573,1,Low-Performance Products
3.6183082667015682,0.21872610498108674,2,High-Value Products
1.2041404922102932,0.6146458832060516,0,High-Margin Products
1.5162056838380937,1.93961339885735,0,High-Margin Products
1.1158998658662902,0.630525910329528,0,High-Margin Products
5.0213751163756655,-0.3137539752455095,2,High-Value Products
-0.8624391096216477,-1.2180102366350523,3,High-Selling / Low-Margin Products
0.11984175188202263,0.1976360178638238,0,High-Margin Products
3.3512885523334517,1.167505988362355,2,High-Value Products
1.6480632003520082,-0.41771632218806315,2,High-Value Products
0.43278697993130427,-0.7401468753108376,3,High-Selling / Low-Margin Products
0.5044501665123221,0.9728781304933443,0,High-Margin Products
0.5192187967574888,-0.6912733715220002,3,High-Selling / Low-Margin Products
-1.4104405244644247,-1.8723885505726838,3,High-Selling / Low-Margin Products
0.2079589076775347,-1.3300578963774763,3,High-Selling / Low-Margin Products
1.4636080263807,-0.3017951174776268,2,High-Value Products
-4.4900610026249845,0.3540984782774049,1,Low-Performance Products
-1.407185708881815,-1.140889337318771,3,High-Selling / Low-Margin Products
-0.5854534846160419,-1.263366540037042,3,High-Selling / Low-Margin Products
0.8987349174900948,0.35486458516715286,0,High-Margin Products
-0.5107644381778047,0.4873695036517722,0,High-Margin Products
-2.384324540441444,-0.43043719278243137,1,Low-Performance Products
1.3770725452276782,-1.4287267610238013,3,High-Selling / Low-Margin Products
-2.6631251829292877,0.42378306484819483,1,Low-Performance Products
0.060602513395670014,-1.1957724050337035,3,High-Selling / Low-Margin Products
-1.1796439868592994,-0.4108671011355024,3,High-Selling / Low-Margin Products
1.6885888916871992,2.162536605854334,0,High-Margin Products
1.333865184175746,0.7746706670644918,0,High-Margin Products
-0.41113823642783065,1.668679371605712,0,High-Margin Products
-1.2202503834761065,1.5110753634207932,0,High-Margin Products
0.614723236099734,-2.8348388296160487,3,High-Selling / Low-Margin Products
3.9638089770141938,-0.9479621433043919,2,High-Value Products
2.1270268708026436,1.978398702686806,2,High-Value Products
1.8511873229373654,1.5603942821217034,2,High-Value Products
-0.02903589653770003,0.5641595318129268,0,High-Margin Products
1.8094864698462716,1.3067746259049144,2,High-Value Products
2.2799398984828616,0.9383923098140435,2,High-Value Products
4.01128725615887,-1.8245654446253503,2,High-Value Products
-2.7042765591588975,1.9497803491667578,1,Low-Performance Products
2.362337925268895,1.2336513413859374,2,High-Value Products
-1.1586072184965954,0.3593639066634165,0,High-Margin Products
0.22064017981295914,-0.05942827965307058,3,High-Selling / Low-Margin Products
0.4929952848223649,-1.5924262259380224,3,High-Selling / Low-Margin Products
3.2429109645795724,-2.4147268660297567,2,High-Value Products
-0.2592781668062193,-0.5240688190895968,3,High-Selling / Low-Margin Products
1.5244378935980434,-0.4906034918871485,2,High-Value Products
-3.3127550295172195,-1.6911902154823333,1,Low-Performance Products
-1.678872119255549,-0.99214933957844,1,Low-Performance Products
0.5962064467741296,1.1912362093574282,0,High-Margin Products
1.8920118545560962,1.2274173085365199,2,High-Value Products
-1.914345317384107,-0.8316529852706979,1,Low-Performance Products
-3.5777780587974823,0.591797417079747,1,Low-Performance Products
2.7597448186788545,0.14284448222480647,2,High-Value Products
0.9001814822409921,-0.6323813160439625,3,High-Selling / Low-Margin Products
0.8844499014434102,-0.8389585270461186,3,High-Selling / Low-Margin Products
3.061043107718341,0.5488831402498595,2,High-Value Products
0.7345396615476333,-0.746847904104482,3,High-Selling / Low-Margin Products
-0.04334224560173802,-1.2930246591102814,3,High-Selling / Low-Margin Products
-0.07211753483407451,-1.1271620085947525,3,High-Selling / Low-Margin Products
0.991324099267872,-0.47806649415971886,3,High-Selling / Low-Margin Products
1.8545039143155875,0.039942940452559354,2,High-Value Products
-0.8451939301972148,1.2398964119319602,0,High-Margin Products
1.1671099664860642,-0.5571213191953807,2,High-Value Products
0.6215800057359823,2.1076672413603563,0,High-Margin Products
1.4282884792154338,-2.110245975114712,3,High-Selling / Low-Margin Products
0.19888099037143825,-0.25430358067499453,0,High-Margin Products
-1.6559099285327774,0.2817274896888969,1,Low-Performance Products
-2.9303155059077115,0.973394099114708,1,Low-Performance Products
4.553528293345251,-0.8053790019335054,2,High-Value Products
1.3058440410453687,0.7620761484131834,0,High-Margin Products
1.8198932866177246,0.9662454569501275,2,High-Value Products
-4.014824755921583,0.5841339297233547,1,Low-Performance Products
0.6548563385383701,0.7347181854449026,0,High-Margin Products
0.11470541901189074,-0.7968761853869702,3,High-Selling / Low-Margin Products
-3.3972911532777554,-0.5707041637093072,1,Low-Performance Products
0.8446430848269271,-0.03580339332482906,0,High-Margin Products
-0.8869715233051914,-2.5919292718829743,3,High-Selling / Low-Margin Products
3.8653234405325287,-0.47119423557575363,2,High-Value Products
-0.5496520754397783,1.035659801663396,0,High-Margin Products
-0.31128952654105985,0.48117026514593114,0,High-Margin Products
0.8688791481502895,-0.9110594506483876,3,High-Selling / Low-Margin Products
-0.3985952386849547,-0.7707668298537832,3,High-Selling / Low-Margin Products
1.7195438153519704,-0.8013353538546403,2,High-Value Products
-1.5931092712680561,-0.8590165120689647,3,High-Selling / Low-Margin Products
0.3496073223740814,-1.3307818325517748,3,High-Selling / Low-Margin Products
3.8894204256610463,-0.6984851621285341,2,High-Value Products
3.3816956019878375,-0.8948834307898595,2,High-Value Products
-0.9445916319013122,0.0977350478386826,3,High-Selling / Low-Margin Products
2.6407045833976017,-1.2797092327135886,2,High-Value Products
-1.6406028192063535,-0.23493080006923406,1,Low-Performance Products
1.034391188828796,0.27346075278594917,0,High-Margin Products
1.214905213450359,0.8632504406427632,0,High-Margin Products
-0.6367168191726161,-1.8604923453379565,3,High-Selling / Low-Margin Products
3.5344049506875868,0.6671724117370992,2,High-Value Products
-0.8196266286446887,1.9893930895899787,0,High-Margin Products
1.5770929896716281,0.7948427157601848,2,High-Value Products
-3.616075875235158,1.3028141480819104,1,Low-Performance Products
-2.453183742999764,-0.7575498295192249,1,Low-Performance Products
-1.5848248840680104,-0.11241452075141538,1,Low-Performance Products
-0.25013275025924786,1.3224763726005735,0,High-Margin Products
-0.566979212262151,-0.27583079265845506,3,High-Selling / Low-Margin Products
1.793911810753663,1.3594937878570392,2,High-Value Products
0.9720948600021567,1.0568693506045526,0,High-Margin Products
0.6052157641303567,-0.3184087585590035,3,High-Selling / Low-Margin Products
-1.865646639434058,-1.2933428206185738,1,Low-Performance Products
-3.1060486923887956,0.73855335702763,1,Low-Performance Products
0.5946077803158805,0.9552894620348332,0,High-Margin Products
0.24261836127605252,-1.557806922946322,3,High-Selling / Low-Margin Products
1.2039946081634303,-0.17138775431447317,2,High-Value Products
-0.20919650906369797,-0.06719938341103687,3,High-Selling / Low-Margin Products
-2.2366809844414677,-2.1933327608246893,3,High-Selling / Low-Margin Products
1.8958136730934372,0.9828323089374045,2,High-Value Products
-1.067989442281096,0.8475502931712724,0,High-Margin Products
0.0795240353103062,-1.133581238977285,3,High-Selling / Low-Margin Products
-1.5727434163199836,1.082440067670214,1,Low-Performance Products
-1.7558371277767757,-0.8004922093831047,1,Low-Performance Products
0.5971581880192446,1.477242019736052,0,High-Margin Products
4.204798953196059,-0.5991089733691181,2,High-Value Products
-0.35003616505389884,-0.7668449440957683,3,High-Selling / Low-Margin Products
1.1733652211763161,0.4303654308644215,0,High-Margin Products
-1.632104345361665,-0.2571349622740609,1,Low-Performance Products
-0.6845235930762449,0.9914021109416931,0,High-Margin Products
-1.0649810725406244,-1.364019229409728,3,High-Selling / Low-Margin Products
-0.368569236871817,-1.1927167217890546,3,High-Selling / Low-Margin Products
-0.4159563935213978,0.09873086930757095,0,High-Margin Products
1.0638641983706725,0.11391406413254064,2,High-Value Products
-0.5103451690799242,-1.073312451627594,3,High-Selling / Low-Margin Products
3.496724563286267,-0.714154326199474,2,High-Value Products
-4.127458877302792,-0.4477218672409875,1,Low-Performance Products
0.745898060575632,0.6495745175230734,0,High-Margin Products
2.460578156138091,-0.728685114241909,2,High-Value Products
1.9585564431740883,-0.08637509575257586,2,High-Value Products
-1.492709647818825,2.74791365294653,0,High-Margin Products
1.0473937126214246,-1.2479301680960275,3,High-Selling / Low-Margin Products
0.9451329690617748,0.7634819172728439,0,High-Margin Products
0.933774961866076,0.8012978754202943,0,High-Margin Products
-0.9653450134657328,-1.691392549881309,3,High-Selling / Low-Margin Products
0.8531011932691476,2.091513263086019,0,High-Margin Products
0.64681180956824,-0.2061466981269009,3,High-Selling / Low-Margin Products
-0.7354592704420975,-0.020571739926090498,3,High-Selling / Low-Margin Products
4.519654608416183,-0.4968709579445292,2,High-Value Products
-0.41395256386658336,-0.5022784004029714,3,High-Selling / Low-Margin Products
-4.1367013824275425,-0.06512550022618553,1,Low-Performance Products
-2.9922087944509235,-0.28958467258480347,1,Low-Performance Products
-1.6309282008103436,0.33969769739614525,1,Low-Performance Products
1.3972300944339329,-0.8811991602864222,2,High-Value Products
1.2131504385156788,-0.3148845760855135,2,High-Value Products
-2.291891731236365,-1.7554493344079203,1,Low-Performance Products
-2.5639195859308583,-0.5050101418432902,1,Low-Performance Products
-0.12281934435789861,0.38908121327902295,0,High-Margin Products
-0.28252778257106353,0.7343361415773704,0,High-Margin Products
-0.4639119721178959,-1.1843897704515733,3,High-Selling / Low-Margin Products
0.7222104636770976,-0.41260249961430645,3,High-Selling / Low-Margin Products
3.891163447672571,-0.050779115891010446,2,High-Value Products
2.6050600904000043,-1.9792674118495377,2,High-Value Products
5.369123953831847,-0.38051361865641314,2,High-Value Products
2.154463026625967,0.7520013492373647,2,High-Value Products
-1.322772795665009,0.9012193290770323,0,High-Margin Products
1.5894345869163067,-0.8435706210573584,2,High-Value Products
-0.7598092738176621,-1.792032582758975,3,High-Selling / Low-Margin Products
-1.2861723219056393,-1.8966744287135642,3,High-Selling / Low-Margin Products
-0.2989568982464422,-0.8921953214785405,3,High-Selling / Low-Margin Products
-4.003846419169827,-2.205453753766873,1,Low-Performance Products
-2.200271608835461,-2.564194967413784,3,High-Selling / Low-Margin Products
1.8432363039588104,-0.033503400537705584,2,High-Value Products
-0.7678433143256885,-0.821606061045216,3,High-Selling / Low-Margin Products
-0.7421787917502898,0.7211802400108295,0,High-Margin Products
0.24243525494262966,-0.5929053285720595,3,High-Selling / Low-Margin Products
-3.5806183552722035,0.2463087056471664,1,Low-Performance Products
2.2136925888590047,0.4640584199255714,2,High-Value Products
2.4503991496571187,0.7210806391416719,2,High-Value Products
-0.6294894825902739,-0.15348618901988698,3,High-Selling / Low-Margin Products
4.23440985632999,-1.0484973125717443,2,High-Value Products
2.900935514687757,-0.7534632936050453,2,High-Value Products
-1.2275732718151993,-0.9106064333998078,3,High-Selling / Low-Margin Products
-2.03582770440162,0.33291962900617145,1,Low-Performance Products
-0.3587514784129747,3.483994138445673,0,High-Margin Products
1.073623437871272,1.5289478963302794,0,High-Margin Products
-2.4445407420445084,0.7259344606880729,1,Low-Performance Products
1.7396828765945578,1.5859660126372492,0,High-Margin Products
1.9903217664581017,0.37936182634077886,2,High-Value Products
-0.24890731445957034,0.8148209057730147,0,High-Margin Products
-1.3265398312637995,-0.48185397641064287,3,High-Selling / Low-Margin Products
-2.3440097550092225,1.0272774654158323,1,Low-Performance Products
1.5595554780833603,0.6161620298573915,2,High-Value Products
1.2230239235821323,1.118451142656528,0,High-Margin Products
-3.1380200661205353,-0.7670235495182585,1,Low-Performance Products
1.6731542226150848,-1.1722774842794932,2,High-Value Products
0.20983597278365296,1.4592423304381679,0,High-Margin Products
0.005383652591740478,0.6702193685645301,0,High-Margin Products
0.817157320182027,1.0409021817225046,0,High-Margin Products
-2.71510138518542,-1.9032237847175415,1,Low-Performance Products
2.6562905810037925,-1.148075146193717,2,High-Value Products
-1.3395858519837753,-1.2379291638391279,3,High-Selling / Low-Margin Products
-2.5138323442144856,1.310284630667712,1,Low-Performance Products
2.1477347624484913,0.719387419102591,2,High-Value Products
1.7697995024909576,1.4724838146563861,2,High-Value Products
-2.173048221779755,-1.8786001748320031,1,Low-Performance Products
-1.0579484358643263,-1.0713979172150951,3,High-Selling / Low-Margin Products
2.3662361266232357,0.041814084652103206,2,High-Value Products
0.4042447358780331,-0.08592871814605109,0,High-Margin Products
-2.273108252024527,1.2444970775499729,1,Low-Performance Products
-1.3216070947998426,1.0966897868589651,0,High-Margin Products
-3.761007835514736,0.7012144041169557,1,Low-Performance Products
-1.8507653541486233,0.25631675897252737,1,Low-Performance Products
2.2485708628529926,1.4796215289153116,2,High-Value Products
-2.9505728305799703,1.24286902895471,1,Low-Performance Products
-0.5880455621174406,-1.3678664316517997,3,High-Selling / Low-Margin Products
-4.134303733190406,-0.9170990683486279,1,Low-Performance Products
-2.155653568393238,-0.4272530821696286,1,Low-Performance Products
-1.8322729372768436,0.12923903526625685,1,Low-Performance Products
-2.10526885756146,0.08399260938325122,1,Low-Performance Products
0.8985392502237978,1.5447877998497255,0,High-Margin Products
-1.9141393555234696,1.5887965397217547,1,Low-Performance Products
1.2644527373247372,1.6023827053351598,0,High-Margin Products
1.0567807242130878,0.357599841554146,0,High-Margin Products
-1.6244715831240546,-1.5895198010216842,3,High-Selling / Low-Margin Products
0.390582774147532,-0.258250332898565,3,High-Selling / Low-Margin Products
-1.713153282664397,-0.11346557248625497,1,Low-Performance Products
-0.6762305448918501,0.10018786656935245,3,High-Selling / Low-Margin Products
2.1002177396549975,-0.7421360186063999,2,High-Value Products
1.1714940234186115,-0.6012274458448426,3,High-Selling / Low-Margin Products
-4.687524542067473,-0.6824376790359437,1,Low-Performance Products
0.10028291234598267,-0.43340845958103624,3,High-Selling / Low-Margin Products
0.07003704552130582,-1.1326865646252136,3,High-Selling / Low-Margin Products
-0.6512367862344859,0.08096491648975725,0,High-Margin Products
1.6347822312639957,0.7793841509842401,2,High-Value Products
-1.5317539386204633,-1.0508395515211473,3,High-Selling / Low-Margin Products
0.7678465194076006,-0.0469286352440579,3,High-Selling / Low-Margin Products
-2.180391348412227,-0.44984671563943673,1,Low-Performance Products
-0.1599306828555228,0.611083498070792,0,High-Margin Products
3.3403676292575035,0.5801601553853755,2,High-Value Products
-0.6547997871454236,-2.1973608127716666,3,High-Selling / Low-Margin Products
1.8463986383857338,0.6442405130599366,2,High-Value Products
-1.2566874900804386,-0.18689018743110317,1,Low-Performance Products
2.279897731572628,-2.0008584459396075,2,High-Value Products
-1.383261249663917,-1.9029450903936904,3,High-Selling / Low-Margin Products
2.7148175937647823,-1.6102919033643193,2,High-Value Products
0.2725777041491297,-0.6277532985016617,3,High-Selling / Low-Margin Products
-2.2714861589721944,-1.6212057722688584,1,Low-Performance Products
-2.5039772703210126,-0.6332326440243041,1,Low-Performance Products
0.5840311324361486,-0.4999215660914598,3,High-Selling / Low-Margin Products
-2.487115054420819,-1.8254460057535271,1,Low-Performance Products
-3.0056172880617376,-3.193312647043959,1,Low-Performance Products
-3.365081632315341,1.124602593406153,1,Low-Performance Products
-0.23306683653373703,2.2095024903258875,0,High-Margin Products
-3.4493608964655293,0.49580650032172696,1,Low-Performance Products
-1.9951224206710354,0.1450697382300488,1,Low-Performance Products
1.911591858004792,-1.6003706821012855,2,High-Value Products
0.15510722353001002,0.6403955953463462,0,High-Margin Products
-2.086698534095786,-0.07101195829576365,1,Low-Performance Products
0.9343345959187129,-0.48502231022083725,3,High-Selling / Low-Margin Products
3.157535108214292,0.08450627790619336,2,High-Value Products
1.452455731667961,-1.5444555802171385,3,High-Selling / Low-Margin Products
-0.3284755555273012,2.032782515417948,0,High-Margin Products
-1.1776376480155382,0.9399927190968949,0,High-Margin Products
-2.63537936029362,-0.6676798950506562,1,Low-Performance Products
0.6082918373361457,1.7123436088177963,0,High-Margin Products
1.9897277442061454,1.2317051443617837,2,High-Value Products
0.4275645516894764,1.4672312642155656,0,High-Margin Products
0.04262245046576728,0.29310861282589284,0,High-Margin Products
-3.80142462939229,-1.0335455274105376,1,Low-Performance Products
-1.7788155254242597,-0.5360873193609093,1,Low-Performance Products
1.5918638949939286,0.16061740206910546,2,High-Value Products
-2.3712781838790193,0.4514855127450196,1,Low-Performance Products
0.23346217527687665,-0.10463586445759979,0,High-Margin Products
-1.4951734162376669,0.39499184384327424,1,Low-Performance Products
-3.231050447927542,-1.3952228176792256,1,Low-Performance Products
-3.1106801703818063,-0.7554321367983032,1,Low-Performance Products
-2.159166566075756,0.15185335800016156,1,Low-Performance Products
3.5641465396184846,-0.45202920483444575,2,High-Value Products
-0.2885766360868217,0.1946022159904864,0,High-Margin Products
-2.905135026069467,0.6484780351907243,1,Low-Performance Products
1.123140426166136,-0.09589360174837673,2,High-Value Products
-1.1498432178471176,-0.07997154015303147,3,High-Selling / Low-Margin Products
1.116524732422809,1.9019682635425896,0,High-Margin Products
0.2757314849846654,-1.4324084331723408,3,High-Selling / Low-Margin Products
0.9763751216803729,0.49221873246254855,0,High-Margin Products
0.12642874055470543,0.8346267535101882,0,High-Margin Products
-0.5625042455515519,-0.47081121303117746,3,High-Selling / Low-Margin Products
0.5402025754254551,-1.5517012301199846,3,High-Selling / Low-Margin Products
0.5682179657528698,0.982542516052427,0,High-Margin Products
-4.46324148688466,-0.6630338238084614,1,Low-Performance Products
1.6265317614961745,0.3686916256506994,2,High-Value Products
-3.7140524508082686,-1.1384573521658725,1,Low-Performance Products
0.8417638137181092,1.2505471043793255,0,High-Margin Products
2.2204429939141117,1.0383635201402117,2,High-Value Products
3.3425791792968775,-1.197900895090331,2,High-Value Products
0.9953039457111409,-0.45618672809562766,3,High-Selling / Low-Margin Products
-0.7499816541834551,-0.31885364971923624,3,High-Selling / Low-Margin Products
-0.7585857931401842,-1.9647956940283275,3,High-Selling / Low-Margin Products
0.2576077784707659,-0.7274613185507817,3,High-Selling / Low-Margin Products
2.600406333228645,-0.5231296171557382,2,High-Value Products
-1.1072085324834262,-3.136067584315361,3,High-Selling / Low-Margin Products
0.6921911708834773,0.16075874133183254,0,High-Margin Products
0.347409487006775,0.5998090845541113,0,High-Margin Products
-0.43410107882824694,1.2382904900199743,0,High-Margin Products
0.22465706056774687,-0.01752112250168779,0,High-Margin Products
3.2220360505824464,1.9610303661575523,2,High-Value Products
2.695709020366366,-0.15840309174878714,2,High-Value Products
-2.5627502025599482,0.1066803549230322,1,Low-Performance Products
-1.4243608724997747,-0.7690267217727443,1,Low-Performance Products
1.3151250347095613,-1.0251180659261225,3,High-Selling / Low-Margin Products
-0.12502571180026845,-1.2838067493385183,3,High-Selling / Low-Margin Products
-1.9951562099204123,-0.2191532876793494,1,Low-Performance Products
0.6541763361513462,0.2071784866326476,0,High-Margin Products
0.15624363895318408,-0.12672194275973692,3,High-Selling / Low-Margin Products
2.380834477102931,-1.165145064193987,2,High-Value Products
-3.882577911287662,-0.658908311464016,1,Low-Performance Products
1.6066394878536985,-0.14772374242649952,2,High-Value Products
0.6623194574546256,2.080053574085242,0,High-Margin Products
2.1356505445550398,1.1590695999346436,2,High-Value Products
1.6356878035424474,0.9376097312913172,2,High-Value Products
0.4942978666183035,0.9745121706452582,0,High-Margin Products
-0.1808089022407288,2.608086773551348,0,High-Margin Products
1.9177524039032718,0.6658922671167535,2,High-Value Products
3.4993327532858802,1.1778924367630748,2,High-Value Products
2.7142125656477205,0.7970361228620622,2,High-Value Products
-2.5580454111766784,0.34140813643082085,1,Low-Performance Products
-0.8197693614739215,0.7010979616531283,0,High-Margin Products
-0.005040183138308792,-1.5092974049019692,3,High-Selling / Low-Margin Products
1.9609534185395154,-1.7916405936686357,2,High-Value Products
-4.8542369424374385,0.8526249170321685,1,Low-Performance Products
-2.032127565327517,1.0035001754295914,1,Low-Performance Products
-1.785778582868903,0.06827251008003259,1,Low-Performance Products
-4.53345172905617,0.03956469963525307,1,Low-Performance Products
0.9468260918023036,0.8072746443802491,0,High-Margin Products
1.6940955089942444,-0.09428906095566576,2,High-Value Products
-0.39774285650885877,1.5999946716471858,0,High-Margin Products
-2.8996059803480203,0.953015958157313,1,Low-Performance Products
-1.5291626308193234,1.0641748835043987,1,Low-Performance Products
0.0683495159669754,-0.7256593940724343,3,High-Selling / Low-Margin Products
-1.1268811211625456,0.27226175977821143,0,High-Margin Products
-1.2764601793784807,-0.26441831988822967,1,Low-Performance Products
1.8794904764309546,-1.771838875910507,2,High-Value Products
4.5482270992065565,0.2871987919642635,2,High-Value Products
-2.1770990663429117,0.6619227218000004,1,Low-Performance Products
1.5329150275890695,0.4846420659070345,2,High-Value Products
-0.7089206821093467,1.4799712476120155,0,High-Margin Products
2.3084975350188066,-0.7835833811812636,2,High-Value Products
-1.3748362385515518,-0.8731222519516465,3,High-Selling / Low-Margin Products
-1.381075329995412,0.49858153575703984,1,Low-Performance Products
-2.2241997748057107,0.6966978335888918,1,Low-Performance Products
2.460809898042585,-0.28722738241568146,2,High-Value Products
-1.630580270485236,-0.9970176624644717,1,Low-Performance Products
2.0638152539364047,0.596052014482648,2,High-Value Products
0.6701076564131968,-2.039255075877699,3,High-Selling / Low-Margin Products
-1.7435433709196324,-0.4902621404483766,1,Low-Performance Products
0.4028326419579037,-1.2845145330468215,3,High-Selling / Low-Margin Products
0.15210083753132456,0.47137432625166065,0,High-Margin Products
3.066289374902802,0.8445685753459404,2,High-Value Products
-0.13104855175278657,-0.1947245446273201,3,High-Selling / Low-Margin Products
0.21055445800300263,-0.8007132637672578,3,High-Selling / Low-Margin Products
-0.7121533718383919,-1.3670174988937296,3,High-Selling / Low-Margin Products
-2.5094026870497643,-1.8683914158869532,1,Low-Performance Products
-3.065405435273406,-0.5212579427422996,1,Low-Performance Products
1.4492567605760236,-0.6474736938210559,2,High-Value Products
2.4385216939793004,-0.617270202453653,2,High-Value Products
4.465912517686011,0.25764286580382684,2,High-Value Products
1.9250433093566257,-0.8636521443192637,2,High-Value Products
-0.3732417049406263,-0.9581029778672847,3,High-Selling / Low-Margin Products
2.15778094945891,-1.8153506701627737,2,High-Value Products
2.409233666290084,-0.9174558953609465,2,High-Value Products
4.274329828888721,0.5544184415224394,2,High-Value Products
-1.4590216402100404,-0.3308887684642688,1,Low-Performance Products
0.8245502123176277,0.02078919651980764,0,High-Margin Products
1.8568774908518233,-0.4877295949398323,2,High-Value Products
-0.9357935801801505,-1.354421106957437,3,High-Selling / Low-Margin Products
-0.12270727081495009,0.41038299333641576,0,High-Margin Products
-1.518269201667589,-0.8402599302357594,1,Low-Performance Products
0.6530352196154615,-0.4539261100897201,3,High-Selling / Low-Margin Products
-0.3685234601126605,1.1231251296485332,0,High-Margin Products
1.1909022796819595,-1.0186897613731252,3,High-Selling / Low-Margin Products
-0.3285708701528791,0.2640641213038987,0,High-Margin Products
0.9769643602119801,-0.7724945164295955,3,High-Selling / Low-Margin Products
1.8033365424725372,-0.3133340024510133,2,High-Value Products
2.017941283728657,1.1793865548013451,2,High-Value Products
3.5047656271850762,-0.014553835383982208,2,High-Value Products
0.5454860578306093,-0.3738294662422895,3,High-Selling / Low-Margin Products
-0.15064211437646782,-0.014052505138777779,3,High-Selling / Low-Margin Products
3.352508938445321,-0.1781592632441917,2,High-Value Products
1.6383704177726193,0.13863708114769807,2,High-Value Products
1.2963015403135827,0.3331524875864712,2,High-Value Products
1.1743855760077762,0.5574235235379785,0,High-Margin Products
3.3676304627279436,-1.3613009490389325,2,High-Value Products
-1.9030594103924614,-0.056362948279195184,1,Low-Performance Products
1.1332173881350844,1.1770977038867514,0,High-Margin Products
-2.0112751286036854,0.15943750009215388,1,Low-Performance Products
-2.719960150967662,-0.4662704410584918,1,Low-Performance Products
4.740951117815262,-0.6470660005614528,2,High-Value Products
2.0747852936032225,1.1171037361005856,2,High-Value Products
2.231062697025901,-0.504180980362609,2,High-Value Products
0.14997165028524878,1.6631799484471663,0,High-Margin Products
1.9557067802475887,-0.14462888502746074,2,High-Value Products
-2.3031280174396493,-0.27524802763850836,1,Low-Performance Products
0.14007384397406702,-1.5605937323684351,3,High-Selling / Low-Margin Products
1.6981622160078003,-1.23435179990768,2,High-Value Products
-1.8711392256108157,1.1898037598797255,1,Low-Performance Products
4.244236921084273,0.4468889067540076,2,High-Value Products
-1.00316381882706,-1.4829039141092342,3,High-Selling / Low-Margin Products
-0.014680129796223301,-1.6181450791322827,3,High-Selling / Low-Margin Products
-1.1323314801519222,0.11083970042284386,3,High-Selling / Low-Margin Products
2.1434488920878807,0.06143708628366036,2,High-Value Products
1.8526077761749096,-0.46916863852723956,2,High-Value Products
5.365050299272756,1.0979271021832704,2,High-Value Products
1.1830739409031605,0.6464422169332645,0,High-Margin Products
1.0796167013031577,0.9110941612436655,0,High-Margin Products
-1.1301663381624536,-1.1510500584772936,3,High-Selling / Low-Margin Products
-0.33959128659698634,0.5277116853879233,0,High-Margin Products
-0.4890436988108242,0.2846430137556542,0,High-Margin Products
-0.015330996304399656,-0.6469695829215079,3,High-Selling / Low-Margin Products
1.5231300625895097,-1.127306733359527,2,High-Value Products
-0.22472381103675207,1.7113675782402045,0,High-Margin Products
-0.7044098034733437,0.8056680805227187,0,High-Margin Products
-1.0245598102811873,0.05626258734484924,3,High-Selling / Low-Margin Products
-0.9620710968016684,1.1387985017369633,0,High-Margin Products
-1.6120866921540153,-0.1794385382180223,1,Low-Performance Products
-0.2510936765094696,-1.2607881282766542,3,High-Selling / Low-Margin Products
1.552711771663857,-0.18050031764068958,2,High-Value Products
0.9812245927338352,2.44781839593287,0,High-Margin Products
-2.0717766921927767,-0.4429390277395046,1,Low-Performance Products
-0.06294783152745789,0.1806752760436557,0,High-Margin Products
-0.7313283326858321,-0.9059878622777924,3,High-Selling / Low-Margin Products
-3.1757175527081603,2.0127976725252434,1,Low-Performance Products
0.8981617908807331,0.34596667832569133,0,High-Margin Products
1.2678936808433947,-1.4018125613346049,3,High-Selling / Low-Margin Products
-0.8720164663821957,-1.0979345202115063,3,High-Selling / Low-Margin Products
-1.114966530483316,-1.5870219550341893,3,High-Selling / Low-Margin Products
-2.1045906387772693,-0.5231151528088738,1,Low-Performance Products
0.01493912441417229,1.1010897047758494,0,High-Margin Products
0.9251479194629272,-0.40859300487733585,3,High-Selling / Low-Margin Products
-0.8229370965489863,-1.7549862824009106,3,High-Selling / Low-Margin Products
-1.0396132994428084,-0.3140503992094048,3,High-Selling / Low-Margin Products
0.7033433966969499,-0.1709105533461067,3,High-Selling / Low-Margin Products
3.776218596322272,0.924737033609878,2,High-Value Products
2.863454153123204,-0.7395092889540165,2,High-Value Products
0.31104658903871707,-0.22109998363999658,0,High-Margin Products
-3.403373021224069,-1.570281408503716,1,Low-Performance Products
-2.833698783389576,-1.9602416265790825,1,Low-Performance Products
-0.06520775947850496,0.1382972118073389,0,High-Margin Products
1.9558731216626422,-0.4143816414099988,2,High-Value Products
-1.8288587293261824,0.5753650651193963,1,Low-Performance Products
-2.474017435742791,-0.8081341934357115,1,Low-Performance Products
1.2649006585416185,0.8955594407309057,0,High-Margin Products
-1.413708072935929,-0.7446620475134998,3,High-Selling / Low-Margin Products
-5.1273762234765226,0.30978276735128824,1,Low-Performance Products
1.2772540542481716,-0.7352576441706757,2,High-Value Products
1.4318383864100495,-0.974128778755542,2,High-Value Products
0.6828104996283358,0.01360046604948311,0,High-Margin Products
-0.15304041562205362,-0.4786378811096789,3,High-Selling / Low-Margin Products
-3.1782034514693738,0.0640724750612809,1,Low-Performance Products
2.5114170700268046,-0.7475159751628229,2,High-Value Products
1.8991064973402008,0.4441771413977101,2,High-Value Products
0.5113660735236372,-0.07928486598052406,0,High-Margin Products
1.8150865854936986,-0.6503199766590814,2,High-Value Products
0.5602578214993862,-0.3541435362622466,0,High-Margin Products
0.30805567290866553,0.15827641450376143,0,High-Margin Products
-0.8336444082140414,-0.5842693956929361,3,High-Selling / Low-Margin Products
0.19723481596167725,1.3650867942697746,0,High-Margin Products
-0.5806889138309608,-0.5827102368429931,3,High-Selling / Low-Margin Products
-2.2116232836109355,-1.3064497857256083,1,Low-Performance Products
0.5157869786078724,-0.7727968496187178,3,High-Selling / Low-Margin Products
-1.2995912622539258,0.8943660080558152,0,High-Margin Products
2.7664604234100265,1.5784443870312412,2,High-Value Products
0.9551210108259134,0.35514008143680875,0,High-Margin Products
1.5653511614672093,1.05982213462304,0,High-Margin Products
-0.4234451579444501,-0.5965783064078487,3,High-Selling / Low-Margin Products
-2.6558413967464976,-0.4287833789386585,1,Low-Performance Products
1.170082177233642,-0.3593704145822981,2,High-Value Products
-0.036905768439838435,-0.42828602223794193,3,High-Selling / Low-Margin Products
-0.16175138855937207,1.4878505331138578,0,High-Margin Products
-3.1229874943564058,0.47180277045356583,1,Low-Performance Products
3.1084239663567197,0.060629815355288476,2,High-Value Products
-0.006545967240904653,2.598350279766156,0,High-Margin Products
1.7233747333659766,-2.657384803041177,3,High-Selling / Low-Margin Products
-1.092608119931969,-0.12268510993807882,3,High-Selling / Low-Margin Products
-1.8016787427736611,1.178997681391048,1,Low-Performance Products
-1.294615722668516,1.6559675704291281,0,High-Margin Products
-0.3493491766681736,1.4983172253786763,0,High-Margin Products
1.7478356335555032,-0.9952192987083498,2,High-Value Products
-1.0822048855907935,0.8586763566445873,0,High-Margin Products
-0.3306027991698673,0.8590403378058246,0,High-Margin Products
2.0840802774987686,-1.5503021561077746,2,High-Value Products
-2.3759575204595,-0.10151895661791006,1,Low-Performance Products
-0.7770046840722116,0.9612238005045256,0,High-Margin Products
-0.7241621490373498,-0.1844180446978498,0,High-Margin Products
0.8713712902364659,1.4981686360795217,0,High-Margin Products
2.4494743535906167,1.655744735849785,2,High-Value Products
-0.9076264810898462,0.41968069284383436,0,High-Margin Products
-1.4475770058184998,0.28707554175116534,1,Low-Performance Products
1.6240001016341132,-2.447624188205512,3,High-Selling / Low-Margin Products
0.5671947681573618,-2.055193228343465,3,High-Selling / Low-Margin Products
-0.45503376450921323,0.2809337395731648,0,High-Margin Products
-1.638897643228075,0.0386020578781158,1,Low-Performance Products
1.184133718520484,0.24393853449298944,2,High-Value Products
-0.7668162210549969,0.8951882135221947,0,High-Margin Products
1.8145867595198006,0.5513551997938502,2,High-Value Products
3.0725218568908907,2.6659324991107303,2,High-Value Products
0.018710663497672676,-1.690707945167439,3,High-Selling / Low-Margin Products
1.532249230970667,0.33687762034429014,2,High-Value Products
-2.727921169591153,0.9678082299319591,1,Low-Performance Products
1.5165052722416978,-0.787367380668009,2,High-Value Products
1.2944282594684589,-0.23675904681919785,2,High-Value Products
-1.2046698050703504,-1.1468970217144938,3,High-Selling / Low-Margin Products
-3.544023932352373,-0.6070721807229833,1,Low-Performance Products
-1.1969319240898368,-0.6546305240814975,3,High-Selling / Low-Margin Products
0.09805430206262941,-0.019737072568946305,0,High-Margin Products
-5.362797887239659,-0.3053091758862316,1,Low-Performance Products
-1.123869880631019,-0.9037380693339582,3,High-Selling / Low-Margin Products
1.0541265667491246,0.8260599973141579,0,High-Margin Products
0.36096205047126434,1.007770673966419,0,High-Margin Products
2.3324280754161273,0.4656412487142548,2,High-Value Products
-1.3454334060697182,0.9170179100680506,0,High-Margin Products
-1.5358753992090335,1.8944961294734912,0,High-Margin Products
-1.5772817659096436,0.1564847752019038,1,Low-Performance Products
-1.349912158318626,1.4643998865873031,0,High-Margin Products
1.670625826641278,-0.1691720356426858,2,High-Value Products
-2.985568733127742,2.348273144242341,1,Low-Performance Products
1.5486352611964609,0.502787669288724,2,High-Value Products
-2.606664205144454,-1.8402020824741048,1,Low-Performance Products
-0.44741193154558595,-0.6937002347067008,3,High-Selling / Low-Margin Products
-0.12737703481121626,-1.0750184216630987,3,High-Selling / Low-Margin Products
0.26504379008497325,0.3730517140928478,0,High-Margin Products
-0.13394538316084198,-0.6361860317440454,3,High-Selling / Low-Margin Products
2.2404054158309217,-1.4634940258245785,2,High-Value Products
-1.256306781563486,0.876544374349246,0,High-Margin Products
0.5117267542340057,1.056369467660471,0,High-Margin Products
-1.867650389356828,-0.3743880067348045,1,Low-Performance Products
-0.4814556708142567,-0.8043486839641946,3,High-Selling / Low-Margin Products
-0.6160083883286069,-0.9574935075664668,3,High-Selling / Low-Margin Products
-0.18595207211549736,-0.33666983525038774,3,High-Selling / Low-Margin Products
-0.7727923091013549,0.5028189193491539,0,High-Margin Products
-2.616581811569669,-1.5485745141516318,1,Low-Performance Products
0.5552689895687225,-1.3802576174793504,3,High-Selling / Low-Margin Products
3.7452539612095728,-0.7897349515759617,2,High-Value Products
1.2673580639782471,-2.491475468422563,3,High-Selling / Low-Margin Products
2.939090167930926,1.1205745347130562,2,High-Value Products
-0.8094996217713399,2.066488278500617,0,High-Margin Products
0.8500418115874299,-0.14086563670752944,0,High-Margin Products
0.028928342201696496,0.13145974330122526,0,High-Margin Products
2.232487882179424,0.361826176384917,2,High-Value Products
0.40343059428612993,-0.79065364190513,3,High-Selling / Low-Margin Products
3.5719419962386825,-0.43856524709170586,2,High-Value Products
-0.5613400245011338,-1.6252708751448084,3,High-Selling / Low-Margin Products
-0.3418622337651571,0.1802199169119094,0,High-Margin Products
4.177091595022671,-0.8434900455055172,2,High-Value Products
-2.685653401621219,1.4876548710754516,1,Low-Performance Products
-0.6952380401866117,0.18565179593764797,0,High-Margin Products
0.17688847420717566,-0.936191825219902,3,High-Selling / Low-Margin Products
2.941145023536721,-1.0469795241911177,2,High-Value Products
4.239482783466043,-1.0818453296240274,2,High-Value Products
1.63037931055598,1.1531548951311288,2,High-Value Products
2.164328763090399,1.8037383214882172,2,High-Value Products
0.2513068141376398,-1.6940505679756261,3,High-Selling / Low-Margin Products
0.8396761853066164,-0.6900388505237638,3,High-Selling / Low-Margin Products
-0.4338404121780889,0.7412819816185438,0,High-Margin Products
1.798662277268602,-0.0927545365499905,2,High-Value Products
1.239455282961869,-0.6784965846995975,2,High-Value Products
1.620994483333476,-0.4542384493043724,2,High-Value Products
2.0011432798060236,-0.5538597204302872,2,High-Value Products
5.156772029117998,-0.36493125765323586,2,High-Value Products
0.19246988752469008,0.012688997620357466,0,High-Margin Products
0.17346386288376597,-0.11362272241454846,3,High-Selling / Low-Margin Products
2.1717537106632383,0.016575171212996523,2,High-Value Products
-1.380631104909744,-1.6735551685641192,3,High-Selling / Low-Margin Products
0.6501108328394993,-0.47265390958370873,3,High-Selling / Low-Margin Products
2.2988380193912534,-1.259453793408764,2,High-Value Products
2.950310006888137,1.3848161771493281,2,High-Value Products
2.6450177131473214,0.183568271650531,2,High-Value Products
0.9069557388187865,1.3805517095192181,0,High-Margin Products
-0.18238687088173935,-0.6769011167220056,3,High-Selling / Low-Margin Products
-3.877469470660831,-0.502151711782001,1,Low-Performance Products
-0.22450366685702394,-1.7970913346201156,3,High-Selling / Low-Margin Products
-2.93438427116471,-1.142970257114513,1,Low-Performance Products
0.7098295392467888,0.039390851406624135,0,High-Margin Products
-0.8609591243730144,-1.210719824548577,3,High-Selling / Low-Margin Products
-2.9593913291297054,-0.5802301690708663,1,Low-Performance Products
0.019203938577042896,0.7450597390468017,0,High-Margin Products
-0.6060915559145124,-0.9828714488567464,3,High-Selling / Low-Margin Products
-1.5866019841180814,2.3944326653228702,0,High-Margin Products
2.123914471640788,1.0666536984327026,2,High-Value Products
-3.0941475018123095,-1.8308875595055412,1,Low-Performance Products
0.9587115297244072,0.7166732157288187,0,High-Margin Products
-0.8714133248458996,-0.5457235843851368,3,High-Selling / Low-Margin Products
-0.0006652149063237113,-0.6920533447693229,3,High-Selling / Low-Margin Products
2.035554310122266,-0.7165358027417491,2,High-Value Products
-0.6227882510817043,-0.48834758511825493,3,High-Selling / Low-Margin Products
0.4629232062508669,-1.1300416724891993,3,High-Selling / Low-Margin Products
1.4274375132063204,0.5457510877914193,2,High-Value Products
-0.3955979301569173,-1.1365407191984573,3,High-Selling / Low-Margin Products
-1.6234024006879748,-0.1312754583091776,1,Low-Performance Products
2.9498294528928413,0.0386777941587131,2,High-Value Products
2.6653122772244235,-0.8751383032568412,2,High-Value Products
2.002286473655699,0.6117498326656211,2,High-Value Products
0.8749327809448997,0.12550750179826803,0,High-Margin Products
2.2219765261676176,-0.8409916337169655,2,High-Value Products
0.9007549190871164,0.44373232027911924,0,High-Margin Products
0.9806913822387328,-0.590001333309449,3,High-Selling / Low-Margin Products
3.733092321454869,0.7196145231105299,2,High-Value Products
-4.054057633572205,-0.06118754387909366,1,Low-Performance Products
0.13294344748403256,-1.8797824656129205,3,High-Selling / Low-Margin Products
1.126886978191062,-0.43568456985615045,2,High-Value Products
2.0247315834047384,1.6224564338708778,2,High-Value Products
-4.258198587213149,1.3805380783083312,1,Low-Performance Products
-0.5060720467257515,0.2919510781072571,0,High-Margin Products
-1.4494599454909252,1.3766262818072021,0,High-Margin Products
2.134028028631116,0.5328967796993174,2,High-Value Products
0.9336349360887156,0.9023028188014385,0,High-Margin Products
-1.4625584527550162,-0.9695231066728923,3,High-Selling / Low-Margin Products
1.7994934652150878,-0.9854862061395511,2,High-Value Products
-2.842661372352946,0.013164787085058157,1,Low-Performance Products
1.9302419406108866,1.4072449892321233,2,High-Value Products
2.259289283066714,-1.1543180481745998,2,High-Value Products
0.5548932377201476,0.19558812426652386,0,High-Margin Products
3.1896936728884886,-0.49008302380487506,2,High-Value Products
-2.76530623359496,0.796839667490226,1,Low-Performance Products
-0.737468694711397,-0.7672934097618143,3,High-Selling / Low-Margin Products
0.4798009452766637,2.3293654346097052,0,High-Margin Products
2.1896381869680677,-0.5358532168952481,2,High-Value Products
-3.685440937095308,0.03601305883051124,1,Low-Performance Products
-1.4427825638582488,1.948054028664904,0,High-Margin Products
-0.3225149871865029,-0.8362312385838662,3,High-Selling / Low-Margin Products
0.8946930517137931,1.128640410143905,0,High-Margin Products
-0.09930204489014945,-0.8451603473886439,3,High-Selling / Low-Margin Products
-0.2503493511107906,0.31494272201409607,0,High-Margin Products
-0.9277173421380139,-0.27535435167129274,3,High-Selling / Low-Margin Products
1.255564298562887,0.6235474848266761,0,High-Margin Products
-0.026227973875246287,-1.6378890510986586,3,High-Selling / Low-Margin Products
1.4470552902649627,1.3135466367270705,0,High-Margin Products
-0.9557758030171857,0.27566270410054244,3,High-Selling / Low-Margin Products
0.9477076246020807,-0.23166733673407497,0,High-Margin Products
0.4128143834039094,0.5166358165568635,0,High-Margin Products
0.8360956108578018,-1.637807057782956,3,High-Selling / Low-Margin Products
-0.183646479433471,1.2249751829710798,0,High-Margin Products
-1.093032421169101,-1.9184307351482726,3,High-Selling / Low-Margin Products
3.5823664978125347,0.29320740347392843,2,High-Value Products
1.9109903432978874,1.3692641682952533,2,High-Value Products
0.9409153406605614,-1.395495506733097,3,High-Selling / Low-Margin Products
0.5120286473729585,0.2580210439773715,0,High-Margin Products
1.213141307238391,2.092793852879617,0,High-Margin Products
-0.626902130402605,-1.061295932831226,3,High-Selling / Low-Margin Products
1.6563545868421636,2.219551844921701,0,High-Margin Products
-2.0785489259878402,0.016402759104800612,1,Low-Performance Products
-0.4562860229372389,-1.496698989260066,3,High-Selling / Low-Margin Products
-2.820720332123142,0.6077797926620088,1,Low-Performance Products
-0.6397176024275646,-0.44655441030964393,3,High-Selling / Low-Margin Products
3.0323983819224445,0.6387028196347996,2,High-Value Products
3.724272231892297,0.06093837586974725,2,High-Value Products
-1.626457225427261,0.8385052488375219,1,Low-Performance Products
1.136022985875929,-0.4780643789423905,3,High-Selling / Low-Margin Products
-5.169530076561685,0.9044404988657593,1,Low-Performance Products
0.9558471778841078,-1.6228741340503923,3,High-Selling / Low-Margin Products
-1.2173466234869676,1.0981974729373614,0,High-Margin Products
2.976595289079842,-0.5572165488399289,2,High-Value Products
0.32099480805523656,1.6571577441485659,0,High-Margin Products
1.3195795127087764,-0.11874685911843019,2,High-Value Products
-3.580158087980974,0.39822092070397364,1,Low-Performance Products
-4.693528846642582,-0.18705948949256307,1,Low-Performance Products
-2.8400979459645543,-0.8366977223798902,1,Low-Performance Products
-0.20205499831484092,-0.15744566177569874,3,High-Selling / Low-Margin Products
1.1455393123443856,-0.6837088486545028,2,High-Value Products
-4.114855253401729,-0.05397782348993203,1,Low-Performance Products
0.0666689039223143,1.5396892631927235,0,High-Margin Products
-2.394641423860994,0.5865301993902295,1,Low-Performance Products
-0.08088245136193128,0.45280945397148314,0,High-Margin Products
1.6489030286295376,-1.896780421558343,3,High-Selling / Low-Margin Products
3.434131756956101,-0.5842680786664382,2,High-Value Products
-2.981277944072921,-1.0469312957585857,1,Low-Performance Products
-2.727793269565033,0.18561204206963972,1,Low-Performance Products
0.0845119888358449,2.626000411918678,0,High-Margin Products
-1.793671455936331,2.148211599908888,1,Low-Performance Products
3.1911932957781834,1.3909188938191406,2,High-Value Products
0.3467419688998386,0.24809844567772973,0,High-Margin Products
0.697820314847807,1.571358588908402,0,High-Margin Products
0.5130139080125395,-0.5594724396409897,3,High-Selling / Low-Margin Products
1.7382221981312287,1.7976772952955067,0,High-Margin Products
2.7327233262296584,-0.5719280469742066,2,High-Value Products
-0.5470793455770054,-0.41119213339124827,3,High-Selling / Low-Margin Products
-3.2586062328019065,-0.05268719267364237,1,Low-Performance Products
-2.7847472770175106,-1.1251410038695224,1,Low-Performance Products
3.4064215579634998,-0.3325294401801572,2,High-Value Products
1.0517179232408398,-1.112670022184377,3,High-Selling / Low-Margin Products
-2.8200494399843055,-0.6056127860796905,1,Low-Performance Products
-0.12437119378364213,-2.900882163957707,3,High-Selling / Low-Margin Products
2.9448511947731393,0.19181934325022537,2,High-Value Products
2.1234445880268273,0.43805911813262083,2,High-Value Products
3.6854056277412637,1.2702493916066624,2,High-Value Products
-1.747915594342978,-0.7576242059626563,1,Low-Performance Products
-2.51242069429726,2.017365771304219,1,Low-Performance Products
1.5609075902927672,0.558151027894518,2,High-Value Products
2.3440331043324694,0.39267680792974413,2,High-Value Products
0.12454684158653959,-0.5424609129571093,3,High-Selling / Low-Margin Products
-0.07172273258702973,0.6060287802477544,0,High-Margin Products
-2.0030836182642506,-0.26458042376751256,1,Low-Performance Products
2.61592764923796,0.5975629728041828,2,High-Value Products
0.9653588974659325,-0.8740830396732758,3,High-Selling / Low-Margin Products
-0.36057433569442776,0.4925392360232822,0,High-Margin Products
0.2245891283658543,-0.005174891432916533,0,High-Margin Products
2.0264935521437697,0.667668088063996,2,High-Value Products
2.3484518518871473,2.1456661273756805,2,High-Value Products
1.203716089854098,-0.8023314397438964,2,High-Value Products
-1.255553455534689,-1.1849360451602184,3,High-Selling / Low-Margin Products
-5.372366459138628,0.5983327454464259,1,Low-Performance Products
0.9726542301397808,1.656590432014605,0,High-Margin Products
-0.5964232018847296,1.1047403347451643,0,High-Margin Products
0.8782958109718195,-0.5716504084316751,3,High-Selling / Low-Margin Products
1.9297256544116679,0.6661725431415381,2,High-Value Products
-0.5764926311275507,-0.685719112324943,3,High-Selling / Low-Margin Products
-1.278817371950584,-0.4151049697955998,3,High-Selling / Low-Margin Products
1.7344808396850289,-0.17820399978221602,2,High-Value Products
1.4503170720758178,1.2497407162644278,0,High-Margin Products
6.580783990817598,-0.502985948643229,2,High-Value Products
-0.7582842663218449,0.776824813915472,0,High-Margin Products
-1.372336461607072,-3.171666867698746,3,High-Selling / Low-Margin Products
-2.3645131742104857,-0.9015251279578018,1,Low-Performance Products
-1.744620647964273,-1.9305075714222044,3,High-Selling / Low-Margin Products
1.9233053279221843,0.1322869221985533,2,High-Value Products
1.4664883320039264,-1.3763152926575257,2,High-Value Products
0.9696631216491214,1.4370567405611765,0,High-Margin Products
-0.6093189976984648,-0.40553585779198004,3,High-Selling / Low-Margin Products
-3.196778186317796,0.1727472729864714,1,Low-Performance Products
-2.065331348779119,-0.39472788114216456,1,Low-Performance Products
1.7909433456201789,-1.1859975005173549,2,High-Value Products
-1.3162904528869301,-0.8830520090467244,3,High-Selling / Low-Margin Products
-3.235059761051027,-0.7964764391418495,1,Low-Performance Products
1.7019975969803112,-0.08466971605570743,2,High-Value Products
2.4612423243222232,0.19581189872774862,2,High-Value Products
-3.4654990529526684,0.6400821670636001,1,Low-Performance Products
0.917311566990007,1.8444245294557116,0,High-Margin Products
2.8322051071654033,0.9015790028485516,2,High-Value Products
1.6761754659706696,-0.6144043004419301,2,High-Value Products
1.834185541870671,-0.6647548519601041,2,High-Value Products
-0.31385706695053933,1.2080849525017339,0,High-Margin Products
0.24955268836568506,0.839805300438696,0,High-Margin Products
-1.0737536432297476,0.8407927872146164,0,High-Margin Products
0.9614102438279061,-2.361827673404133,3,High-Selling / Low-Margin Products
1.2750259283572056,0.5144197641308874,0,High-Margin Products
1.881298682859471,0.9476965685677018,2,High-Value Products
-3.051604761336502,3.5576905239577674,1,Low-Performance Products
-1.8568742998247847,-1.2661959353768248,3,High-Selling / Low-Margin Products
-0.6647120472866594,2.833654852481747,0,High-Margin Products
-1.5326293995003717,-0.4745654446808171,1,Low-Performance Products
-0.34611275938166397,-0.01776561527295109,3,High-Selling / Low-Margin Products
-0.65225837487755,-1.0683836187736957,3,High-Selling / Low-Margin Products
-1.8888329453103307,0.6274774583513884,1,Low-Performance Products
0.8739404179943446,-3.159466516139127,3,High-Selling / Low-Margin Products
-1.8576757510148656,-0.5080797824496507,1,Low-Performance Products
0.8379948215549403,0.757276381150691,0,High-Margin Products
-0.1048775405867581,-0.8383092747096574,3,High-Selling / Low-Margin Products
3.198420423893404,1.8937176705096483,2,High-Value Products
-2.413043594365056,1.16166395134148,1,Low-Performance Products
0.42353130653874016,-1.1452351964360197,3,High-Selling / Low-Margin Products
1.3552301224325067,0.22288569116703638,2,High-Value Products
0.008953894624084096,0.5378434695592592,0,High-Margin Products
-2.9568167065836475,-0.3193508129489098,1,Low-Performance Products
0.795826457541616,0.27651288913398514,0,High-Margin Products
2.193541262537076,-1.1336304513838265,2,High-Value Products
0.8554502522394322,1.649319939780977,0,High-Margin Products
-2.3266075913260162,0.7726735405315266,1,Low-Performance Products
0.2584670989772044,-0.4759929837063864,3,High-Selling / Low-Margin Products
-1.0022029542221982,-1.6950549515021422,3,High-Selling / Low-Margin Products
2.9190438196387083,-0.40326000586272603,2,High-Value Products
-1.27415727233442,0.9991133023075411,0,High-Margin Products
-1.6314045733047149,-0.23463536339776853,1,Low-Performance Products
-1.5477859912541154,-0.6446120323813261,3,High-Selling / Low-Margin Products
1.191877534564182,-1.8957828206486491,3,High-Selling / Low-Margin Products
0.3492257094153971,-0.33552668469866875,0,High-Margin Products
-1.148698050192945,-2.3456097839844956,3,High-Selling / Low-Margin Products
-0.45847368955523243,0.1692837737216347,0,High-Margin Products
-0.7767908027472689,-1.4606061957246,3,High-Selling / Low-Margin Products
3.6890306804591413,1.0642257868490548,2,High-Value Products
2.7922872510878216,-1.3405130207874845,2,High-Value Products
2.330371821698513,-0.3031088785628158,2,High-Value Products
0.5871199042593076,0.5285713001570348,0,High-Margin Products
-1.42151581027246,-0.056546749186220824,1,Low-Performance Products
-1.2410006474600976,0.03955123180629212,1,Low-Performance Products
1.9888365289243206,-1.7906771018117675,2,High-Value Products
0.3298402438068315,0.9028793106122863,0,High-Margin Products
0.11876982165834972,2.3116885590790215,0,High-Margin Products
0.6354125704850248,1.4638324144047028,0,High-Margin Products
0.9064270662285093,2.2666581457658133,0,High-Margin Products
-4.424305355608364,0.3429448337819069,1,Low-Performance Products
0.7396555377563223,-0.8636458619816945,3,High-Selling / Low-Margin Products
4.035223129178983,0.2534228020000506,2,High-Value Products
2.1995761923816466,1.2569271653186058,2,High-Value Products
-0.12281401302685674,1.6619554240495593,0,High-Margin Products
3.2533199594076514,0.3509543483582451,2,High-Value Products
-1.6559555088751439,0.9327885855011087,1,Low-Performance Products
-0.7672853790582532,0.086286746758526,0,High-Margin Products
1.2549232153349192,-0.2305572578284266,2,High-Value Products
-2.638704380135518,-0.12827917045580983,1,Low-Performance Products
-1.3347155771479677,1.0564536187535036,0,High-Margin Products
0.6542999407185404,1.388105326280064,0,High-Margin Products
3.2353289348642376,0.7003942071423798,2,High-Value Products
-0.44525200705780765,-0.5976898303294227,3,High-Selling / Low-Margin Products
1.7991241307207384,0.7221642006600733,2,High-Value Products
0.9414226608981736,-0.9517059099054404,3,High-Selling / Low-Margin Products
-1.8298068718525664,-0.30797598950695365,1,Low-Performance Products
0.7359843836530156,0.346464596856369,0,High-Margin Products
-0.6782783104873286,1.728235975095063,0,High-Margin Products
-0.2964504771340823,-3.1603004784901443,3,High-Selling / Low-Margin Products
-0.24358814017030372,-0.9951905434130943,3,High-Selling / Low-Margin Products
-2.1363323203116593,-1.848577329971135,1,Low-Performance Products
-3.347713786856878,-0.09902400974074874,1,Low-Performance Products
0.1257303614366865,1.4842662696269056,0,High-Margin Products
0.0385709860399018,0.13524246523542655,0,High-Margin Products
-1.9930393890198543,-1.056491397897621,1,Low-Performance Products
2.5715665157730365,-1.3367341468044205,2,High-Value Products
0.6484395047498833,-0.033168806830711245,3,High-Selling / Low-Margin Products
-0.8442470482382053,-2.487170534601897,3,High-Selling / Low-Margin Products
3.590674254389768,-0.6140304918151385,2,High-Value Products
-2.554131670195946,-0.4954917237711702,1,Low-Performance Products
-0.8843453444243196,-2.296673749869055,3,High-Selling / Low-Margin Products
-0.4925333255216486,-0.5632768702726417,3,High-Selling / Low-Margin Products
-2.398119448832279,-0.06036946198788336,1,Low-Performance Products
-3.6410546103554395,1.1017822464406613,1,Low-Performance Products
-1.9646222846356294,-1.558114715972797,1,Low-Performance Products
-0.5569545590085424,0.14897462447221763,0,High-Margin Products
3.133310478170395,1.0685502653768384,2,High-Value Products
0.9384004505255443,0.04183958001834691,0,High-Margin Products
2.37979190649262,-1.6124896442561767,2,High-Value Products
-0.4216473014055248,-1.5468250877887342,3,High-Selling / Low-Margin Products
-2.2044623119795506,-0.40277858939148475,1,Low-Performance Products
-0.43736283655344954,-1.7994351893489815,3,High-Selling / Low-Margin Products
0.6364142401043541,0.02622406827899238,0,High-Margin Products
-0.5787761944794676,-0.8225266167612801,3,High-Selling / Low-Margin Products
0.4087278777244696,0.9380842632575476,0,High-Margin Products
-2.2531026176177504,-0.06584457970617706,1,Low-Performance Products
1.0146223521367261,-2.7717110239215454,3,High-Selling / Low-Margin Products
0.8823925488827972,0.874547530515565,0,High-Margin Products
-2.6945150703367027,0.1313242786690351,1,Low-Performance Products
0.0873922132367528,-1.0763351456214092,3,High-Selling / Low-Margin Products
1.6550290355536283,3.09209406671682,0,High-Margin Products
2.6095353705493123,0.5032475036272023,2,High-Value Products
-1.1821882778068977,0.09121602269757971,3,High-Selling / Low-Margin Products
-1.1856515946247812,0.19260948154689556,1,Low-Performance Products
-2.571460074998033,0.2986791085166438,1,Low-Performance Products
0.5433316425226907,-0.1468018713922914,3,High-Selling / Low-Margin Products
1.7484382203023685,1.2411708958763248,2,High-Value Products
2.467849688588322,1.262227951301971,2,High-Value Products
-0.20954983846058176,1.004802678920668,0,High-Margin Products
-1.4079730437953826,0.27329159623096294,1,Low-Performance Products
0.7520242847733168,-0.33856441719013386,3,High-Selling / Low-Margin Products
-1.2809139461211498,-1.2749176974360261,3,High-Selling / Low-Margin Products
-1.5087919404635783,-1.942149741469929,3,High-Selling / Low-Margin Products
-0.9553053596053428,-0.6420772065507032,3,High-Selling / Low-Margin Products
1.22449413965172,-0.11023897596297932,2,High-Value Products
0.5186854655022525,0.21678044838424068,0,High-Margin Products
3.805110905460621,-0.14808114242244305,2,High-Value Products
-0.04454004354157191,0.9335600875269181,0,High-Margin Products
2.012692763888035,-2.6519900603800837,2,High-Value Products
0.5651937413876489,0.7351162499451045,0,High-Margin Products
2.6875919360316494,-0.9623785235126556,2,High-Value Products
2.5204381186241522,-1.2865011310261616,2,High-Value Products
-0.5037807291987415,0.5870565527126403,0,High-Margin Products
1.5796272045169855,1.957657996149433,0,High-Margin Products
2.7617872473678906,-0.7423740735314978,2,High-Value Products
-0.502146269120202,-0.13170539931706526,3,High-Selling / Low-Margin Products
-1.5036713895806206,-0.1941354858309236,1,Low-Performance Products
-4.565170857971106,-0.5589151794657209,1,Low-Performance Products
4.970992033102181,0.6273074549843533,2,High-Value Products
-2.410829728563425,-0.255642323219959,1,Low-Performance Products
3.5780938482407936,-2.0599104414042344,2,High-Value Products
0.2991452040478746,1.4166837526566936,0,High-Margin Products
-0.18105416306024794,0.7513822898065688,0,High-Margin Products
-0.30952610590557333,-0.023056996024234083,0,High-Margin Products
-2.806482648375496,-0.347586258938074,1,Low-Performance Products
0.6339322177077903,0.9749659386716049,0,High-Margin Products
-0.09407939768184347,-1.8030582136106066,3,High-Selling / Low-Margin Products
0.5042814564049612,-0.34352521005217246,3,High-Selling / Low-Margin Products
1.4491643845263518,0.7179281814629481,2,High-Value Products
0.05218702441301957,-0.4128595835235793,3,High-Selling / Low-Margin Products
2.9971902869664637,0.7451289997322739,2,High-Value Products
-3.8629059109571657,0.6220737397965784,1,Low-Performance Products
-1.4916177907131203,-0.2980289596680309,1,Low-Performance Products
-2.360147237239911,0.07177943990937724,1,Low-Performance Products
-2.1410777043802565,-0.4313694317330964,1,Low-Performance Products
-1.3367699598068308,-0.9487058353571312,3,High-Selling / Low-Margin Products
-1.0863083668132951,-0.9935082227176497,3,High-Selling / Low-Margin Products
-1.2388627165836315,-1.661466047885496,3,High-Selling / Low-Margin Products
0.4390234559698554,0.9021396682042648,0,High-Margin Products
1.6731735957726759,-1.6839961877116951,2,High-Value Products
4.071537944866033,-0.06222486061838137,2,High-Value Products
-0.38067527344041774,-0.5759764820256302,3,High-Selling / Low-Margin Products
-3.200761476526038,0.28551122339286306,1,Low-Performance Products
-1.4172708869011221,0.9386940989847653,1,Low-Performance Products
1.8339523319189082,-0.8701783664898584,2,High-Value Products
-0.14494016265520726,-0.18328377488758735,3,High-Selling / Low-Margin Products
-1.8054233500183408,-0.9439120159256132,1,Low-Performance Products
-2.2683900064341316,-0.2253079665141041,1,Low-Performance Products
2.1027861158541734,-0.17598225657359365,2,High-Value Products
-0.67515402978174,-2.1564878772209406,3,High-Selling / Low-Margin Products
-1.6497784470823549,-1.0903302215409774,1,Low-Performance Products
-0.0680600868425742,-2.577678224017511,3,High-Selling / Low-Margin Products
-2.579631287081021,-0.7715467399193876,1,Low-Performance Products
3.478179617307728,0.6730208937228046,2,High-Value Products
-3.1577071504633363,-2.278201330862679,1,Low-Performance Products
1.2722670643159304,-0.854632921395527,3,High-Selling / Low-Margin Products
-1.0207001054494922,-0.5882668152585404,3,High-Selling / Low-Margin Products
-1.215911744489908,0.5677050072666219,0,High-Margin Products
3.011479032315101,1.4702020829292504,2,High-Value Products
0.6188842123936722,0.6573118223918228,0,High-Margin Products
-5.426245402533622,-0.5196407167899646,1,Low-Performance Products
2.269300214968701,1.027213075158819,2,High-Value Products
2.6827589410822905,-0.27953557808566176,2,High-Value Products
3.8481810874255578,-0.18204913584932778,2,High-Value Products
2.5979028042382692,0.042357685291042134,2,High-Value Products
-2.238381218421202,1.2131931434065255,1,Low-Performance Products
-4.4591112448616,2.283254915676468,1,Low-Performance Products
-3.3641845297005735,-1.705951600006764,1,Low-Performance Products
0.893244438871822,1.2001512339378773,0,High-Margin Products
1.2146648594971703,0.9388814272660242,0,High-Margin Products
-4.196977907647219,0.47104175657539393,1,Low-Performance Products
-2.1120661872528586,-0.5985100507261463,1,Low-Performance Products
1.1638145785407532,1.7223569874963105,0,High-Margin Products
-0.8218918537434602,1.7145299259481677,0,High-Margin Products
1.0921725712547874,-0.26897457466521124,2,High-Value Products
-0.053526045827268186,0.42127976600416017,0,High-Margin Products
-0.5497496246601893,0.26127928019828084,0,High-Margin Products
1.5226727741864423,0.2885245650074626,2,High-Value Products
-0.8074544584551754,-0.006655043364546948,0,High-Margin Products
2.280861586255018,-0.39944228865543624,2,High-Value Products
-0.3136125113287621,-0.9499743121976414,3,High-Selling / Low-Margin Products
-3.1841713580520388,-0.2866783768657153,1,Low-Performance Products
-1.3856450118668546,1.4719950449496682,0,High-Margin Products
-1.5270778269386955,0.7858597261622254,1,Low-Performance Products
-1.7624039742778808,2.234521751105782,0,High-Margin Products
-0.9027052046963784,-0.821083405478109,3,High-Selling / Low-Margin Products
-1.6035819485492067,0.8484941003358711,1,Low-Performance Products
1.6015356969022068,-0.011693353821962243,2,High-Value Products
-2.061675325124154,0.0649706458465849,1,Low-Performance Products
0.9114157774932933,0.17637543680060996,0,High-Margin Products
-1.3425045283209827,-0.3249132222308441,3,High-Selling / Low-Margin Products
2.3581630976651526,-0.6182830203967691,2,High-Value Products
-0.06548193161255611,0.6862869131356482,0,High-Margin Products
0.33858208470813256,-0.6663544423475487,3,High-Selling / Low-Margin Products
1.6491736903746441,0.9414700557138959,2,High-Value Products
-0.26981548468960137,0.5386497613173078,0,High-Margin Products
0.8180035901156663,1.239128182686361,0,High-Margin Products
1.7935544064605862,-1.2591442927079288,2,High-Value Products
-0.8172743913817466,0.7862411770586926,0,High-Margin Products
3.298467389745365,0.18746692728922862,2,High-Value Products
-0.35424861603615365,3.029162130039975,0,High-Margin Products
2.231588792939453,0.3951035060598878,2,High-Value Products
-1.7454154681640068,-1.1494377247987353,1,Low-Performance Products
-0.8811087461637964,-0.08904291196152764,3,High-Selling / Low-Margin Products
-1.8656297361230765,0.6338486526822115,1,Low-Performance Products
-4.560387637059454,0.1663655611147218,1,Low-Performance Products
1.3553659619753122,-1.2716792334881564,3,High-Selling / Low-Margin Products
-1.9924659581145414,-0.4530471364744144,1,Low-Performance Products
1.2972770922162629,1.5723961470191408,0,High-Margin Products
0.39406899926100386,-0.443137731495803,3,High-Selling / Low-Margin Products
0.8076402184853269,-1.5007045358293345,3,High-Selling / Low-Margin Products
0.8292965266114493,1.3239203011166976,0,High-Margin Products
4.812356916819059,-0.8288273426416441,2,High-Value Products
1.2665294233924056,0.32353731958412724,2,High-Value Products
-0.8652123787941316,-0.45340173414069584,3,High-Selling / Low-Margin Products
2.153030046467656,-0.6394961124124727,2,High-Value Products
0.25683929111689213,-1.2289237413666294,3,High-Selling / Low-Margin Products
0.3382139336184008,-1.5864150464817293,3,High-Selling / Low-Margin Products
-0.05974916210915236,0.6391847494401394,0,High-Margin Products
-1.0030994828229496,-0.12593389180038764,3,High-Selling / Low-Margin Products
-1.4249340513434674,-0.8568793075530425,3,High-Selling / Low-Margin Products
0.5918732654827703,0.5790019725496564,0,High-Margin Products
1.6163290390758858,0.9923824432770906,2,High-Value Products
0.9025439565882147,1.1107193316609933,0,High-Margin Products
-1.2523126099705117,1.035003875794149,0,High-Margin Products
2.4248692680885684,-2.5049311210791845,2,High-Value Products
-1.2683560942467194,-2.217054787040196,3,High-Selling / Low-Margin Products
0.9419978204869118,-0.777751425331554,3,High-Selling / Low-Margin Products
-2.924557839951518,-1.5507270135114684,1,Low-Performance Products
3.214141079614186,-0.19423159692557557,2,High-Value Products
0.5174740974516119,1.5213636301151394,0,High-Margin Products
1.3659479972956197,-0.6621452726159627,2,High-Value Products
-2.442239715141602,-0.4577735067963359,1,Low-Performance Products
-0.30510962178236917,-2.3027759206050176,3,High-Selling / Low-Margin Products
2.043251901818786,-0.7800301654563949,2,High-Value Products
0.9074990541491469,1.6506892404595197,0,High-Margin Products
0.8398168712821391,-0.7788861946429805,3,High-Selling / Low-Margin Products
-0.3137701730577878,-1.267095157522989,3,High-Selling / Low-Margin Products
-0.8403996669861656,-1.609975102077583,3,High-Selling / Low-Margin Products
-2.6375786869909814,-0.6343259121282748,1,Low-Performance Products
-2.048483669377572,-0.5190575973630549,1,Low-Performance Products
0.5576021124772917,-1.5767401448729554,3,High-Selling / Low-Margin Products
-0.5450028688814305,0.23754833724777388,0,High-Margin Products
3.0213737799845783,-0.4605659518005444,2,High-Value Products
0.17877071237339823,-0.7552949520713225,3,High-Selling / Low-Margin Products
-2.5499950048126827,-0.046939704926322316,1,Low-Performance Products
0.817807169647689,0.8396018875630289,0,High-Margin Products
0.6688022407473274,1.431480632865105,0,High-Margin Products
-0.7760395588600689,0.8604627372430423,0,High-Margin Products
-4.496067079921947,0.09037733685925227,1,Low-Performance Products
0.5419506043247602,-1.5379912108870242,3,High-Selling / Low-Margin Products
-0.4154133764493276,1.6962295697741274,0,High-Margin Products
-1.6917095817789125,0.9581476144886516,1,Low-Performance Products
0.6974575849242213,2.515240565549603,0,High-Margin Products
0.5346034560552931,0.07974642761704903,0,High-Margin Products
2.7672996328502024,-0.1502511745653556,2,High-Value Products
2.84545107952993,0.5025878005796969,2,High-Value Products
2.6605927326317005,-0.8510808357646262,2,High-Value Products
2.5514319428525094,1.2214960468355855,2,High-Value Products
-2.825328029478423,0.8782163894860461,1,Low-Performance Products
-0.0679042492924696,0.2050708924261277,0,High-Margin Products
-2.036727399629976,0.014252656963924765,1,Low-Performance Products
0.10547407969894075,-0.0015924720027229305,0,High-Margin Products
1.148313143392247,0.8108103407172915,0,High-Margin Products
0.9182628451707131,-0.25845239716891777,3,High-Selling / Low-Margin Products
0.7752885162934756,1.3551392330480228,0,High-Margin Products
0.20964991925508134,1.0672236928126402,0,High-Margin Products
1.7635578562824585,0.9815843353342851,2,High-Value Products
-1.0293588678118344,1.7800008314636884,0,High-Margin Products
4.899718022065826,1.565558294608423,2,High-Value Products
1.8164820701316196,1.2574596091737595,2,High-Value Products
1.4558131054719843,-0.2793882991184735,2,High-Value Products
-2.478803219488901,-1.1239418986562268,1,Low-Performance Products
1.6247120881932515,0.499068753792772,2,High-Value Products
-0.5038473890973837,-0.12659165091197566,3,High-Selling / Low-Margin Products
0.772469138905515,-0.9072666894179612,3,High-Selling / Low-Margin Products
0.9336751524324365,0.544445080654639,0,High-Margin Products
0.8716498554754087,0.7444904582724851,0,High-Margin Products
0.044727436851054146,1.1217305431575553,0,High-Margin Products
-0.6841169590652446,0.16472547100766613,0,High-Margin Products
2.7518376785689145,-1.077218843856916,2,High-Value Products
0.3625601019838625,0.3072077158321491,0,High-Margin Products
3.0390851281952656,-0.5821821262563512,2,High-Value Products
-1.9528850221668537,0.21695724457151655,1,Low-Performance Products
2.7833195284952765,0.8265556545169401,2,High-Value Products
-1.828055446620662,1.0446599820425335,1,Low-Performance Products
1.5700633644251227,1.81704516283009,0,High-Margin Products
-1.2881984077119324,-0.19638684435072215,3,High-Selling / Low-Margin Products
-2.9431244514206982,-1.2717142268459143,1,Low-Performance Products
-1.038700215143272,-1.5580251235491311,3,High-Selling / Low-Margin Products
2.7968477807296424,-0.0342588283396229,2,High-Value Products
-5.1930868767606455,-0.46799042232142046,1,Low-Performance Products
-3.0234863833205243,-0.2457872413028396,1,Low-Performance Products
2.9639180225637087,-0.1341830407794438,2,High-Value Products
-0.579788041683911,0.8758908162056195,0,High-Margin Products
6.102247229109483,-0.35298484632957317,2,High-Value Products
-1.580748265989383,-0.41904955817262823,1,Low-Performance Products
2.1302612536012413,-1.7132384194017023,2,High-Value Products
0.8593257453616095,-0.029710984669939947,0,High-Margin Products
-2.2977352378845466,-1.1061451026543403,1,Low-Performance Products
-1.2359782432860573,-0.40554591700226167,3,High-Selling / Low-Margin Products
-0.8627417246391869,-1.0823164541529742,3,High-Selling / Low-Margin Products
3.184471088956928,-1.2426870626661202,2,High-Value Products
-0.08889676588976111,0.4047118197031756,0,High-Margin Products
0.26487132060958585,-0.4591681885695298,3,High-Selling / Low-Margin Products
0.6949842574435325,-0.6370573357260186,3,High-Selling / Low-Margin Products
0.07867217639119888,-0.07724499117384871,0,High-Margin Products
0.49703213975350274,-1.470080565629478,3,High-Selling / Low-Margin Products
1.592522230792899,0.4662450483946601,2,High-Value Products
0.4974120581652402,-1.932574551913619,3,High-Selling / Low-Margin Products
-0.8903299403518946,-0.27491668668274644,3,High-Selling / Low-Margin Products
1.1686948089676017,1.2745740656091897,0,High-Margin Products
2.8506522190355867,-0.6299703343245556,2,High-Value Products
2.06552934519239,-0.00037349862287696484,2,High-Value Products
0.6923187350268216,0.5948070442821546,0,High-Margin Products
0.5587667964899505,0.2571647056462033,0,High-Margin Products
1.547396673624272,-0.16581664210858296,2,High-Value Products
0.5378651209418416,-0.8452639020164207,3,High-Selling / Low-Margin Products
0.1303673775413898,-0.2904747085473529,3,High-Selling / Low-Margin Products
1.5021886158015023,-0.7713964470653879,2,High-Value Products
2.458028539249013,0.11854850992605988,2,High-Value Products
-2.412636142360545,-0.06501848629678261,1,Low-Performance Products
-3.485949827785963,-0.9382232908209381,1,Low-Performance Products
3.781562861647537,0.16582548311440942,2,High-Value Products
2.5952171929875743,-0.41316556151890016,2,High-Value Products
2.3915085721321447,1.6076939349424622,2,High-Value Products
3.005605903607265,-2.4215691478792847,2,High-Value Products
0.44511061381767275,-1.28165121578625,3,High-Selling / Low-Margin Products
2.906612883934087,-1.2348237333103917,2,High-Value Products
0.46646036607732827,0.26204755334953606,0,High-Margin Products
-2.124900334124918,-0.16692002039430728,1,Low-Performance Products
-1.7714455673074208,1.0341024373782295,1,Low-Performance Products
-0.6560317192455657,0.6962260166788696,0,High-Margin Products
1.9367584959911657,0.06477022963885293,2,High-Value Products
2.5187602467754604,-2.5622636508184393,2,High-Value Products
-1.252586064449047,-0.19412304479453554,3,High-Selling / Low-Margin Products
-0.4447574312044736,0.47194238877637296,0,High-Margin Products
-5.124520597697166,0.878265190430893,1,Low-Performance Products
2.2469525116133475,-0.17248989837038833,2,High-Value Products
1.8644967336534235,-0.8688387435257138,2,High-Value Products
3.9426403850441156,-0.43483642009618484,2,High-Value Products
0.771957295216552,-0.4143463552520475,3,High-Selling / Low-Margin Products
-2.6521569322478498,-0.4579400074586552,1,Low-Performance Products
-0.18352224398764522,1.9301922171320178,0,High-Margin Products
0.8191008871488831,-0.07975475979661417,0,High-Margin Products
3.548092833812122,0.6302677159611347,2,High-Value Products
1.1869859295467122,1.1029827681148088,0,High-Margin Products
-0.18744030723989522,1.020028858129266,0,High-Margin Products
3.3119219210634854,1.7476756555155548,2,High-Value Products
-2.9863011770512933,-0.10178683337329647,1,Low-Performance Products
-0.8670329987335608,1.9580563001265596,0,High-Margin Products
-0.06922383046132077,-1.335767349493427,3,High-Selling / Low-Margin Products
-5.323559348047695,1.8561111269810082,1,Low-Performance Products
-4.0333948807822235,-0.24750168543106113,1,Low-Performance Products
-1.0608468289726534,-0.6330872708022564,3,High-Selling / Low-Margin Products
0.9094527121166859,0.7423822304906829,0,High-Margin Products
-0.07032530290945277,-1.8547609364349842,3,High-Selling / Low-Margin Products
2.022020435042531,1.5878437387722348,2,High-Value Products
-0.5766011537294546,-1.7579730668751699,3,High-Selling / Low-Margin Products
-1.388145683726776,1.3892594908085565,0,High-Margin Products
2.1690095891720107,-1.2299594496785133,2,High-Value Products
1.505971270028678,1.9127452019195823,0,High-Margin Products
-2.1189246926518583,-1.7582427124508957,1,Low-Performance Products
-0.4242275778345548,0.05249255340950112,0,High-Margin Products
-0.5826575205381017,-0.840832927179373,3,High-Selling / Low-Margin Products
-2.933849865196921,1.2451669665430536,1,Low-Performance Products
-1.242204258207922,1.102261620928369,0,High-Margin Products
2.1954094352143674,-1.756922905675232,2,High-Value Products
1.988152776911598,-1.221309794523052,2,High-Value Products
4.275341043529689,-0.5552989395490888,2,High-Value Products
2.1833317352785513,-0.5739077965745764,2,High-Value Products
1.948657063692014,0.42254459853347354,2,High-Value Products
1.5414683869481982,0.5015848131168635,2,High-Value Products
0.4828605438022897,-0.2798891245762335,0,High-Margin Products
-2.1521576289799853,0.4308502982677809,1,Low-Performance Products
0.002177924505751845,1.6531488906606644,0,High-Margin Products
-0.7052787791152394,-0.8073606656714731,3,High-Selling / Low-Margin Products
-1.3220805988473656,-1.6554626607877905,3,High-Selling / Low-Margin Products
-1.4766789642520184,0.005761533814350949,1,Low-Performance Products
-0.10319621061449956,0.7777196702006911,0,High-Margin Products
-1.4269046294069614,1.1176599115102237,0,High-Margin Products
-1.5548721391895055,-0.5416564327537663,1,Low-Performance Products
-0.7757396040661498,-0.3704291708873521,3,High-Selling / Low-Margin Products
1.678686529048411,0.5104370337727544,2,High-Value Products
-3.103646487677755,0.350606557262718,1,Low-Performance Products
3.4209515269164767,-1.3500931744641538,2,High-Value Products
-0.9047673716881033,0.4400442172221628,0,High-Margin Products
-2.52835955408406,-0.011746998940351631,1,Low-Performance Products
-0.7467545682391157,0.7396988632259235,0,High-Margin Products
1.869904559926164,2.0649001241632345,0,High-Margin Products
1.0111205904149123,-0.015836428346731293,0,High-Margin Products
-1.4774748888171598,-1.2471101724980753,3,High-Selling / Low-Margin Products
-0.21029567511060238,0.38136154656879473,0,High-Margin Products
0.9962617907968014,0.14476961211297398,0,High-Margin Products
-0.41194080576700254,-0.221477707830517,3,High-Selling / Low-Margin Products
0.9779712103994058,0.5786652524827843,0,High-Margin Products
-0.1411329714520284,0.0924497256587202,3,High-Selling / Low-Margin Products
2.790584727965741,-2.354392197794927,2,High-Value Products
-1.003242491352954,1.610334218386411,0,High-Margin Products
-3.5086535386498086,1.040972101513598,1,Low-Performance Products
-0.22129901789543677,0.5902390882955919,0,High-Margin Products
0.9713882909288574,0.09163328231297754,0,High-Margin Products
1.437460872737079,1.5083328992663068,0,High-Margin Products
2.4743576628520287,-2.280172643911386,2,High-Value Products
-3.0333502585570424,0.20113524625917384,1,Low-Performance Products
-1.0768554125343814,0.8426059799702796,0,High-Margin Products
-0.7778370872087367,0.8855956743363922,0,High-Margin Products
2.9448488583495243,0.48998354415041984,2,High-Value Products
-2.5589574102776536,0.961289943325367,1,Low-Performance Products
1.2249051627320693,1.664821078798923,0,High-Margin Products
-1.1865361266430052,-1.6935267582079505,3,High-Selling / Low-Margin Products
-1.7746272523426354,0.8266301592717862,1,Low-Performance Products
-0.8029711532980228,-1.1802145260474912,3,High-Selling / Low-Margin Products
-1.9526469519158085,0.45569141168877736,1,Low-Performance Products
-0.1464070644308049,-1.259562770297554,3,High-Selling / Low-Margin Products
-1.8880195426265118,0.3058932806348043,1,Low-Performance Products
1.1404849778532122,0.1587750585302955,0,High-Margin Products
1.9638403580646564,0.9535666751016248,2,High-Value Products
-0.2785251744657144,-1.3340985414347941,3,High-Selling / Low-Margin Products
0.2055183078283284,-0.11392729424887084,3,High-Selling / Low-Margin Products
2.4631095761774318,-0.4362235647978373,2,High-Value Products
-0.11922228765223819,0.1795909909564792,0,High-Margin Products
-0.13673053267297555,0.33180275133310505,3,High-Selling / Low-Margin Products
0.2576987839974806,-1.5936662239664967,3,High-Selling / Low-Margin Products
-5.124632788785,-0.08065515805023113,1,Low-Performance Products
3.7411397321695032,-2.136215185880994,2,High-Value Products
3.908935731723761,0.16763471632808913,2,High-Value Products
0.31353882437812564,0.8415302327550512,0,High-Margin Products
0.1252535824814469,3.446029798366259,0,High-Margin Products
1.539249670858535,1.8687865142974995,0,High-Margin Products
2.8502794345572844,1.6455800760963646,2,High-Value Products
-1.5770596344917631,-0.024498753312725646,1,Low-Performance Products
-2.5999164528671472,-0.3394694194869746,1,Low-Performance Products
-0.7536450469685964,-1.017542009684792,3,High-Selling / Low-Margin Products
1.4446522755586508,-0.4341427514418877,2,High-Value Products
-4.8593288383696525,-0.6696307615838857,1,Low-Performance Products
1.9293008506050981,-0.8887089620843424,2,High-Value Products
-0.6144310262521838,-1.7746670462940664,3,High-Selling / Low-Margin Products
1.1188859773282611,-1.323576597847188,3,High-Selling / Low-Margin Products
3.3243426685027266,0.2877744729373598,2,High-Value Products
-1.1357949123780766,0.4196860091130604,0,High-Margin Products
-0.39871942754745804,-0.9649930669049901,3,High-Selling / Low-Margin Products
0.4983131499497367,0.8971868724353953,0,High-Margin Products
1.3989703417149069,0.06852475566513938,2,High-Value Products
-0.3069158862803551,-1.2350130331800944,3,High-Selling / Low-Margin Products
-0.9777884430658589,0.024567488903407857,3,High-Selling / Low-Margin Products
2.5181472808332894,-0.14533708964093917,2,High-Value Products
1.4239568942555065,1.4248744949580465,0,High-Margin Products
-2.5029612183862033,-0.37105970124560167,1,Low-Performance Products
3.191705342937749,0.26456217657872544,2,High-Value Products
-0.3315423098355362,-1.0210523789745525,3,High-Selling / Low-Margin Products
3.1023498795670728,1.083067654797409,2,High-Value Products
-1.608229818445626,-2.015302268016289,3,High-Selling / Low-Margin Products
1.805395343837529,0.5885581774026128,2,High-Value Products
2.116701486756388,0.9548709044263799,2,High-Value Products
4.5405849789194725,-1.1939081085817582,2,High-Value Products
0.9581474924667066,-0.6552590220365956,3,High-Selling / Low-Margin Products
-2.3778792399047366,-0.3873646576388223,1,Low-Performance Products
-1.1484542055223965,-0.5206940795600543,3,High-Selling / Low-Margin Products
0.5312241849497338,1.2193557754566853,0,High-Margin Products
2.199488025775171,-0.8754295907870924,2,High-Value Products
-1.3702044021790045,-1.2512623490426953,3,High-Selling / Low-Margin Products
-2.969813800229828,1.6148883383136787,1,Low-Performance Products
1.2779497536250843,2.103300618040709,0,High-Margin Products
0.6768516679602956,0.7292424619144519,0,High-Margin Products
-0.7645571948083526,-2.2689804856456237,3,High-Selling / Low-Margin Products
-0.6845843297527472,-2.059255518789596,3,High-Selling / Low-Margin Products
0.4514334618570356,0.9003974539614716,0,High-Margin Products
1.1310086709507567,0.16026532563840473,2,High-Value Products
-0.4882257573593812,-0.09472366189145899,0,High-Margin Products
2.168287478619337,1.556173804072528,2,High-Value Products
-1.4445559516367155,0.9474709235088858,1,Low-Performance Products
1.503023410884262,-1.9370240010802882,3,High-Selling / Low-Margin Products
-1.2571769252711333,-0.4537087374946096,3,High-Selling / Low-Margin Products
-1.4045824306436376,-1.124361539904305,3,High-Selling / Low-Margin Products
0.2108499499973263,0.0637358759870964,0,High-Margin Products
2.7874929090189515,-0.27412255099043475,2,High-Value Products
-1.9977979948367304,-1.0099320359487036,1,Low-Performance Products
2.1280169581148005,-0.8141603485192748,2,High-Value Products
0.624873959210101,-2.5095458545706983,3,High-Selling / Low-Margin Products
0.6502008279889304,0.8854650671358982,0,High-Margin Products
-2.132614420637627,-0.326218243373763,1,Low-Performance Products
0.031761565402890886,0.22759869476616207,0,High-Margin Products
0.4231100259875496,0.22380205698528535,0,High-Margin Products
1.5323410832605124,1.2596540803290508,0,High-Margin Products
5.098452851170798,-1.001046635374278,2,High-Value Products
1.5688214576954675,0.6565630712092485,2,High-Value Products
0.2758887858128163,0.033218442441471624,0,High-Margin Products
3.3226651595363066,0.958880221871027,2,High-Value Products
1.9219704418880674,0.9020722549807991,2,High-Value Products
-1.534864455974196,-0.7665287510109188,3,High-Selling / Low-Margin Products
-1.6985628380689164,-1.3219962059039927,3,High-Selling / Low-Margin Products
0.6734096811067907,2.868245273408809,0,High-Margin Products
0.28542795753714156,0.8650527511227096,0,High-Margin Products
2.437328033826168,0.9910605899392484,2,High-Value Products
-4.610199755377287,0.4849422966052729,1,Low-Performance Products
2.9623034695508608,-0.0022803686058382915,2,High-Value Products
-1.7536195981342018,-1.594989493405261,3,High-Selling / Low-Margin Products
0.16353810338233446,1.0224935384222553,0,High-Margin Products
0.09683824197949553,-0.7069259327307403,3,High-Selling / Low-Margin Products
2.65914246433175,-2.3499446250425273,2,High-Value Products
0.858758390873028,-1.9293595286173837,3,High-Selling / Low-Margin Products
1.2328530396705122,0.17108976614342636,2,High-Value Products
0.34910161753695923,0.9159841439173508,0,High-Margin Products
1.4042814247419433,0.837240829829719,0,High-Margin Products
0.40446683291073265,1.2795310249923413,0,High-Margin Products
0.6171177185841822,1.75000292383583,0,High-Margin Products
-3.2304412784000123,0.6748524902046885,1,Low-Performance Products
-5.496845328136859,1.7248761368369847,1,Low-Performance Products
1.705984662594234,1.7191565683003363,0,High-Margin Products
-1.1954023359844999,0.4451333273436252,0,High-Margin Products
-1.068936080927135,0.45300470653978536,0,High-Margin Products
0.2482002439974312,-0.2801098041088838,3,High-Selling / Low-Margin Products
1.0558253033365634,-1.7958118079040264,3,High-Selling / Low-Margin Products
0.5529537475621331,1.1974734503814646,0,High-Margin Products
-1.7171789134392272,1.6632778849739054,1,Low-Performance Products
-1.0050910909666972,1.9621250353041086,0,High-Margin Products
-0.5579258322573072,0.7986191708328718,0,High-Margin Products
2.431987318649121,-1.009678649190343,2,High-Value Products
0.7747210918040575,0.6234043279839837,0,High-Margin Products
-0.7780837443163541,-0.909262636543278,3,High-Selling / Low-Margin Products
3.2583388929682395,-0.1283243755749164,2,High-Value Products
2.0267992870665017,0.8020363909467668,2,High-Value Products
0.6983063051797357,-1.1249166155022592,3,High-Selling / Low-Margin Products
-0.23648884299722123,-0.6778296049234396,3,High-Selling / Low-Margin Products
-2.3366511285893985,0.6741831120965616,1,Low-Performance Products
2.944531330798071,-0.1326655189331574,2,High-Value Products
1.1101544264867018,0.6300027207119097,0,High-Margin Products
1.401122786314073,1.2479914039300068,0,High-Margin Products
0.071250488584505,-1.1093891524643598,3,High-Selling / Low-Margin Products
-1.4220800207596738,-1.5457343692911802,3,High-Selling / Low-Margin Products
-2.2711957639715252,-0.9170791017825326,1,Low-Performance Products
2.0666670052348137,-1.6151705200707676,2,High-Value Products
-0.5272686551110144,-0.6505872275483497,3,High-Selling / Low-Margin Products
1.5527325918442614,-0.09016141619411502,2,High-Value Products
0.90608182849045,-0.527737581788136,3,High-Selling / Low-Margin Products
-0.8331518532923833,0.3286445128920043,0,High-Margin Products
1.7115580963326253,-0.09297472160235666,2,High-Value Products
-4.044612987510574,0.6231026847970528,1,Low-Performance Products
-1.9350058383545665,0.7859119994734394,1,Low-Performance Products
0.09604115593871934,-1.1140435786629104,3,High-Selling / Low-Margin Products
1.7831798278485294,-0.13258530147564798,2,High-Value Products
0.6026726635662967,-0.5199352179273333,3,High-Selling / Low-Margin Products
0.034726523501236346,-1.330259980932667,3,High-Selling / Low-Margin Products
-0.2881569625399128,0.14754959446944124,0,High-Margin Products
1.0157900557020114,-1.5756819035212402,3,High-Selling / Low-Margin Products
0.2900537188267385,0.2944645565790063,0,High-Margin Products
-2.0870882210318027,-1.780639014847541,1,Low-Performance Products
-0.8115673173059021,-0.5977078856571991,3,High-Selling / Low-Margin Products
-1.2064831997895227,-0.9320110870358234,3,High-Selling / Low-Margin Products
-0.5853242814417615,-0.4683887771770092,3,High-Selling / Low-Margin Products
0.33848503310949424,1.4555296328797869,0,High-Margin Products
-0.4562520252427065,-1.5899349151061926,3,High-Selling / Low-Margin Products
1.4888485311714508,2.2401863300373885,0,High-Margin Products
-1.8908113358639864,-0.08489396542065773,1,Low-Performance Products
2.7571812650606895,0.05683140170452708,2,High-Value Products
1.0403305670151595,0.06149656023810749,0,High-Margin Products
2.285559317347516,0.3502101807901072,2,High-Value Products
1.4795218121627192,0.6930962700623224,2,High-Value Products
-1.0366151926351037,-1.8621772845949682,3,High-Selling / Low-Margin Products
-1.4234767107971884,0.6629788684557479,1,Low-Performance Products
0.38152632709862927,0.5733625599106468,0,High-Margin Products
1.3551683258192055,0.38668625626825237,2,High-Value Products
-1.3171433357139677,0.6469110455874637,1,Low-Performance Products
1.8958055659637336,-0.06862920682041385,2,High-Value Products
-1.0713438699293647,-1.0015759047013926,3,High-Selling / Low-Margin Products
1.7673643394232268,-1.054238139111011,2,High-Value Products
1.0452328601161205,-1.6230598515205086,3,High-Selling / Low-Margin Products
3.2764516621737907,0.5849623447387997,2,High-Value Products
-0.07834308972851603,-0.4211522602804802,3,High-Selling / Low-Margin Products
1.7337407486400103,0.05012361282170728,2,High-Value Products
0.6796044673603887,-2.2889141893037115,3,High-Selling / Low-Margin Products
0.4762736700965081,0.6896498253548727,0,High-Margin Products
-0.9129088521085393,-1.1380190995264172,3,High-Selling / Low-Margin Products
-1.617617048235495,-1.5273036856984226,3,High-Selling / Low-Margin Products
-2.546088334928974,-0.6895339038689025,1,Low-Performance Products
-0.5255157679537934,-1.8084720178666753,3,High-Selling / Low-Margin Products
-2.2668381201983903,-0.6655757205030304,1,Low-Performance Products
-1.0186135702765684,0.8082726261682963,0,High-Margin Products
-2.9577938093485936,-0.6013550043936126,1,Low-Performance Products
-1.182747141415797,-1.0545896155894263,3,High-Selling / Low-Margin Products
-0.35808141951178674,1.75174590664037,0,High-Margin Products
-0.6734795806355587,1.8959717399478204,0,High-Margin Products
-0.16570837412256262,-0.5751621653243613,3,High-Selling / Low-Margin Products
2.0521577017438957,1.1968443727005686,2,High-Value Products
-2.777631890550909,0.31157021250417605,1,Low-Performance Products
0.17065256939645504,-0.661920796034514,3,High-Selling / Low-Margin Products
2.5018752484028792,0.39628907824441156,2,High-Value Products
2.4970746253284664,1.1210901341372863,2,High-Value Products
0.061073953187163556,1.6334803178951895,0,High-Margin Products
2.725745928840922,1.0535403824987357,2,High-Value Products
3.5456703389759032,-0.8267023687083094,2,High-Value Products
-1.763459561477204,-2.413425694849788,3,High-Selling / Low-Margin Products
-0.69924719197708,0.4580670644897049,0,High-Margin Products
-0.1194528486833779,0.06277318171224908,3,High-Selling / Low-Margin Products
-0.6791089333515969,0.4708216811071864,0,High-Margin Products
0.9904086608648178,-0.5213962511447806,3,High-Selling / Low-Margin Products
-0.2954748715120768,-0.9146804480314318,3,High-Selling / Low-Margin Products
-1.4645637038240111,-0.5537630654460652,1,Low-Performance Products
4.278912312910089,-1.4123349335543052,2,High-Value Products
0.18762818989479396,0.22340474972435267,0,High-Margin Products
0.9260748903169815,1.4020877335939776,0,High-Margin Products
-0.22551665015207448,0.5556126465300704,0,High-Margin Products
-2.6721830216462097,-0.4229738718939985,1,Low-Performance Products
-0.25139356457808654,0.05635457809860187,3,High-Selling / Low-Margin Products
4.879965978051352,0.12320455900715227,2,High-Value Products
0.5017900386900964,-0.8610403587903366,3,High-Selling / Low-Margin Products
-3.690042601712217,0.32889230383018603,1,Low-Performance Products
1.3494537302749892,0.015998139077325356,2,High-Value Products
-2.017161899812551,0.3527844810477063,1,Low-Performance Products
1.3394906491066716,-0.5242009272668264,2,High-Value Products
-1.0845425675808598,0.6600693948094183,0,High-Margin Products
-2.2363592768719487,1.16867220375274,1,Low-Performance Products
-1.8202610496059126,0.0930015235292366,1,Low-Performance Products
-0.23779285997137234,0.7163186276758544,0,High-Margin Products
3.776766768727307,-0.630697791147709,2,High-Value Products
2.485100234479418,-2.007724612764493,2,High-Value Products
2.616806603223797,1.422556959978203,2,High-Value Products
0.4304941912417147,0.7853199041582057,0,High-Margin Products
-1.4545803037401936,-1.6057776608515772,3,High-Selling / Low-Margin Products
-0.4431987012562913,-0.34149323154124445,3,High-Selling / Low-Margin Products
0.24579855468431602,0.09987640066778446,0,High-Margin Products
1.4093022260133439,-0.8149007547610564,2,High-Value Products
-1.8877775271582602,1.117445433372697,1,Low-Performance Products
-0.7349864860632537,-0.3839925318394047,3,High-Selling / Low-Margin Products
0.17923001226383264,0.40377289175611164,0,High-Margin Products
0.5903538034634356,-0.06737435059028439,3,High-Selling / Low-Margin Products
1.1954724495997038,1.2078041675978473,0,High-Margin Products
-1.7827673282915308,0.1641056268312618,1,Low-Performance Products
-0.7779941180374201,0.4564854266068632,0,High-Margin Products
0.2110437534959393,1.6333891273041987,0,High-Margin Products
0.017280651898325172,-0.07024317098093379,3,High-Selling / Low-Margin Products
-1.4886744294035372,-0.5141521568090363,3,High-Selling / Low-Margin Products
-3.2411384480971113,-0.566388242026708,1,Low-Performance Products
-0.08068373610461277,-1.0665758986940592,3,High-Selling / Low-Margin Products
0.45968909646350453,1.719933283467239,0,High-Margin Products
0.3273953918735146,-1.8405009465306832,3,High-Selling / Low-Margin Products
0.5193336504645035,0.03433762487691054,0,High-Margin Products
1.6929332268103556,-0.39051769031115235,2,High-Value Products
0.010588701685075473,-2.317522592441058,3,High-Selling / Low-Margin Products
-2.1965436509821106,-0.241332771410453,1,Low-Performance Products
-2.322428038750135,-1.1117171968372042,1,Low-Performance Products
3.0044957482551564,-2.8139388037800637,2,High-Value Products
0.5439333931830166,-0.5918923332575784,3,High-Selling / Low-Margin Products
-3.1353845393838404,-1.4210543613724722,1,Low-Performance Products
0.20472633483873343,-0.9326978825340635,3,High-Selling / Low-Margin Products
-0.30251853904888987,1.0695973041935891,0,High-Margin Products
-4.424942833383869,-0.7623844603052784,1,Low-Performance Products
0.31295250277967046,-0.3281718196197368,3,High-Selling / Low-Margin Products
0.09607506411173096,0.7312286900373467,0,High-Margin Products
0.031584857372986934,0.7979321933426877,0,High-Margin Products
-0.9662742688994582,-0.3767495073657158,3,High-Selling / Low-Margin Products
-0.6528719324201365,2.150107815820769,0,High-Margin Products
-0.9087764047692638,-1.4880558353038216,3,High-Selling / Low-Margin Products
-1.5750369942921691,0.5052745475983326,1,Low-Performance Products
1.358402228594524,-2.242622076335021,3,High-Selling / Low-Margin Products
0.12107930763560777,-1.224475062138967,3,High-Selling / Low-Margin Products
-2.8664424311119676,0.11651747637800022,1,Low-Performance Products
0.7685963645252752,0.6208643443339822,0,High-Margin Products
0.7493871894663917,1.687235272392194,0,High-Margin Products
-1.1767100933185521,-0.42312298453918434,3,High-Selling / Low-Margin Products
1.512906347481797,-0.8238587908901185,2,High-Value Products
0.016567327048057582,-0.4243196089226695,3,High-Selling / Low-Margin Products
3.210695633442221,0.14380456808491224,2,High-Value Products
-1.007361175132956,1.3993206316739948,0,High-Margin Products
-1.4513461435510766,0.3777553367655772,1,Low-Performance Products
-1.9300765593409193,2.8785721902635415,0,High-Margin Products
2.475070003513406,0.4611251943744565,2,High-Value Products
1.3006022606841645,0.6691880571982157,0,High-Margin Products
-1.7712124987464792,-0.6908833168909921,1,Low-Performance Products
1.4814577015365382,1.1620280757067667,0,High-Margin Products
-1.7253381127349319,0.5771913455892644,1,Low-Performance Products
-0.9324505775749943,0.26341170388243573,0,High-Margin Products
2.328141426584693,0.5583580140335642,2,High-Value Products
-1.2874517052553722,-1.5192199494209284,3,High-Selling / Low-Margin Products
4.235076150589701,0.8702245951258142,2,High-Value Products
-4.586508033938313,-0.2007429292024566,1,Low-Performance Products
2.7480157727909345,-0.34777882667280335,2,High-Value Products
0.3104993163060383,0.3957266519166533,0,High-Margin Products
-0.9351783388640904,-0.9110984846850119,3,High-Selling / Low-Margin Products
2.0870240818232535,-0.2695432662229817,2,High-Value Products
0.8327650746037156,-0.41369074195270233,3,High-Selling / Low-Margin Products
0.02884377322869998,-0.04519582091911364,0,High-Margin Products
4.330055880882812,1.5320697199754985,2,High-Value Products
-1.3497559092455784,0.7841747502747756,1,Low-Performance Products
-0.20530801358723966,0.8505866493922009,0,High-Margin Products
1.5762056992593259,1.4055107783118523,0,High-Margin Products
2.899725281039956,0.9299147216459814,2,High-Value Products
-0.8649575813737539,1.8895963206145756,0,High-Margin Products
-2.0827278955439734,-2.7983152040260526,3,High-Selling / Low-Margin Products
-0.047028220324972995,1.955007283249652,0,High-Margin Products
0.38365124757480595,-1.804560250778652,3,High-Selling / Low-Margin Products
0.1488470824958971,-0.6109369542403223,3,High-Selling / Low-Margin Products
0.1531586603761141,-0.03849096495257376,3,High-Selling / Low-Margin Products
3.09993973074702,-0.653390632184225,2,High-Value Products
2.5428938436105972,-0.25876685607736,2,High-Value Products
3.1461014909279705,1.825427266392073,2,High-Value Products
-1.8485628219213952,0.774062777757566,1,Low-Performance Products
0.015770310751583624,0.5598619142030684,0,High-Margin Products
0.9269598428756768,0.48924774188900894,0,High-Margin Products
0.8836374808953869,0.6621789745258012,0,High-Margin Products
-3.8136597561260452,0.09719112187872762,1,Low-Performance Products
0.40116594509798775,-1.1999267583610607,3,High-Selling / Low-Margin Products
0.04829397647552455,-1.1218148069795995,3,High-Selling / Low-Margin Products
-2.8122959189719707,-0.9069711782332132,1,Low-Performance Products
-0.928166678066914,0.33723783828838744,0,High-Margin Products
0.7021807767530654,-0.3235443789044045,3,High-Selling / Low-Margin Products
1.942841496599998,-0.03369078079167396,2,High-Value Products
-4.013015515152885,0.6852468520375632,1,Low-Performance Products
-1.1436577623085575,2.3039467902311115,0,High-Margin Products
-2.859067071137862,1.6157070947930672,1,Low-Performance Products
3.564195773850535,-0.06376586346575314,2,High-Value Products
-0.8510500067353325,-0.21493526848445155,3,High-Selling / Low-Margin Products
-1.9121712430148958,-1.5315473768155061,3,High-Selling / Low-Margin Products
-1.38213956737088,-1.5821178475329025,3,High-Selling / Low-Margin Products
0.09608324769119696,1.0641585082779799,0,High-Margin Products
-1.7444742992799636,-0.059553702916055246,1,Low-Performance Products
0.5216223485959373,-0.08077876063263129,0,High-Margin Products
-1.0846802453103657,1.4724322254611124,0,High-Margin Products
-3.9674102081913203,3.93537889992203,1,Low-Performance Products
-1.8694442467599972,-1.7268617970086992,3,High-Selling / Low-Margin Products
-0.38277755715328304,-1.223712457359364,3,High-Selling / Low-Margin Products
0.691312529650885,1.6516301824267,0,High-Margin Products
-3.9732422172938024,1.021804043722203,1,Low-Performance Products
0.009108375626362825,-0.5545404286373219,3,High-Selling / Low-Margin Products
-1.0752471529274268,-0.8144507075191937,3,High-Selling / Low-Margin Products
-1.5940313441710328,0.76089873279704,1,Low-Performance Products
1.6667784975590074,1.9131566117335888,0,High-Margin Products
-2.13379203141433,0.7844004361946704,1,Low-Performance Products
-3.570230002890815,-0.029013083504279197,1,Low-Performance Products
0.3559209300524859,-1.1141227344721492,3,High-Selling / Low-Margin Products
-0.9315396318649845,-0.6417300312215107,3,High-Selling / Low-Margin Products
2.101365527721924,1.0123193718500527,2,High-Value Products
0.7620252095466875,0.5356550004661069,0,High-Margin Products
1.1571820366846461,0.10047090162600451,2,High-Value Products
-1.6454880292106753,-0.38652403728613877,1,Low-Performance Products
-1.776949616902597,-0.6311813465445437,1,Low-Performance Products
1.4596875020031796,1.2918570559959845,0,High-Margin Products
-0.8805644326406377,-2.832546739078922,3,High-Selling / Low-Margin Products
-1.8272964881142773,-2.0310540938946606,3,High-Selling / Low-Margin Products
-3.3540359738786583,-0.8858985399130934,1,Low-Performance Products
-1.0183944108897844,0.1309654315954555,0,High-Margin Products
-1.802230305115027,1.2315924929372433,1,Low-Performance Products
3.239173190003333,-1.0365729032295412,2,High-Value Products
1.725099300584623,0.5093386491661245,2,High-Value Products
1.3436592857779661,-0.8954978098017153,2,High-Value Products
-0.5271344293553037,-0.1857466153010961,3,High-Selling / Low-Margin Products
1.6365878774288904,0.04764533108661809,2,High-Value Products
0.6176804651270484,0.499427622130813,0,High-Margin Products
-2.962246665929916,0.6185968337510648,1,Low-Performance Products
-1.2585858394436007,1.977647507768264,0,High-Margin Products
0.21924302979345614,-0.6403718522957198,3,High-Selling / Low-Margin Products
-4.68390694694293,0.03330976900653861,1,Low-Performance Products
-0.016171678883847088,1.3577420384694392,0,High-Margin Products
-0.8974984574040202,-0.8786579922212214,3,High-Selling / Low-Margin Products
0.2308100129767812,0.686133182553898,0,High-Margin Products
-1.3949475998554344,-0.4804204824944372,3,High-Selling / Low-Margin Products
-0.6783694831247917,-0.6051133012399338,3,High-Selling / Low-Margin Products
-0.18919551782641272,0.35417738620626865,0,High-Margin Products
-2.580592054368336,-0.3154109443310534,1,Low-Performance Products
3.927179727602051,-0.5837173864114908,2,High-Value Products
-0.5896777710234675,-0.18648656447145587,3,High-Selling / Low-Margin Products
2.446470049222697,-2.4843340657182553,2,High-Value Products
-0.09705204793524135,0.7137419927389607,0,High-Margin Products
-2.9456902910083103,2.117400148424837,1,Low-Performance Products
0.22870952226508093,-1.5353885165818166,3,High-Selling / Low-Margin Products
0.5004326174245828,0.4771336884620651,0,High-Margin Products
-2.184040401624813,0.8353593818037316,1,Low-Performance Products
-1.4130618061208997,1.1520081048448387,0,High-Margin Products
-0.3723343521718191,1.8977421527625455,0,High-Margin Products
-4.057499756278492,-1.0371800732794036,1,Low-Performance Products
-0.5373237984509105,-1.3715966306274607,3,High-Selling / Low-Margin Products
-1.8817903065929924,0.16549674893850985,1,Low-Performance Products
0.5435175330089766,1.882647839647363,0,High-Margin Products
2.4016996755485054,1.003413733338357,2,High-Value Products
-2.198932322197187,-0.8723280956548012,1,Low-Performance Products
-0.42692696517851214,0.4726248638070287,0,High-Margin Products
-1.3150242207556304,-0.5264944721286756,3,High-Selling / Low-Margin Products
-3.2756418110898573,1.5458729703115395,1,Low-Performance Products
-1.8702459452347857,1.3023620437578514,1,Low-Performance Products
1.836715374753895,-1.024191612119344,2,High-Value Products
-2.3204948303378456,0.6611124382917453,1,Low-Performance Products
0.7627965108079727,-1.1239928528118484,3,High-Selling / Low-Margin Products
2.307463019483897,-0.16127711225603633,2,High-Value Products
-0.615797353015335,0.14222878771049677,0,High-Margin Products
0.5485646316666175,0.3272746940801633,0,High-Margin Products
1.6581726700819388,0.280307703716083,2,High-Value Products
0.9694687609334974,-0.1608231078979891,0,High-Margin Products
-1.1542863030225101,1.2239460248892846,0,High-Margin Products
2.651224206450815,1.1767080793039169,2,High-Value Products
-0.7353355870541103,-1.9636980979755552,3,High-Selling / Low-Margin Products
0.21196645630619124,-0.9806803482260558,3,High-Selling / Low-Margin Products
-4.039153180361489,-0.6909022575869092,1,Low-Performance Products
4.498721556818834,0.08177307375070438,2,High-Value Products
1.1481977959931315,1.8344304215228762,0,High-Margin Products
0.22660545879214725,0.6658541831911308,0,High-Margin Products
-2.386096820270911,-0.6286128065142814,1,Low-Performance Products
-2.736423847544954,2.1489896053588713,1,Low-Performance Products
1.2373637569686462,0.7790730310237188,0,High-Margin Products
-0.8413205184931194,0.2659542593631579,0,High-Margin Products
-1.7508848752882322,-0.9172412938989929,1,Low-Performance Products
-0.16576126494398039,0.722960106564409,0,High-Margin Products
-1.4243103883994532,-0.00838320825807835,1,Low-Performance Products
4.985269815603495,-2.0899293528519802,2,High-Value Products
-3.592901317961002,-0.3932311856008104,1,Low-Performance Products
-0.3525022481932507,1.4695287747204537,0,High-Margin Products
2.398928303280452,1.1516833399869122,2,High-Value Products
2.029846943438316,-1.6529605475419877,2,High-Value Products
1.0720778243948972,0.7741778319264154,0,High-Margin Products
0.5282404377829993,-0.5152011692898655,3,High-Selling / Low-Margin Products
-0.03051942653077354,0.015739287943642002,0,High-Margin Products
1.0422932348778717,0.45953131357056315,0,High-Margin Products
-4.460662589555623,0.7802166701972091,1,Low-Performance Products
0.1339552175151576,-0.3570817639675082,3,High-Selling / Low-Margin Products
0.09820736233012899,-0.989909792194384,3,High-Selling / Low-Margin Products
-3.1231930297879065,-0.8566157655231348,1,Low-Performance Products
-0.7541547643653903,0.44684360204174234,0,High-Margin Products
0.4791246103902396,-0.7261982769177883,3,High-Selling / Low-Margin Products
-0.09945298692766756,-0.007323659249199193,3,High-Selling / Low-Margin Products
0.23018563086950386,-0.01716629524112787,0,High-Margin Products
2.3435847215990235,-1.0012494954520894,2,High-Value Products
-1.5978224309392812,0.5780713717972794,1,Low-Performance Products
0.6815336752175893,0.45509515861452177,0,High-Margin Products
-1.424903792289601,-2.447226115391341,3,High-Selling / Low-Margin Products
-1.9496945740035447,1.161601160234101,1,Low-Performance Products
-0.3143042602618943,0.2839586609798636,0,High-Margin Products
1.968983822690631,-0.16974505341971008,2,High-Value Products
-1.2638084319565792,-1.591872828941325,3,High-Selling / Low-Margin Products
-0.14728560200837928,-0.22394448021667396,3,High-Selling / Low-Margin Products
0.3673130372810878,-1.1963365861329207,3,High-Selling / Low-Margin Products
2.025492082547653,-1.3478325222379268,2,High-Value Products
-0.8608409003474734,0.46667443173342993,0,High-Margin Products
-0.06810538967269127,-0.3595166117102919,3,High-Selling / Low-Margin Products
-0.05411002667462781,-1.5308687998562123,3,High-Selling / Low-Margin Products
-0.30617460563287763,-0.9411497118038398,3,High-Selling / Low-Margin Products
-0.5637121798384628,0.12127461853790143,3,High-Selling / Low-Margin Products
0.00905706981855735,-0.20898162896814326,3,High-Selling / Low-Margin Products
1.1389141148095887,1.819039390168925,0,High-Margin Products
0.33418965946152923,0.8731840049812827,0,High-Margin Products
2.968706185508147,-0.7739584626853935,2,High-Value Products
0.36339778162567504,0.7400763093349132,0,High-Margin Products
0.6313034275496627,2.066024898351931,0,High-Margin Products
0.3371637580690163,-1.2715136224862371,3,High-Selling / Low-Margin Products
-0.10979548276857629,-0.985977867486451,3,High-Selling / Low-Margin Products
-0.1047301457177107,-0.31467852638881283,3,High-Selling / Low-Margin Products
-3.8308857859601098,-0.5472380229410607,1,Low-Performance Products
0.16319439807735295,-0.163358419756737,3,High-Selling / Low-Margin Products
-3.031355673018394,-0.9871369576922284,1,Low-Performance Products
1.7845705766993614,0.42187736457237873,2,High-Value Products
-1.981836365343454,0.4417590181441899,1,Low-Performance Products
1.9624898057259819,-0.2550210052902702,2,High-Value Products
0.9938704819276549,0.0922893738135525,0,High-Margin Products
-3.108457305387582,1.0662829246532959,1,Low-Performance Products
-2.0182253686997362,1.1101804387670837,1,Low-Performance Products
-0.8815632849591122,-1.5186169621363843,3,High-Selling / Low-Margin Products
-1.6511967976361266,-0.5545820675698939,1,Low-Performance Products
-0.6755097372470406,-1.6966069830369332,3,High-Selling / Low-Margin Products
1.295113622760904,0.016656719598495497,2,High-Value Products
1.5625872331617774,-1.0048807844370435,2,High-Value Products
1.4695906761284954,0.3632790494214208,2,High-Value Products
1.4066955085850905,0.8291843017794154,2,High-Value Products
1.137640452677831,0.09359058657328016,0,High-Margin Products
3.304451968445879,1.1050325810957924,2,High-Value Products
1.012981570400031,1.691497536258197,0,High-Margin Products
-2.027945053143578,-0.013213129693226617,1,Low-Performance Products
-0.7888457959276898,-1.1476599325187655,3,High-Selling / Low-Margin Products
-1.3610401999718724,1.6357932039567789,0,High-Margin Products
-0.8692499529909877,1.0576495025653656,0,High-Margin Products
-2.02978976716628,0.45860319065523875,1,Low-Performance Products
2.9091117211162607,0.6217740875748533,2,High-Value Products
1.3478991398974605,0.6782896226724507,0,High-Margin Products
-1.8216603267113989,0.4990374134287454,1,Low-Performance Products
-3.727938364560987,0.987417170395009,1,Low-Performance Products
-1.0653575684062058,-1.5528810371435977,3,High-Selling / Low-Margin Products
3.1806648625784195,0.6421091510475528,2,High-Value Products
1.4667628521818825,-1.6015613996364217,2,High-Value Products
1.6223080220518133,1.0459431432766029,2,High-Value Products
-2.1543488651516673,0.12399217036691403,1,Low-Performance Products
-1.2815420999333038,-0.8007562282305521,3,High-Selling / Low-Margin Products
3.0309188092953274,0.12172066225933023,2,High-Value Products
1.52289537047884,-1.6535358138922915,3,High-Selling / Low-Margin Products
-0.15503776801568972,1.6515874304567668,0,High-Margin Products
0.57605238346312,-0.4539312561588928,3,High-Selling / Low-Margin Products
-0.7710768481876121,-1.4886476846186243,3,High-Selling / Low-Margin Products
0.1605644540796259,1.0470350869306733,0,High-Margin Products
2.811734546399079,-0.9451076487859369,2,High-Value Products
-0.6075344781615785,-0.23872331287179152,3,High-Selling / Low-Margin Products
1.2331018590839027,0.0162295134025493,2,High-Value Products
1.6330454840076265,2.4789405701302827,0,High-Margin Products
1.1084908745230146,-1.3720027933105552,3,High-Selling / Low-Margin Products
1.0422236933700235,0.560294525392908,0,High-Margin Products
-0.5491486206532202,1.1415007843116294,0,High-Margin Products
-0.2891352998305486,1.0104049618453692,0,High-Margin Products
3.439310878398819,1.214069756394099,2,High-Value Products
0.7879867360394335,0.6028643328456575,0,High-Margin Products
-2.7093212456265987,-0.4130906654779426,1,Low-Performance Products
-0.5271274143614033,-0.25004486101471446,3,High-Selling / Low-Margin Products
-0.07195866087178128,-1.4946013001223797,3,High-Selling / Low-Margin Products
-0.9686776169289373,-0.18999798082558456,3,High-Selling / Low-Margin Products
1.6331168994947256,-0.024665291441721863,2,High-Value Products
-0.5462711821859277,-0.4300364230331221,3,High-Selling / Low-Margin Products
-0.9699352946999668,0.9410058701826423,0,High-Margin Products
1.795546687929,0.017963087109262383,2,High-Value Products
-0.05987926093548441,0.3795183527898711,0,High-Margin Products
1.3960284490806036,-0.25184310963039835,2,High-Value Products
0.7110161943426122,-3.9742771223380053,3,High-Selling / Low-Margin Products
2.8219824276691323,0.754853000942881,2,High-Value Products
-2.308233034078528,-0.8630539525988382,1,Low-Performance Products
-0.9445373305481841,-2.436127828600274,3,High-Selling / Low-Margin Products
-0.26617068012579537,-0.6692678066564639,3,High-Selling / Low-Margin Products
-0.5320865266973135,-0.28635345445551563,3,High-Selling / Low-Margin Products
3.9029100931131175,1.4694377057638566,2,High-Value Products
1.659583394762631,1.1264166793545998,2,High-Value Products
-2.1931083059172516,-0.8897853853516957,1,Low-Performance Products
0.49701508217585455,0.6298230608510311,0,High-Margin Products
-1.5214570983339875,-1.6797031138084453,3,High-Selling / Low-Margin Products
0.027875099311175766,-0.6627902079607965,3,High-Selling / Low-Margin Products
-0.1404013248969998,-1.3337020014998582,3,High-Selling / Low-Margin Products
0.2924111734322136,0.2617682923499806,0,High-Margin Products
2.9523042795871763,-0.5945249442327261,2,High-Value Products
-1.0519831767425478,-2.0710431515003953,3,High-Selling / Low-Margin Products
0.052074048628456396,-1.2646081827457334,3,High-Selling / Low-Margin Products
-3.9154110806780946,-0.9632893883900833,1,Low-Performance Products
-0.69285314855018,-0.20009661078599486,3,High-Selling / Low-Margin Products
-1.3014823234379067,-1.0323035392319437,3,High-Selling / Low-Margin Products
-1.4158452509913972,-0.37856286487988866,1,Low-Performance Products
2.5175080898623206,-1.8461494484940573,2,High-Value Products
0.8419896620760785,-1.6896948235357159,3,High-Selling / Low-Margin Products
-2.207025959885364,2.8692123562643044,1,Low-Performance Products
2.039028037087674,-2.277849554931682,2,High-Value Products
1.0377658709793032,0.47033928352846843,0,High-Margin Products
0.5290604503909268,-0.8773869808955778,3,High-Selling / Low-Margin Products
-0.6059070733035957,1.1479150700685,0,High-Margin Products
-4.465561195739016,0.41885997842949235,1,Low-Performance Products
-0.5921483137628403,1.449095204649608,0,High-Margin Products
3.1350172068643536,0.35648873050339613,2,High-Value Products
-2.615016462257978,0.3758634147872689,1,Low-Performance Products
2.282573864271015,-0.08342980262883402,2,High-Value Products
-1.500740757122087,-0.01838896784569924,1,Low-Performance Products
-0.32334857638461406,0.7120673130407557,0,High-Margin Products
2.261191640978239,-0.9916966140965664,2,High-Value Products
0.2121183293702414,-0.5655107536870339,3,High-Selling / Low-Margin Products
1.2795088471631748,-1.3738787595171926,3,High-Selling / Low-Margin Products
0.0360282512921826,-1.6154476987306554,3,High-Selling / Low-Margin Products
2.4776319771186306,-0.9867984190829036,2,High-Value Products
-0.46424233233562384,-3.093922614715603,3,High-Selling / Low-Margin Products
1.2860401399775698,0.6206937218446198,0,High-Margin Products
2.3755213401200375,-0.24577795347346648,2,High-Value Products
-1.89550517362437,-0.9422396132740289,1,Low-Performance Products
0.6059009317003055,0.5030646419127358,0,High-Margin Products
2.311329284328307,-2.2236135522064924,2,High-Value Products
0.11110798109380247,0.7351247698304608,0,High-Margin Products
2.1758771685659637,1.3422140109430296,2,High-Value Products
-0.8315746022298109,0.11224876480879137,0,High-Margin Products
0.6921601566827938,0.45173829959784834,0,High-Margin Products
0.7244952097442598,-1.7031611990473843,3,High-Selling / Low-Margin Products
0.3523233307288962,0.3907707676002061,0,High-Margin Products
-2.6899906973634335,0.6495942305199415,1,Low-Performance Products
-0.5501329038521038,0.662219507092347,0,High-Margin Products
-1.1923253465623231,-0.171824512120842,3,High-Selling / Low-Margin Products
-2.042223327848277,-0.5158914236039056,1,Low-Performance Products
-0.1959550463140486,1.753984945301387,0,High-Margin Products
-0.6051526258605402,0.6347855159557836,0,High-Margin Products
4.220741626097521,1.0746315185681115,2,High-Value Products
-0.7566413976618209,0.5589927153621475,0,High-Margin Products
0.25983471117355217,1.184792657919217,0,High-Margin Products
2.442479506386795,-0.6998568999636358,2,High-Value Products
-1.411202889406334,-0.8184514813637321,3,High-Selling / Low-Margin Products
1.2883640758920767,-0.6935927805204593,2,High-Value Products
0.2000127252748391,-0.1477853618801284,3,High-Selling / Low-Margin Products
0.8628042119290282,1.7813080114570636,0,High-Margin Products
1.489844251280731,1.9404334277650732,0,High-Margin Products
-3.5060201055587092,0.6457109496278622,1,Low-Performance Products
-2.56998812568381,-0.9673617891952211,1,Low-Performance Products
0.7619813911229533,-0.8039972554114594,3,High-Selling / Low-Margin Products
0.528710878679935,0.35242187734600394,0,High-Margin Products
0.9077463001682137,1.7531127708753922,0,High-Margin Products
0.37734260395630476,2.994148413845001,0,High-Margin Products
-0.19047759954726134,2.4465437486117025,0,High-Margin Products
-0.2622949014627478,-2.434005123371749,3,High-Selling / Low-Margin Products
1.7001909533948663,1.1631959743864464,2,High-Value Products
-0.1171352842990454,-0.8819708777825334,3,High-Selling / Low-Margin Products
-1.8911329573266988,0.7260640986037211,1,Low-Performance Products
-1.6938283236745844,-0.41168867928122915,1,Low-Performance Products
2.9937181537648305,-0.5339989650844048,2,High-Value Products
-1.2173699154247504,-1.5721351331996072,3,High-Selling / Low-Margin Products
-2.2010144543707773,-0.5307886556197665,1,Low-Performance Products
-0.37771521748187,-1.0741654602941038,3,High-Selling / Low-Margin Products
0.5218907254706412,0.4296625679412539,0,High-Margin Products
-1.1646438069780638,1.1076852422562513,0,High-Margin Products
-2.2297090620940647,1.5586729300300601,1,Low-Performance Products
-0.37935580634238114,1.1011107114896244,0,High-Margin Products
-0.5998942717261735,-0.11378448676514363,3,High-Selling / Low-Margin Products
0.06261565992102718,-0.843710267282727,3,High-Selling / Low-Margin Products
-0.1836772544147855,0.6652651618610943,0,High-Margin Products
2.391805848698088,-0.7162368941850512,2,High-Value Products
0.5192092747672052,0.607918564629803,0,High-Margin Products
-0.4309437177564326,0.8545748799182634,0,High-Margin Products
1.7898614481128357,-0.8154312452723355,2,High-Value Products
1.3919742117334823,0.08489786310303084,2,High-Value Products
-0.44787345051488664,0.1831767873547713,0,High-Margin Products
-2.626927112547816,-2.4460765974266057,1,Low-Performance Products
-2.8625984866243583,-0.47612099158007737,1,Low-Performance Products
0.29007064287492734,0.19604759146585216,0,High-Margin Products
-0.6044260867122626,-2.067213843472243,3,High-Selling / Low-Margin Products
2.471435787991128,-0.4463964525924144,2,High-Value Products
-1.9322099899442402,0.164509169494357,1,Low-Performance Products
3.0177507944893236,-1.609295437114252,2,High-Value Products
0.19185482950699642,-1.1843425559353162,3,High-Selling / Low-Margin Products
2.888472889938252,0.2200271037495003,2,High-Value Products
2.7882350919819565,-2.6402678318110966,2,High-Value Products
-1.0314525196364257,1.6923959693584325,0,High-Margin Products
-0.5082198080462624,0.2631974012729641,0,High-Margin Products
-0.8131141651144741,0.7261009857325476,0,High-Margin Products
0.5090152316466886,-0.9421791177650055,3,High-Selling / Low-Margin Products
1.0246553495706907,2.3003765642624385,0,High-Margin Products
0.41447918145651014,1.4388414800968734,0,High-Margin Products
-0.37855892267879193,-1.4783634183875092,3,High-Selling / Low-Margin Products
-1.413290105234575,0.8079408893837826,1,Low-Performance Products
0.7419269863493868,1.4773276953735832,0,High-Margin Products
0.8996198651705338,2.5534318283680633,0,High-Margin Products
-2.675204130671079,-1.9467758134560735,1,Low-Performance Products
0.3803668772771344,0.31163483706819045,0,High-Margin Products
-0.8897141930002047,-2.050600573834531,3,High-Selling / Low-Margin Products
-0.45033272288798804,-0.538864291050064,3,High-Selling / Low-Margin Products
1.0553469733052614,0.9347424448038266,0,High-Margin Products
1.524280909068982,2.244844721479281,0,High-Margin Products
4.211573025111902,2.7467437569753086,2,High-Value Products
0.5912858330201959,0.06486470365541395,0,High-Margin Products
2.127870812064344,-0.6595763677211156,2,High-Value Products
-0.5902095589185651,-0.8814320184587024,3,High-Selling / Low-Margin Products
1.0649294683416541,-0.5022670738658139,3,High-Selling / Low-Margin Products
1.2447331740433099,-2.5099149995104546,3,High-Selling / Low-Margin Products
-0.2922324417473773,-0.10497376543588338,3,High-Selling / Low-Margin Products
-0.4532772106101298,0.4537712555445219,0,High-Margin Products
-3.383064907703236,-0.8057457975460514,1,Low-Performance Products
-0.02631444531404655,2.2086262164401274,0,High-Margin Products
-0.5350937922748873,-0.9038129816189007,3,High-Selling / Low-Margin Products
-0.5990934973270213,-1.117482967270587,3,High-Selling / Low-Margin Products
1.9514743472326748,1.491289457869806,2,High-Value Products
0.6793112155625668,1.1945579171814973,0,High-Margin Products
-0.2607934159838278,0.07112473844636266,0,High-Margin Products
0.685985918664798,1.809888588311177,0,High-Margin Products
-2.563814920337424,0.27921123982667684,1,Low-Performance Products
0.4450404767317795,1.70274583475714,0,High-Margin Products
0.20881696273266195,1.6054869946229469,0,High-Margin Products
2.9716862906534707,0.30600126440122355,2,High-Value Products
0.1692129071150022,-0.08826718450154286,0,High-Margin Products
-4.270062137938968,-0.08458991476404941,1,Low-Performance Products
2.0062901708798386,0.011761229067436195,2,High-Value Products
1.4362081632451595,-0.6302755471588031,2,High-Value Products
2.2043932518106466,-0.5030717785003612,2,High-Value Products
-1.0885448733889778,-1.4127445615233354,3,High-Selling / Low-Margin Products
2.056506551519716,-0.8636732441542141,2,High-Value Products
1.175271613018813,-2.050275523150922,3,High-Selling / Low-Margin Products
-1.6674566528233243,-0.941438549267285,1,Low-Performance Products
-0.6707020089155102,0.3404845266462208,0,High-Margin Products
-3.302443683030801,-0.8385119268840571,1,Low-Performance Products
-3.1123355650640776,0.6704958168607301,1,Low-Performance Products
-0.3120411327291621,-0.6652548488753113,3,High-Selling / Low-Margin Products
0.6997013547512547,1.9176118433359555,0,High-Margin Products
-1.1603567006053788,-1.7463801054339314,3,High-Selling / Low-Margin Products
0.7770303316042856,-0.4620261535753991,3,High-Selling / Low-Margin Products
-2.0305215137789605,0.15899136653461135,1,Low-Performance Products
2.6350508217470487,1.4225810880549936,2,High-Value Products
2.6810426458865066,1.0977014979115711,2,High-Value Products
0.45492430601370526,0.32890950348608144,0,High-Margin Products
1.2808669028353155,-0.5016284010262593,2,High-Value Products
-0.4711919802946585,-0.32386157561199846,3,High-Selling / Low-Margin Products
-0.16970437422558848,-0.05517256821113471,3,High-Selling / Low-Margin Products
0.5646399259426179,0.7549340494058288,0,High-Margin Products
1.0481880278275963,0.681085506147621,0,High-Margin Products
1.7363601930796835,1.299129085067537,2,High-Value Products
1.236903764330096,1.2169963410728082,0,High-Margin Products
3.683357365224615,-1.1552586697952731,2,High-Value Products
-3.537335529342903,-0.9308662305378964,1,Low-Performance Products
1.2097942215998099,-0.24995193036839328,2,High-Value Products
-2.1560136652834956,1.667392381124422,1,Low-Performance Products
-3.329617909138086,-0.9247952408015323,1,Low-Performance Products
1.3274994080704818,0.9527295881104093,0,High-Margin Products
-1.6879851452738315,-0.14477238408090623,1,Low-Performance Products
-1.1392158428613108,1.6855473876186025,0,High-Margin Products
1.263883536079736,0.5740532109139597,0,High-Margin Products
-1.2721321891595034,1.8139008068285418,0,High-Margin Products
-1.3777201540669057,-2.2170037318316465,3,High-Selling / Low-Margin Products
1.320865360832873,0.34004237793965403,2,High-Value Products
-2.830742999633291,0.7228651163637576,1,Low-Performance Products
-2.4594361507184948,-1.965815355989428,1,Low-Performance Products
1.0051287618409428,1.0618772356740418,0,High-Margin Products
-1.210141598795744,-2.1958312236810844,3,High-Selling / Low-Margin Products
-3.0801449941465386,0.7405109892805922,1,Low-Performance Products
0.6998632576208716,0.8379836469865127,0,High-Margin Products
0.06991239250238901,-0.627207996183455,3,High-Selling / Low-Margin Products
-0.9359327801367494,0.3736464014651069,0,High-Margin Products
0.11679529854130102,-0.05185818240959202,0,High-Margin Products
-1.9416274999946659,1.3189114342052588,1,Low-Performance Products
-0.5015204065004132,0.1481699250878248,3,High-Selling / Low-Margin Products
1.8222163633365664,-0.444050575283303,2,High-Value Products
1.7746734227508847,0.31553584040853105,2,High-Value Products
-1.4098113149450724,0.34669866960826956,1,Low-Performance Products
-3.22559957372423,-0.10676657638022728,1,Low-Performance Products
2.3338492149187324,-0.8550299329933937,2,High-Value Products
-0.23542612752113112,-0.7335143297971385,3,High-Selling / Low-Margin Products
0.688346247894577,1.0653784996784499,0,High-Margin Products
3.993856880684642,-0.03489516028063636,2,High-Value Products
-1.8567972521485365,-2.2976877262386886,3,High-Selling / Low-Margin Products
-0.06563630685453974,-1.8544451242844335,3,High-Selling / Low-Margin Products
1.7250936855538157,0.8536773656206692,2,High-Value Products
2.7825671443265954,-1.1715675093380093,2,High-Value Products
0.693461953238204,-1.5089806438132338,3,High-Selling / Low-Margin Products
-0.36096474290492075,2.172597381889107,0,High-Margin Products
1.7830519346227616,1.3308300908323574,2,High-Value Products
0.5914371971961704,0.8847487256808862,0,High-Margin Products
3.7547798666699728,-0.40542030376115457,2,High-Value Products
0.6007453626087109,1.1917827626387487,0,High-Margin Products
-0.560492133553896,1.2823819644925518,0,High-Margin Products
0.5947605183831114,0.20681841180379246,0,High-Margin Products
-1.0422096710299604,0.7400001358324493,0,High-Margin Products
-1.0163373700533906,-1.175673812327945,3,High-Selling / Low-Margin Products
0.03921129477391878,0.8176288374216076,0,High-Margin Products
-0.2775182769275984,-0.015176083414338636,0,High-Margin Products
-1.1347197771990591,-0.1577748309010804,1,Low-Performance Products
1.6122469653603333,0.713063616199064,2,High-Value Products
-0.7240797383410008,-0.08982790879741778,0,High-Margin Products
-1.1811552837867938,0.2577191183949197,0,High-Margin Products
-5.248221821126871,1.4848104460174987,1,Low-Performance Products
0.40084749285379495,0.2202976022269508,0,High-Margin Products
-0.4170649597927768,-1.3551121219604978,3,High-Selling / Low-Margin Products
-1.5494723075723809,0.5401303448782643,1,Low-Performance Products
-0.838259534257126,1.6989993173964595,0,High-Margin Products
1.000177124186598,-0.5266543832731638,3,High-Selling / Low-Margin Products
1.0578906288435759,-1.081663062226811,3,High-Selling / Low-Margin Products
0.8951580225322558,-0.7017182908337186,3,High-Selling / Low-Margin Products
3.2062373237434736,1.6358553312790811,2,High-Value Products
2.4621451189350614,1.6614869098209566,2,High-Value Products
-2.5414662033056485,1.259392802433684,1,Low-Performance Products
0.30799393155561283,-2.0812961267394443,3,High-Selling / Low-Margin Products
2.3717256457342444,0.20396144358294513,2,High-Value Products
-1.8204164518331318,-0.24716240920375085,1,Low-Performance Products
-1.4607225138957514,-2.1757117010324705,3,High-Selling / Low-Margin Products
-3.517403315258561,-0.2598559800869426,1,Low-Performance Products
-1.039875868239411,-0.5660616382001968,3,High-Selling / Low-Margin Products
-2.1943608161903243,-1.0718720305243148,1,Low-Performance Products
0.846465504792087,0.12305261735887953,0,High-Margin Products
0.04213342429587455,0.37824553698478575,0,High-Margin Products
-0.45967770606132513,1.0021279349401953,0,High-Margin Products
0.5876664436488344,1.3268439335188615,0,High-Margin Products
1.1093802486519642,-2.187124495484028,3,High-Selling / Low-Margin Products
3.7493233805554578,-0.7304833483697485,2,High-Value Products
1.7041489764996096,0.5428789656765349,2,High-Value Products
-2.9021412473548933,1.5111659508459871,1,Low-Performance Products
1.5134411767031417,-1.4913410589117155,2,High-Value Products
2.1766296328679995,-1.0311548942231197,2,High-Value Products
1.0408884432183976,0.8542463299832682,0,High-Margin Products
1.650565883617083,-0.20136854043689753,2,High-Value Products
1.6686974421698895,-1.067948756517646,2,High-Value Products
1.9248528355273102,-0.013716720943564454,2,High-Value Products
4.338388227576512,-0.6175167936187527,2,High-Value Products
2.778330718779392,0.9199175058538211,2,High-Value Products
-0.01052393675583455,-1.0985786980419423,3,High-Selling / Low-Margin Products
-1.19246412318311,0.20426410363992092,1,Low-Performance Products
2.6006004653798387,-1.4827702968361776,2,High-Value Products
-0.045345507680912014,-1.7080168230000012,3,High-Selling / Low-Margin Products
2.7231006143394634,1.2187599110566352,2,High-Value Products
1.3628891842515207,1.4020137567208821,0,High-Margin Products
-0.8455192523502646,0.3086064197796222,0,High-Margin Products
-4.409842897652778,-0.9342862259939088,1,Low-Performance Products
-0.6929740551152361,-1.3527118365769843,3,High-Selling / Low-Margin Products
0.19463726944356913,1.6929674424147814,0,High-Margin Products
-2.786284032412334,-0.6657622604107533,1,Low-Performance Products
-0.23538312254777813,-1.0234340801357869,3,High-Selling / Low-Margin Products
-3.3819636754905322,-0.3063324374960548,1,Low-Performance Products
-0.6707383861323827,1.8097164002095734,0,High-Margin Products
-1.415076556011905,-1.3619893055222934,3,High-Selling / Low-Margin Products
0.23703155104184476,-1.5695601731634208,3,High-Selling / Low-Margin Products
-1.9224408616844124,-0.25495521848938346,1,Low-Performance Products
0.14700047392591717,-0.7804738251334519,3,High-Selling / Low-Margin Products
-1.2901075201328938,-0.4795842402415489,3,High-Selling / Low-Margin Products
2.1230649191838755,0.744053244343172,2,High-Value Products
-0.18650127415037862,0.7284763743394829,0,High-Margin Products
-2.2911105062768247,0.03515649818565649,1,Low-Performance Products
0.009216806318706099,0.541032352978655,0,High-Margin Products
-0.40905289433365294,-0.08375638713195428,3,High-Selling / Low-Margin Products
-2.5641937804810357,-1.6972534999852056,1,Low-Performance Products
-2.511926604870159,-0.8135161210772155,1,Low-Performance Products
0.6921465408453312,-0.8239575315914872,3,High-Selling / Low-Margin Products
-0.6808527921465344,-0.04578682022041049,3,High-Selling / Low-Margin Products
-1.794790101300378,1.355344763935931,1,Low-Performance Products
-2.7901251115030914,-1.4343403080510813,1,Low-Performance Products
1.9133362599266048,1.9393674717501854,2,High-Value Products
0.7045963195050114,-0.8644791190417201,3,High-Selling / Low-Margin Products
0.6702504941407863,-0.9911955813401988,3,High-Selling / Low-Margin Products
0.7290292045164612,-1.8353228330529143,3,High-Selling / Low-Margin Products
-0.9441416163382882,1.262496241044289,0,High-Margin Products
1.2929108549947699,-3.038446373500412,3,High-Selling / Low-Margin Products
-0.4024073763861094,1.8432770688975075,0,High-Margin Products
-2.802382050610519,-1.4830830672286701,1,Low-Performance Products
-0.5402430535555228,1.0340872420795462,0,High-Margin Products
0.5499773698648734,-1.5603352048119337,3,High-Selling / Low-Margin Products
1.571370091402258,1.174481951217485,2,High-Value Products
-0.7982592071688134,2.2176582625070367,0,High-Margin Products
0.0708670052605459,0.12713336015106866,0,High-Margin Products
0.8817426051214938,-0.12990302100136827,0,High-Margin Products
0.012735789949950643,1.0611999458830401,0,High-Margin Products
-3.530112630530241,0.9317608402192671,1,Low-Performance Products
-2.8133793939651217,0.7407505841979546,1,Low-Performance Products
-2.5891714627113753,-1.191110276692649,1,Low-Performance Products
-1.4064539850473654,1.4794836888528229,0,High-Margin Products
-0.27176962545349825,2.153493649300465,0,High-Margin Products
-0.3722753936003484,1.798524593924915,0,High-Margin Products
2.0128286958767676,-0.6110493471958904,2,High-Value Products
-1.9754562829955804,-1.8154707752913184,3,High-Selling / Low-Margin Products
2.353830363982303,0.7937817410553347,2,High-Value Products
-1.8792761113490688,-1.008761460147445,1,Low-Performance Products
4.715593921115637,0.7019243430653729,2,High-Value Products
-0.7323313063116399,0.9221941439818595,0,High-Margin Products
1.0671803868560752,0.8501492541629626,0,High-Margin Products
4.283899329755875,-2.3584066438649636,2,High-Value Products
1.8352022026358332,0.44323775271999677,2,High-Value Products
-1.959975607318879,-0.7214834381279885,1,Low-Performance Products
-3.4410668283436125,1.3188837951714385,1,Low-Performance Products
5.33504676109579,-1.2869510780893196,2,High-Value Products
-1.0389533494743273,1.588158604523962,0,High-Margin Products
-1.7391258951917445,-1.0720922081891087,3,High-Selling / Low-Margin Products
-0.40763252831252533,-0.013441286322523461,3,High-Selling / Low-Margin Products
1.8874816790860707,-1.250049726555941,2,High-Value Products
-1.4622304822131975,0.5626228388240336,1,Low-Performance Products
1.6022510196144337,1.453478315995117,0,High-Margin Products
0.582259681698948,-1.3594735205003494,3,High-Selling / Low-Margin Products
2.9233669610999398,0.11649382294630975,2,High-Value Products
1.4033942643311008,-0.012848632514352863,2,High-Value Products
-0.26075868127968777,-1.6214925963253637,3,High-Selling / Low-Margin Products
0.3207276261705646,0.3218109816865813,0,High-Margin Products
0.03439538770556274,-1.0559905120430935,3,High-Selling / Low-Margin Products
-2.6124180410434903,-1.3311300652481945,1,Low-Performance Products
3.8636130369809827,0.03332404341356744,2,High-Value Products
2.2628198222098868,-0.3766645499042422,2,High-Value Products
1.3161882022010114,-0.5049780789710413,2,High-Value Products
-1.3295400215677255,-1.112263748208012,3,High-Selling / Low-Margin Products
1.0616944372464028,0.9930460127569596,0,High-Margin Products
2.7599868940336965,-0.639183992423239,2,High-Value Products
-2.7981051234280097,-0.31408517916089246,1,Low-Performance Products
1.8350966667120827,0.0020551681063644264,2,High-Value Products
2.806616588530079,0.6838747250783103,2,High-Value Products
0.41201533116612127,-0.9739237325612119,3,High-Selling / Low-Margin Products
-4.54308061094183,-0.4108700895703835,1,Low-Performance Products
0.019353577648206045,-1.0871388270806106,3,High-Selling / Low-Margin Products
0.7615133805313018,1.1462093682744818,0,High-Margin Products
-1.5197263040422886,1.2663948769158047,1,Low-Performance Products
-1.8704408096900031,1.3876581395132677,1,Low-Performance Products
1.1206294021792782,0.1399359406663532,0,High-Margin Products
-1.8817196285861548,-0.1939689426371547,1,Low-Performance Products
-1.1151988958893297,0.4949077823296719,0,High-Margin Products
-1.6412968965175176,-1.069489747638171,3,High-Selling / Low-Margin Products
-0.7288523215806872,0.11717062709074842,3,High-Selling / Low-Margin Products
-0.0005696403803575935,0.18773241522026363,0,High-Margin Products
-0.27984896548828947,-2.076695623963599,3,High-Selling / Low-Margin Products
0.6987289738209705,-1.300119054057512,3,High-Selling / Low-Margin Products
1.4315161220527266,-0.32639372856796456,2,High-Value Products
-0.7676657874123842,-0.519278428514021,3,High-Selling / Low-Margin Products
-0.7518366849806123,-0.9053272424120591,3,High-Selling / Low-Margin Products
-2.5347029688312928,1.4110065009895907,1,Low-Performance Products
-2.814553925842903,0.07151172197681524,1,Low-Performance Products
-1.9833997807786616,-0.04583275869213092,1,Low-Performance Products
2.3615519881047935,-0.5829641616497097,2,High-Value Products
0.49490463555002256,2.7811647958105468,0,High-Margin Products
-1.70852407116815,-0.3277028779872644,1,Low-Performance Products
0.8055495327380631,0.09619024163805166,0,High-Margin Products
1.011371687118826,1.1266981762553676,0,High-Margin Products
-0.585056993672629,0.2548465651099337,0,High-Margin Products
4.018624957139959,0.19983681552561497,2,High-Value Products
0.46714797174973577,-0.7641119061251261,3,High-Selling / Low-Margin Products
-0.1328043585055088,-0.2527614484915704,3,High-Selling / Low-Margin Products
-0.4069665843750969,-0.7023848355987219,3,High-Selling / Low-Margin Products
-2.992266331578596,0.5477050939615546,1,Low-Performance Products
-1.4141482282025817,-2.0000180902377718,3,High-Selling / Low-Margin Products
1.78113077774134,0.28266516221665966,2,High-Value Products
1.6590644674991177,2.1895518677145547,0,High-Margin Products
-0.17125741445064144,2.676913099834923,0,High-Margin Products
-0.834036782379821,1.9150932810717722,0,High-Margin Products
2.3048794107635975,-0.882407230343067,2,High-Value Products
1.3901299577230082,-0.5355010916297622,2,High-Value Products
0.8511261619329302,-0.8363012180126205,3,High-Selling / Low-Margin Products
2.188585411399318,0.39674917969881346,2,High-Value Products
-0.6408385788816988,-0.25319297556248194,3,High-Selling / Low-Margin Products
3.683310271618152,-0.040140304345846645,2,High-Value Products
-0.46774760030837725,0.6808293736471982,0,High-Margin Products
-0.8524794814727141,-1.9824489275680053,3,High-Selling / Low-Margin Products
1.5625452517667073,-0.34955422336124936,2,High-Value Products
2.457390478067411,2.1534837456696927,2,High-Value Products
0.3083286076919546,0.8408570722019214,0,High-Margin Products
-1.5720242121652797,-2.6294568460911947,3,High-Selling / Low-Margin Products
2.2398906154542377,-2.5751557079777805,2,High-Value Products
0.17949172718678985,-0.0005804082497496835,0,High-Margin Products
2.6698967563586797,-0.9293484547389119,2,High-Value Products
0.5049398196760563,0.8288488502275073,0,High-Margin Products
1.9896496566072457,-0.32021680886669635,2,High-Value Products
-0.13808391581971324,-0.22106935041264195,3,High-Selling / Low-Margin Products
0.6389801586320119,0.32657642990080826,0,High-Margin Products
0.45306327187826595,-0.7671233718563143,3,High-Selling / Low-Margin Products
1.6941406209175618,-0.22891931136196764,2,High-Value Products
0.822787513558363,-0.4529746745687881,3,High-Selling / Low-Margin Products
0.6216658098254003,-0.4109567536289468,3,High-Selling / Low-Margin Products
-3.035965780895252,1.602780031644324,1,Low-Performance Products
-5.0663649185372455,0.3461026627588945,1,Low-Performance Products
0.9190939920094766,-1.8306333647236872,3,High-Selling / Low-Margin Products
-1.587283018594697,-0.5940759814962465,1,Low-Performance Products
3.076300692113648,-0.047338448896066504,2,High-Value Products
-0.2487058017039022,-0.20425794255729082,3,High-Selling / Low-Margin Products
0.37636077623521336,-1.373755830245172,3,High-Selling / Low-Margin Products
1.163719008348883,-1.1961552556256752,3,High-Selling / Low-Margin Products
-2.342797224656846,0.6291298368927353,1,Low-Performance Products
4.420575295523495,-0.4499594916518068,2,High-Value Products
3.356653153961823,-0.263621134423134,2,High-Value Products
0.19937167934121625,1.1514381161681175,0,High-Margin Products
1.2836625740953589,0.6465717227496663,0,High-Margin Products
3.6280649900696624,0.34544911847092136,2,High-Value Products
1.5437977928956534,-0.4845568929798663,2,High-Value Products
-2.1864502791807503,-0.9000117296082192,1,Low-Performance Products
0.3292983048003388,0.0884482478072426,0,High-Margin Products
-2.8758890993931496,-0.6137381122118745,1,Low-Performance Products
1.8375029412762975,-1.0306108788992303,2,High-Value Products
2.4115335226135337,-0.46904728469493895,2,High-Value Products
-1.2656166573010357,-1.1824598647172735,3,High-Selling / Low-Margin Products
-0.861927161495029,0.48819341022162555,0,High-Margin Products
-3.746155883110633,-1.0967486228218084,1,Low-Performance Products
-2.2253016924357327,0.22086762838633225,1,Low-Performance Products
-0.8362593530960102,-1.9554707081079048,3,High-Selling / Low-Margin Products
1.7056396380358838,-1.0431998330141847,2,High-Value Products
1.0094846756337046,1.048561304751054,0,High-Margin Products
2.351182929569501,1.723076633743071,2,High-Value Products
2.9400288526352623,0.5791052040326674,2,High-Value Products
4.557428334801445,0.9213129954057458,2,High-Value Products
-0.8036549776354583,0.7658317894293715,0,High-Margin Products
-1.6979394424265264,-0.03479733651096048,1,Low-Performance Products
-5.505714911697757,-0.7041495809365808,1,Low-Performance Products
-2.2410756302005144,-0.15568804154908106,1,Low-Performance Products
-1.0224627822974712,-0.3650645996524044,3,High-Selling / Low-Margin Products
-1.7389017089150136,1.581321679522232,1,Low-Performance Products
1.475738480381847,0.7067097999769888,2,High-Value Products
0.23879366372451133,0.3367786995644902,0,High-Margin Products
2.0185643126403017,1.8168316833748472,2,High-Value Products
1.6225901214582277,-0.7166441934985721,2,High-Value Products
-2.10676457724377,-1.563294088061132,1,Low-Performance Products
0.005018662751928136,-0.08085434053772406,3,High-Selling / Low-Margin Products
-5.503844257952985,2.320450927308246,1,Low-Performance Products
2.4024163388051294,1.8907544346830119,2,High-Value Products
-0.47357093043651116,-0.7450168003174699,3,High-Selling / Low-Margin Products
-0.6061684931774305,0.6442015063483275,0,High-Margin Products
-2.4477265133354553,0.12956381514501109,1,Low-Performance Products
-0.906536941688526,1.4761495382629681,0,High-Margin Products
-1.5158555041386603,-0.1612381233611202,1,Low-Performance Products
-2.511743967861857,0.2568020706601371,1,Low-Performance Products
0.8993302930435135,1.0465065326522296,0,High-Margin Products
1.4148163574181019,1.7641392459345508,0,High-Margin Products
1.3909025111324969,-0.18447571177915556,2,High-Value Products
0.13743383764224798,-1.7049484599714237,3,High-Selling / Low-Margin Products
0.16864904168518832,0.9797628611032712,0,High-Margin Products
2.8213104406186797,-0.6981788480224383,2,High-Value Products
0.20743252458754782,-1.7066909719015522,3,High-Selling / Low-Margin Products
4.472108267535794,-1.2445838338297555,2,High-Value Products
-1.2205999308524829,1.9043125768182905,0,High-Margin Products
0.4322170706515443,0.21412989326225407,0,High-Margin Products
1.4857906181951013,-0.944446195099663,2,High-Value Products
5.862095093628352,-0.7769587986448154,2,High-Value Products
0.2284227666297215,0.22485761734459328,0,High-Margin Products
-1.2992040653507446,-2.0296822247686364,3,High-Selling / Low-Margin Products
1.0398826368594345,-0.05196409410700878,0,High-Margin Products
-3.3043148215165075,-1.1092114789213394,1,Low-Performance Products
1.8751645239322219,1.3761134277603821,2,High-Value Products
1.5008618131485825,-0.47367044587646207,2,High-Value Products
1.7987557893794912,1.1724989749666157,2,High-Value Products
-0.328691127955963,0.6369424624476386,0,High-Margin Products
-0.02633764249874414,-0.08198379996969866,3,High-Selling / Low-Margin Products
-5.689268963440356,0.4674983124811902,1,Low-Performance Products
1.751310335510595,-0.4166535956644123,2,High-Value Products
1.9725066909396702,-0.24386783179512855,2,High-Value Products
-2.5936438269424205,-1.2258209048259034,1,Low-Performance Products
3.5197610629822442,-0.3206555578297349,2,High-Value Products
0.13812875867053817,1.7773458311647594,0,High-Margin Products
-1.3928465115414839,-0.2576724455690217,1,Low-Performance Products
-0.14691720701132802,1.0753299060341754,0,High-Margin Products
0.056143202102687605,1.3447282448275362,0,High-Margin Products
-3.0959495040751666,1.026974252955852,1,Low-Performance Products
-0.49036485589389806,0.4619333744038792,0,High-Margin Products
-2.164641629244347,0.3572350858304014,1,Low-Performance Products
-0.5782535951346846,-0.8526601332563014,3,High-Selling / Low-Margin Products
-2.5070899978856853,-0.18486252668351477,1,Low-Performance Products
0.49847886119295387,-0.15204606221607284,0,High-Margin Products
0.6807230484307718,1.1834699991401578,0,High-Margin Products
-1.0194962099385951,-0.9914594804534959,3,High-Selling / Low-Margin Products
0.05604062533140612,0.5054678769767834,0,High-Margin Products
-1.2418305192567525,0.17880467655309093,1,Low-Performance Products
1.7751776965911958,2.6760033331208577,0,High-Margin Products
-2.169544520578043,0.6917637406031766,1,Low-Performance Products
0.28574790988470294,-0.7160648874102761,3,High-Selling / Low-Margin Products
-0.35784741811550397,0.07196560809818393,0,High-Margin Products
3.3772979843437985,-0.9842598407158168,2,High-Value Products
3.1606246372480045,1.1332702235238015,2,High-Value Products
-1.3612902210362665,-0.5701723172840644,3,High-Selling / Low-Margin Products
3.175635971175168,1.7328582270930666,2,High-Value Products
2.3306382062694695,1.258325671431756,2,High-Value Products
-0.6731432108549485,0.6937055034369157,0,High-Margin Products
1.213510323064406,-0.9311186715211551,2,High-Value Products
1.5183128741739997,1.921016088081485,0,High-Margin Products
-0.06102665419414812,-0.9367483823116338,3,High-Selling / Low-Margin Products
-1.8639960978483208,0.06310713151025708,1,Low-Performance Products
-1.3894334752123827,-1.0206380078106287,3,High-Selling / Low-Margin Products
-1.6238933579533066,-1.2871902653527705,3,High-Selling / Low-Margin Products
2.099396365369175,-0.6868724037401446,2,High-Value Products
1.3299799471872984,-2.7182935341842693,3,High-Selling / Low-Margin Products
-1.8307041555500352,-0.712808038661322,1,Low-Performance Products
0.9188521145720026,0.00754181108671354,3,High-Selling / Low-Margin Products
1.8161356647857079,1.32972071900854,2,High-Value Products
3.3707441926568573,-0.9967561044908335,2,High-Value Products
-4.122124681431226,2.049974192874598,1,Low-Performance Products
2.3118846239003625,-1.9850228246359942,2,High-Value Products
0.8083761950570207,-1.6459656751368181,3,High-Selling / Low-Margin Products
3.870835070476539,-1.6049014661505467,2,High-Value Products
1.7964258336126206,-1.3111409771353957,2,High-Value Products
-1.873184896729907,0.7774364080585702,1,Low-Performance Products
1.6262161908907677,-0.8054669832104819,2,High-Value Products
2.073681537821881,-0.764214002214731,2,High-Value Products
1.5617163030743046,1.0778945716767203,2,High-Value Products
-4.840898368856725,1.8096527217515284,1,Low-Performance Products
-4.331118453311583,0.13129304662739588,1,Low-Performance Products
-1.6310036253351194,1.0255084873820721,1,Low-Performance Products
0.23170808901256776,0.25950682215225035,0,High-Margin Products
0.4597556597715359,2.130424586748955,0,High-Margin Products
-0.4745796888242933,-1.3239390668627657,3,High-Selling / Low-Margin Products
1.6605504133536129,-0.6149112003352226,2,High-Value Products
3.1116242474852847,-1.1736241992348446,2,High-Value Products
0.5746317766944378,-0.5685149717965231,3,High-Selling / Low-Margin Products
-1.3486404674101302,-1.8024748751217508,3,High-Selling / Low-Margin Products
0.9506427885928302,0.3785628146493145,0,High-Margin Products
2.555419341659696,0.6059855359528632,2,High-Value Products
-1.5381698614866552,1.1322990142188676,1,Low-Performance Products
1.9002214815023275,-0.6072132502871378,2,High-Value Products
-0.1364641674277079,-0.7874118655715222,3,High-Selling / Low-Margin Products
0.38280166336846333,-1.066394777407292,3,High-Selling / Low-Margin Products
-3.6918674485118834,1.9184604011635156,1,Low-Performance Products
4.948486570831159,-1.42384772682033,2,High-Value Products
1.168270418022532,-1.6330832868558194,3,High-Selling / Low-Margin Products
3.142528577241336,0.24392822709631976,2,High-Value Products
-0.6617057886144997,0.49664019529335374,0,High-Margin Products
-1.5943874712515111,-0.1347414485751746,1,Low-Performance Products
1.8104115364606046,-2.061816251822118,2,High-Value Products
-2.6834851327675735,0.35848797368728796,1,Low-Performance Products
-0.06933211787364697,0.1717022084392533,0,High-Margin Products
0.20167404370119216,-0.9099185470583421,3,High-Selling / Low-Margin Products
0.4419372447871908,-0.5450622989786195,3,High-Selling / Low-Margin Products
1.730418058177052,0.0501801658213079,2,High-Value Products
-3.166030695950371,0.4636314990402009,1,Low-Performance Products
-2.373438261025847,2.0999098488910266,1,Low-Performance Products
-0.35040789745084544,-0.5348125413224195,3,High-Selling / Low-Margin Products
0.18519406756082818,1.4541857419761222,0,High-Margin Products
1.3500976267219298,-0.4142807822721855,2,High-Value Products
0.5422077421633619,-0.14490727214193594,0,High-Margin Products
1.1821981718844436,1.1715365146798082,0,High-Margin Products
2.9041831743402975,0.42575243848855554,2,High-Value Products
0.23192112851202792,-0.028555504870081162,3,High-Selling / Low-Margin Products
0.41196278644243395,-0.32042746230210556,3,High-Selling / Low-Margin Products
-3.352193022036647,0.42163544208326165,1,Low-Performance Products
-0.48234104636756675,-1.5201137807646454,3,High-Selling / Low-Margin Products
-3.8838105861631145,-0.5096243600567564,1,Low-Performance Products
-2.7145210172015504,-1.5643086791466836,1,Low-Performance Products
1.4460528868681244,-0.44457397016877376,2,High-Value Products
-2.750842324556686,-0.3492621023774459,1,Low-Performance Products
0.3748926730344571,0.3298657951624896,0,High-Margin Products
0.43337727901359535,-0.145543215092999,0,High-Margin Products
-0.8016608889514831,-1.5621435515637712,3,High-Selling / Low-Margin Products
1.8726776560674274,0.4539585686963853,2,High-Value Products
4.235802705723072,-1.5353327358178777,2,High-Value Products
3.4769233608217895,-1.523854249855881,2,High-Value Products
4.2809141675163,1.1074980288221408,2,High-Value Products
1.5757575893898654,0.9072221456853604,2,High-Value Products
-1.196359391578726,0.8634985230972846,0,High-Margin Products
-0.565178517171831,-2.428243374695478,3,High-Selling / Low-Margin Products
1.3806451557183868,0.06011903593975552,2,High-Value Products
0.7370666936008974,-2.705493926471678,3,High-Selling / Low-Margin Products
-0.03185713065757899,0.2556744163023107,0,High-Margin Products
2.608636302051319,0.6669573675524073,2,High-Value Products
1.2062529121981427,0.5730471876950746,0,High-Margin Products
0.4408586921326594,-0.10443856237444071,0,High-Margin Products
0.41248090983583147,0.008379381593780676,0,High-Margin Products
0.5476896086112768,0.03162000049464547,0,High-Margin Products
0.4510686547474029,1.2485734152631398,0,High-Margin Products
-0.7384327207303727,0.871995606267904,0,High-Margin Products
0.5561753326552492,0.26829933860115457,0,High-Margin Products
0.2877501877410551,-0.6963415330547634,3,High-Selling / Low-Margin Products
-1.1847616462237176,0.3156247800802222,1,Low-Performance Products
-1.8680422031411499,-0.34000088786753907,1,Low-Performance Products
0.16934161195154326,0.13203427204184062,0,High-Margin Products
2.038669563446116,-0.0836416591462678,2,High-Value Products
2.4190781942145856,0.10157039906951108,2,High-Value Products
0.6627641437005015,0.7128754952314592,0,High-Margin Products
-1.2033675660152454,-0.8262567228645342,3,High-Selling / Low-Margin Products
1.2288795974612754,1.34735002015318,0,High-Margin Products
0.9526832590495012,-1.4562997937569093,3,High-Selling / Low-Margin Products
-1.977823079833102,-0.8786401094267721,1,Low-Performance Products
-0.37128004303374246,-1.5563322714872099,3,High-Selling / Low-Margin Products
-0.18731889271093213,-0.07532450976589858,3,High-Selling / Low-Margin Products
2.3603996332111996,-0.4561543911660496,2,High-Value Products
-3.9557562921745477,1.1856176974423365,1,Low-Performance Products
-1.8406848235173816,0.13876273784156307,1,Low-Performance Products
1.7032596767377217,-0.3932525489627924,2,High-Value Products
-3.8346588047365175,1.2848465834457103,1,Low-Performance Products
-4.607684928603231,0.3194519563583359,1,Low-Performance Products
-0.6788632015349293,1.2941912886502656,0,High-Margin Products
-2.402348759684261,-1.2162820106279832,1,Low-Performance Products
-1.3511406393403789,-1.6912709129845396,3,High-Selling / Low-Margin Products
0.4077212491063325,-0.35777427733306894,3,High-Selling / Low-Margin Products
-0.25678384957021544,0.5988003344352544,0,High-Margin Products
2.2522071468958407,1.008840599100787,2,High-Value Products
1.4506082913461638,1.4191849243853574,0,High-Margin Products
1.4668334612327127,2.324929186916872,0,High-Margin Products
-1.2676770122998853,0.7150936518340294,0,High-Margin Products
-3.5751306442619413,0.8781165412502696,1,Low-Performance Products
-3.4771433922632107,0.29664772245819726,1,Low-Performance Products
0.22828216191531323,-1.4688343206364032,3,High-Selling / Low-Margin Products
-0.4940873435878438,-1.559921739256946,3,High-Selling / Low-Margin Products
-0.8187840720583565,-0.3697009689671104,3,High-Selling / Low-Margin Products
-2.704955940918552,0.8579172885561908,1,Low-Performance Products
3.614270777703962,-0.014969961094972983,2,High-Value Products
-0.51531536239496,0.13464083373445526,0,High-Margin Products
-0.32086992405244086,0.8816731354496177,0,High-Margin Products
3.432578428150284,0.7233059342764586,2,High-Value Products
-1.9856793801888344,-1.6939471437133138,3,High-Selling / Low-Margin Products
2.4359651288775033,-0.17666284085937226,2,High-Value Products
2.0524402596491655,0.6657817667140113,2,High-Value Products
-2.630964116524477,1.072913138062944,1,Low-Performance Products
3.6920112867422272,0.19121737273382125,2,High-Value Products
-0.48665394877156654,-1.8107192108022905,3,High-Selling / Low-Margin Products
-0.9503025677764839,0.179362514530704,0,High-Margin Products
5.103898434995012,-0.19356947600316807,2,High-Value Products
-2.8437685245481985,-0.026227146066791704,1,Low-Performance Products
0.7680333715282683,-0.9052863194239954,3,High-Selling / Low-Margin Products
0.3934095902478047,0.4344824971329202,0,High-Margin Products
0.39103944159668697,0.651800174032245,0,High-Margin Products
2.0965642379829412,0.6391763917029408,2,High-Value Products
2.578305130132871,0.5243179392461608,2,High-Value Products
-3.4221169153638225,-0.42596493738495844,1,Low-Performance Products
-2.307169429191722,0.024826368495526167,1,Low-Performance Products
0.2906576635057321,-1.4188503233959286,3,High-Selling / Low-Margin Products
-2.067220073005872,0.9351683172354271,1,Low-Performance Products
-2.059388508363709,1.218975931637131,1,Low-Performance Products
-4.009104690494579,-0.3804592099954307,1,Low-Performance Products
0.31095281983417017,1.3311061295773705,0,High-Margin Products
-2.9057475919421205,-1.315952287721515,1,Low-Performance Products
-1.2371647509036925,-1.7182829009891096,3,High-Selling / Low-Margin Products
0.45120915278989426,-1.5076445437157993,3,High-Selling / Low-Margin Products
-4.035912795663175,-0.25705227362270144,1,Low-Performance Products
-2.8139696289238807,0.6760013860698768,1,Low-Performance Products
-0.9969025354836155,-0.7212427720506405,3,High-Selling / Low-Margin Products
2.2356034040197863,1.244382967630768,2,High-Value Products
-1.6398925923673184,-0.34239834868266894,1,Low-Performance Products
-0.02587087887604551,0.9721377314600554,0,High-Margin Products
-2.79737425454061,-0.6360214979448406,1,Low-Performance Products
3.180351806039029,1.6339518350472313,2,High-Value Products
1.6276297752226596,0.9239800496830523,2,High-Value Products
0.6714756805441452,-0.3376977226067454,3,High-Selling / Low-Margin Products
2.7634269120510857,0.814413123850028,2,High-Value Products
-0.5615196734503896,0.9516181564333749,0,High-Margin Products
1.5833808438554247,0.2270001644131008,2,High-Value Products
1.6979244140414678,-0.15208761491247424,2,High-Value Products
-0.6552175180980226,-0.2179328830587301,3,High-Selling / Low-Margin Products
0.6879483003312488,0.2719357571091796,0,High-Margin Products
-0.35549404813342717,0.8035942292170541,0,High-Margin Products
-1.8974028638876126,2.667429665621076,1,Low-Performance Products
-2.785617650173733,0.23440373453644756,1,Low-Performance Products
-0.8514063447037851,0.7047977722680464,0,High-Margin Products
1.0570680158692483,0.7520538778312766,0,High-Margin Products
-1.94192168599096,-0.6412834468731475,1,Low-Performance Products
0.2849355637980712,-0.9121947537032782,3,High-Selling / Low-Margin Products
0.31439070014212644,1.3920082440723958,0,High-Margin Products
1.3755479280096745,0.727498345770892,2,High-Value Products
-0.11599552771055124,0.42638316170091456,0,High-Margin Products
1.009323781104081,0.7081472120669189,0,High-Margin Products
-0.8179311439244152,1.0734469365133534,0,High-Margin Products
-0.46865148836359716,-1.770833014380541,3,High-Selling / Low-Margin Products
0.5287333282430453,0.5208514791061095,0,High-Margin Products
-0.12899373177935192,1.093775802613561,0,High-Margin Products
0.3664838210848742,-0.14075729908731818,0,High-Margin Products
-1.5792888266471,1.035016408789545,1,Low-Performance Products
0.7798135531507323,-1.7367932111206326,3,High-Selling / Low-Margin Products
0.2635385599141442,1.621319766860857,0,High-Margin Products
-3.2029171627751905,-0.5313646567811388,1,Low-Performance Products
-4.992203036715262,2.5435320843615736,1,Low-Performance Products
1.9086193356096983,-1.5857173640336812,2,High-Value Products
-2.343764464548167,-0.16650590508187177,1,Low-Performance Products
0.6881967275079434,0.969790244516932,0,High-Margin Products
1.2875240758054078,-1.0112894379809634,2,High-Value Products
-0.9840885118597048,0.6783316878050518,0,High-Margin Products
0.21158947064283487,0.7968894953056542,0,High-Margin Products
1.467336939627893,0.15131754847780537,2,High-Value Products
-0.7124775745982526,-0.7828562380102402,3,High-Selling / Low-Margin Products
0.22242445759091375,-0.9937062695279805,3,High-Selling / Low-Margin Products
-1.7335118404686933,-0.656212470688474,1,Low-Performance Products
1.94653591090781,2.019624315469987,2,High-Value Products
2.5051608777477625,0.5980245630964288,2,High-Value Products
-1.3583513654732087,-0.9629122829524166,3,High-Selling / Low-Margin Products
-3.2135079303742344,0.12195895857388456,1,Low-Performance Products
0.6988489836786652,0.20155209822216422,0,High-Margin Products
2.025391270207601,-0.14443751631560436,2,High-Value Products
0.6878136753582234,1.21116495347805,0,High-Margin Products
-0.1670220547425095,-0.19948464270925398,3,High-Selling / Low-Margin Products
-0.41770538521523143,-0.7072456196504119,3,High-Selling / Low-Margin Products
-0.25076864074873384,-0.5673907395024982,3,High-Selling / Low-Margin Products
-3.72139809923837,2.3497822045308534,1,Low-Performance Products
-0.8110009329523558,1.9146608703591692,0,High-Margin Products
-1.3387279816180697,-0.5088591220778583,3,High-Selling / Low-Margin Products
-0.4226280822588556,-1.2844820497748237,3,High-Selling / Low-Margin Products
-1.9162520133496022,-1.340738082090454,1,Low-Performance Products
-2.9888976556101996,-1.3366505668932367,1,Low-Performance Products
0.05038402616356308,-0.09687610911217559,3,High-Selling / Low-Margin Products
-2.745602921905764,0.3069836054711643,1,Low-Performance Products
-3.816628068935854,-0.5005547828937397,1,Low-Performance Products
1.3181193350410296,-0.45031370367625867,2,High-Value Products
-0.3198596378675257,-0.3856147899833485,3,High-Selling / Low-Margin Products
1.492921632457777,0.016221474107346357,2,High-Value Products
1.7718084675252899,0.41847601346181496,2,High-Value Products
0.29253332558406386,0.7809451379893458,0,High-Margin Products
2.3732954745511816,-0.10106832973720864,2,High-Value Products
1.443537459679842,1.9212007858471267,0,High-Margin Products
2.585827179342261,0.1391479603294987,2,High-Value Products
4.201675023560546,0.04286079725344741,2,High-Value Products
2.8782714111553758,0.20290627138252662,2,High-Value Products
-0.13778709116886598,-0.8608540666181376,3,High-Selling / Low-Margin Products
-1.477474827338416,-0.2905296731925397,1,Low-Performance Products
-2.2906275547908757,1.338809525793178,1,Low-Performance Products
-2.5843458637285055,1.3658594386743335,1,Low-Performance Products
0.29515759966457367,-0.7498589464389025,3,High-Selling / Low-Margin Products
-2.4204684898937625,0.2249840452905779,1,Low-Performance Products
-1.9068989514305577,0.28933051395656856,1,Low-Performance Products
-1.9345614989964448,0.11430606777788888,1,Low-Performance Products
-2.0392748572284867,-0.16949109859703787,1,Low-Performance Products
-3.3560906534560675,0.16428265760415636,1,Low-Performance Products
1.7510049193498933,-1.1715870492321712,2,High-Value Products
0.6725890948530244,-0.7155872003513487,3,High-Selling / Low-Margin Products
-0.30203285220093706,0.6277344228173776,0,High-Margin Products
-0.946861677047735,-0.7389025695868181,3,High-Selling / Low-Margin Products
1.4171249608412375,-0.32281317218752414,2,High-Value Products
0.3945014769733992,-1.001389948667961,3,High-Selling / Low-Margin Products
1.1542863808189312,0.47220406789185804,0,High-Margin Products
-1.1982787424060142,-1.4691659633508396,3,High-Selling / Low-Margin Products
-0.7074310598857856,-1.082651528751586,3,High-Selling / Low-Margin Products
0.3133126923955345,1.4844095073372632,0,High-Margin Products
0.3482975523320802,-1.931557394440158,3,High-Selling / Low-Margin Products
1.6842590689632144,0.8280529874984676,2,High-Value Products
1.408796749822869,1.0803173680431173,0,High-Margin Products
-1.2323932795519112,0.7457391422757517,0,High-Margin Products
0.16424059802702476,-1.6346216554981163,3,High-Selling / Low-Margin Products
2.6481383669865726,1.8030358867940874,2,High-Value Products
-0.5307732460773822,0.03165808687585526,3,High-Selling / Low-Margin Products
-0.8390993382994373,-1.3817908319390846,3,High-Selling / Low-Margin Products
0.7823537512408194,0.6046309638563986,0,High-Margin Products
-0.17846906471782567,1.1631939096342305,0,High-Margin Products
0.4124191733058082,0.8938094536886267,0,High-Margin Products
-1.3381327197459634,-1.3511820965868127,3,High-Selling / Low-Margin Products
-0.390892615766522,-0.3829264017222877,3,High-Selling / Low-Margin Products
2.987277509235413,2.0802705745963914,2,High-Value Products
2.2310253043503105,0.031415176657522574,2,High-Value Products
-3.9188768505105953,-0.19289837977353724,1,Low-Performance Products
1.1376418019984507,1.0721760845255701,0,High-Margin Products
-1.074708272465048,1.1848028282180263,0,High-Margin Products
0.042671207916450925,-0.12831100642329,0,High-Margin Products
1.448366135422129,-1.3648588050983725,2,High-Value Products
3.316414649055869,-0.7263279968715222,2,High-Value Products
-1.5382117574150802,0.6735101731636796,1,Low-Performance Products
-1.3161651659828968,-1.9438225373371147,3,High-Selling / Low-Margin Products
-1.2440118007589527,-0.6941429278967575,3,High-Selling / Low-Margin Products
-2.686875052130888,3.5681256728824073,1,Low-Performance Products
0.1820522948765539,-2.089041278106811,3,High-Selling / Low-Margin Products
0.37948127138681037,0.015713176372958496,0,High-Margin Products
1.3068915747568508,0.6493784199842478,0,High-Margin Products
2.1656243767391326,1.0053717199645802,2,High-Value Products
2.8802367639908595,-0.47604611727368,2,High-Value Products
-1.9926804728271994,1.3361802460770635,1,Low-Performance Products
1.1697148163604505,-0.008462831801526328,0,High-Margin Products
1.1645001659902927,-1.18596079926497,3,High-Selling / Low-Margin Products
-1.721333449446767,2.358412190105421,0,High-Margin Products
0.8388753954337718,1.4472907142418638,0,High-Margin Products
0.5357569293431738,1.1642046798554921,0,High-Margin Products
3.3261621601660587,-1.5346514901946051,2,High-Value Products
-0.058817321944166605,0.4331362505258479,0,High-Margin Products
2.1948939082657217,0.148944409766406,2,High-Value Products
0.5924914558999876,-0.6963875899490526,3,High-Selling / Low-Margin Products
-1.1710537820275178,0.33458019201198147,0,High-Margin Products
0.2477606797318361,-1.7216628893520527,3,High-Selling / Low-Margin Products
1.6931985980993325,0.322032633656316,2,High-Value Products
0.8488882684788756,0.09160270382128152,3,High-Selling / Low-Margin Products
-0.3383452935161732,0.8578779307335209,0,High-Margin Products
-3.094748588871772,-0.4375578861280113,1,Low-Performance Products
-2.475088946716972,-0.136693543410028,1,Low-Performance Products
1.5553303150293831,-1.1751283125321272,2,High-Value Products
0.4744813237349482,0.8033433031290912,0,High-Margin Products
0.1826636666958493,-2.507366691429831,3,High-Selling / Low-Margin Products
-0.8633403278484947,0.9469128344492811,0,High-Margin Products
2.0489764254598417,-0.5702110851774222,2,High-Value Products
0.7202224628177561,0.7548956843008232,0,High-Margin Products
2.9625382986035964,1.5974181401707914,2,High-Value Products
-0.34287854724330946,-2.3307134647369288,3,High-Selling / Low-Margin Products
-0.8092576530455973,0.3506310470689513,0,High-Margin Products
0.4796916641298197,-0.28154976113167046,3,High-Selling / Low-Margin Products
0.49219570905188953,0.08108733639498611,0,High-Margin Products
0.5433710418045742,0.8199858183076154,0,High-Margin Products
0.8742609697766746,-0.6055165196382543,3,High-Selling / Low-Margin Products
-2.050838980545395,-0.5722310335716173,1,Low-Performance Products
2.721404277671654,-0.10673344990678824,2,High-Value Products
-3.3189158035663153,0.7333100344423523,1,Low-Performance Products
-3.779922756846628,-0.567369815708067,1,Low-Performance Products
-0.6703510292818093,-0.5296878761826446,3,High-Selling / Low-Margin Products
-0.8172353380894707,-1.5392949005803884,3,High-Selling / Low-Margin Products
-0.47410070407991567,-1.2029940711975589,3,High-Selling / Low-Margin Products
-0.5635389974784378,-0.37647225429042624,3,High-Selling / Low-Margin Products
0.775301092381652,-1.2313161830734822,3,High-Selling / Low-Margin Products
-0.025623104026723496,-0.0389979882382436,0,High-Margin Products
3.4619880388167243,-0.536038138034897,2,High-Value Products
1.9708237647225562,-0.7520628552485435,2,High-Value Products
2.6761324513413025,0.1638399162685794,2,High-Value Products
4.123674746433875,-0.6614663154293517,2,High-Value Products
-0.012081541439421152,-0.18699488515485566,3,High-Selling / Low-Margin Products
1.5248773345998106,1.0299339379345653,0,High-Margin Products
0.7989608458515999,0.17456492356008171,0,High-Margin Products
-1.2104933792490047,1.4173673187228342,0,High-Margin Products
0.7076003344251007,0.4847139452177896,0,High-Margin Products
-2.60585091132382,-1.2197454137052444,1,Low-Performance Products
0.21649565413245814,-0.8092163687177018,3,High-Selling / Low-Margin Products
1.4253297950250035,-1.2633695040886548,2,High-Value Products
2.880188291135712,0.43199967832382885,2,High-Value Products
0.7850986003703095,-0.8201709259440809,3,High-Selling / Low-Margin Products
1.1360309720550557,2.314708675989276,0,High-Margin Products
0.7828170616725325,-1.1904683446809547,3,High-Selling / Low-Margin Products
1.3487954556906778,-2.2836062058178688,3,High-Selling / Low-Margin Products
-2.0193383099196813,0.5286513560079515,1,Low-Performance Products
0.7391317741989898,-0.14385557391004966,0,High-Margin Products
1.9573790716703545,0.2215258993472571,2,High-Value Products
-2.784796746712031,-0.6611437968884779,1,Low-Performance Products
-0.6235823394214817,-0.05933276484881516,0,High-Margin Products
-0.6641533619880655,0.1138438558427609,0,High-Margin Products
-0.8284139139762886,0.3527279328748168,0,High-Margin Products
3.224374946160121,-0.29512637087798016,2,High-Value Products
4.566255306274733,0.37674527817717135,2,High-Value Products
2.998029763031936,0.7404362639369568,2,High-Value Products
0.1951520941736521,-0.40693134258822444,3,High-Selling / Low-Margin Products
1.4506898567469868,2.3015350334900644,0,High-Margin Products
0.4833862279821707,0.9607713626539761,0,High-Margin Products
-0.08115996527419533,0.6998173958973516,0,High-Margin Products
-0.12448053730032407,0.4327814543940259,0,High-Margin Products
0.45460329132912586,-0.454441545851119,3,High-Selling / Low-Margin Products
-3.5274985213750574,2.7163584327413766,1,Low-Performance Products
-1.1362365844030828,0.510323313368963,0,High-Margin Products
0.03811508761559343,-1.652956389036228,3,High-Selling / Low-Margin Products
1.0129206911261706,-1.4024055655711074,3,High-Selling / Low-Margin Products
3.304925445294613,0.9598028075984743,2,High-Value Products
2.2004556574018848,0.15330401109327468,2,High-Value Products
0.03301270549553798,0.5019951966420617,0,High-Margin Products
-2.2200123223967005,0.09584659844583868,1,Low-Performance Products
0.526809992121051,0.5866159607207577,0,High-Margin Products
0.08892388861463145,0.004181594079571575,0,High-Margin Products
-0.3597866780257638,1.8626346642076461,0,High-Margin Products
2.110754653789258,-1.1442774913963751,2,High-Value Products
-0.46604827600352944,-0.20271552020117425,3,High-Selling / Low-Margin Products
4.463430315352063,0.2657230999327606,2,High-Value Products
-2.0710261538205263,-0.287759834977179,1,Low-Performance Products
-0.8251476662175918,1.3803116549992913,0,High-Margin Products
2.1278195241094737,-0.10852572836690792,2,High-Value Products
0.9084749329891069,0.6539281677096037,0,High-Margin Products
-0.25093495657903236,-1.840284864512356,3,High-Selling / Low-Margin Products
0.5819483826078444,0.5619905574498479,0,High-Margin Products
2.6746784948337,0.19660191528251494,2,High-Value Products
-2.7931938740528337,-0.39854140900376417,1,Low-Performance Products
0.8316029022280137,0.0889920345242039,0,High-Margin Products
-2.4401685132378574,-0.6067819947680102,1,Low-Performance Products
2.089573894540001,0.5288801508784551,2,High-Value Products
-0.026044457175379815,0.0030933284403326686,0,High-Margin Products
-0.39408602447461044,-3.3206731932734135,3,High-Selling / Low-Margin Products
-1.021445360380686,-1.18254634356439,3,High-Selling / Low-Margin Products
-0.46719431495555036,-1.107049981396092,3,High-Selling / Low-Margin Products
-1.139861334481473,-0.9593058436207225,3,High-Selling / Low-Margin Products
-1.7870944099398642,0.7772568651231251,1,Low-Performance Products
3.7397037429803213,0.9439025906728182,2,High-Value Products
-0.5913930487357066,-1.422396817246209,3,High-Selling / Low-Margin Products
1.5465742349685416,0.030339673620871466,2,High-Value Products
2.4217544673920317,-0.34176940104981385,2,High-Value Products
1.2634141403697974,-0.22710172146322377,2,High-Value Products
0.6992003666242955,0.9373296144114108,0,High-Margin Products
0.12672410938413292,-0.11914335676274407,3,High-Selling / Low-Margin Products
-2.704721075455635,0.48978305543333533,1,Low-Performance Products
-2.4065166460645178,-0.2166592002815888,1,Low-Performance Products
1.5923826833803454,-0.021816937897265465,2,High-Value Products
-0.441451171982034,-0.43332060890501345,3,High-Selling / Low-Margin Products
2.9014754863307717,0.5757554068489203,2,High-Value Products
-0.40706556118806747,1.006908357292226,0,High-Margin Products
3.0551873609074987,-1.1435821015743928,2,High-Value Products
-1.5820307518846164,-1.7325427772055175,3,High-Selling / Low-Margin Products
4.077452231915034,0.5852060751481973,2,High-Value Products
-0.12427117759849456,-0.44257844455164674,3,High-Selling / Low-Margin Products
3.1601872120375343,0.5540829160701004,2,High-Value Products
0.27011968984933554,-0.9955056637366174,3,High-Selling / Low-Margin Products
1.8303815361817783,0.29183025182354055,2,High-Value Products
-1.1353520592648563,-0.9229863111997338,3,High-Selling / Low-Margin Products
0.2855246948820179,0.41545610164253305,0,High-Margin Products
2.8487003876834742,1.3413282205527883,2,High-Value Products
-1.8771498824841366,1.9633648895909088,1,Low-Performance Products
-2.685250697089125,-1.7352842901415213,1,Low-Performance Products
1.0172113494720683,-0.7753904208721939,3,High-Selling / Low-Margin Products
2.981593370928746,-1.919488121346915,2,High-Value Products
-0.20246297614862563,2.4995731134905417,0,High-Margin Products
1.644900362433963,-0.9477112440039458,2,High-Value Products
-2.4417501074708046,0.045156162915450763,1,Low-Performance Products
2.5857428607865844,0.7290043872892962,2,High-Value Products
1.020178888655972,0.12002590361788296,0,High-Margin Products
4.582955978610905,1.8115863592599095,2,High-Value Products
2.740399798990448,-1.161021905013007,2,High-Value Products
-0.7344112156064361,0.5827951809265778,0,High-Margin Products
0.6301469011815364,1.8265176380307035,0,High-Margin Products
0.2931308040485565,1.0121277744893962,0,High-Margin Products
1.755175933051103,0.587733322740285,2,High-Value Products
2.8644871033669945,-0.5241237004183276,2,High-Value Products
-0.138452844377728,-0.10386415030513656,3,High-Selling / Low-Margin Products
-2.291282530410253,3.2122417850167495,1,Low-Performance Products
3.5940839159023272,1.677959791687607,2,High-Value Products
-3.695763282915928,-0.14098284131141764,1,Low-Performance Products
0.5190706339082142,-0.791752661967698,3,High-Selling / Low-Margin Products
-0.5292561805969104,-1.9344214927248429,3,High-Selling / Low-Margin Products
0.30063898978782627,-0.013037461534071867,0,High-Margin Products
1.9533658881875249,-0.004197357851812862,2,High-Value Products
0.9793762431947967,0.6443922225960402,0,High-Margin Products
-0.7670959469907394,-0.3101369057143972,3,High-Selling / Low-Margin Products
4.324366535732348,0.1872329745018961,2,High-Value Products
-2.3555868446820867,-0.07945760308965076,1,Low-Performance Products
-0.19884134373897044,2.182359558326779,0,High-Margin Products
2.6845427259058656,0.7824426126912222,2,High-Value Products
2.2326563784872615,0.41790205187666923,2,High-Value Products
-1.1410088494020338,-0.6639651612177359,3,High-Selling / Low-Margin Products
-2.040318714651601,-0.6887483955172374,1,Low-Performance Products
-2.5195045483683396,0.2517016701371741,1,Low-Performance Products
-1.2447748174826323,1.1168800306349094,0,High-Margin Products
-1.8131515493388255,0.17104542025564298,1,Low-Performance Products
0.888635645965583,-0.946649277488449,3,High-Selling / Low-Margin Products
-1.5882017216158382,-0.632173303611343,1,Low-Performance Products
-1.549044885086455,0.714345096280076,1,Low-Performance Products
1.0609590478075455,0.15113759896575746,0,High-Margin Products
-1.6695232989870878,-1.3852484845629236,3,High-Selling / Low-Margin Products
1.1277452523497722,-1.3962214895301268,3,High-Selling / Low-Margin Products
-1.366560175964347,-0.49141974533855465,3,High-Selling / Low-Margin Products
1.2187188508213516,-0.37609741595368756,2,High-Value Products
-3.1769247732033414,-0.7802293387904916,1,Low-Performance Products
0.6841698422629995,-2.0966841103912746,3,High-Selling / Low-Margin Products
-2.6539194680817433,-1.1658930075565979,1,Low-Performance Products
-1.7549489386353065,0.7214363438483307,1,Low-Performance Products
-1.073063853663008,-0.3000314246136221,3,High-Selling / Low-Margin Products
-2.2513108393060186,0.6620350855965036,1,Low-Performance Products
-1.7234357581929531,0.3085897749615173,1,Low-Performance Products
0.9136949514451718,0.14426086634881924,0,High-Margin Products
-3.5575919094782424,-1.6162114149889368,1,Low-Performance Products
-4.218170733418541,1.4498906722313274,1,Low-Performance Products
-2.6950981571083195,-0.20779229774242264,1,Low-Performance Products
0.954630482622607,-0.6130146696121147,3,High-Selling / Low-Margin Products
-2.2753597239039633,1.6202913239337842,1,Low-Performance Products
-2.7567758068692947,-0.8945393749687447,1,Low-Performance Products
-1.7014015543377807,-1.4418442134726386,3,High-Selling / Low-Margin Products
-2.5252279881554704,-0.9894788180784788,1,Low-Performance Products
0.05811528327064248,0.6109451878691853,0,High-Margin Products
-0.3717646024207172,1.2088313316798998,0,High-Margin Products
-2.6526429317356097,0.8002133142953138,1,Low-Performance Products
0.07966962529902999,-1.0776281051123133,3,High-Selling / Low-Margin Products
-0.3790357360076732,-1.0028335438005709,3,High-Selling / Low-Margin Products
0.10080420209525272,-2.5106616554211785,3,High-Selling / Low-Margin Products
0.9752930566778161,1.186892616555144,0,High-Margin Products
-2.67222486611873,-0.3740989034176069,1,Low-Performance Products
-0.5436322273731157,-0.22751397768761156,3,High-Selling / Low-Margin Products
2.624610876159559,0.02205803709314629,2,High-Value Products
1.8124224454586801,-0.5446034299096904,2,High-Value Products
0.21660412934064502,-1.276116290419698,3,High-Selling / Low-Margin Products
0.5369951915286802,-2.2283920531352,3,High-Selling / Low-Margin Products
3.252025994288489,0.48643519555733816,2,High-Value Products
1.9993942543087575,0.2469193814998418,2,High-Value Products
0.21249326080472566,-2.2181120300968726,3,High-Selling / Low-Margin Products
-1.3251684195089486,-0.49896667466577893,3,High-Selling / Low-Margin Products
0.41166902183015225,-1.5720104889375939,3,High-Selling / Low-Margin Products
0.5048999097574693,1.1243048961084448,0,High-Margin Products
-0.5582085396098644,0.3073659232402644,0,High-Margin Products
-0.2549362895467035,0.07326129719489317,0,High-Margin Products
1.0942122269093413,0.6524239697468605,0,High-Margin Products
4.165821237618117,1.3613764502211936,2,High-Value Products
-3.9041078842665833,-0.3526224686442211,1,Low-Performance Products
2.567433674273555,0.6913311478563742,2,High-Value Products
1.8672398658839626,0.3732213603559607,2,High-Value Products
0.07922080618258212,-0.22809386067623494,0,High-Margin Products
1.0395842058314417,-3.1188498923818586,3,High-Selling / Low-Margin Products
3.24494369313715,-0.12805938831143382,2,High-Value Products
-0.1599950121953699,-0.029444747741871054,3,High-Selling / Low-Margin Products
1.8488932405829528,1.4088415031117592,2,High-Value Products
2.235345039889021,1.608627307425581,2,High-Value Products
-0.4404833699312266,0.17423009803798356,0,High-Margin Products
-2.853045774066724,0.3222140568923707,1,Low-Performance Products
-0.22781815412312412,1.3197512577233919,0,High-Margin Products
2.4890860270074846,0.3568601179327081,2,High-Value Products
3.026978461119244,-0.04658401536370427,2,High-Value Products
0.918171307385392,0.7336049168003771,0,High-Margin Products
1.4810957212794127,-0.8409911040039574,2,High-Value Products
-1.005038803770796,0.8488775878545861,0,High-Margin Products
-0.07899799033685252,0.20665260974961425,0,High-Margin Products
-1.6797181345119014,-0.9572229143117142,1,Low-Performance Products
0.808428864419666,0.11659235245585362,0,High-Margin Products
-0.3261023028148198,-1.4318356640807899,3,High-Selling / Low-Margin Products
-3.7567031721261226,0.7374571646334402,1,Low-Performance Products
0.5594199781424669,0.44812193928414873,0,High-Margin Products
0.6459785374811758,0.18750371162205148,0,High-Margin Products
-1.841795807185115,-0.1697022301129838,1,Low-Performance Products
-0.49649754788753997,-0.6754155549581161,3,High-Selling / Low-Margin Products
2.8313057462857683,0.8735265366063114,2,High-Value Products
-0.3729047193881979,0.5220412826202778,0,High-Margin Products
-1.414849044341264,0.41208064233277897,1,Low-Performance Products
-2.056033533015934,-0.6835853702769071,1,Low-Performance Products
-2.2816168105835035,-0.2721822475556047,1,Low-Performance Products
4.613693842886801,0.6168511304615019,2,High-Value Products
1.2327832602012911,0.9979895834251818,0,High-Margin Products
0.35288406208911716,-3.523863210860423,3,High-Selling / Low-Margin Products
1.241149447618881,0.4812610171720095,0,High-Margin Products
-2.1962333944866064,-0.20369030990271442,1,Low-Performance Products
1.1854771824637345,-1.2006622416141965,2,High-Value Products
1.3499870637229736,0.19040387765509287,2,High-Value Products
-0.16716381016702808,-1.4466274089211915,3,High-Selling / Low-Margin Products
-3.2978697953989196,-0.8890744165377963,1,Low-Performance Products
-0.501576298787244,0.8953897143455151,0,High-Margin Products
1.8056002870827563,0.6296221313157097,2,High-Value Products
-0.6733028342118276,0.700840321720048,0,High-Margin Products
0.13915257876880044,-0.5949936604261616,3,High-Selling / Low-Margin Products
-0.27309051528190337,0.14067413057032896,3,High-Selling / Low-Margin Products
0.861848651927306,-0.7008737034360534,3,High-Selling / Low-Margin Products
0.2716362831065071,0.21252848334245247,0,High-Margin Products
-0.4947076769077672,0.11319572380240887,3,High-Selling / Low-Margin Products
-3.6313136349689263,-0.18101379627596725,1,Low-Performance Products
0.5758603186881542,0.1910775690207208,0,High-Margin Products
-3.6200797520959247,1.445265816307202,1,Low-Performance Products
3.0640681004347576,-0.2456684648696047,2,High-Value Products
0.9405882284758716,1.570687343175521,0,High-Margin Products
0.9181891867001405,1.893111372287024,0,High-Margin Products
-2.7987642797828727,0.7179303511149113,1,Low-Performance Products
-2.3018374560419996,-1.198080025785103,1,Low-Performance Products
0.6700711171948073,0.7983873466726977,0,High-Margin Products
0.42598147539728537,2.1345185666811872,0,High-Margin Products
0.46267539239389327,3.220019537864349,0,High-Margin Products
-0.3754420148192507,1.6605544155653367,0,High-Margin Products
-0.9302018982412392,-0.8995522127782691,3,High-Selling / Low-Margin Products
1.0833961100324432,1.7452216591066518,0,High-Margin Products
-0.4824949716070584,-0.2026650955553922,0,High-Margin Products
-1.2112375120206982,1.2129935264614213,0,High-Margin Products
-3.1345138397573393,0.2334885812221365,1,Low-Performance Products
2.13189625311283,0.30451885616835705,2,High-Value Products
-1.616814158723386,-0.9288728203668689,3,High-Selling / Low-Margin Products
2.059147042599512,-1.1817764854448878,2,High-Value Products
1.4802358650631189,-0.8071627167767929,2,High-Value Products
-1.8050536554374088,1.3575352671213874,1,Low-Performance Products
-3.9347521798664173,-0.22544560445924464,1,Low-Performance Products
-2.2499567183114264,-0.35457941260548825,1,Low-Performance Products
0.40907867531432923,-0.8922984323352261,3,High-Selling / Low-Margin Products
-2.8079278952936937,1.0433787227712437,1,Low-Performance Products
-0.4191563041651567,-0.851967155257118,3,High-Selling / Low-Margin Products
-2.8953196522105054,0.41007700153741866,1,Low-Performance Products
3.3276551686966624,1.2126566649209685,2,High-Value Products
1.3342047650534616,-0.7108889391725493,2,High-Value Products
0.19943074090734605,0.9403959868315369,0,High-Margin Products
1.1100434419233307,1.1625154239516393,0,High-Margin Products
-0.7176014668233471,0.11720281586210654,0,High-Margin Products
2.22187642839439,-1.7773502753237218,2,High-Value Products
0.18365735825892782,0.8325586091529925,0,High-Margin Products
0.4979401654896449,-0.0397658854824317,0,High-Margin Products
-0.07446401136011793,-0.34366868205519596,3,High-Selling / Low-Margin Products
1.920647918901321,1.161333678860502,2,High-Value Products
0.35662017554626013,-0.2723480142473172,0,High-Margin Products
0.04033078019787595,-1.5632727226022,3,High-Selling / Low-Margin Products
1.0753082117170736,-0.19591702486033633,2,High-Value Products
-0.2899877509803841,0.04543407960736515,3,High-Selling / Low-Margin Products
0.6437367643433259,0.18214776237103597,0,High-Margin Products
-1.2861283169431748,-0.6439548395215884,3,High-Selling / Low-Margin Products
-1.2291750164916766,-0.33843607576762913,3,High-Selling / Low-Margin Products
2.6606008323635746,0.6311001423738051,2,High-Value Products
2.636874101548299,1.4888093977397336,2,High-Value Products
1.2484128310245595,1.2485156731155336,0,High-Margin Products
1.2072509497621056,0.7891561727982199,0,High-Margin Products
3.87876384571137,0.40629115679709327,2,High-Value Products
-2.0878671475368358,-1.482833888411552,1,Low-Performance Products
4.258340785569867,0.4898243278873244,2,High-Value Products
0.18485476908026696,-0.09679101890415369,0,High-Margin Products
-1.5785354020777675,1.0930891584298237,1,Low-Performance Products
-2.657947404700642,1.3225274905648943,1,Low-Performance Products
-2.104101343171317,0.2729800771560386,1,Low-Performance Products
1.490179673712055,1.5598299898681267,0,High-Margin Products
0.5734300173322356,-0.09067305567093392,0,High-Margin Products
-2.8338262774132157,-1.6593250409676157,1,Low-Performance Products
-1.5836691760669241,-0.1228246081220886,1,Low-Performance Products
1.7974087982775122,0.9167506535492054,2,High-Value Products
-0.048854687167565074,1.9054897783101408,0,High-Margin Products
0.2841570923336434,-2.205063686619891,3,High-Selling / Low-Margin Products
-0.9486735107282763,-1.4752465006933524,3,High-Selling / Low-Margin Products
4.402556858098073,0.8234654236927595,2,High-Value Products
3.040560905121281,1.8393574900799132,2,High-Value Products
-2.830272061178676,0.800846452543511,1,Low-Performance Products
-1.9409021021333581,1.2195019027953804,1,Low-Performance Products
0.7659258821496586,-0.16954785670022793,3,High-Selling / Low-Margin Products
-3.182617581453851,-0.31015844355745353,1,Low-Performance Products
2.350432422944975,-1.3495358831356135,2,High-Value Products
-0.145554843166635,0.5691276901209373,0,High-Margin Products
-1.3489168064341992,-0.28824480636156746,1,Low-Performance Products
3.84204548397308,-0.18788085396319232,2,High-Value Products
1.5696651357417755,1.1352720563382965,0,High-Margin Products
0.5703227181894129,0.31993413068056004,0,High-Margin Products
-1.7847661405310282,0.11167554619970918,1,Low-Performance Products
-1.929335078810354,-1.7218816996859847,3,High-Selling / Low-Margin Products
-1.8445780324761223,1.226640341434957,1,Low-Performance Products
1.7712864335729082,-1.1993905628818806,2,High-Value Products
1.420786069785258,0.5542292509631295,2,High-Value Products
-0.16558727748222835,-2.0004254920990507,3,High-Selling / Low-Margin Products
-2.218686492555847,0.16803830738441447,1,Low-Performance Products
-0.055264777867249607,0.3691964804639333,0,High-Margin Products
-0.13382198797617828,-0.051267448411034006,3,High-Selling / Low-Margin Products
2.984103679181184,-0.5659283178988088,2,High-Value Products
-0.3440630668344922,-0.34825285752545826,3,High-Selling / Low-Margin Products
0.5931588937378092,-1.2640893508016804,3,High-Selling / Low-Margin Products
-0.6488478015643316,0.8040930184934537,0,High-Margin Products
-3.5981597964188876,2.0970483256995567,1,Low-Performance Products
2.6261003879725684,-1.5709016467515227,2,High-Value Products
-4.350278776080159,-1.0390719362481693,1,Low-Performance Products
0.25183849371940453,-0.39903226333044534,3,High-Selling / Low-Margin Products
0.9956361308440574,3.1556991553968237,0,High-Margin Products
-0.4085722551504659,-0.8089696772499644,3,High-Selling / Low-Margin Products
-1.447317369888861,1.1096966904824206,1,Low-Performance Products
-0.6158351866512352,0.4993552775661497,0,High-Margin Products
-0.45031514247341664,0.020896448452659776,0,High-Margin Products
-1.5558070421635286,-1.555193194885069,3,High-Selling / Low-Margin Products
-0.635103834066151,-0.09228468460514679,3,High-Selling / Low-Margin Products
-0.3437043126125346,0.9233591654295074,0,High-Margin Products
-0.22607437263625116,1.8077714093753858,0,High-Margin Products
2.5202480402266274,0.0398635559420577,2,High-Value Products
0.03225733093156539,-0.09249108297116898,0,High-Margin Products
0.05507050162069122,-0.5980567964804263,3,High-Selling / Low-Margin Products
1.9931145231296596,-0.8351329982141681,2,High-Value Products
0.6435086912557304,-0.2118362534529457,0,High-Margin Products
-1.11289043836975,-1.4255368063655047,3,High-Selling / Low-Margin Products
1.4385974252623939,-0.1973309110594345,2,High-Value Products
-3.704448961349446,-1.2290606067979208,1,Low-Performance Products
3.688581802944542,-0.4230507352367977,2,High-Value Products
0.3599170399608424,-1.5441785800387309,3,High-Selling / Low-Margin Products
1.6922415628692118,1.0972988017027094,2,High-Value Products
0.873390658031953,0.4513968418258399,0,High-Margin Products
3.347967539003084,0.573849971051881,2,High-Value Products
2.4381159903820775,1.641409501172436,2,High-Value Products
1.357000517186097,-0.19687768203376874,2,High-Value Products
-4.397734610234674,0.03343228330393202,1,Low-Performance Products
-0.3013002541494693,-0.18086918967409654,3,High-Selling / Low-Margin Products
-2.0173089548053507,-0.35731247687442175,1,Low-Performance Products
1.6497022113230697,0.6505237289117205,2,High-Value Products
0.7122013644078029,0.8372021793369994,0,High-Margin Products
-0.257856903004273,0.2989926328887949,0,High-Margin Products
0.7367840128976473,-0.9522173848171872,3,High-Selling / Low-Margin Products
-1.9802367178466376,-0.14148690809641257,1,Low-Performance Products
0.46902704670340273,0.640519373940107,0,High-Margin Products
-1.3200705906908148,1.022432094247028,0,High-Margin Products
0.7192364131034877,0.3584866214806867,0,High-Margin Products
-1.4938439193934674,-1.1484717534793853,3,High-Selling / Low-Margin Products
-2.8319069384684,0.24568097459306992,1,Low-Performance Products
2.0139161237965237,1.0709210589328972,2,High-Value Products
-1.584895018275179,2.3511225953800166,0,High-Margin Products
-0.2726027951344025,1.0636657626628914,0,High-Margin Products
0.8275005512758521,-1.4797884654885287,3,High-Selling / Low-Margin Products
-4.434704064720714,0.9751446712837882,1,Low-Performance Products
0.997960187935888,0.44365197789415933,0,High-Margin Products
-0.3136377150982536,-0.5445246131810189,3,High-Selling / Low-Margin Products
-0.7683762649656187,1.7721425252710326,0,High-Margin Products
0.3732830843337516,-1.3838473952962789,3,High-Selling / Low-Margin Products
1.8290571641494735,-0.35697794626328805,2,High-Value Products
-1.3445630997768045,-1.0819828425011444,3,High-Selling / Low-Margin Products
-3.9305776097035623,0.34513608325127054,1,Low-Performance Products
0.6206286148332779,-0.5954938072148088,3,High-Selling / Low-Margin Products
1.0687075551912975,0.3771375346191559,0,High-Margin Products
-1.1643761703586915,0.011869482104537598,1,Low-Performance Products
1.620025041115749,0.07906820553671372,2,High-Value Products
-1.1294741074383525,-0.9741965776310686,3,High-Selling / Low-Margin Products
1.8478999744652005,1.1898659537611398,2,High-Value Products
0.3235405483478842,-0.7723122336977837,3,High-Selling / Low-Margin Products
2.7532233345593653,-0.7044141223517157,2,High-Value Products
-0.3513925687172193,0.1591063576891749,0,High-Margin Products
-0.7745187560726718,-2.182392868409402,3,High-Selling / Low-Margin Products
-3.3392534678123122,0.8238165642109394,1,Low-Performance Products
-2.872848876976972,0.410033710166848,1,Low-Performance Products
-5.225332196814299,1.3915576729833454,1,Low-Performance Products
0.7173898314093161,-0.7891576649354959,3,High-Selling / Low-Margin Products
-0.6308741695822968,2.3696883198871332,0,High-Margin Products
3.77153500522019,-0.021899922423346468,2,High-Value Products
-0.4263583821130058,1.3598158202921937,0,High-Margin Products
-3.571501375923005,0.0590470770092194,1,Low-Performance Products
-2.4796305074133516,0.26471820758159614,1,Low-Performance Products
-2.763694454859776,-0.7727975846437076,1,Low-Performance Products
-1.0746403885862637,1.5516579774412322,0,High-Margin Products
-2.5182627550060785,-0.2699191233403079,1,Low-Performance Products
-0.10855957754780073,-0.843350004911665,3,High-Selling / Low-Margin Products
-0.8428603275157353,0.8699402402379396,0,High-Margin Products
0.10219892655925648,-0.5158815526886117,3,High-Selling / Low-Margin Products
0.9792223851826747,1.854649766435436,0,High-Margin Products
2.6698749862835873,-0.576562825044265,2,High-Value Products
1.9249614036510705,-0.35256698086560245,2,High-Value Products
-1.515053652494037,-2.1900891563264366,3,High-Selling / Low-Margin Products
0.9116682177612482,-1.4286571677554343,3,High-Selling / Low-Margin Products
2.439224150709797,-0.1299677420093201,2,High-Value Products
0.008104343372407802,0.8874396109092892,0,High-Margin Products
-1.8569510959043425,0.1981958686879159,1,Low-Performance Products
3.9355024770300657,-0.7504936805141493,2,High-Value Products
2.0806025000949946,-1.2262764075996622,2,High-Value Products
1.2560837863695418,0.38009036442231575,2,High-Value Products
4.0404200262307475,0.17731239035958554,2,High-Value Products
1.768721591087412,0.4298120519816584,2,High-Value Products
-2.2846677012961307,0.9416311797844862,1,Low-Performance Products
-2.0911601108954594,-0.13261225645695734,1,Low-Performance Products
-0.5779786880664884,1.6963517486188933,0,High-Margin Products
-2.8386030167180882,-1.006446506257436,1,Low-Performance Products
2.8985326890205667,-2.052242533847234,2,High-Value Products
-3.0288970424742354,-1.486505948210927,1,Low-Performance Products
-4.32025072345783,0.1129360058823133,1,Low-Performance Products
1.2582415025202227,-0.10112564066393628,2,High-Value Products
-1.8476615015321463,1.1786925435329125,1,Low-Performance Products
2.428608465301752,-0.29329452663432243,2,High-Value Products
-1.4092835110350521,-0.8794930065699403,3,High-Selling / Low-Margin Products
2.3736366764881085,-0.9124253651691269,2,High-Value Products
-0.8574428529255442,1.1750061508496081,0,High-Margin Products
0.5785715509545495,0.04940752310263259,0,High-Margin Products
-1.6206231530738278,-0.3473882290891657,1,Low-Performance Products
0.3175804064114613,1.588530283379843,0,High-Margin Products
-2.2680798580438117,0.6976876640467208,1,Low-Performance Products
-0.8629929596738604,0.7360743071744587,0,High-Margin Products
1.7569391349575778,-0.0670142099094866,2,High-Value Products
0.9139237758321008,0.33951265103766504,0,High-Margin Products
0.4787816325516517,1.5799717145820231,0,High-Margin Products
0.5040442000727214,1.9939998267024148,0,High-Margin Products
0.7706542510262112,0.7995511802989123,0,High-Margin Products
-4.9856798479200055,0.030118366253863774,1,Low-Performance Products
-1.0173436365765425,-0.6303214402004702,3,High-Selling / Low-Margin Products
4.11466340004497,0.07513533924304035,2,High-Value Products
-4.903242507319288,0.44474880502870584,1,Low-Performance Products
-2.279815721338348,1.523865510641418,1,Low-Performance Products
-2.4264241332223753,1.0938677037449502,1,Low-Performance Products
1.3375150848886468,0.17134254932173681,2,High-Value Products
-1.2325662591914361,-0.09816957020005325,3,High-Selling / Low-Margin Products
0.8472587536915419,1.6339171113060844,0,High-Margin Products
-0.6376422691829758,-1.3835342447239531,3,High-Selling / Low-Margin Products
-1.3824000747261942,1.9976000284461186,0,High-Margin Products
1.3108146378718168,-0.5241563906708466,2,High-Value Products
-0.4755814515341037,-1.4394733728100182,3,High-Selling / Low-Margin Products
-1.2906517892352143,-0.4734084697713137,3,High-Selling / Low-Margin Products
0.3285721961640858,0.05285728182996286,0,High-Margin Products
0.8988341077853973,-1.1783854005014491,3,High-Selling / Low-Margin Products
2.1645985849747658,-1.0439343958594993,2,High-Value Products
-0.9078889573270439,-1.1207621176628695,3,High-Selling / Low-Margin Products
0.07363289655997586,0.07339601792821016,0,High-Margin Products
-1.4645130871525258,1.2280196934405456,1,Low-Performance Products
1.915927971549106,1.1578159463335589,2,High-Value Products
0.7016402186078052,0.06261323837574187,0,High-Margin Products
-2.1246696456939347,-1.066473922321743,1,Low-Performance Products
-0.284141416273309,-0.9289694146149504,3,High-Selling / Low-Margin Products
1.121228714392749,0.715486669662865,0,High-Margin Products
2.1793612805697413,-0.14075365293632205,2,High-Value Products
-0.6335369315508306,0.788891941739501,0,High-Margin Products
-2.474021656133126,-1.43318752757186,1,Low-Performance Products
2.697668594706782,1.0966076636613138,2,High-Value Products
-3.295626487787759,0.886012883851086,1,Low-Performance Products
-1.1609187980548688,-0.24892959748511714,1,Low-Performance Products
-5.150331854091701,0.5183922721614622,1,Low-Performance Products
0.01254934920218454,1.3604904497984451,0,High-Margin Products
1.3110523182421379,-1.450656792006973,3,High-Selling / Low-Margin Products
3.80678128062078,-0.5460363153451162,2,High-Value Products
-1.1432948371176042,-1.630372002089943,3,High-Selling / Low-Margin Products
1.1503983017916617,-0.569706353989032,2,High-Value Products
-0.22758941242145148,-0.1745602295841919,3,High-Selling / Low-Margin Products
-0.07161964049618416,-1.0737553719175554,3,High-Selling / Low-Margin Products
-2.839570998681435,-0.8329985478198182,1,Low-Performance Products
-1.6758257659374944,1.3856747499117308,1,Low-Performance Products
-0.35611431037256275,-0.7118207690076422,3,High-Selling / Low-Margin Products
-2.4804036074506,0.5069021041815818,1,Low-Performance Products
-3.088911432160148,-0.6256676177902172,1,Low-Performance Products
-5.2262072784896985,0.9617209918328569,1,Low-Performance Products
1.0074371098125758,0.12819734375934613,0,High-Margin Products
0.47913490566819783,-1.4389834088595026,3,High-Selling / Low-Margin Products
-0.9117071562420099,-1.6115853660704658,3,High-Selling / Low-Margin Products
1.396457045273566,0.7936497123344596,2,High-Value Products
-0.7056860772645808,0.059212226452231134,0,High-Margin Products
-0.38067997731376546,0.07349553538391286,0,High-Margin Products
-2.0055754953127876,1.3367817593897442,1,Low-Performance Products
-0.28602128137694105,0.10383507502085505,0,High-Margin Products
-3.858431109439289,0.4392649762437288,1,Low-Performance Products
2.4688363999699106,0.974212884151945,2,High-Value Products
-1.3952367353506379,-0.8941229869196715,3,High-Selling / Low-Margin Products
-2.051324130734859,1.0554398108758658,1,Low-Performance Products
0.6317689502623429,0.899397029714244,0,High-Margin Products
0.6013084666777048,-1.4058789181469347,3,High-Selling / Low-Margin Products
-1.7154723441376738,-0.08050582098560549,1,Low-Performance Products
-0.9022916598318617,-1.401111581391897,3,High-Selling / Low-Margin Products
0.6612749241542891,0.6652660852959338,0,High-Margin Products
1.3173982828121296,1.705584978404282,0,High-Margin Products
2.1514361788293748,1.215290618050412,2,High-Value Products
1.713939094894003,-1.9801440011126683,2,High-Value Products
-3.6216639324651103,0.4736154510183623,1,Low-Performance Products
0.27367655723611584,-0.8611251614548379,3,High-Selling / Low-Margin Products
1.7025030122402667,0.040963772698499275,2,High-Value Products
3.1110406604348655,-2.2139076873601637,2,High-Value Products
2.3314429443257776,0.23700575172088229,2,High-Value Products
3.078077452264774,0.4726733018620481,2,High-Value Products
-0.8810274672658748,-0.7319531032067856,3,High-Selling / Low-Margin Products
-0.4666387506510234,1.4259252979719232,0,High-Margin Products
-1.345518109809347,0.07474689378382425,1,Low-Performance Products
0.017318926463225776,-0.08129911138267253,0,High-Margin Products
-1.9017648318821585,-1.4596023314717894,3,High-Selling / Low-Margin Products
-1.3547595305991333,-1.6356136525358413,3,High-Selling / Low-Margin Products
0.49151698612723443,-0.9009978748176433,3,High-Selling / Low-Margin Products
-4.563371576305894,-0.055246209671524105,1,Low-Performance Products
-0.014141841675929922,0.4861412540898117,0,High-Margin Products
-0.606168344188437,-0.43751897320917355,3,High-Selling / Low-Margin Products
0.2926409658291692,-0.06256888489726843,0,High-Margin Products
-1.594222719932258,-0.9624947854596455,3,High-Selling / Low-Margin Products
-1.5761507976849376,0.05269324557422729,1,Low-Performance Products
0.6808806616734377,-0.5638669680270999,3,High-Selling / Low-Margin Products
-1.5025441018882395,-0.44336662654384795,1,Low-Performance Products
-0.07571128557938449,-0.327343601494539,3,High-Selling / Low-Margin Products
1.63375446427531,-2.461004064587519,3,High-Selling / Low-Margin Products
-0.2893978622797809,0.15544719881236502,3,High-Selling / Low-Margin Products
-1.4198083462922002,1.59792525301051,0,High-Margin Products
2.2246996528925633,0.8905316821811882,2,High-Value Products
-3.090113851432084,0.007954468570828275,1,Low-Performance Products
-5.021086642275084,-1.415633754721049,1,Low-Performance Products
-1.2071597766771809,-2.025323305678276,3,High-Selling / Low-Margin Products
-1.7892433783097235,-0.3787736689165393,1,Low-Performance Products
1.5476004113490007,0.6247160332040053,2,High-Value Products
-1.2512332314102872,-0.130193513480668,3,High-Selling / Low-Margin Products
-1.0238169289448946,-1.2063361820573484,3,High-Selling / Low-Margin Products
0.5030842295781973,-1.173903391223955,3,High-Selling / Low-Margin Products
2.559193867672636,-1.877452085549064,2,High-Value Products
2.252108091403932,-0.4018500278243991,2,High-Value Products
0.21622314247090266,0.305703855792089,0,High-Margin Products
2.4284087484445145,-0.18540073107981653,2,High-Value Products
2.409270542200494,-0.6428422985497024,2,High-Value Products
0.6121410135039049,1.620325485914241,0,High-Margin Products
3.5220244359729946,-0.05428653150144148,2,High-Value Products
0.18881382874415528,-0.14853005092464094,3,High-Selling / Low-Margin Products
2.5052220811010093,0.08770834231376862,2,High-Value Products
-0.7072006673250151,0.4674643552623068,0,High-Margin Products
1.1719039924218213,-0.7302041134373078,2,High-Value Products
-1.596671400921211,-0.5437402446486248,1,Low-Performance Products
-2.586299905339108,0.15183931866877917,1,Low-Performance Products
3.2255242944608438,0.9210318500849066,2,High-Value Products
3.381795959418715,0.24715414543052333,2,High-Value Products
0.5234578212168672,1.2634146634729582,0,High-Margin Products
1.6827033066633603,1.460676823760273,0,High-Margin Products
2.2218969690629806,-1.0775375819093047,2,High-Value Products
-0.5936531131864711,-1.6554109221644007,3,High-Selling / Low-Margin Products
-0.622776901537124,1.2626657314349539,0,High-Margin Products
1.167261348798974,1.8256366524255148,0,High-Margin Products
3.747262230748221,0.6338901942213918,2,High-Value Products
0.6642687538471407,-1.5326002507026486,3,High-Selling / Low-Margin Products
-0.12978147237734747,0.22747035102401517,0,High-Margin Products
-1.4138318396845628,-1.1698537294273785,3,High-Selling / Low-Margin Products
0.30809260466045585,2.924449852957386,0,High-Margin Products
-1.3629364121801886,-0.7906238597517206,3,High-Selling / Low-Margin Products
-1.0577342648492316,0.7529826435923895,0,High-Margin Products
-0.8323427845800649,-0.6872745320250021,3,High-Selling / Low-Margin Products
-1.7260430701700749,2.0661889818268984,0,High-Margin Products
0.27067806681254253,-0.7171352447098246,3,High-Selling / Low-Margin Products
1.3710451317712964,0.09286028981096117,2,High-Value Products
-3.7140179799382507,0.1512207060698485,1,Low-Performance Products
-1.050383639702366,-0.274608527916767,3,High-Selling / Low-Margin Products
4.201014286553203,0.47614025871948995,2,High-Value Products
0.19740471016504815,0.04741487578916846,3,High-Selling / Low-Margin Products
1.2057141191512815,1.4701130067579609,0,High-Margin Products
-2.323121353901102,0.7169792877934283,1,Low-Performance Products
1.0631001420942974,1.334764448589453,0,High-Margin Products
-2.230415906487211,-0.5010829071748937,1,Low-Performance Products
-5.064572313759203,0.16484031210986558,1,Low-Performance Products
1.1913573605508794,-0.88497756719746,3,High-Selling / Low-Margin Products
-1.3485158303077147,2.021648646981908,0,High-Margin Products
2.644085562375052,0.5819593250677014,2,High-Value Products
-0.7940263647816043,1.2297823015564822,0,High-Margin Products
0.9958722005321077,-3.5387323668431385,3,High-Selling / Low-Margin Products
2.226360234073766,0.16680488181953948,2,High-Value Products
4.304802169437444,0.1856171022982347,2,High-Value Products
2.5177497004855556,-0.967610752212718,2,High-Value Products
4.373468831937136,-1.1751961686761494,2,High-Value Products
0.27730906441672165,-1.357144264909912,3,High-Selling / Low-Margin Products
-0.529546458536597,-0.1865186367656246,3,High-Selling / Low-Margin Products
2.889877893763468,1.4139557910802967,2,High-Value Products
-1.1780218162341392,1.2838270700437169,0,High-Margin Products
-0.9111331510957676,0.4963968136587429,0,High-Margin Products
1.3820653820945243,-0.13668075951049313,2,High-Value Products
-0.6147641678081077,0.5798505819358252,0,High-Margin Products
-2.1344249716961015,-2.094637889274725,1,Low-Performance Products
-2.2199625406937726,0.8015100294552924,1,Low-Performance Products
2.7812667940830087,-0.04681434470855402,2,High-Value Products
-2.0745715676645387,-0.7003276903044422,1,Low-Performance Products
3.442035132916259,-1.5960096543248425,2,High-Value Products
-1.3236585178997067,1.9764247236298884,0,High-Margin Products
-1.1133231694448111,-0.0853993949982714,3,High-Selling / Low-Margin Products
3.259579493985717,1.3246058208914542,2,High-Value Products
-0.31008774601231226,-1.8074898465136875,3,High-Selling / Low-Margin Products
-0.20923680076723286,2.7004691140995423,0,High-Margin Products
1.9468849455755808,2.189775922739786,0,High-Margin Products
-3.1788109294048184,-0.12205311701719408,1,Low-Performance Products
-0.5599686301406793,1.3724861968342557,0,High-Margin Products
-2.964304241012047,-0.33269571004649073,1,Low-Performance Products
-1.453233524680655,-1.8756866621708874,3,High-Selling / Low-Margin Products
-0.4388244669970629,-0.9531922765054225,3,High-Selling / Low-Margin Products
0.8829586376648995,0.5754026996784919,0,High-Margin Products
-0.36822488054201913,0.4911377463769367,0,High-Margin Products
0.031669716223452084,0.6110320929480142,0,High-Margin Products
-3.6810011179545237,-0.06426589826417675,1,Low-Performance Products
1.25382422856361,-0.5084597994345891,2,High-Value Products
-2.0588982048073823,1.5376689469242313,1,Low-Performance Products
-3.069728884716806,-0.380033623651697,1,Low-Performance Products
-1.0458193619036267,-0.7535516732081637,3,High-Selling / Low-Margin Products
-0.5292997405406378,-1.6407150487442597,3,High-Selling / Low-Margin Products
-2.1006983831837007,-1.4553909070138262,1,Low-Performance Products
-0.08637354431547477,-0.795867061779966,3,High-Selling / Low-Margin Products
-4.628303479665057,0.5162935042644641,1,Low-Performance Products
-2.5213338910397343,-0.17701215757213784,1,Low-Performance Products
-1.5147620385567964,-0.10921984562762173,1,Low-Performance Products
0.7125928743786528,0.8418768839968608,0,High-Margin Products
1.3714702009434039,-1.3414306965494178,3,High-Selling / Low-Margin Products
0.07735535955167512,0.0014024502931162283,0,High-Margin Products
2.224145899405122,-0.09635113444991696,2,High-Value Products
3.6144115763348355,0.884509768493567,2,High-Value Products
-1.3433249463922008,0.3340121216159221,1,Low-Performance Products
0.45461582907983583,-1.7371484519795493,3,High-Selling / Low-Margin Products
1.076604468849468,-1.18226838393788,3,High-Selling / Low-Margin Products
1.5279557308898126,0.21296864188717643,2,High-Value Products
-1.0427342520388103,1.4233292589851474,0,High-Margin Products
0.2877372265163368,0.6684607710597431,0,High-Margin Products
0.9585255684565208,0.5397284522516961,0,High-Margin Products
2.3490526128630553,0.7952399675612737,2,High-Value Products
-0.9395565620128067,-0.7751884073925003,3,High-Selling / Low-Margin Products
0.05637087579322068,-2.199510372768107,3,High-Selling / Low-Margin Products
-2.770797305821648,-0.7604738830555443,1,Low-Performance Products
0.24628754846756343,1.400008097328072,0,High-Margin Products
-0.5556725645404933,-1.1180275239261395,3,High-Selling / Low-Margin Products
1.2043411203755998,1.2212887266947736,0,High-Margin Products
1.9755505262030981,0.04739735197164443,2,High-Value Products
2.7282441916840665,1.4859699254283547,2,High-Value Products
-1.1492854890052868,1.566788014756905,0,High-Margin Products
2.0830782757817796,0.9879279810511221,2,High-Value Products
0.42150234339567505,-1.5892946676651678,3,High-Selling / Low-Margin Products
1.6458923857127081,-1.6242955883669725,2,High-Value Products
-0.6822401237826959,-0.47530746195733153,3,High-Selling / Low-Margin Products
0.1478788978980097,-1.6702596333216497,3,High-Selling / Low-Margin Products
-3.6126271102387992,0.34880663448026195,1,Low-Performance Products
0.577792904287965,-0.28704069533163645,3,High-Selling / Low-Margin Products
-1.0305390825118101,-1.3508610444210045,3,High-Selling / Low-Margin Products
-1.449537100488706,0.5962976397074632,1,Low-Performance Products
0.021557529029094982,-0.028441199818770396,3,High-Selling / Low-Margin Products
-3.533273737515206,-0.3057068695418488,1,Low-Performance Products
-1.4734175102038058,0.830128669205875,1,Low-Performance Products
-1.7229288048486138,-0.5584044849173838,1,Low-Performance Products
1.4113441207333925,-1.9602568010410468,3,High-Selling / Low-Margin Products
3.581130867527403,1.2569400954408545,2,High-Value Products
2.2096372866268905,0.8017215303075518,2,High-Value Products
2.219688181032643,-0.601679374126273,2,High-Value Products
1.4907070024591054,1.5379990282559957,0,High-Margin Products
2.7256341598199585,0.4067714345830607,2,High-Value Products
4.748247388292584,-0.2782506460736779,2,High-Value Products
1.823578480348415,2.546441410879134,0,High-Margin Products
2.650513939117865,0.9452095968714747,2,High-Value Products
0.18303625505552304,1.412088002836637,0,High-Margin Products
-1.0415989406030506,0.8676893722040817,0,High-Margin Products
-2.1878200512089263,0.8068887582250858,1,Low-Performance Products
-0.11514675416061085,0.9590906497405344,0,High-Margin Products
0.11916602773940707,1.2756826234655831,0,High-Margin Products
-1.8257275382265417,0.8375056744278689,1,Low-Performance Products
1.4880567359641488,0.03110122502266204,2,High-Value Products
2.81917460855235,0.745361968526262,2,High-Value Products
-2.909510442019406,-1.1273535270246733,1,Low-Performance Products
1.2108182627439603,-2.8268593504175894,3,High-Selling / Low-Margin Products
-2.4241256820031336,0.710394539984966,1,Low-Performance Products
1.364374743653659,0.34000618947647765,2,High-Value Products
-1.2218068759417646,-0.731569605120999,3,High-Selling / Low-Margin Products
1.980460964770655,0.8797616802905817,2,High-Value Products
2.865056001696612,-0.22174985806203437,2,High-Value Products
-3.375313726029437,-0.15732281133637377,1,Low-Performance Products
0.021121048647966763,-0.4267768509009143,3,High-Selling / Low-Margin Products
1.6482330173109452,-0.3344429372659903,2,High-Value Products
-5.315951866141885,-0.047906298118084806,1,Low-Performance Products
2.077935709847106,-0.8271629176219867,2,High-Value Products
-0.8309756074964126,-0.42458950660173655,3,High-Selling / Low-Margin Products
-0.8118196974786557,0.6851637759073705,0,High-Margin Products
0.8938580500999047,0.8718899329129524,0,High-Margin Products
0.6315052953966224,1.0605906273934038,0,High-Margin Products
-3.2140191009455523,1.639434492510493,1,Low-Performance Products
3.3371167094624794,0.8386775554250234,2,High-Value Products
-0.0849083236303375,-1.9932203884883275,3,High-Selling / Low-Margin Products
-2.4347300972983765,-1.6931693512509642,1,Low-Performance Products
-1.8351262514978288,0.4629383695364753,1,Low-Performance Products
1.5628144607153267,-0.47504935206544263,2,High-Value Products
-0.5810107004957678,0.6764167464055098,0,High-Margin Products
-0.5315580106054864,0.5374321020381742,0,High-Margin Products
4.171664249705996,-1.2525944122205326,2,High-Value Products
2.2914030025735266,0.4135941761251804,2,High-Value Products
1.814525430121411,0.21729642491247858,2,High-Value Products
1.627668528759442,0.4911302587101309,2,High-Value Products
-2.778166227679225,-0.9268312344177793,1,Low-Performance Products
1.0710786726584194,-1.039227746483065,3,High-Selling / Low-Margin Products
-0.49331395210204876,-0.7470223226105165,3,High-Selling / Low-Margin Products
1.8752130938781348,-0.279684980956679,2,High-Value Products
-0.8596194391691021,-0.714605559742167,3,High-Selling / Low-Margin Products
-1.695586832325751,-0.983540011972946,1,Low-Performance Products
0.46207771085407007,1.8715528638547134,0,High-Margin Products
-0.7957398976655198,-0.3174792644520506,3,High-Selling / Low-Margin Products
-2.1958816598414668,1.2862684160159445,1,Low-Performance Products
-1.8242743023961432,-0.9791939579310505,1,Low-Performance Products
-0.8920557135115987,0.9138977486090235,0,High-Margin Products
2.1046248678036386,-1.4776915826523807,2,High-Value Products
1.0650165226248078,-1.3831577812671636,3,High-Selling / Low-Margin Products
3.8842616765254423,0.3413101213407018,2,High-Value Products
-2.759932992415226,-0.8176709456012703,1,Low-Performance Products
-0.715114922238412,0.7399022411806118,0,High-Margin Products
-1.9446117001897116,-1.73119473371467,3,High-Selling / Low-Margin Products
-0.1771752790388856,1.3903740326989042,0,High-Margin Products
0.40707987579443894,-0.8881186090103973,3,High-Selling / Low-Margin Products
-2.942843635165935,-1.2180068967208533,1,Low-Performance Products
1.2644338800239352,0.770112814376363,0,High-Margin Products
-1.5406717060752464,0.8126932770992943,1,Low-Performance Products
-1.5103990331214212,0.8149742141726809,1,Low-Performance Products
0.41049164037962677,2.6042437550317197,0,High-Margin Products
1.245627727029648,0.6479194342299418,0,High-Margin Products
0.17683802731498507,0.4363016468977112,0,High-Margin Products
1.5875423912374909,0.4125707567107221,2,High-Value Products
2.3437805994750764,-0.696316914184165,2,High-Value Products
0.8800878246922937,0.975568367050823,0,High-Margin Products
1.5187376160751092,1.3950587787452642,0,High-Margin Products
-1.7332677738180258,-2.5332287567772918,3,High-Selling / Low-Margin Products
-3.5653915947216173,1.4228778589623023,1,Low-Performance Products
-0.5498165787054162,-1.5483698103984815,3,High-Selling / Low-Margin Products
-4.253021782862917,-0.9613814407681036,1,Low-Performance Products
-0.7379311937690477,-0.15278689246389807,3,High-Selling / Low-Margin Products
-0.6464282452159812,2.422293454969394,0,High-Margin Products
-1.544971395846023,1.820404913154082,0,High-Margin Products
-0.9065344424742168,0.7941829644312236,0,High-Margin Products
1.1999275096131456,-0.37817832629640735,2,High-Value Products
-0.9523854697047767,-1.2131016628105868,3,High-Selling / Low-Margin Products
-0.1536236597305862,2.158298017075665,0,High-Margin Products
4.715496794327529,1.401688108700478,2,High-Value Products
0.1347512434246426,-1.0849944682168073,3,High-Selling / Low-Margin Products
-1.5272342622617778,-0.8507354535868643,3,High-Selling / Low-Margin Products
-1.8154759865369414,0.37519189117353546,1,Low-Performance Products
0.5336077609431754,0.6083759013489266,0,High-Margin Products
2.3044821817936514,1.268203037270753,2,High-Value Products
-0.4501010914204193,0.77421288014483,0,High-Margin Products
-0.9466885447152166,-1.6063434746302598,3,High-Selling / Low-Margin Products
0.765104725571571,0.20303143117032407,0,High-Margin Products
1.703120536768451,-1.163902215406737,2,High-Value Products
-2.6198943179438965,0.3470058079531465,1,Low-Performance Products
-2.107862611055807,-1.9988838251149519,3,High-Selling / Low-Margin Products
0.5397480182261832,-1.6924139217193628,3,High-Selling / Low-Margin Products
-1.1670829287922082,-1.0541014254110321,3,High-Selling / Low-Margin Products
0.3534259553882052,-1.280808941543855,3,High-Selling / Low-Margin Products
1.4677693725993155,0.037652828505317856,2,High-Value Products
-0.9482641192677809,-0.17183502009768323,0,High-Margin Products
1.518695505658578,1.6548681822705291,0,High-Margin Products
1.5152301221743427,-2.147515657458722,3,High-Selling / Low-Margin Products
-2.8086001308865605,1.1832584029091617,1,Low-Performance Products
-2.151522315770988,0.17946862387027632,1,Low-Performance Products
-0.36944640306021387,-0.8606123094058582,3,High-Selling / Low-Margin Products
2.087509091882314,-0.47244031166660355,2,High-Value Products
1.8989275125704077,1.0888626344237198,2,High-Value Products
2.4341873417504316,2.3167979210598713,2,High-Value Products
-0.8746231741979535,-2.251119420073642,3,High-Selling / Low-Margin Products
0.8634571061059397,-1.7065967073904527,3,High-Selling / Low-Margin Products
0.08745855915041008,2.694123499132837,0,High-Margin Products
0.6341371773795659,-0.9770026853888338,3,High-Selling / Low-Margin Products
-2.9662002789609274,2.3361294195512534,1,Low-Performance Products
1.4976763825260195,-2.5899597795550973,3,High-Selling / Low-Margin Products
3.045419630764018,1.7797440803483262,2,High-Value Products
2.0875855395506377,-0.42264559094836124,2,High-Value Products
-1.1139522806723399,-2.800104774798034,3,High-Selling / Low-Margin Products
1.1751353623970238,-0.4534544771836709,3,High-Selling / Low-Margin Products
-1.2901463119512013,0.08785381606654807,1,Low-Performance Products
-1.2871085988043214,-0.5130063560112977,3,High-Selling / Low-Margin Products
1.528701870126452,-0.37467636802483517,2,High-Value Products
-1.6399455159308505,-0.24728495680977752,1,Low-Performance Products
-3.2171282585252547,-0.050329619056916526,1,Low-Performance Products
-0.30832422486637323,-1.336215449466968,3,High-Selling / Low-Margin Products
-3.3252593047398356,-0.949854943842625,1,Low-Performance Products
1.6916846252755262,1.7446265982263758,0,High-Margin Products
0.44761564389870195,1.1202386984309747,0,High-Margin Products
-3.2214226557481034,0.7680445763126593,1,Low-Performance Products
-2.3704900571850605,-0.2670012127985996,1,Low-Performance Products
-0.8473316086579992,3.1212602091291184,0,High-Margin Products
-1.772492420326275,1.0649241650469168,1,Low-Performance Products
2.681587488987388,0.6941915999527102,2,High-Value Products
2.4653265533951756,1.1875024766651907,2,High-Value Products
1.5322408503386198,1.2585271617823088,0,High-Margin Products
2.1084176405803525,-1.1997249636053233,2,High-Value Products
-0.9567120984229265,-1.2331442397518289,3,High-Selling / Low-Margin Products
-2.077473839944319,0.9425641479262972,1,Low-Performance Products
1.467122994711342,1.724569444366746,0,High-Margin Products
4.239107014142837,-0.030933738416932668,2,High-Value Products
2.2194872434629196,0.3491315160094168,2,High-Value Products
-0.9431419588459742,1.4235121641273552,0,High-Margin Products
0.01778272282993021,0.7994420651194125,0,High-Margin Products
-0.9990268460448096,0.058696343332433336,0,High-Margin Products
-0.25619214077487845,0.7064564424840428,0,High-Margin Products
1.2156882631140158,-0.49880243564121507,2,High-Value Products
1.085347368644448,-0.280252562824334,2,High-Value Products
1.1014244137315585,-1.8216433214177061,3,High-Selling / Low-Margin Products
-0.8183488362740622,0.14924157564269416,0,High-Margin Products
0.44735769574975476,-0.8714824231351519,3,High-Selling / Low-Margin Products
1.1656291317513385,-0.2122580949201021,2,High-Value Products
2.9088431535672705,-1.3156738326818453,2,High-Value Products
0.3766152305109688,1.7894775176865918,0,High-Margin Products
-4.888213689694668,-1.2254023023585747,1,Low-Performance Products
-1.0095325912446582,0.317513778991527,0,High-Margin Products
0.07114683045507848,1.5691707524144067,0,High-Margin Products
-4.1691951256525766,-0.09614996056296443,1,Low-Performance Products
-0.18380113304314,0.09784355911994537,0,High-Margin Products
2.386396651991986,-0.17150306285994169,2,High-Value Products
2.8412628053285625,1.0945376982764294,2,High-Value Products
-2.373606947370368,1.1158238943491163,1,Low-Performance Products
-1.9283750311480568,0.1472881016766565,1,Low-Performance Products
-0.28685326498407904,0.5451057516626509,0,High-Margin Products
-3.3008373820062777,-2.1349875943902417,1,Low-Performance Products
-0.8855966782803042,0.13200611037344762,0,High-Margin Products
0.11618270651075473,0.8850217485501672,0,High-Margin Products
-2.2292956505515575,0.5364233226706373,1,Low-Performance Products
1.681040326761735,-1.8263137509166811,3,High-Selling / Low-Margin Products
0.24213031371933302,0.4466716560482707,0,High-Margin Products
-1.6833889568428613,-1.8419759316801625,3,High-Selling / Low-Margin Products
1.3423711578327153,-0.6741206709346412,2,High-Value Products
-2.8915529393159467,1.1803775737873383,1,Low-Performance Products
4.450534087620564,-1.0489596275746096,2,High-Value Products
-0.40263009681869044,-0.22605546142215296,3,High-Selling / Low-Margin Products
0.5249342084274912,-0.7574302874751642,3,High-Selling / Low-Margin Products
-1.2055076348106082,0.07550071881746011,3,High-Selling / Low-Margin Products
0.4086244944897382,0.33480078789653556,0,High-Margin Products
-2.1933126687129256,0.1707814061627432,1,Low-Performance Products
-2.081625951702209,-0.22954369711931738,1,Low-Performance Products
-2.23565213083635,-0.2309093712493077,1,Low-Performance Products
-1.6805302843080918,-1.0891581704463138,3,High-Selling / Low-Margin Products
-0.18717143235906836,1.1821571065451963,0,High-Margin Products
1.2933734035219284,1.2923253377712465,0,High-Margin Products
1.437953185727484,-0.060009923518147885,2,High-Value Products
-3.7895780634389684,1.2453993607560714,1,Low-Performance Products
-1.6210182146595824,1.746504048074949,0,High-Margin Products
-2.0869627318743382,0.34668114466221883,1,Low-Performance Products
0.24870552294860715,-1.2401283639979872,3,High-Selling / Low-Margin Products
0.8936418104274255,2.2921921464086066,0,High-Margin Products
-0.22289718228022673,-0.10473840439247452,3,High-Selling / Low-Margin Products
0.21947740010533187,0.49840728830065223,0,High-Margin Products
1.27768556604544,0.056547431637316604,2,High-Value Products
-0.5001323046035785,0.3753225784639524,0,High-Margin Products
1.4718750007318,2.284682592232837,0,High-Margin Products
-0.2727572962916487,0.7343879790642837,0,High-Margin Products
-0.8038376388619122,1.8415901286569385,0,High-Margin Products
-2.5216718329863577,-1.1220179556275618,1,Low-Performance Products
1.0861465426127481,1.309660943308588,0,High-Margin Products
0.7489303648944904,0.47631100985612057,0,High-Margin Products
0.4614113553541007,0.7117866495762762,0,High-Margin Products
0.5718373551929821,-0.17081451786983778,3,High-Selling / Low-Margin Products
-1.543228919324377,1.5366773278698151,0,High-Margin Products
0.6949321821343042,-0.06002337339128937,0,High-Margin Products
1.3559034913888282,-0.6091342315472985,2,High-Value Products
0.3475986986256413,0.5325631145809958,0,High-Margin Products
-0.7996558451197078,-3.1501937073837523,3,High-Selling / Low-Margin Products
-1.453184914606992,-2.1787107150979446,3,High-Selling / Low-Margin Products
2.3369588444040246,2.1717996483026107,2,High-Value Products
-0.10002607236178043,0.034619568910292504,0,High-Margin Products
0.47243523590162423,0.7759863753791322,0,High-Margin Products
-3.0503353473563,-1.4169526986079999,1,Low-Performance Products
-1.5243947626215992,-0.09914983166957969,1,Low-Performance Products
2.575848902358644,-0.3985259084195372,2,High-Value Products
-1.417510285264257,1.2871398228800142,0,High-Margin Products
0.7979090130720585,0.08877174246033329,0,High-Margin Products
-3.3343703117673997,1.1778263359552918,1,Low-Performance Products
-0.23571253921179303,-0.4181982548408075,3,High-Selling / Low-Margin Products
-0.7233564256982896,1.4800653096584082,0,High-Margin Products
-1.5689007308033631,1.169727922550166,1,Low-Performance Products
1.2504032807066658,0.11375625557448966,2,High-Value Products
-1.251161196254272,0.4203892090342265,0,High-Margin Products
-0.46752507982276087,-0.9536818482130579,3,High-Selling / Low-Margin Products
1.2303099039340009,-1.2321849288784077,3,High-Selling / Low-Margin Products
3.4692934252326406,0.20727343579225374,2,High-Value Products
1.5173049392661624,-0.05237434956834923,2,High-Value Products
-2.1103975949400504,-0.09470986651699304,1,Low-Performance Products
2.8358977188963714,0.009080125813675007,2,High-Value Products
0.7138340971574172,1.1746948495568144,0,High-Margin Products
-0.29945882532224943,-0.9709721395879605,3,High-Selling / Low-Margin Products
-0.21243194968788015,-0.8480533740925273,3,High-Selling / Low-Margin Products
-0.10647737594212732,1.4948636517441207,0,High-Margin Products
0.015461535679935296,2.001890436364169,0,High-Margin Products
0.5141818885910744,0.8762835017875505,0,High-Margin Products
-2.9977692525342428,-1.1405028556892796,1,Low-Performance Products
3.35678257506915,-1.064530002689642,2,High-Value Products
0.22881317930536565,-0.3807618662260484,3,High-Selling / Low-Margin Products
-1.2572811197115925,2.8417676347270144,0,High-Margin Products
-4.011267137375784,0.004543056437041254,1,Low-Performance Products
-2.204155016159865,0.2043347510784293,1,Low-Performance Products
0.2765091885172543,-0.18070959430611475,3,High-Selling / Low-Margin Products
1.1449896254890115,0.5969403042342216,0,High-Margin Products
-3.1026563091450488,-2.4172692436777186,1,Low-Performance Products
-1.5137726200676656,-1.4222299073326565,3,High-Selling / Low-Margin Products
1.6525185700865814,-1.2185139450425488,2,High-Value Products
1.6073156382307336,1.3933159593655158,0,High-Margin Products
0.1666921775307124,-0.136456347999521,3,High-Selling / Low-Margin Products
0.1790009276401234,1.4975398394323023,0,High-Margin Products
0.7028086094797256,1.6780048609516534,0,High-Margin Products
0.41824203844014024,1.6440597621194275,0,High-Margin Products
-1.028073722594439,0.4611131467763695,0,High-Margin Products
-1.4777651758119363,-1.1715086726704624,3,High-Selling / Low-Margin Products
-0.3400955402913473,1.1945436742271345,0,High-Margin Products
-1.381131157049997,-0.3938623339446118,1,Low-Performance Products
1.8040697359558417,0.7382803638047497,2,High-Value Products
-0.6194918600151158,0.25335542616239537,0,High-Margin Products
-0.8709943380975351,0.3141588987439034,0,High-Margin Products
0.7633038940400008,-0.46863786549500736,3,High-Selling / Low-Margin Products
3.604111935274181,-0.033922074747679797,2,High-Value Products
0.35211747955986333,-0.2853533125144234,3,High-Selling / Low-Margin Products
-1.2917485398203148,-0.19319530258975356,3,High-Selling / Low-Margin Products
0.8806625094781306,-0.9686517554573661,3,High-Selling / Low-Margin Products
-3.1902967024826507,-1.0547630554923593,1,Low-Performance Products
-2.597577252984701,-1.2202733035104263,1,Low-Performance Products
2.4164913660634793,-0.4675472583410515,2,High-Value Products
1.1715183724098501,2.326615674737808,0,High-Margin Products
0.31159637576615956,1.101979585031598,0,High-Margin Products
-1.8497663827581274,-0.27567309539991225,1,Low-Performance Products
-0.11974980249344962,0.8968890770043583,0,High-Margin Products
0.14929931607454006,0.5954868362744571,0,High-Margin Products
-4.729218776536966,1.9335297954965323,1,Low-Performance Products
1.101766548232529,0.6272747315555921,0,High-Margin Products
1.7236440230861205,1.034234267597696,2,High-Value Products
0.35605210922429115,0.03163381273738323,0,High-Margin Products
-0.09264340266710974,1.3443296401508535,0,High-Margin Products
-0.40452923681300507,0.3612044428594645,0,High-Margin Products
-0.2930363701223858,-1.2540132195570555,3,High-Selling / Low-Margin Products
0.8220489847631957,1.1482516135291718,0,High-Margin Products
-2.1665334120228583,-0.7159099523435533,1,Low-Performance Products
-0.4764336499229662,-0.6677298538719358,3,High-Selling / Low-Margin Products
0.388871412383363,2.0851477653040145,0,High-Margin Products
-2.9122350699549973,-1.2239950150038454,1,Low-Performance Products
-1.6932024644676456,-0.835627787300272,1,Low-Performance Products
2.2112901080701977,0.8590527611718142,2,High-Value Products
-1.9822858173059188,1.919488865190224,1,Low-Performance Products
-0.3801703128586668,-1.7874409858296765,3,High-Selling / Low-Margin Products
-0.48710193258859935,1.2966866680291549,0,High-Margin Products
-4.6815385400805924,0.43034784483901783,1,Low-Performance Products
2.3011108532258127,1.591710805982787,2,High-Value Products
-4.485266229908122,-0.38171404034178863,1,Low-Performance Products
1.0707191039162691,-2.214546453138204,3,High-Selling / Low-Margin Products
1.672634038460557,0.6589005522214699,2,High-Value Products
-1.3505456963134235,-1.076638047211173,3,High-Selling / Low-Margin Products
1.0788478930910008,-1.3297647740726688,3,High-Selling / Low-Margin Products
0.9837422062710575,2.0952370033721492,0,High-Margin Products
-0.8524329900190626,0.742958542135682,0,High-Margin Products
-0.8366070202797651,-0.36610563957499925,3,High-Selling / Low-Margin Products
1.3772998724056118,0.5979150947760388,0,High-Margin Products
-4.698952216494299,1.0765886214764708,1,Low-Performance Products
0.5887251848305167,-2.0452507264624047,3,High-Selling / Low-Margin Products
2.415343556292243,-2.4986463579731466,2,High-Value Products
-2.572994888251667,-1.1277277176704117,1,Low-Performance Products
0.6415476478245923,-0.8806509391862911,3,High-Selling / Low-Margin Products
-0.802282617496946,0.42630457409275274,0,High-Margin Products
1.968878762006239,-0.09477375685800495,2,High-Value Products
2.953931280209773,1.3507691575712832,2,High-Value Products
0.27239297127843415,0.6759088835886435,0,High-Margin Products
-4.179383586291867,1.0827984878054262,1,Low-Performance Products
0.45767237138283473,-0.17544437826860249,3,High-Selling / Low-Margin Products
1.6291410990964754,0.7010802302274914,2,High-Value Products
-2.467928331476946,-1.1101811617450665,1,Low-Performance Products
-0.4774618141196232,1.7982486663515211,0,High-Margin Products
0.4439755690657929,0.18229885541971388,0,High-Margin Products
-1.9580268893204715,2.143220831007272,1,Low-Performance Products
-0.4180420979781695,-0.06901263456707338,0,High-Margin Products
0.8128571741516717,0.32050879535205906,0,High-Margin Products
1.4835962953932726,-0.08531233023109785,2,High-Value Products
3.156325443626623,-0.13441956293822682,2,High-Value Products
3.423972039478082,-1.3817481502764204,2,High-Value Products
0.3076717880824192,-1.5343705251866246,3,High-Selling / Low-Margin Products
1.1455405782996004,-0.1124634395062601,2,High-Value Products
-1.1449865228277036,-1.2724337707828979,3,High-Selling / Low-Margin Products
1.5974739188082216,1.7251136715487536,0,High-Margin Products
0.13747872607051842,0.3161229929317003,0,High-Margin Products
0.8241481629652698,0.3822571812118342,0,High-Margin Products
1.4180328914626117,-0.4797029127080871,2,High-Value Products
0.4401085618844939,0.9683586781774609,0,High-Margin Products
1.5310581761673245,0.4071021851028504,2,High-Value Products
0.7312025427135415,-0.15907239722532981,3,High-Selling / Low-Margin Products
-1.8488623745207846,-1.3296373033524176,1,Low-Performance Products
1.9294616360587662,-0.0037853406611273485,2,High-Value Products
-1.72016078834291,-1.486912640485374,3,High-Selling / Low-Margin Products
-0.5469546107476498,1.9759015542236242,0,High-Margin Products
0.2676602499521719,0.6069613343799104,0,High-Margin Products
2.5280115147230067,-1.3706091056624479,2,High-Value Products
-1.062969075173748,-1.101540692653394,3,High-Selling / Low-Margin Products
-2.7218379303960583,-0.9771738724887806,1,Low-Performance Products
0.08380194474880895,0.4516469405619693,0,High-Margin Products
0.4086341422078319,-0.6783877493020847,3,High-Selling / Low-Margin Products
2.006093080326487,-0.5500772215907918,2,High-Value Products
2.193688608345417,0.06295614100059718,2,High-Value Products
1.635317845633484,0.11480309108339894,2,High-Value Products
1.197264166579106,-1.0903530529102023,3,High-Selling / Low-Margin Products
3.589328681978119,-0.20459724257906112,2,High-Value Products
0.15558145062935685,-0.047502496955771585,0,High-Margin Products
-1.8811048677819278,0.6961434130352363,1,Low-Performance Products
-1.4818034572736685,0.06793519615039996,1,Low-Performance Products
1.4752856993712282,0.7067389527373177,2,High-Value Products
0.6496582111696058,-1.6698624477773063,3,High-Selling / Low-Margin Products
1.309420139896929,0.7546037671580751,0,High-Margin Products
-0.04058105248940299,-1.9666861402186944,3,High-Selling / Low-Margin Products
-0.6192213201640596,0.24853251655561281,0,High-Margin Products
0.824295667229441,1.0571071794505478,0,High-Margin Products
-0.7992448473198158,0.989302807449439,0,High-Margin Products
-1.9676645349987545,-1.5376582726775128,1,Low-Performance Products
2.2649984647247474,-1.5458297492942217,2,High-Value Products
3.3075887509084114,-0.6403701896202767,2,High-Value Products
-3.6660942803682173,-1.8901398630957735,1,Low-Performance Products
2.164618805480571,0.3464009352956564,2,High-Value Products
-1.95115463807652,-0.2122999742517577,1,Low-Performance Products
-0.4161868430137348,0.6730243607219042,0,High-Margin Products
-1.6990862776952238,-1.89096873547331,3,High-Selling / Low-Margin Products
-1.9751932920563366,0.42460635806436064,1,Low-Performance Products
-0.004247055771021083,0.11914109853969666,0,High-Margin Products
-2.570538981948254,-0.8286107468772569,1,Low-Performance Products
0.042878116218342706,0.058593779328235326,0,High-Margin Products
-0.6556964262093253,-0.08970559354071911,0,High-Margin Products
0.8687270928143005,2.1128657680185463,0,High-Margin Products
-0.22494259942659706,-0.3930946410273764,3,High-Selling / Low-Margin Products
0.5825221238077386,-2.811534697603986,3,High-Selling / Low-Margin Products
0.5764444570704425,1.323335874428198,0,High-Margin Products
-0.8384618735606502,0.05959569490437221,0,High-Margin Products
0.17232831065734397,0.22592123427997834,0,High-Margin Products
0.5945547137817683,-0.6968490427482947,3,High-Selling / Low-Margin Products
0.4820466400683933,-0.051037193622655734,0,High-Margin Products
-2.120458373271305,-0.5633344455109662,1,Low-Performance Products
-1.392193799899189,-1.1152586560259241,3,High-Selling / Low-Margin Products
3.8947729863392873,0.8009264914845284,2,High-Value Products
-0.018351356816813963,-0.5050191869354377,3,High-Selling / Low-Margin Products
-1.6887532568046582,-1.2216431149230733,1,Low-Performance Products
-0.05702363881484064,0.6566874965599876,0,High-Margin Products
-1.6452733682579006,-1.84172308299713,3,High-Selling / Low-Margin Products
2.9339531914276535,-0.3029301170884119,2,High-Value Products
1.126474874432689,-1.9408858647628666,3,High-Selling / Low-Margin Products
4.293055026117305,-1.1027440432869482,2,High-Value Products
3.33698351015119,-1.079867889467546,2,High-Value Products
-1.037508200369936,2.224966210799815,0,High-Margin Products
-0.24328492445566874,1.129859515832221,0,High-Margin Products
0.2926923328100766,0.13663018252669387,0,High-Margin Products
-0.4118029203020581,1.7696637331881238,0,High-Margin Products
1.433210956701301,0.46205250281356985,2,High-Value Products
-2.2492163667579663,0.07777174338962572,1,Low-Performance Products
-1.7683522889622572,-0.03835540470107633,1,Low-Performance Products
-1.0070583403757634,1.4395456236261408,0,High-Margin Products
1.452981372240697,0.3275583768653138,2,High-Value Products
0.782177591671622,0.38669440072770567,0,High-Margin Products
-0.9400657788185336,-1.065452114079012,3,High-Selling / Low-Margin Products
0.14009743260392,-0.897371458085468,3,High-Selling / Low-Margin Products
2.2968981002620823,1.3112107236827653,2,High-Value Products
0.6218637266020038,0.23078192811688306,0,High-Margin Products
0.18666110974098776,0.9249256749016532,0,High-Margin Products
-1.4964215610550424,-1.650356589230015,3,High-Selling / Low-Margin Products
-4.57924828583969,0.7091903524769666,1,Low-Performance Products
-0.19209472734031158,-1.8233239797847642,3,High-Selling / Low-Margin Products
2.760846681320983,-0.8807827995574627,2,High-Value Products
2.4533568407871695,0.2171916084967556,2,High-Value Products
-1.7381375228122877,-1.7455986493816817,3,High-Selling / Low-Margin Products
2.536661851143035,-2.3515401657530393,2,High-Value Products
-1.0402757859394987,0.060907216351132755,3,High-Selling / Low-Margin Products
0.7703637035087594,0.1072923558236781,0,High-Margin Products
-1.808982735765158,0.1970571323556679,1,Low-Performance Products
0.8787115317347399,-0.15880299282841578,0,High-Margin Products
1.164209451656588,-0.5233842495306152,2,High-Value Products
-1.9500218444123625,0.5638960602304106,1,Low-Performance Products
0.1712124431176354,1.5303502397461717,0,High-Margin Products
-3.602073963820889,0.11722014755312754,1,Low-Performance Products
0.6986793851501354,0.25902410753802957,0,High-Margin Products
-0.8358856847859378,2.3683629656133927,0,High-Margin Products
-0.207671320465538,-2.2910721946689607,3,High-Selling / Low-Margin Products
-0.6544165769937251,-1.8176477245101952,3,High-Selling / Low-Margin Products
-0.06733798268475882,0.5315030442774863,0,High-Margin Products
-2.270265411130283,0.979439984140931,1,Low-Performance Products
-0.23268399351948757,1.666289864900811,0,High-Margin Products
2.2767808715467273,-0.058561491623214515,2,High-Value Products
0.34281074115767446,-2.554644171904908,3,High-Selling / Low-Margin Products
0.226053873235614,-1.074034160977645,3,High-Selling / Low-Margin Products
-0.6618502859423397,1.4109834224875144,0,High-Margin Products
1.315614078553541,0.65935024850508,0,High-Margin Products
-3.013917819719608,1.453791103807748,1,Low-Performance Products
3.4925550783950268,-0.1877362708767335,2,High-Value Products
1.310226674087342,-0.5093032077069164,2,High-Value Products
-3.025987396690593,-0.03679592478820463,1,Low-Performance Products
-0.16605337824261987,0.3459183775952971,0,High-Margin Products
3.3183617350069006,-0.640161951942418,2,High-Value Products
-1.9324223687394313,-1.0536043857614787,1,Low-Performance Products
-0.8773561618557661,0.7478183302610935,0,High-Margin Products
0.8771694863254452,-2.5004513539515716,3,High-Selling / Low-Margin Products
3.1314781124833084,0.19245993088137336,2,High-Value Products
-0.8124737954262325,-1.3759916143545852,3,High-Selling / Low-Margin Products
3.0985479612887055,0.5190103612375356,2,High-Value Products
0.829305721530746,-0.1575288736185135,3,High-Selling / Low-Margin Products
0.2650923067018843,-1.6986503192374294,3,High-Selling / Low-Margin Products
-1.8672499711078057,-0.7261062110531743,1,Low-Performance Products
4.2679155412485645,1.6649285928364683,2,High-Value Products
-2.820080380329319,0.3349269264634777,1,Low-Performance Products
3.691817241297134,-1.1127416646549224,2,High-Value Products
-1.2488133696709358,0.04141051245436257,1,Low-Performance Products
-1.4356569726511619,0.4593976326296368,1,Low-Performance Products
1.2615178856657543,-0.54559113131401,2,High-Value Products
0.3676886645001792,-0.957525890183826,3,High-Selling / Low-Margin Products
-0.7141249082796474,-2.528000567830578,3,High-Selling / Low-Margin Products
-1.7887024278833419,-1.3670308495110408,1,Low-Performance Products
-0.9194061038034831,-1.2731472970805517,3,High-Selling / Low-Margin Products
-0.005367645700676336,-0.3615086820508898,3,High-Selling / Low-Margin Products
-0.5401102945996937,0.33002592227123034,0,High-Margin Products
-0.762130150725842,1.7730068464288202,0,High-Margin Products
-2.9969531898336537,-0.8260370636995806,1,Low-Performance Products
-3.361658268608671,-1.2253989333418205,1,Low-Performance Products
-0.5568625685640333,0.9363581307470592,0,High-Margin Products
-3.758577186405136,0.10133793689349777,1,Low-Performance Products
-1.517295839810197,0.16474685937693792,1,Low-Performance Products
1.2908331616327073,1.5541452189863618,0,High-Margin Products
0.5696820306288563,0.9682487977246765,0,High-Margin Products
0.6371539922314519,1.3772756966159927,0,High-Margin Products
-1.6158281295070234,-0.798129121276157,1,Low-Performance Products
-0.16321535687697908,-1.3325740944683675,3,High-Selling / Low-Margin Products
1.341019466762553,0.41797858115280506,2,High-Value Products
1.4340647257570018,-0.6873762752720217,2,High-Value Products
0.261012619869917,-0.16919068978838786,3,High-Selling / Low-Margin Products
2.8492210000652833,-1.559834792916961,2,High-Value Products
1.5566274819912802,2.6460332947990874,0,High-Margin Products
-0.4362826435926307,0.10716628364834459,0,High-Margin Products
-1.630777136591557,1.4726961861055077,1,Low-Performance Products
1.3687621541621668,-0.41053685710507276,2,High-Value Products
0.40928894212390193,0.2856243287901771,0,High-Margin Products
-1.642422528025843,-1.84152466673873,3,High-Selling / Low-Margin Products
0.7510759761746096,1.1229497507613353,0,High-Margin Products
1.2708112629628554,0.05750671443032999,2,High-Value Products
-1.1901301384584293,0.41641034515868375,0,High-Margin Products
2.410402110058766,2.082895566980744,2,High-Value Products
0.8120532402817232,-0.8064431499554329,3,High-Selling / Low-Margin Products
-0.13468099563609937,0.5299392019826167,0,High-Margin Products
0.8580734369715743,0.3143385095461178,0,High-Margin Products
-2.0432013633293087,-0.4587528900020735,1,Low-Performance Products
1.6436330295923407,0.8942322933246372,2,High-Value Products
2.641575929498512,0.03713855912593712,2,High-Value Products
-0.1367869556453899,0.24802417641294533,0,High-Margin Products
-4.553941972958876,-0.20113834364155958,1,Low-Performance Products
0.39767310355332425,-1.3177627227355233,3,High-Selling / Low-Margin Products
-1.276574690180473,2.516379254962871,0,High-Margin Products
-0.03513117182378537,0.09261557063527404,3,High-Selling / Low-Margin Products
-0.8448946947123375,0.032668334572614616,0,High-Margin Products
0.13903164620466027,1.0426090123999348,0,High-Margin Products
-1.958592364391673,-0.13418450144771202,1,Low-Performance Products
-0.31206456226666945,0.41484633000219884,0,High-Margin Products
1.015315092113684,0.3432853833820347,0,High-Margin Products
-4.060710623800162,0.17187697669414762,1,Low-Performance Products
0.04464126076578878,-2.069669258641856,3,High-Selling / Low-Margin Products
-0.8281325810871634,-0.3014415176585078,3,High-Selling / Low-Margin Products
2.5535767376683,1.9095848171791767,2,High-Value Products
2.709917520446746,-0.6335310110848973,2,High-Value Products
-3.6305723278354414,0.7004102983011739,1,Low-Performance Products
2.1776368910556125,-0.12848543751843025,2,High-Value Products
-1.6282361457802745,-1.226890865411626,3,High-Selling / Low-Margin Products
-0.40717006921674387,-1.0487466792267686,3,High-Selling / Low-Margin Products
-0.3144174348536108,-0.630521707311799,3,High-Selling / Low-Margin Products
-2.0526064820082164,0.22653651280856174,1,Low-Performance Products
1.7517604445396677,0.9148014537145971,2,High-Value Products
-0.713894236758281,-0.6914873463534128,3,High-Selling / Low-Margin Products
-1.6860601467266354,0.7995301999768265,1,Low-Performance Products
0.3927638870664055,-1.8046712678119927,3,High-Selling / Low-Margin Products
-1.4077134792210335,-1.7720364463472609,3,High-Selling / Low-Margin Products
0.026253656917780747,-0.5882073335245195,3,High-Selling / Low-Margin Products
-1.4374727912602485,1.0690906628995485,1,Low-Performance Products
0.9228124139373797,1.676800558912273,0,High-Margin Products
-0.1438874896798087,2.625192337307809,0,High-Margin Products
0.16459353205866323,-0.3306923122991114,3,High-Selling / Low-Margin Products
-1.7151645185530155,-0.30105913751704655,1,Low-Performance Products
0.9981019659440219,-0.27492703095247945,0,High-Margin Products
-0.5536202923023298,1.6602716041852505,0,High-Margin Products
0.2796247216374708,2.0365101951154587,0,High-Margin Products
0.5815847993719961,-0.08996502745471859,0,High-Margin Products
0.6926181904437128,-1.0740677379508474,3,High-Selling / Low-Margin Products
1.8398546949736945,0.25519418165202296,2,High-Value Products
2.4550199676575177,0.3040467624955396,2,High-Value Products
-5.121455087792772,-1.829399044119395,1,Low-Performance Products
-3.0094808215406004,-0.043761415317801144,1,Low-Performance Products
-1.9239422519846694,0.32037976611661284,1,Low-Performance Products
2.6453490499821486,1.3672587332677808,2,High-Value Products
2.381404411327898,-1.2597897243309168,2,High-Value Products
2.592538003784676,1.3378430930197271,2,High-Value Products
-2.4984266763972656,-0.829084830709497,1,Low-Performance Products
0.2220166458848951,1.4554311208697983,0,High-Margin Products
-1.5323062857505367,-0.7983188936412885,1,Low-Performance Products
0.9623858597651562,-0.5430581274316493,3,High-Selling / Low-Margin Products
0.34515898517463667,-0.4567998163353351,3,High-Selling / Low-Margin Products
-2.6509563501731477,-1.4939507993306358,1,Low-Performance Products
1.9543934513010537,1.5025036450892286,2,High-Value Products
-0.7984603942051418,-1.3236382222606529,3,High-Selling / Low-Margin Products
0.47863898359445367,-0.9988752215290103,3,High-Selling / Low-Margin Products
1.6098417382910144,0.9732172513159566,2,High-Value Products
-0.5148239529307351,-1.0888159160281243,3,High-Selling / Low-Margin Products
-3.5721913446838958,-0.023474108731243004,1,Low-Performance Products
0.29343601820323606,0.17545177273358778,0,High-Margin Products
-0.48198832214939735,-0.6326891799271298,3,High-Selling / Low-Margin Products
0.10338803564343045,-0.30262931353625405,3,High-Selling / Low-Margin Products
1.780288513251239,-0.7690627817687757,2,High-Value Products
2.2879031439109174,-2.051457950504902,2,High-Value Products
-0.1309718088992505,0.42767572475697807,0,High-Margin Products
-1.9816033826300081,0.4646734187641565,1,Low-Performance Products
1.5857080632869427,0.529054236401602,2,High-Value Products
3.674145330310519,0.7333238095905789,2,High-Value Products
1.2136907513431359,0.9924157443210344,0,High-Margin Products
-1.3338229909601584,-0.3236572304086274,3,High-Selling / Low-Margin Products
3.3850997650964136,0.5032222808977165,2,High-Value Products
3.9482307329221076,-0.9566818728876193,2,High-Value Products
1.131714106589598,2.181851354493099,0,High-Margin Products
1.515488952932607,0.39047249479144425,2,High-Value Products
-2.088529766150371,0.6746083597630262,1,Low-Performance Products
-0.27830348464184773,-0.5577212580343859,3,High-Selling / Low-Margin Products
0.40293852489590576,0.09566049207092524,0,High-Margin Products
0.9480882105315203,-1.0088027494000835,3,High-Selling / Low-Margin Products
0.38228802847106275,-0.9723837410243615,3,High-Selling / Low-Margin Products
-3.2575004245213295,0.7947724705789649,1,Low-Performance Products
2.5542782082208997,-0.8889371923654349,2,High-Value Products
0.8076891504893592,1.0015908465438712,0,High-Margin Products
0.3688807843789532,0.10967795413464176,0,High-Margin Products
-0.7722825683495443,0.3464703375285365,0,High-Margin Products
-0.29029648054723783,0.6081650655315226,0,High-Margin Products
2.30466725938618,-0.11672625597040717,2,High-Value Products
0.9415615551007884,0.03929999409063498,0,High-Margin Products
1.3495899449251685,1.865163563789415,0,High-Margin Products
0.17978470344597966,0.7334036963470936,0,High-Margin Products
1.7566796571598013,-1.294759162821002,2,High-Value Products
-0.2971611233163771,0.26516005965211187,0,High-Margin Products
0.3672385790275712,0.10965696636488134,0,High-Margin Products
-0.27128107868700724,-0.34148112762722393,3,High-Selling / Low-Margin Products
-1.5926741247948515,0.24088665651551558,1,Low-Performance Products
-0.1993235564074535,1.0961556947565263,0,High-Margin Products
1.1388030720394107,1.0632224841062268,0,High-Margin Products
2.48791297316772,0.3882856266060959,2,High-Value Products
-1.0577834512634732,-2.099303656328903,3,High-Selling / Low-Margin Products
0.036837056828153664,0.5196423680917309,0,High-Margin Products
-0.6183401378869595,-0.841006456100492,3,High-Selling / Low-Margin Products
-1.4483319744104015,-0.9545365088244203,3,High-Selling / Low-Margin Products
-3.357071494188401,0.6897117265963848,1,Low-Performance Products
-3.366758924606593,-0.8103271530523999,1,Low-Performance Products
-4.051186966866842,-1.1187020622756036,1,Low-Performance Products
-1.680132039560713,-1.6671565259828505,3,High-Selling / Low-Margin Products
-0.8811007163080602,1.431239997247285,0,High-Margin Products
1.1063196466867928,-0.4522969610097669,2,High-Value Products
-0.5601539344325455,0.3306897112843829,0,High-Margin Products
0.18719334958494138,-1.388593502419761,3,High-Selling / Low-Margin Products
0.015208090905991095,-0.6934003794610931,3,High-Selling / Low-Margin Products
-0.6432336499817476,0.9448923152952797,0,High-Margin Products
-1.4598756337567986,-1.2104837094024652,3,High-Selling / Low-Margin Products
-1.4164473888849327,1.7971194145937712,0,High-Margin Products
-1.0733787619345914,-0.32212802987437605,3,High-Selling / Low-Margin Products
-4.549750212114758,1.1854385084128976,1,Low-Performance Products
0.6917892977113499,-1.222111156609636,3,High-Selling / Low-Margin Products
1.2505357094907377,0.3021972796432381,2,High-Value Products
-2.908383031617049,-1.1076687815902981,1,Low-Performance Products
-6.378399043753638,1.2866913153754616,1,Low-Performance Products
1.382082360459269,0.2686988923578001,2,High-Value Products
2.684526380234844,0.09400275019706741,2,High-Value Products
-1.1722007077528174,-1.6507296641435003,3,High-Selling / Low-Margin Products
-1.585781866542394,1.2018234051324537,1,Low-Performance Products
-3.7426441372756853,-0.09931629581671908,1,Low-Performance Products
1.8645196317955703,-1.21944380179214,2,High-Value Products
-1.100755082240604,3.3616700063418725,0,High-Margin Products
-1.9992792096374048,-1.4638884333192408,3,High-Selling / Low-Margin Products
0.41713272751685887,0.9037486600829583,0,High-Margin Products
0.5706910721301123,0.008188673434244368,3,High-Selling / Low-Margin Products
-0.7539519133527474,0.14864827849919054,0,High-Margin Products
1.5923144757391199,0.08581899278420288,2,High-Value Products
4.24773371267507,0.18427872243631055,2,High-Value Products
1.7520892390729863,0.7577866367282869,2,High-Value Products
-3.21766502314882,-0.014906662268654268,1,Low-Performance Products
-2.6355965096140954,0.5599807989415732,1,Low-Performance Products
2.9622334358287965,0.9864130435943328,2,High-Value Products
0.09069718111931471,-0.6244038126764329,3,High-Selling / Low-Margin Products
-3.563114278129418,1.9670636311725802,1,Low-Performance Products
0.1830309486817662,-1.7385963134382183,3,High-Selling / Low-Margin Products
1.5944558510789457,-1.7084487265820898,2,High-Value Products
-0.835413717511578,-0.7147161889759598,3,High-Selling / Low-Margin Products
-2.8430533087949152,-2.717658098363162,1,Low-Performance Products
3.4575036497079297,0.26107864872297065,2,High-Value Products
2.6716418600725045,-0.35479051996928,2,High-Value Products
0.8285319874575714,2.554856582548755,0,High-Margin Products
-1.6300721073293256,-0.8929166589382197,3,High-Selling / Low-Margin Products
0.3239977526624961,-1.755533377334317,3,High-Selling / Low-Margin Products
-1.0131533167848652,-3.3132115849038413,3,High-Selling / Low-Margin Products
-2.1435182116695426,1.006531219673662,1,Low-Performance Products
0.8806769050421611,1.3195470437535988,0,High-Margin Products
0.5419813551680586,0.6307772671467635,0,High-Margin Products
0.4136244026995627,0.052773548797509874,0,High-Margin Products
4.427426875091586,0.17153450110505897,2,High-Value Products
0.35614398888848026,1.618717147462626,0,High-Margin Products
-0.6403249469798292,-1.3402976219586429,3,High-Selling / Low-Margin Products
1.4993519179137829,-2.9061696865167503,3,High-Selling / Low-Margin Products
-3.958525364222199,-0.7196363060104815,1,Low-Performance Products
1.7166736606462552,-0.21766628596277388,2,High-Value Products
-1.8400396702150585,1.2814169159138313,1,Low-Performance Products
1.2330261259972037,0.6410882273838089,0,High-Margin Products
1.897369014245094,0.24351736913576721,2,High-Value Products
-2.5903030341323965,0.28042077709029706,1,Low-Performance Products
1.4451358581954878,-0.21016652637433172,2,High-Value Products
-0.26864595447135264,0.1273683008069609,0,High-Margin Products
-0.447175059388749,-0.3363699930837555,3,High-Selling / Low-Margin Products
3.507512940653943,0.46987477448870735,2,High-Value Products
-0.03798896989871842,1.5841936534298855,0,High-Margin Products
0.3183741313520505,-0.4894296291782843,3,High-Selling / Low-Margin Products
1.0063979964031158,0.12696929044813712,0,High-Margin Products
-4.78642625378336,2.5510420421480515,1,Low-Performance Products
-0.6932583466029877,-0.010110522103181205,3,High-Selling / Low-Margin Products
0.630111969539981,0.9393159992917735,0,High-Margin Products
-2.3603845027955406,-1.8465825808633631,1,Low-Performance Products
0.7612634895368954,0.855234673607318,0,High-Margin Products
1.306011460969837,0.04859976026747984,2,High-Value Products
1.5249012750974178,-0.014467406878231287,2,High-Value Products
3.1808016762327402,-3.248306099365383,2,High-Value Products
0.26777448380994323,0.3164176229390994,0,High-Margin Products
-1.1516922368262472,-0.9245587734674595,3,High-Selling / Low-Margin Products
-0.7897502960127805,1.2678218383931643,0,High-Margin Products
-1.2343638810512536,-0.37313195013011125,3,High-Selling / Low-Margin Products
1.9746784995110245,2.7259269644680235,0,High-Margin Products
3.668103726472038,0.45989013801915835,2,High-Value Products
1.6012701334239652,-1.9171569909909665,2,High-Value Products
0.806167834814291,0.4254709036837941,0,High-Margin Products
-0.6464143352879171,0.14668027750648238,0,High-Margin Products
-2.237529582650474,-0.18184783454548872,1,Low-Performance Products
-1.8121507026379609,-0.16358791319611338,1,Low-Performance Products
1.7471206378838449,-0.4147998134343357,2,High-Value Products
-0.6049452705597057,-1.3056674115175664,3,High-Selling / Low-Margin Products
1.2479341279356624,-2.726983997784326,3,High-Selling / Low-Margin Products
-0.38032402593413567,-0.060116497006470565,3,High-Selling / Low-Margin Products
-0.19468222566964696,-1.7994767631897695,3,High-Selling / Low-Margin Products
-0.702604582715374,2.5434065029127795,0,High-Margin Products
1.4212898299793448,0.29120917453777256,2,High-Value Products
2.539802904890136,-0.4058559905623521,2,High-Value Products
-2.2369005674465794,-1.4302855706472617,1,Low-Performance Products
-2.6504397276336285,-0.4247220413483235,1,Low-Performance Products
1.7114456622649998,0.33852667147568666,2,High-Value Products
-2.434197268938799,1.531132326205251,1,Low-Performance Products
-0.4091366085853024,1.2983302837374577,0,High-Margin Products
0.11438214832338402,-1.0794487895830334,3,High-Selling / Low-Margin Products
-0.9801459190260008,0.8345862530119471,0,High-Margin Products
1.1893171967427394,-1.1931204698143514,3,High-Selling / Low-Margin Products
-0.9992528325483899,-0.11774066820552717,3,High-Selling / Low-Margin Products
0.6471332300244009,0.7282958231059092,0,High-Margin Products
3.54099135976082,-0.743672243084474,2,High-Value Products
0.8000134129689894,0.2580042303701381,0,High-Margin Products
-1.02858572713189,-0.7672471421348812,3,High-Selling / Low-Margin Products
2.429264616988249,-0.5780374578184317,2,High-Value Products
1.0189141110968751,1.2669728061640788,0,High-Margin Products
3.0408146384020838,-0.262281191795777,2,High-Value Products
0.9513496382307748,0.127438636039939,3,High-Selling / Low-Margin Products
-0.22189295232607975,-1.2590071892216002,3,High-Selling / Low-Margin Products
0.5137084775121632,-0.8731256782060672,3,High-Selling / Low-Margin Products
2.3459039863703652,0.14548415271426962,2,High-Value Products
1.7488896525585904,0.2861628103469518,2,High-Value Products
-0.767476608836614,-0.747851360728724,3,High-Selling / Low-Margin Products
0.3782639659935371,0.2665697516423127,0,High-Margin Products
-4.764969920523788,0.24560449300697748,1,Low-Performance Products
0.2916349416992482,1.4228041457518417,0,High-Margin Products
1.5784723628438648,-0.3815889801395358,2,High-Value Products
1.4085241489036593,1.0691298846291202,0,High-Margin Products
0.08985837180088171,0.20729977335694386,0,High-Margin Products
0.01590035032068285,0.7688250140221635,0,High-Margin Products
0.9135983507427952,0.9648421370308283,0,High-Margin Products
2.1559278047173955,0.5473667689883424,2,High-Value Products
-1.6403958370772558,1.0746955307545822,1,Low-Performance Products
0.6573440950577403,-0.5066685997024659,3,High-Selling / Low-Margin Products
-1.157960356833917,-0.47721546813716736,3,High-Selling / Low-Margin Products
0.25719386432418295,-0.5309215287144677,3,High-Selling / Low-Margin Products
-1.8429043659127995,-1.036775896217257,1,Low-Performance Products
1.5231962782567376,0.3881568298769266,2,High-Value Products
-2.0799126699834707,0.7123880928568058,1,Low-Performance Products
0.11885649341693989,1.590397378389732,0,High-Margin Products
2.762250614205985,-0.5636896574718757,2,High-Value Products
-0.1783236235839737,0.029280243600990317,0,High-Margin Products
-0.47445587934072386,0.7634675996977353,0,High-Margin Products
0.04063901737364499,-1.2314175833968466,3,High-Selling / Low-Margin Products
-0.31119357567995226,0.16376741890336388,0,High-Margin Products
-0.24347078162532654,1.3613212736762927,0,High-Margin Products
2.608871445289136,1.7758092361512468,2,High-Value Products
-5.781905772314762,-0.45816300155350126,1,Low-Performance Products
0.685920641960813,-0.058147360674091854,0,High-Margin Products
3.1935696250035255,-0.27039535469715675,2,High-Value Products
2.120045671443615,1.0776433524822078,2,High-Value Products
0.389130101823264,0.00989685676956419,0,High-Margin Products
-0.5170332485349615,0.5665078281670877,0,High-Margin Products
1.227178760589878,-0.8155127513389301,3,High-Selling / Low-Margin Products
-3.0228129625883557,0.825014974415118,1,Low-Performance Products
-0.38238242957858937,0.15423894058108797,0,High-Margin Products
-1.7311919000379365,-2.3010572924937653,3,High-Selling / Low-Margin Products
2.3852689937236717,-0.39393892806263936,2,High-Value Products
1.5795973190804777,1.491700329800419,0,High-Margin Products
-3.3611395095036496,-0.34097064896770907,1,Low-Performance Products
0.07376328815393646,-0.5765880412404566,3,High-Selling / Low-Margin Products
-0.44814408571136716,1.8208887372249212,0,High-Margin Products
2.365986719777029,-2.8499026721509817,2,High-Value Products
-0.572263623215116,0.20336276893287444,3,High-Selling / Low-Margin Products
-2.232698599608353,-0.6199818698214475,1,Low-Performance Products
0.6196463625987229,0.9640903394429955,0,High-Margin Products
0.26213419147482425,-1.2310909218684531,3,High-Selling / Low-Margin Products
-3.867239651344845,-0.17685121672054763,1,Low-Performance Products
-2.4121502565754853,-0.3802216109042791,1,Low-Performance Products
-0.5182524186753109,1.5522895884458245,0,High-Margin Products
1.6728606605919019,0.09577924576363685,2,High-Value Products
1.0350474586458656,-0.8919272734046331,3,High-Selling / Low-Margin Products
2.3621549697667934,-0.11982604258428253,2,High-Value Products
0.45667396798354515,1.6482048250194463,0,High-Margin Products
-0.6317421935206761,-0.6408934156108884,3,High-Selling / Low-Margin Products
-0.5980883962560948,-0.21077510020914964,3,High-Selling / Low-Margin Products
-1.293822258608424,-0.15901339746625207,1,Low-Performance Products
4.754275724062898,0.43361117775696756,2,High-Value Products
-0.36636321227236274,-1.4139698129589993,3,High-Selling / Low-Margin Products
-0.9302185569276928,-2.0361446726478123,3,High-Selling / Low-Margin Products
-2.168809251386307,0.518491964296147,1,Low-Performance Products
0.7276731379051438,1.499033832184118,0,High-Margin Products
-1.5720797065400125,-0.427756609424575,1,Low-Performance Products
4.425507622814847,-0.09269776195431527,2,High-Value Products
-0.2861962398278073,0.5520663630244615,0,High-Margin Products
-0.6418024240177521,0.3164015832073099,0,High-Margin Products
-3.165004907685384,-1.4626495565799316,1,Low-Performance Products
-1.514380101695346,0.20244446590753648,1,Low-Performance Products
1.636308484440335,0.25876711991163703,2,High-Value Products
-0.29347722832792855,-2.097090409019285,3,High-Selling / Low-Margin Products
2.920760869808414,-0.032089337555990104,2,High-Value Products
-0.1860459069932006,0.2804503048859676,0,High-Margin Products
2.595295167742242,-2.245966616245312,2,High-Value Products
-1.7224835027917493,-0.17211328187890196,1,Low-Performance Products
-2.4608047193090434,-0.8567580746130162,1,Low-Performance Products
0.5664663241780684,1.62309044973748,0,High-Margin Products
-1.9430154151230385,-0.8049310364294158,1,Low-Performance Products
0.975157453533791,-1.7844152766335646,3,High-Selling / Low-Margin Products
-2.711720595025694,-1.2901821572553966,1,Low-Performance Products
-1.8932502178993784,-1.6591805018396946,3,High-Selling / Low-Margin Products
-0.8135026590929451,0.9287835759680731,0,High-Margin Products
-0.8141836078978635,-1.919474134915182,3,High-Selling / Low-Margin Products
0.8452063261832949,-0.455535642501333,3,High-Selling / Low-Margin Products
1.4129174446227144,1.2756666608032992,0,High-Margin Products
-2.6667858671509745,-0.17633610246509385,1,Low-Performance Products
-1.1527308956673223,-0.19680840939884164,3,High-Selling / Low-Margin Products
1.4047172409134592,0.26944128095432607,2,High-Value Products
1.8687448623731235,2.131627638950649,0,High-Margin Products
1.8480760883289018,0.5928021948915123,2,High-Value Products
0.08086544469259843,-1.003922951609435,3,High-Selling / Low-Margin Products
1.7879048531039783,-0.1763960316302541,2,High-Value Products
-1.667735639501213,-1.5879501376304725,3,High-Selling / Low-Margin Products
1.8300674418639593,0.7906794768092119,2,High-Value Products
-3.7191914690029284,0.39451985060671957,1,Low-Performance Products
-0.8101466038875081,2.6155138592616836,0,High-Margin Products
1.6907442271242845,-0.8341191352758699,2,High-Value Products
0.7129152462470206,0.6235354003815143,0,High-Margin Products
1.4676949618382868,-0.9595612801924392,2,High-Value Products
1.7792328815890013,1.314591902414305,2,High-Value Products
1.9430258919109404,-0.029247549168506772,2,High-Value Products
0.7372250340697911,0.81601303297749,0,High-Margin Products
-1.6225003167028134,1.9756133342262785,0,High-Margin Products
0.025684723478212754,-0.6995141340659897,3,High-Selling / Low-Margin Products
2.3128624266624302,-1.0061328607629128,2,High-Value Products
1.62898506022687,-0.06079478920604065,2,High-Value Products
0.34057181439670337,-0.16580265193636845,0,High-Margin Products
0.9028259264943307,-2.6176199397027218,3,High-Selling / Low-Margin Products
2.1877651205477737,3.4115410095399277,0,High-Margin Products
-2.7111064607371853,-0.6820962458406526,1,Low-Performance Products
-1.0000088218379624,0.9367416749572735,0,High-Margin Products
5.1640038693950405,-1.0961382075059123,2,High-Value Products
0.3421665139533815,0.10167188353515401,0,High-Margin Products
0.5915551458462066,-0.6881344765020228,3,High-Selling / Low-Margin Products
-1.8898321311320994,1.0978456819208968,1,Low-Performance Products
1.133486841179314,-0.6386699897198236,2,High-Value Products
2.723235348693089,0.9011939871535468,2,High-Value Products
0.40615043861912753,1.0716154430599403,0,High-Margin Products
-2.9043305973335127,-0.48804546820588207,1,Low-Performance Products
-0.6188612173628629,-1.7743052605622889,3,High-Selling / Low-Margin Products
0.7606494451317898,0.757049124816139,0,High-Margin Products
0.42981134807390886,-1.82784215403714,3,High-Selling / Low-Margin Products
-0.3768452515176847,1.0580352885093287,0,High-Margin Products
2.183852517314806,0.352404912054963,2,High-Value Products
1.7180169119942288,0.533493750670393,2,High-Value Products
-1.0324307674552522,0.06387607663384234,0,High-Margin Products
-1.178338074723863,-0.1689890346822868,3,High-Selling / Low-Margin Products
-0.6471585940842548,-0.26601517450167644,3,High-Selling / Low-Margin Products
-3.2720784975949235,0.391830956278484,1,Low-Performance Products
-2.3946640305411635,1.2107709030782414,1,Low-Performance Products
3.0096201512947904,0.8608453454118683,2,High-Value Products
2.5165902987283344,0.1556233620908442,2,High-Value Products
-2.5588388796095303,0.3159725217023257,1,Low-Performance Products
3.818363750863008,0.5731924562997067,2,High-Value Products
1.3323740312523171,-1.3203165381377557,3,High-Selling / Low-Margin Products
0.876986405536552,1.6617808051506346,0,High-Margin Products
0.7552380611808029,-0.09105921294022674,0,High-Margin Products
0.031066125448239036,-0.9720288893734467,3,High-Selling / Low-Margin Products
4.435824555316876,-0.6698135659958953,2,High-Value Products
-1.154099362896181,1.5417763327679914,0,High-Margin Products
-0.8524833437587518,-0.4841492113756257,3,High-Selling / Low-Margin Products
1.9279813008511417,0.839635058629957,2,High-Value Products
0.9787346447090046,-0.202993533837207,3,High-Selling / Low-Margin Products
-0.6787442426751347,-0.0055447289865773845,3,High-Selling / Low-Margin Products
1.3081620940671748,0.7258891145110631,0,High-Margin Products
-3.625779045355497,-0.8224596134898785,1,Low-Performance Products
-2.7099922239545506,-0.2798120170532823,1,Low-Performance Products
-0.11846316936074906,-0.17193091661594476,3,High-Selling / Low-Margin Products
0.13302929140893882,-0.26990030010875343,3,High-Selling / Low-Margin Products
-5.773204992447113,-0.3612719967123137,1,Low-Performance Products
2.9382400878830905,0.1620797182760035,2,High-Value Products
1.360546213725702,2.678849664237288,0,High-Margin Products
2.474070184859154,0.6446324956484618,2,High-Value Products
-0.24599396984519525,-1.1564013662248627,3,High-Selling / Low-Margin Products
-0.9624355123914533,-0.23341218613777664,3,High-Selling / Low-Margin Products
-0.8169793580564757,1.0746880378493793,0,High-Margin Products
0.3026796202706726,0.9344362792016628,0,High-Margin Products
2.208393841315155,-1.7019009429673586,2,High-Value Products
-0.5400212907587719,0.06882523445502413,3,High-Selling / Low-Margin Products
-3.281765685082115,0.7734667045322571,1,Low-Performance Products
-1.249778353772154,1.5376152299885215,0,High-Margin Products
-2.140235927343985,1.2532659491885183,1,Low-Performance Products
-1.981941738348481,-0.06568527476207253,1,Low-Performance Products
-2.2066828710232573,-0.17197417418750968,1,Low-Performance Products
-0.6674157743870227,-1.3371947099040598,3,High-Selling / Low-Margin Products
-0.9160503452261618,-0.32442680399712287,3,High-Selling / Low-Margin Products
0.5195014616532662,-1.445799142874883,3,High-Selling / Low-Margin Products
-2.641487996399697,-0.23833130288113158,1,Low-Performance Products
-1.881090324558036,-1.3628521758648173,1,Low-Performance Products
-0.9766314952545431,-0.6144991062868354,3,High-Selling / Low-Margin Products
-2.1378676885325283,-1.4836886940708571,1,Low-Performance Products
-1.1406677611452156,0.6704682530515131,0,High-Margin Products
1.38532087096401,0.008116234008620377,2,High-Value Products
0.6743153051905324,-1.6143089886115691,3,High-Selling / Low-Margin Products
-5.369081570298899,0.6818879894496654,1,Low-Performance Products
-1.9358691974573288,-0.18414221910344516,1,Low-Performance Products
1.1347328972129453,0.35079809100170806,0,High-Margin Products
0.3273286420986798,-0.5282242842245553,3,High-Selling / Low-Margin Products
-0.020953899685521898,0.37377976293293735,0,High-Margin Products
2.358970778313769,0.0048680174434409095,2,High-Value Products
3.276631371007815,-2.5292619263648475,2,High-Value Products
0.9648305925146361,0.06372837960876593,0,High-Margin Products
0.19357941079648414,0.07117522405592877,0,High-Margin Products
-1.6388235422330548,0.5616989541047326,1,Low-Performance Products
-1.0856418261353455,1.5597885198521977,0,High-Margin Products
-1.9735218905881506,-0.20244143365894504,1,Low-Performance Products
-2.933650184378464,0.5024770460997467,1,Low-Performance Products
1.5491142285181423,-1.9050563830462055,2,High-Value Products
2.9046473744772756,-1.0579256670170132,2,High-Value Products
1.458490269705234,-0.9361898641792018,2,High-Value Products
-0.7572071862585615,1.252040247968136,0,High-Margin Products
-3.025989258460351,-0.17414515167156552,1,Low-Performance Products
-2.86258467184512,-1.0146722301321958,1,Low-Performance Products
-2.771683112937411,-0.4390479681879093,1,Low-Performance Products
-1.4705272438633412,1.8677238603780268,0,High-Margin Products
1.0517159203980282,0.6567160499516123,0,High-Margin Products
-2.3294149092026437,-1.4131712519220503,1,Low-Performance Products
-0.27659459722579344,-1.1065443983038632,3,High-Selling / Low-Margin Products
-1.8279710549558248,-1.276249709487622,3,High-Selling / Low-Margin Products
0.8559942230811676,0.07701455221634831,0,High-Margin Products
1.0823324568183252,-0.5466172724705423,3,High-Selling / Low-Margin Products
-4.6118563813724505,0.8613138708377557,1,Low-Performance Products
-1.7170496075499209,0.24009506186279062,1,Low-Performance Products
1.5779058323367638,-0.6474689341074074,2,High-Value Products
-0.15049334015156848,0.5072012205351766,0,High-Margin Products
1.1149483125512258,0.9575898742905953,0,High-Margin Products
1.2485384021942252,1.5807952948344224,0,High-Margin Products
-1.9145639969538586,0.6942861103398044,1,Low-Performance Products
-1.402758359620912,-0.09668349902220462,1,Low-Performance Products
-1.250554558997759,1.8645872067964482,0,High-Margin Products
0.35779145951911107,0.4983894860607362,0,High-Margin Products
-1.9275498957980595,-0.32181111627117687,1,Low-Performance Products
1.0233691060392036,-1.228513880227341,3,High-Selling / Low-Margin Products
2.5942277407683614,0.8767114282942452,2,High-Value Products
3.7041009560224194,-0.24432289613939112,2,High-Value Products
0.052257282867808744,-0.5182146793033544,3,High-Selling / Low-Margin Products
-0.44561071782828965,1.3781937877733692,0,High-Margin Products
2.667892255910915,1.2002442617864102,2,High-Value Products
0.19542727195900367,0.24467030294798287,0,High-Margin Products
-0.7851506286404123,-0.6082635779055471,3,High-Selling / Low-Margin Products
-1.3538821965666488,-0.5709820132055663,3,High-Selling / Low-Margin Products
1.073970643011822,-0.5976540059314439,3,High-Selling / Low-Margin Products
1.031540343867676,1.218855316960365,0,High-Margin Products
2.224390425425994,0.28783751308799593,2,High-Value Products
-0.24567483610832802,1.159126293762518,0,High-Margin Products
-0.4394981690548327,-0.13239707437823356,3,High-Selling / Low-Margin Products
3.6954647613870435,0.13523914192401523,2,High-Value Products
3.6587345287271713,-0.38065854898637813,2,High-Value Products
-1.3502768891425767,0.06413388654470886,1,Low-Performance Products
-0.43028309045026447,-0.9158121876979713,3,High-Selling / Low-Margin Products
2.400474750836778,-1.3502508838759937,2,High-Value Products
0.5912558768076486,0.25617241699267224,0,High-Margin Products
1.6002502996202992,-1.4802479331631286,2,High-Value Products
0.13125617375858192,1.3687241763225257,0,High-Margin Products
2.6553650312576615,-1.068775456519304,2,High-Value Products
1.7647689719081434,0.8159453923622932,2,High-Value Products
3.02014737606994,0.257214553649677,2,High-Value Products
2.0234472586471375,-0.15009975040237591,2,High-Value Products
-0.8920533407037996,-0.31048694835053864,3,High-Selling / Low-Margin Products
-1.091211499554023,0.4417705956724473,0,High-Margin Products
-1.3500593885280334,-0.16505119658118725,1,Low-Performance Products
-0.7765667808279,-1.5133001046549772,3,High-Selling / Low-Margin Products
-0.08531532703783451,2.7082431943912324,0,High-Margin Products
-2.750598315428953,0.12864942961435122,1,Low-Performance Products
2.0366027049460254,0.49827041548299145,2,High-Value Products
0.10616267200319907,-0.2898011625919118,3,High-Selling / Low-Margin Products
-0.9568245049109282,-1.2448555048920513,3,High-Selling / Low-Margin Products
0.10005985504990945,1.200013997146819,0,High-Margin Products
2.303068124627425,0.15606282724998666,2,High-Value Products
2.236863842822918,0.00634773297756659,2,High-Value Products
0.5893112616091299,-1.0739678669917647,3,High-Selling / Low-Margin Products
-1.0358782177921033,0.40964377555893533,0,High-Margin Products
-4.029203308445025,1.144472363930904,1,Low-Performance Products
1.3297152342905256,1.437740167732978,0,High-Margin Products
1.3178586018360958,0.026134052872344306,2,High-Value Products
0.7213543634736111,0.6635882088082745,0,High-Margin Products
0.3996513634509094,2.2352197821265363,0,High-Margin Products
0.7138559171661274,-0.15957848581189263,0,High-Margin Products
-0.6484115779403162,0.5957823897642611,0,High-Margin Products
1.006597948417301,0.2879970814099003,0,High-Margin Products
-1.1986704426090768,0.6631245423051293,0,High-Margin Products
-0.6923910328363068,-0.8887557475012144,3,High-Selling / Low-Margin Products
0.09336125819496847,0.08476705270555251,0,High-Margin Products
-1.840744271385646,-1.9270075403666556,3,High-Selling / Low-Margin Products
1.8743739421131682,-1.0628960066014455,2,High-Value Products
-1.5675061072324583,0.705169175628394,1,Low-Performance Products
0.16353562550592182,1.8829572207109706,0,High-Margin Products
-3.7735956454834034,1.4960018967026067,1,Low-Performance Products
-0.7455843210743212,-1.9751884474208878,3,High-Selling / Low-Margin Products
-1.4629532751583945,-0.19011939815560844,1,Low-Performance Products
0.17649177500183974,0.6494243910596833,0,High-Margin Products
-0.22092583967793836,-0.36484976901780664,3,High-Selling / Low-Margin Products
-2.0352289308472997,-0.6876997832177802,1,Low-Performance Products
-0.11322843088482472,-1.2896330091560677,3,High-Selling / Low-Margin Products
-3.485611539783468,2.384927280981525,1,Low-Performance Products
1.2572353412016886,-0.6841219790383591,2,High-Value Products
0.9449436042173455,1.0910876886725038,0,High-Margin Products
1.5774289884376018,0.12795835395001362,2,High-Value Products
0.5828513430874036,-1.716569001879757,3,High-Selling / Low-Margin Products
2.262855798726913,-0.429094186782948,2,High-Value Products
4.249444690059104,-0.1472094950327344,2,High-Value Products
-0.9514647322401439,0.14324893657795526,3,High-Selling / Low-Margin Products
1.8446056722344937,-0.18689376457267096,2,High-Value Products
0.5752485029449965,1.6511119431934518,0,High-Margin Products
-3.935553774649312,-1.144959517958526,1,Low-Performance Products
-0.2095455442410351,0.25861190803941364,3,High-Selling / Low-Margin Products
0.8831931059609719,1.2343126160434568,0,High-Margin Products
-4.300133898829798,-0.9931517362844822,1,Low-Performance Products
-3.346484602957027,-1.434667754995138,1,Low-Performance Products
1.8003024842306163,-1.266272079101002,2,High-Value Products
0.9191262694489415,0.08392869931967203,3,High-Selling / Low-Margin Products
-3.2299921263701026,1.279424913981853,1,Low-Performance Products
-1.8797774778318108,-0.5380042534941455,1,Low-Performance Products
-0.4193399276083984,-0.057170328090609485,3,High-Selling / Low-Margin Products
1.089325395246775,0.13690396501385177,0,High-Margin Products
-5.883646694562011,0.2289917815017573,1,Low-Performance Products
-4.089133054713077,0.4424095645843771,1,Low-Performance Products
-0.2911398193743221,-0.03275533072817884,3,High-Selling / Low-Margin Products
-1.6476173999661425,-0.4057941819771687,1,Low-Performance Products
3.270809211479867,0.9100255960566273,2,High-Value Products
-2.3709398687759133,-1.3493023045677175,1,Low-Performance Products
-2.580694905878924,0.004617393825854112,1,Low-Performance Products
-1.92621529497844,-1.3184358641900291,1,Low-Performance Products
1.370305558977782,0.3087283572365481,2,High-Value Products
0.5705131136628958,-0.4800596214179223,0,High-Margin Products
-3.162815037928531,-0.5036185629576814,1,Low-Performance Products
0.3796989932611968,0.6625628486020009,0,High-Margin Products
-0.9895406922939239,2.0131884863303458,0,High-Margin Products
-4.21914554226506,0.018071255643706575,1,Low-Performance Products
1.3359799852448488,0.5134290544040748,2,High-Value Products
-2.670897975128312,-1.0506628848774773,1,Low-Performance Products
-1.1350091072255635,0.8925155448541937,0,High-Margin Products
-2.7850495976598753,-0.23881006875386457,1,Low-Performance Products
-4.830551675889002,-0.35330086780121983,1,Low-Performance Products
-5.109545056627009,1.0384307425404182,1,Low-Performance Products
0.5994740244956782,2.172014496836437,0,High-Margin Products
1.498445167887019,0.6365191734624284,2,High-Value Products
-2.717769918799745,0.03740183218464186,1,Low-Performance Products
0.4154312810129708,-1.1329236572257277,3,High-Selling / Low-Margin Products
-1.5551837336527843,0.4000508821932893,1,Low-Performance Products
-1.0670058558074165,-0.15877792726567633,3,High-Selling / Low-Margin Products
-1.608197591270215,-0.312040246414642,1,Low-Performance Products
-0.9960319570681078,1.311463392952739,0,High-Margin Products
-0.2501744238058055,-0.7636026856164811,3,High-Selling / Low-Margin Products
-1.2015069204252382,-0.7981813957913962,3,High-Selling / Low-Margin Products
-2.625485127678955,1.1659462967584298,1,Low-Performance Products
-0.5113316816037511,-0.4685968384345052,3,High-Selling / Low-Margin Products
0.05281729330138969,-2.137568615745599,3,High-Selling / Low-Margin Products
1.5644861853579346,1.2563604276862943,0,High-Margin Products
1.8315286358495357,0.6067311594413445,2,High-Value Products
0.7489896422681377,-0.879199880641139,3,High-Selling / Low-Margin Products
0.9589347637383558,-0.19197150536653262,3,High-Selling / Low-Margin Products
0.3058558633060004,1.028473243628675,0,High-Margin Products
2.295012629720522,0.42234238701359283,2,High-Value Products
1.5152682053183173,0.7068631436918623,2,High-Value Products
-1.667650922804948,-0.32581486752398736,1,Low-Performance Products
-1.4232677098096047,2.0643055842602793,0,High-Margin Products
0.7744929118903725,-0.9144074253191262,3,High-Selling / Low-Margin Products
-0.8257381218863453,-1.678270809504208,3,High-Selling / Low-Margin Products
1.0825892297122073,-0.962314653840765,3,High-Selling / Low-Margin Products
-2.4560523258817826,0.1884842674306815,1,Low-Performance Products
2.397023934684372,1.4266420975301253,2,High-Value Products
-0.6163935052440432,0.23618455079691092,0,High-Margin Products
-2.2555108005569697,-1.2107791177788074,1,Low-Performance Products
0.13886023066609232,-0.90333656248308,3,High-Selling / Low-Margin Products
0.12516875313561168,-0.4611533203582293,3,High-Selling / Low-Margin Products
1.3929121364715598,0.45611432068662616,2,High-Value Products
-0.201135069292107,0.5864800505434236,0,High-Margin Products
-2.487130549410002,1.0039870065800893,1,Low-Performance Products
2.3654192751613623,0.9964983069946448,2,High-Value Products
0.1434004512707425,1.6060618217496052,0,High-Margin Products
-0.0342183781810114,0.018778928790498587,3,High-Selling / Low-Margin Products
-2.6653577903156087,-0.9284893304112909,1,Low-Performance Products
0.6705667294969118,-0.21208272009734905,0,High-Margin Products
-0.5836510206314259,1.7314746006847517,0,High-Margin Products
-2.641919406404838,-1.6153894818936843,1,Low-Performance Products
2.5296838528936387,1.7333722180419875,2,High-Value Products
0.7169171089282513,-1.7490397677477012,3,High-Selling / Low-Margin Products
-0.5750558006586785,0.4189012493574518,0,High-Margin Products
-0.6629725014530198,0.7822420363491874,0,High-Margin Products
2.496090577114262,-0.5389929105323541,2,High-Value Products
1.15136836950829,-0.9644278620855776,3,High-Selling / Low-Margin Products
-1.1592797515975188,0.5465959861521191,0,High-Margin Products
1.3326003003276423,-0.8797576634374136,2,High-Value Products
2.1245641519713843,0.9876632690024683,2,High-Value Products
0.1492964515562735,-3.088055651736424,3,High-Selling / Low-Margin Products
-1.722536780268158,1.2423173836030998,1,Low-Performance Products
0.15141324629703418,-0.3310741551792544,3,High-Selling / Low-Margin Products
-0.6255177828630336,0.3087549374905629,0,High-Margin Products
1.2621663249286015,-0.18739169850593182,2,High-Value Products
0.4367866200098542,-0.30607842080801606,3,High-Selling / Low-Margin Products
1.4544623736012996,0.9361359436046635,0,High-Margin Products
1.2967279293142677,1.5769554549522369,0,High-Margin Products
-1.5820890266411898,2.6333850141575326,0,High-Margin Products
-0.05211625481811025,-0.8558954047791384,3,High-Selling / Low-Margin Products
0.7445274464024282,0.8841550692895656,0,High-Margin Products
-0.33537714500271704,-1.2062738312961359,3,High-Selling / Low-Margin Products
1.6981988687158014,0.04272213971346684,2,High-Value Products
2.142754063950908,-1.6461357015068823,2,High-Value Products
0.9136845649336546,-0.21045318560270299,3,High-Selling / Low-Margin Products
-0.12366262394989967,-1.6698495885356228,3,High-Selling / Low-Margin Products
-0.8509510330207254,-0.03992898526550011,3,High-Selling / Low-Margin Products
2.9749616113401984,-1.1020346542836224,2,High-Value Products
0.037658852450055055,-0.9115801062794221,3,High-Selling / Low-Margin Products
3.061897319423232,1.0721153910659704,2,High-Value Products
-0.6869395179674054,-0.1090257944964288,3,High-Selling / Low-Margin Products
3.3045506014076644,1.1151158838121373,2,High-Value Products
-1.4123006453860152,2.027535600204752,0,High-Margin Products
-3.141389855483017,-0.9370566249396002,1,Low-Performance Products
0.00024916470197068174,0.26112652539961156,0,High-Margin Products
0.48211258641320937,1.6156484475102184,0,High-Margin Products
0.8015575597408342,-0.6224750935099418,3,High-Selling / Low-Margin Products
2.194452157763576,1.5303868166167272,2,High-Value Products
-1.5729301855668614,0.3791127380451339,1,Low-Performance Products
1.4825306525304747,-2.7328711002196706,3,High-Selling / Low-Margin Products
0.6204226366053046,0.44884213290334,0,High-Margin Products
-0.1382643383706709,1.1443822008831799,0,High-Margin Products
-0.023201290578586636,-1.9002949427809288,3,High-Selling / Low-Margin Products
-1.5530407129423949,-0.11564666288393857,1,Low-Performance Products
0.0771086247638953,0.8299049436626181,0,High-Margin Products
1.356880501797629,-0.8940902477479757,2,High-Value Products
1.9534663242660937,0.014605396021694604,2,High-Value Products
-3.2415811092217632,-0.3540465569109215,1,Low-Performance Products
0.899707350061439,-1.2889289119466676,3,High-Selling / Low-Margin Products
-6.492178958310065,0.5745483279141783,1,Low-Performance Products
1.0388941227382738,-1.1904242215719576,3,High-Selling / Low-Margin Products
-1.6261138620100093,0.10156408894046334,1,Low-Performance Products
-1.3412552642015405,0.13058216820479115,1,Low-Performance Products
0.3170565063564682,0.5195976269749862,0,High-Margin Products
-0.7195724432980782,1.4036443333581663,0,High-Margin Products
-1.6369798912278493,-1.9244731405598428,3,High-Selling / Low-Margin Products
1.8482410780853584,0.4499612763001454,2,High-Value Products
-1.792482679538983,0.034771264869614495,1,Low-Performance Products
1.9770020799689005,-1.1650677177436093,2,High-Value Products
-1.6056523312050703,1.9623983564144916,0,High-Margin Products
-1.4938889853220416,-0.5622544610699862,3,High-Selling / Low-Margin Products
-0.460124185635478,-1.0347747590675678,3,High-Selling / Low-Margin Products
0.21495035200451496,0.9510177005999185,0,High-Margin Products
1.0073022227679025,-0.8308803932312486,3,High-Selling / Low-Margin Products
0.4817952597054094,0.819667013697965,0,High-Margin Products
-4.436538421614605,-0.041090344329410444,1,Low-Performance Products
-0.45181394781948025,-0.10248978295648102,0,High-Margin Products
1.6467909035327457,1.3234189937214886,0,High-Margin Products
-3.783095405089397,-0.9786908840849805,1,Low-Performance Products
-0.17798505766184766,-1.071407776474885,3,High-Selling / Low-Margin Products
3.557719708418178,1.001533026944687,2,High-Value Products
1.8275882354110469,0.7783593314111981,2,High-Value Products
0.3679560829426582,1.18471077752501,0,High-Margin Products
0.7301806772184959,0.7311760865439636,0,High-Margin Products
3.0939232980945084,0.0024616147292061967,2,High-Value Products
-2.0517216722095766,-1.7485650323649373,1,Low-Performance Products
2.7019719660435344,0.7033805978192215,2,High-Value Products
0.2627473065794071,0.9530667294905337,0,High-Margin Products
0.7382356264035641,0.342689265180652,0,High-Margin Products
-1.963271054688472,-0.1535423958400021,1,Low-Performance Products
2.4070847523020267,0.9225288834896179,2,High-Value Products
1.2565110402159871,0.8696641332825655,0,High-Margin Products
-4.877058450167417,-0.6330514435131704,1,Low-Performance Products
1.4996082839749159,-2.19255049325501,3,High-Selling / Low-Margin Products
-0.842935069823306,0.1480249149343529,0,High-Margin Products
0.906029317048791,-0.32596369297362615,3,High-Selling / Low-Margin Products
2.980805243952122,-1.0853083779283703,2,High-Value Products
-0.2729911714504623,0.5674421705687691,0,High-Margin Products
1.9712334649687364,-0.11554185584286376,2,High-Value Products
-0.7745192607215372,-0.42229720056271147,3,High-Selling / Low-Margin Products
0.7230899335426547,-0.5748955483122802,3,High-Selling / Low-Margin Products
-0.8127966180544097,-0.8926569328920584,3,High-Selling / Low-Margin Products
-0.8851992121964453,0.2893487181213685,3,High-Selling / Low-Margin Products
0.07041510251909186,-0.8043535931623343,3,High-Selling / Low-Margin Products
-1.5379596598495153,-1.4519938352396922,3,High-Selling / Low-Margin Products
4.284861196229895,0.17820479686438526,2,High-Value Products
1.571431035402543,-1.4532273687714792,2,High-Value Products
-0.8340647585697496,1.8570239628346374,0,High-Margin Products
4.3764768180687055,-0.5991381020042282,2,High-Value Products
0.09940890465029027,-1.384628846801367,3,High-Selling / Low-Margin Products
1.3397707487378678,-0.3538944315141296,2,High-Value Products
-0.9184186733891323,-1.2965087057194233,3,High-Selling / Low-Margin Products
1.8496468977937075,0.5154172160285606,2,High-Value Products
-1.6993738271028027,-0.32215821871795725,1,Low-Performance Products
1.7076357458224054,-1.336495828590061,2,High-Value Products
1.857741478195438,-0.5055326955710809,2,High-Value Products
-0.0958997339801587,0.33261357726305474,0,High-Margin Products
-0.4366795709928382,1.7360140612832837,0,High-Margin Products
1.9759189473473069,-1.1103278377583625,2,High-Value Products
0.6296214941363707,0.9462259880980142,0,High-Margin Products
-3.222117660338208,-0.827464941829559,1,Low-Performance Products
0.9693204718680104,-0.7278146555471179,3,High-Selling / Low-Margin Products
0.4022932786542874,1.8611620441388754,0,High-Margin Products
2.165536332847563,-1.164908718620487,2,High-Value Products
1.6868977342632012,0.06492672044842165,2,High-Value Products
-2.421526867714108,-0.6969637594012553,1,Low-Performance Products
2.836559449864739,0.9761241986313925,2,High-Value Products
0.06507651388347638,-2.4431735222202886,3,High-Selling / Low-Margin Products
-0.9022391433048168,0.3501068536133808,0,High-Margin Products
0.4471444387252547,1.6473872633228321,0,High-Margin Products
-2.857020236995877,1.3128747865336847,1,Low-Performance Products
0.707232016610017,-2.243573197211798,3,High-Selling / Low-Margin Products
-2.3210522188397835,-0.5182794045717647,1,Low-Performance Products
2.5752629609869833,-0.2224414527749086,2,High-Value Products
1.2065273638628198,-0.5742393121856219,2,High-Value Products
-0.9888180230118229,1.940259197631284,0,High-Margin Products
2.8235293632673337,0.8547113710366561,2,High-Value Products
2.146845546297179,0.44327209832291425,2,High-Value Products
-3.7440735660743236,0.9547092378894751,1,Low-Performance Products
2.2326734412908587,-0.8936309939746581,2,High-Value Products
-0.4697556633978537,-0.7919290941198974,3,High-Selling / Low-Margin Products
-0.7717187933359451,0.8698744693855232,0,High-Margin Products
0.8642687350696567,0.6240792606654105,0,High-Margin Products
-0.35945739389201947,0.09275444081231858,0,High-Margin Products
0.15276540350099635,-1.0790078431925612,3,High-Selling / Low-Margin Products
0.9825422851276858,-1.0151362697202488,3,High-Selling / Low-Margin Products
0.18260501990279066,-0.47295599794128607,3,High-Selling / Low-Margin Products
1.9522762275678907,0.17314553291718762,2,High-Value Products
0.658493622670096,1.5411159959102771,0,High-Margin Products
1.0131620911657322,-0.19561218410521408,2,High-Value Products
-2.617906744894914,1.0389436071670632,1,Low-Performance Products
1.7972005654699492,-0.37611892625865556,2,High-Value Products
-1.163348818519581,1.248807302708925,0,High-Margin Products
0.07236214309703976,0.3728359298286816,0,High-Margin Products
1.2728693067337273,0.06485257368093783,2,High-Value Products
-1.8814237460713183,-1.1287657223853513,1,Low-Performance Products
2.6204149670774144,0.41663491733062885,2,High-Value Products
-0.3346994415464608,0.6214807564777347,0,High-Margin Products
0.7699581196626873,0.08416376214619474,0,High-Margin Products
1.4263823366888353,0.8276889453434164,0,High-Margin Products
3.417499429142725,-0.05690059481703812,2,High-Value Products
-2.9717309103687013,0.7507396419694639,1,Low-Performance Products
-0.16699587513264813,0.09787626534674554,0,High-Margin Products
0.5756338839648502,0.1831169517245389,0,High-Margin Products
-0.30081571716209815,0.616403958697592,0,High-Margin Products
0.876190754939022,-0.818145311316808,3,High-Selling / Low-Margin Products
-1.8975938526674676,0.7070959520212036,1,Low-Performance Products
-0.5129535728081153,-2.3053539636378897,3,High-Selling / Low-Margin Products
-0.8033322112274563,-1.9134288008349927,3,High-Selling / Low-Margin Products
1.0803577292251498,0.8639144599178515,0,High-Margin Products
-1.4763788995621703,0.4773705678045951,1,Low-Performance Products
2.4955467264148,1.63888880693757,2,High-Value Products
-1.7585101583484184,-0.38145372985837916,1,Low-Performance Products
-2.579055677492158,0.05955020092634239,1,Low-Performance Products
1.089786696026991,0.33891946753684876,0,High-Margin Products
-2.223826343399082,1.3040522870498408,1,Low-Performance Products
0.5769393074724402,1.25075512637154,0,High-Margin Products
1.0706550369759054,-2.0810364099932555,3,High-Selling / Low-Margin Products
1.080196321752533,-1.1799959348378963,3,High-Selling / Low-Margin Products
-1.7367433817613618,-2.595712716607466,3,High-Selling / Low-Margin Products
1.5785134341604181,-0.5624012353841418,2,High-Value Products
1.4448108451663721,-1.0689884432386834,2,High-Value Products
-2.3163054319351115,-0.9149714322203976,1,Low-Performance Products
-0.6169764938745756,0.9057759928838355,0,High-Margin Products
1.027697307894896,-1.6116219813521282,3,High-Selling / Low-Margin Products
0.8720477915576765,-0.6540753118359566,3,High-Selling / Low-Margin Products
-2.050258058611856,-1.4836481482445505,1,Low-Performance Products
6.371325103629115,-1.3379985918469308,2,High-Value Products
2.362071156548667,1.5656071256019508,2,High-Value Products
-5.897703857046219,1.163055153725077,1,Low-Performance Products
-0.03759582734425964,0.6013030184777077,0,High-Margin Products
-3.3751169814734836,0.11927144283493099,1,Low-Performance Products
3.447251164698413,0.41556693021059116,2,High-Value Products
1.3689805013151384,-0.7659731488812918,2,High-Value Products
-0.07526140313891953,0.047999654141066585,0,High-Margin Products
1.7281773752830563,0.9662576230252856,2,High-Value Products
0.17334044251738695,0.38016752610229165,0,High-Margin Products
-0.05987601568697693,-0.5228611175852245,3,High-Selling / Low-Margin Products
0.07173599766699756,0.9604266304946327,0,High-Margin Products
-1.6706806830730205,-0.4418120798660101,1,Low-Performance Products
-0.9981492083181248,-0.7957819485964785,3,High-Selling / Low-Margin Products
-0.4605814577833686,-0.6137231747656477,3,High-Selling / Low-Margin Products
0.013152391542014438,0.29126715987188856,0,High-Margin Products
-1.4616257356714397,-0.12394464228723405,1,Low-Performance Products
2.1720126796203134,-0.22742899504728833,2,High-Value Products
-1.7167492805638438,-0.5700783826325536,1,Low-Performance Products
1.5602922401711439,-0.18102775293400014,2,High-Value Products
-1.7058959720614866,-1.9739332729429635,3,High-Selling / Low-Margin Products
1.653636867140035,1.0525760450343191,2,High-Value Products
1.0974492829031923,1.6082612058972765,0,High-Margin Products
1.1988567082482928,2.1982054205400305,0,High-Margin Products
0.9910364122030704,0.6747556395180853,0,High-Margin Products
-3.9213925492827233,-0.377694562059658,1,Low-Performance Products
-1.6351263841188473,-0.17625189480661213,1,Low-Performance Products
2.5467134397094915,-1.5319767197101546,2,High-Value Products
-0.4525750781135117,-1.4745824322567547,3,High-Selling / Low-Margin Products
0.35496223429293844,-0.7820283087681986,3,High-Selling / Low-Margin Products
0.6018551020208263,0.1439472228067578,0,High-Margin Products
-2.8191020476130335,0.10187303330255955,1,Low-Performance Products
0.976255243243878,-1.5374757565615194,3,High-Selling / Low-Margin Products
0.021464774025342543,-0.4552718489044107,3,High-Selling / Low-Margin Products
1.7618926887736044,1.032181464053204,2,High-Value Products
1.8470816347931251,-2.048342709032556,2,High-Value Products
-2.465313118552999,-2.230429133078235,1,Low-Performance Products
-2.4060248968723856,1.131187032921445,1,Low-Performance Products
2.185891437299447,0.6771797822722571,2,High-Value Products
0.42517055830696154,-1.3689189914581443,3,High-Selling / Low-Margin Products
-0.9039764337821404,-0.7130584459076211,3,High-Selling / Low-Margin Products
-2.5221608669445854,-1.3188612993648618,1,Low-Performance Products
-3.046952214755504,0.15783339585963976,1,Low-Performance Products
-3.123677291130366,0.0944945562437874,1,Low-Performance Products
-3.424477904056701,-0.27745360592870316,1,Low-Performance Products
-0.6895054804584945,0.5638445276767501,0,High-Margin Products
2.583723885032575,1.3456558328440098,2,High-Value Products
-3.4747662388904166,-0.0018117823257192747,1,Low-Performance Products
1.5439492284137593,-0.06202901675205071,2,High-Value Products
0.5257215914658748,1.1136090635496918,0,High-Margin Products
3.4776927348319275,-2.140733926116238,2,High-Value Products
0.7560798509001453,-0.7549538766882936,3,High-Selling / Low-Margin Products
-1.5957488843223584,1.5221694788172442,1,Low-Performance Products
-1.9009237383989974,-0.26817558004333936,1,Low-Performance Products
0.6236158141502911,-1.426232968208492,3,High-Selling / Low-Margin Products
1.6987017103649802,1.2751315935399825,2,High-Value Products
-4.650549015884768,0.868983646493794,1,Low-Performance Products
1.8702523730432707,2.3256293223466225,0,High-Margin Products
-2.2467520154488883,1.5351949646399587,1,Low-Performance Products
-0.6993793863982244,0.9342278643212267,0,High-Margin Products
-1.1582334918197144,0.8336909496870819,0,High-Margin Products
-1.143791432653262,-1.1839786380082518,3,High-Selling / Low-Margin Products
0.9005752285773575,0.3555411586615383,0,High-Margin Products
1.3393933159739053,0.9905740864471999,0,High-Margin Products
-0.7663737123576806,0.8985990252048297,0,High-Margin Products
-4.732121760203506,-0.7297110046666803,1,Low-Performance Products
2.9309951841224597,-0.3008529293593747,2,High-Value Products
1.7880525650062526,-0.14895701358323163,2,High-Value Products
-2.2107250599200134,1.3574693571382097,1,Low-Performance Products
-1.0849748615108916,2.0554883112300577,0,High-Margin Products
-0.008000911981837158,0.4863164084110313,0,High-Margin Products
-0.06412265251998707,-1.0527845875453459,3,High-Selling / Low-Margin Products
5.722056039036475,0.43259668468713297,2,High-Value Products
-0.5996319922390513,-1.8775727509656888,3,High-Selling / Low-Margin Products
0.8392179572452827,0.05805048400112806,0,High-Margin Products
-3.125855625658686,1.4684519161795127,1,Low-Performance Products
2.8442821515613415,0.7071454450168189,2,High-Value Products
-2.9112213892826855,0.5635764397604932,1,Low-Performance Products
1.0027767179976224,1.417764129142548,0,High-Margin Products
0.017987421681367567,-1.337229858449613,3,High-Selling / Low-Margin Products
-0.20217130580736234,-0.9889199003554664,3,High-Selling / Low-Margin Products
0.9252372450075473,-0.04002244275083938,0,High-Margin Products
-1.7568747812186671,-1.9398830658236699,3,High-Selling / Low-Margin Products
0.5378596903197262,0.42078979760910107,0,High-Margin Products
-0.2779628341029243,-2.917453213194281,3,High-Selling / Low-Margin Products
-0.5803658010953746,0.689040429591547,0,High-Margin Products
-2.256606350712799,-1.1239626933048,1,Low-Performance Products
0.5158448306544144,-0.01914635892147031,0,High-Margin Products
-0.6064476596781372,0.9256968204236916,0,High-Margin Products
0.702907910594369,-1.517790095484964,3,High-Selling / Low-Margin Products
-0.9804935118316105,-1.293929939612852,3,High-Selling / Low-Margin Products
3.9473482499559536,0.05443004443258056,2,High-Value Products
0.9850794454238245,0.9632650237728325,0,High-Margin Products
0.5270857416051438,0.8023128082936183,0,High-Margin Products
-2.867238952819784,1.3885886147284658,1,Low-Performance Products
1.8573621403879579,-1.484650669965683,2,High-Value Products
-2.6821820533556706,0.7722939031342714,1,Low-Performance Products
0.13048048619926872,-2.4405862426562215,3,High-Selling / Low-Margin Products
1.0049557668208793,-0.7187555762577476,3,High-Selling / Low-Margin Products
0.08209609422217873,-0.5618632368571358,3,High-Selling / Low-Margin Products
-2.0534149129913963,-0.5001457183089988,1,Low-Performance Products
-3.4376153479834874,1.9567250426896658,1,Low-Performance Products
0.9471326784254089,-0.5957131417713007,3,High-Selling / Low-Margin Products
3.0764192134171418,-1.572556573573265,2,High-Value Products
2.7286952560167923,-0.3803311545103358,2,High-Value Products
-0.6992311404122897,-0.20480111445821952,3,High-Selling / Low-Margin Products
-0.7023663586739143,0.4570291114009532,0,High-Margin Products
1.424388919332202,1.1529009774732708,0,High-Margin Products
-0.4896888030981287,-0.38639536192081253,3,High-Selling / Low-Margin Products
1.6701636961928186,-0.7270593034466473,2,High-Value Products
-0.09086259802495512,0.16366151033702103,0,High-Margin Products
0.5842737703005101,0.08367025987753504,0,High-Margin Products
0.4477272367066813,-0.4696277705524843,3,High-Selling / Low-Margin Products
2.7888513898638685,0.6504906974272207,2,High-Value Products
-0.42429563068881904,1.3516776274960842,0,High-Margin Products
-4.461348591031797,-1.153663246268668,1,Low-Performance Products
-2.0405669633485584,-1.1673615728048083,1,Low-Performance Products
0.3269213732245595,0.1795259836495293,0,High-Margin Products
0.2047009392673035,1.9973616541698636,0,High-Margin Products
2.115050709057551,-1.2352255698929717,2,High-Value Products
1.0671108785770413,-1.2049816567903469,3,High-Selling / Low-Margin Products
0.4649123546638223,-1.2019387520092693,3,High-Selling / Low-Margin Products
0.26477503910343386,0.9455915769584182,0,High-Margin Products
0.019278022275990202,-0.5409981378412225,3,High-Selling / Low-Margin Products
-1.7121713984359364,-2.021049104036967,3,High-Selling / Low-Margin Products
0.5076114118210173,-1.0285722336183067,3,High-Selling / Low-Margin Products
3.9181928770275376,-0.35746780709368636,2,High-Value Products
1.9837008511133418,0.4475735752787176,2,High-Value Products
-0.45923193673534946,-0.6731049991917708,3,High-Selling / Low-Margin Products
1.051506207000336,-1.499821403132788,3,High-Selling / Low-Margin Products
1.777101838697017,0.27669767543427537,2,High-Value Products
2.570729567225038,2.596857854605004,2,High-Value Products
-1.9832291818832442,-1.7508647057343145,1,Low-Performance Products
-1.9917105209566424,-0.5064109541775997,1,Low-Performance Products
0.40384182734304364,1.8248573103890833,0,High-Margin Products
-0.6456690425654439,-0.33484005021726926,3,High-Selling / Low-Margin Products
3.1648029447242605,0.6395165119740599,2,High-Value Products
0.35323650200858503,1.090217144310536,0,High-Margin Products
-2.258190090826796,0.14520420897043868,1,Low-Performance Products
0.8462272252057463,-1.2909332485624097,3,High-Selling / Low-Margin Products
1.530060391820013,-0.16729063281901108,2,High-Value Products
-2.0611101461076493,-1.1187693949272006,1,Low-Performance Products
1.130356550373541,-0.11685275374186714,2,High-Value Products
-1.2895133254603937,-0.2689417754454268,3,High-Selling / Low-Margin Products
1.8872166036546862,-0.7839129274057689,2,High-Value Products
3.496135352251924,-0.6857383127433048,2,High-Value Products
-0.5856133277098567,-1.6550319348120006,3,High-Selling / Low-Margin Products
0.3754525163803239,0.7885667171349637,0,High-Margin Products
1.277276898277714,1.8627113896360616,0,High-Margin Products
-0.8751938226506876,-0.5613591306158877,3,High-Selling / Low-Margin Products
-1.6043754077713996,-0.8242350660874531,3,High-Selling / Low-Margin Products
2.1354294646508727,-0.2323015545023561,2,High-Value Products
1.4895214606733798,-1.0355814958038863,2,High-Value Products
4.158590140877812,1.3446053464447358,2,High-Value Products
1.2837061126818226,-0.12121404507972909,2,High-Value Products
2.4130279181476784,-0.01944270640693385,2,High-Value Products
-2.3462776629215383,1.4799035474528226,1,Low-Performance Products
-0.8021374161330114,0.49994678005371834,0,High-Margin Products
2.9170565629934053,-1.0046381879665167,2,High-Value Products
-4.6785153887308,1.1484662885685855,1,Low-Performance Products
-2.451426365901962,0.04938873960360183,1,Low-Performance Products
0.1560192307519252,0.21171702292517477,0,High-Margin Products
0.4000187059126152,-0.39794061289092564,3,High-Selling / Low-Margin Products
0.21353696489433444,-1.3912934030077106,3,High-Selling / Low-Margin Products
2.90123472529818,-0.9776303153112345,2,High-Value Products
-3.933177756732098,-1.2586301115104273,1,Low-Performance Products
1.4031756323830242,-0.006784511692665626,2,High-Value Products
0.7918793093170627,-2.0438343882408603,3,High-Selling / Low-Margin Products
3.169723754304351,1.9166248579866965,2,High-Value Products
-0.5062034341985451,1.2759444168290932,0,High-Margin Products
-1.8434572671436638,-0.595752978183875,1,Low-Performance Products
-1.094147363734474,-0.14962542980555385,0,High-Margin Products
1.7002335997852411,0.14344458819003755,2,High-Value Products
-0.37715438830735953,-0.7031960806402913,3,High-Selling / Low-Margin Products
-1.5303119951254316,-0.2397628706586055,1,Low-Performance Products
-0.576495438964572,-0.0495552691042526,3,High-Selling / Low-Margin Products
0.5140520010145397,0.7757792999782713,0,High-Margin Products
-1.558903502283662,1.3222527211025497,1,Low-Performance Products
-0.8410361054691087,-2.4189432885067528,3,High-Selling / Low-Margin Products
-1.4205207145336824,1.0662458189506123,0,High-Margin Products
0.5236588707070953,0.25768923448728354,0,High-Margin Products
-1.7500528031534928,-0.9639994556039232,1,Low-Performance Products
1.103831867613031,-1.38887486781225,3,High-Selling / Low-Margin Products
-3.789010491318593,-0.39671817556615036,1,Low-Performance Products
-0.12149086331300658,0.7000457194593551,0,High-Margin Products
1.8132250350857204,-0.7207203396479462,2,High-Value Products
1.9994818892248039,0.9351582967027375,2,High-Value Products
1.2297938363030303,1.0657548960756618,0,High-Margin Products
0.19319155229604548,-0.5041478644283314,3,High-Selling / Low-Margin Products
2.454279597603437,-1.1182813235454656,2,High-Value Products
-0.3831784387773872,0.7654021581000046,0,High-Margin Products
0.7023906706034105,0.5836346617832163,0,High-Margin Products
-0.16955525591047194,-0.8291897320866504,3,High-Selling / Low-Margin Products
2.2369596772134015,1.4648461897771876,2,High-Value Products
2.6574263921279404,-0.26944942429751934,2,High-Value Products
-4.786531645473973,-0.07622207746397115,1,Low-Performance Products
-2.201778337038259,0.36291969628830517,1,Low-Performance Products
-2.7383235561571175,-0.07069555955308933,1,Low-Performance Products
-2.6358491252252776,-0.9188581257794636,1,Low-Performance Products
-3.7933635946359088,0.2903048272083166,1,Low-Performance Products
2.3620457005588746,0.7418426817897629,2,High-Value Products
-3.482898496792477,1.0971052460682966,1,Low-Performance Products
-0.7118365654467161,-0.09946687366378022,3,High-Selling / Low-Margin Products
-0.24868789455692267,0.7759908223778089,0,High-Margin Products
0.10631340490932033,-1.7191577101697937,3,High-Selling / Low-Margin Products
-1.1503779027815413,-1.1224265102779891,3,High-Selling / Low-Margin Products
2.8603589493087345,0.1370259855031188,2,High-Value Products
-3.1011337022770373,-2.9078455720350687,1,Low-Performance Products
-0.7071195305112487,-1.1124987365427395,3,High-Selling / Low-Margin Products
3.799559204853572,0.6753568200630763,2,High-Value Products
-0.2160092665701145,2.1350802148061656,0,High-Margin Products
1.339361200968383,1.3210713458745391,0,High-Margin Products
0.5722715023315456,-1.3805293796429423,3,High-Selling / Low-Margin Products
-3.515061982537104,-1.1437412441393213,1,Low-Performance Products
0.4318379648021815,-1.705692631897887,3,High-Selling / Low-Margin Products
1.6836947764953205,-0.11250069243418807,2,High-Value Products
0.44725675434202666,1.8653104392066717,0,High-Margin Products
-2.8095916645055476,-0.03405053647956072,1,Low-Performance Products
0.6014032988937046,-1.6341357380430557,3,High-Selling / Low-Margin Products
0.13715119756730942,-0.5279787514732976,3,High-Selling / Low-Margin Products
0.5431415589691507,-0.43102995845163466,3,High-Selling / Low-Margin Products
0.061210256008950636,-1.1446790797739925,3,High-Selling / Low-Margin Products
0.8250208142169367,-1.5674906247189957,3,High-Selling / Low-Margin Products
0.3838494245356667,0.7381675969528839,0,High-Margin Products
-1.1964418606734044,1.3307748864268547,0,High-Margin Products
0.5478565615278996,-0.2486376070635911,0,High-Margin Products
-0.05856969839987181,-0.8467574513152043,3,High-Selling / Low-Margin Products
-0.7213601489174954,0.6408595688925866,0,High-Margin Products
2.2105925402258837,0.5079337732554967,2,High-Value Products
-1.1263465237178387,-0.1425329211906238,3,High-Selling / Low-Margin Products
0.5389764370894504,-0.8820721326664297,3,High-Selling / Low-Margin Products
-0.6766377278652137,0.2658900996999617,0,High-Margin Products
1.895477783405296,-1.9567890038474336,2,High-Value Products
1.2175523252876248,-0.6027534620978582,3,High-Selling / Low-Margin Products
-5.046891543636371,-0.48776260087252377,1,Low-Performance Products
0.15316765088673467,0.1615675076236655,0,High-Margin Products
1.5985047098957068,-0.3371755413686053,2,High-Value Products
1.776767199796413,0.6440882327640896,2,High-Value Products
1.6687404156800052,0.5594776159491156,2,High-Value Products
-0.6894102021055072,-2.649944052435943,3,High-Selling / Low-Margin Products
-5.358688142273346,-1.2848714039577769,1,Low-Performance Products
1.3816968199308177,-0.7504052761572088,2,High-Value Products
0.759799943252856,1.1495905120397367,0,High-Margin Products
-0.38862791339613456,-0.7142524402363772,3,High-Selling / Low-Margin Products
-3.0094970810191746,1.3538819620888367,1,Low-Performance Products
0.10987426294400111,0.08820455684984922,0,High-Margin Products
-0.12139714213790058,2.5519072426797473,0,High-Margin Products
1.5891126853274613,-1.461804926624067,2,High-Value Products
3.3221570176867337,0.12823294004791064,2,High-Value Products
1.1275392695416648,0.5056389275286582,0,High-Margin Products
2.6490463996031286,-0.7560603693526277,2,High-Value Products
1.450321419899427,-0.07416798357903383,2,High-Value Products
0.22963930961970733,-2.0782477687712624,3,High-Selling / Low-Margin Products
-2.9039872464730054,1.0954366477302668,1,Low-Performance Products
0.3586947456698909,0.48558976154643724,0,High-Margin Products
-1.1318124071490228,2.2166928097625136,0,High-Margin Products
-0.10198449549844053,0.240284526935631,0,High-Margin Products
-0.29896520442663194,-1.8632835005175545,3,High-Selling / Low-Margin Products
2.729324933009454,0.7216265764923004,2,High-Value Products
-1.6568106152952975,0.6718336356700256,1,Low-Performance Products
-0.6247870564064643,-0.37852374301899844,3,High-Selling / Low-Margin Products
0.37303105709109075,-1.4030543482612154,3,High-Selling / Low-Margin Products
-0.8313507269778799,0.7512142318699367,0,High-Margin Products
2.2045626194635863,-1.2726303756909165,2,High-Value Products
1.641591314376875,-0.3129309171766568,2,High-Value Products
-0.1997640935285032,0.2157380232086766,0,High-Margin Products
1.0378946220860177,-1.5263375688226026,3,High-Selling / Low-Margin Products
4.214707099151942,-0.4872527276987603,2,High-Value Products
-0.026710254729924887,-0.14739712629297153,3,High-Selling / Low-Margin Products
-0.38376284386481424,-0.9491808986533202,3,High-Selling / Low-Margin Products
0.18668185579605595,2.4066225064960536,0,High-Margin Products
-0.08924653299612159,-0.981136137997579,3,High-Selling / Low-Margin Products
4.352000534521013,-0.32780050315957643,2,High-Value Products
-4.803698237730876,2.18748796385892,1,Low-Performance Products
-2.3185350002324716,-1.0641029792205279,1,Low-Performance Products
-1.19075695544414,0.6542432838818139,0,High-Margin Products
0.15399166956167465,-0.37420451490307227,3,High-Selling / Low-Margin Products
-1.6330315903921653,-0.27107851112085396,1,Low-Performance Products
-2.439197768298041,0.7745199783025672,1,Low-Performance Products
-0.9615574552275563,0.9339233427245377,0,High-Margin Products
-1.7470283989742914,-1.8421163046614166,3,High-Selling / Low-Margin Products
-0.027886107776960743,2.378315098536259,0,High-Margin Products
-1.6450331721477047,1.7113824901045394,1,Low-Performance Products
-5.78689888812744,0.07593785799195714,1,Low-Performance Products
-0.7258041237099919,-2.1616843826416297,3,High-Selling / Low-Margin Products
-0.8447911640203074,1.0674814657520448,0,High-Margin Products
0.8499139262738342,0.5768260296330141,0,High-Margin Products
1.3984005433028592,-0.042903331209557034,2,High-Value Products
-0.5984664197540198,0.32136554468396,0,High-Margin Products
-3.2008838825130432,-0.6246446017272812,1,Low-Performance Products
3.8157276119699604,-1.758383239369522,2,High-Value Products
1.0967959901357436,1.166374432620939,0,High-Margin Products
-1.7288688260879952,-0.10082439001605462,1,Low-Performance Products
-2.1050495127776307,0.005827179859127402,1,Low-Performance Products
-0.39546461975107217,1.0415754349427466,0,High-Margin Products
-1.9597245168620563,-1.2562404842462005,1,Low-Performance Products
-1.0556924806291343,-1.7281318702547384,3,High-Selling / Low-Margin Products
1.3171170927400553,1.8670171240465219,0,High-Margin Products
3.5993367669371685,1.9512044345002095,2,High-Value Products
-0.2084232894783319,-1.4933429520002621,3,High-Selling / Low-Margin Products
0.14581736562915895,1.345518068987804,0,High-Margin Products
-3.306792475207501,0.8461392721264804,1,Low-Performance Products
-0.5489875802510278,-0.32549150871145566,3,High-Selling / Low-Margin Products
-3.263622724543846,-0.02076555820906385,1,Low-Performance Products
-1.2135447051868373,-1.4164267312160916,3,High-Selling / Low-Margin Products
-1.1563846544202014,-0.4615148885384165,3,High-Selling / Low-Margin Products
3.0647789623068293,-0.6071305038468088,2,High-Value Products
-2.7550341450050566,0.7643129113309234,1,Low-Performance Products
-2.408636888518927,0.4177963395390146,1,Low-Performance Products
-0.7484899925499933,-0.6629461864825426,3,High-Selling / Low-Margin Products
-0.41362763115113094,0.7458679194095587,0,High-Margin Products
1.7181205637219121,0.9065621959972352,2,High-Value Products
-1.0923824292713231,-1.043800775862644,3,High-Selling / Low-Margin Products
-0.6845373889713104,-0.7492041025960441,3,High-Selling / Low-Margin Products
-0.7701019440490571,0.7179244251928445,0,High-Margin Products
0.5944491480163315,1.4063036958420985,0,High-Margin Products
-1.7537251632721629,-0.42678061621827623,1,Low-Performance Products
-1.7597082200812406,1.778292710644751,1,Low-Performance Products
0.8240687102842797,0.5711092383467706,0,High-Margin Products
-2.0903668430786073,-0.7724931475698247,1,Low-Performance Products
1.9389033422841213,0.13002806219595248,2,High-Value Products
-1.729889551871892,0.15212994652380607,1,Low-Performance Products
-0.4275754996817337,2.2751307507846423,0,High-Margin Products
-2.4649678903130705,0.13870532855105677,1,Low-Performance Products
0.5118100280985982,-0.790861322789183,3,High-Selling / Low-Margin Products
-2.1182976739793897,1.3109424909670673,1,Low-Performance Products
1.9523190070443626,0.9911892055869793,2,High-Value Products
-1.232443556593727,1.3342148462547834,0,High-Margin Products
-3.450274035610655,-0.3964590333981352,1,Low-Performance Products
-1.5618511103069144,-0.7697556249313211,3,High-Selling / Low-Margin Products
2.8729443119252616,-2.4012740931677645,2,High-Value Products
0.8050065339201895,1.1478023863641957,0,High-Margin Products
1.7023552279075396,1.5956972953516495,0,High-Margin Products
-2.2046653885724536,0.16419517989861884,1,Low-Performance Products
1.3222013357451818,-2.0139689884376413,3,High-Selling / Low-Margin Products
-3.164785563923007,0.1167357635192636,1,Low-Performance Products
-3.0555790500457776,0.32506570186016875,1,Low-Performance Products
-1.4130070488154411,-0.11858675634256287,1,Low-Performance Products
0.2811511864788005,0.27508261365990444,0,High-Margin Products
0.16678024175886155,-3.4264699559216774,3,High-Selling / Low-Margin Products
1.715104769607521,0.18452902355696146,2,High-Value Products
-3.2631456277724937,-0.3770141530717022,1,Low-Performance Products
3.212019425859673,-0.14121030030432508,2,High-Value Products
-1.9232067450024242,0.8904196725599768,1,Low-Performance Products
-2.50114508369615,-0.07777991749673585,1,Low-Performance Products
0.31459577488608964,0.13947676472636036,0,High-Margin Products
0.2928074010484674,0.5046225222425218,0,High-Margin Products
0.9627777427930546,2.437171508568918,0,High-Margin Products
2.1673398793971645,-0.1890643095662987,2,High-Value Products
0.39582591039130677,1.2118624253562074,0,High-Margin Products
-1.162037041388829,-0.25398592490980565,3,High-Selling / Low-Margin Products
-0.45310418336184244,0.2896013987638085,0,High-Margin Products
0.5256036807810162,1.8430708528041904,0,High-Margin Products
2.100715533791682,-1.1667258071450552,2,High-Value Products
-1.5249042573560863,-2.008549462747826,3,High-Selling / Low-Margin Products
-3.644889883918386,1.0424692226566281,1,Low-Performance Products
-0.6243749598334232,-2.4378763836286397,3,High-Selling / Low-Margin Products
-0.2854273797291303,-3.3414228289573513,3,High-Selling / Low-Margin Products
0.6382185222759394,0.5404443066294908,0,High-Margin Products
2.0173750308721425,1.0684433278295367,2,High-Value Products
1.3881311841626052,0.37312703858674495,2,High-Value Products
-0.051981460994602297,1.3429132203276575,0,High-Margin Products
4.602530776308242,-0.4093427526182292,2,High-Value Products
-1.2023916204464535,1.281414818197544,0,High-Margin Products
1.8645856753560892,0.7776736101602462,2,High-Value Products
-0.25134190479085383,-0.5093288953915563,3,High-Selling / Low-Margin Products
0.21933034117107025,-1.8707298796308813,3,High-Selling / Low-Margin Products
2.5424133278214742,0.3454741080898661,2,High-Value Products
1.8025092378928507,-0.05995916304643879,2,High-Value Products
-1.1697547468924527,-0.4553292898485613,3,High-Selling / Low-Margin Products
0.6711631431359251,-0.2500632850543599,3,High-Selling / Low-Margin Products
-1.8911734315646098,1.7928682510735408,1,Low-Performance Products
-0.0993977959731789,-0.15357386176117957,3,High-Selling / Low-Margin Products
1.314694233592239,-0.8376766851907409,2,High-Value Products
0.24076330231231008,1.21249114670166,0,High-Margin Products
4.050724460695356,1.857138906162616,2,High-Value Products
-1.1136842576533905,0.18833191360339507,3,High-Selling / Low-Margin Products
-2.5035024325487245,-0.6166533559939111,1,Low-Performance Products
-0.6378767104048694,1.3003479900897477,0,High-Margin Products
0.890363656716796,-0.5003410201877424,3,High-Selling / Low-Margin Products
-0.06631910569381592,-0.07984652380516544,3,High-Selling / Low-Margin Products
-0.44302241426631644,-0.05328963153583307,0,High-Margin Products
3.6478406798689607,-0.7056017067159197,2,High-Value Products
1.7168274823793352,0.3651882587066553,2,High-Value Products
-0.7150581998113299,0.6257439478487647,0,High-Margin Products
-1.1439634287335188,0.024549060285391264,3,High-Selling / Low-Margin Products
3.8227249393140204,-0.08418952938025914,2,High-Value Products
-1.0346987480160101,0.9931227339030643,0,High-Margin Products
1.5861749836191081,-1.6593904571446723,2,High-Value Products
2.6271658973603595,-1.0529791568568578,2,High-Value Products
-1.9816104894662425,1.1376436896496933,1,Low-Performance Products
1.1986972862836551,-0.19726365273399685,2,High-Value Products
-1.0287714390779754,-0.9893277137987629,3,High-Selling / Low-Margin Products
-1.5704280906039763,0.424059077279966,1,Low-Performance Products
-0.03056726140442713,0.9844760411436199,0,High-Margin Products
1.1643949729300773,0.45886019447387244,0,High-Margin Products
2.8818369166685067,-0.7655104818387489,2,High-Value Products
-0.8657354240136454,1.3978805988011371,0,High-Margin Products
-1.9147697793577148,-0.23321647965770376,1,Low-Performance Products
-3.2399869971355666,-2.9154514944922374,1,Low-Performance Products
-1.3026063913101782,-0.5600131656146968,3,High-Selling / Low-Margin Products
1.6681665289806153,-0.6152681452889136,2,High-Value Products
-1.0992170350575208,-0.027159320195598538,3,High-Selling / Low-Margin Products
2.320945720980916,-1.5976909358592084,2,High-Value Products
1.102745398129962,1.4791646444050697,0,High-Margin Products
0.1170600574583426,-1.5925926257250236,3,High-Selling / Low-Margin Products
3.0520551054650387,0.5935904763481067,2,High-Value Products
1.2548843740320137,-1.1035242280737214,3,High-Selling / Low-Margin Products
0.40203919510832287,0.1409948750573261,0,High-Margin Products
-1.2192060337534576,0.5499062419987435,0,High-Margin Products
3.877883653589779,-0.059528954449634575,2,High-Value Products
-1.8962473403376803,0.31114431023093847,1,Low-Performance Products
0.8122499646569619,0.8880855151276837,0,High-Margin Products
-3.8037568714166063,-0.3736066127135947,1,Low-Performance Products
-4.591907246794799,0.9176322180489879,1,Low-Performance Products
-1.1794850903922467,-1.9661295357283708,3,High-Selling / Low-Margin Products
1.6330198382821797,0.4920711997194348,2,High-Value Products
0.4491397446490857,0.49867733400064423,0,High-Margin Products
3.3185222504505445,0.34144279879017436,2,High-Value Products
2.0258806371798865,-1.4072107678071646,2,High-Value Products
0.8441716090687207,0.5318153151421313,0,High-Margin Products
0.8049658030597171,-1.7644685954446793,3,High-Selling / Low-Margin Products
3.5926140175312176,-1.4785026287813519,2,High-Value Products
-1.099245120371848,-1.5725101128199683,3,High-Selling / Low-Margin Products
-1.7475916052336884,-2.6322456336710065,3,High-Selling / Low-Margin Products
-0.3718176585592227,-0.19800921629983909,3,High-Selling / Low-Margin Products
1.8701827652483702,-0.687625879172343,2,High-Value Products
1.6322126654680755,2.2952354783272613,0,High-Margin Products
1.9357668260814935,-0.28418255902412987,2,High-Value Products
0.16666024988728084,1.8992089015623144,0,High-Margin Products
2.0575551443988886,-0.49179801999629763,2,High-Value Products
-0.6970999225700202,1.0650232969022024,0,High-Margin Products
1.466783739483985,0.4238531860773102,2,High-Value Products
0.8612921509648777,0.5522732458403241,0,High-Margin Products
-0.2883995470411441,0.12114118277464182,0,High-Margin Products
-4.1047413428527655,-1.5082750535095693,1,Low-Performance Products
-0.30526583705560995,-0.4896608483976101,3,High-Selling / Low-Margin Products
-0.7565265404113417,-1.522818770347637,3,High-Selling / Low-Margin Products
1.5717041077419291,0.6223396574564928,2,High-Value Products
-0.8325760675930832,-0.5957580412856092,3,High-Selling / Low-Margin Products
-3.120825246805814,0.3162114488926296,1,Low-Performance Products
1.864331532000214,0.23744961562627798,2,High-Value Products
0.11659726576529365,-0.9926728466633638,3,High-Selling / Low-Margin Products
1.6166048805529087,0.5063773467255939,2,High-Value Products
0.22601270792622108,-0.41430992713040843,3,High-Selling / Low-Margin Products
0.7898619731074076,0.311679634893015,0,High-Margin Products
2.2284918526592046,-0.40277130733057925,2,High-Value Products
0.5545904388094103,0.5746616688009751,0,High-Margin Products
0.2083043323780876,-0.2809467337043925,3,High-Selling / Low-Margin Products
-0.1081184227760353,0.3142485767402265,0,High-Margin Products
-1.3993589796052237,0.7397932827213602,1,Low-Performance Products
-3.8948688681057475,0.8205572640949093,1,Low-Performance Products
1.7802684562307884,-2.071355499031452,2,High-Value Products
3.086561365915606,-0.19053720168250657,2,High-Value Products
0.11788568517789076,1.6985051817991825,0,High-Margin Products
-5.058857037740011,0.8334303778311131,1,Low-Performance Products
0.42515542814937873,0.9873660592134704,0,High-Margin Products
-0.189017820049838,-0.26317164619398664,3,High-Selling / Low-Margin Products
1.4372557099563488,0.5129479266497633,2,High-Value Products
2.6952475538507255,1.4723444095157965,2,High-Value Products
0.6335339222646837,-0.6594084838920394,3,High-Selling / Low-Margin Products
2.013652677915691,1.212479793949418,2,High-Value Products
3.294005924896889,-0.5085861028384495,2,High-Value Products
-2.5143980500453544,0.006973402345674808,1,Low-Performance Products
1.2202790428348267,-0.38770642792129867,2,High-Value Products
-0.8265456587173281,-0.3233142003875453,3,High-Selling / Low-Margin Products
-2.2143168973946183,1.7859172589481362,1,Low-Performance Products
-0.9997045613154126,-0.9259161335336095,3,High-Selling / Low-Margin Products
0.9232964892772788,-1.1136233215719324,3,High-Selling / Low-Margin Products
2.225296527070292,1.064688303083613,2,High-Value Products
-1.4583299577239672,-0.462886902726685,1,Low-Performance Products
-0.636599664337942,1.0598824001442468,0,High-Margin Products
0.8193809186650424,0.23342381675858112,0,High-Margin Products
0.9376577422021466,-0.8393197078108741,3,High-Selling / Low-Margin Products
0.5554873611914626,0.09357603787078773,0,High-Margin Products
0.12214658296074425,0.15656165502778333,0,High-Margin Products
0.7326626378624532,-0.06962936973282913,0,High-Margin Products
3.102384180363748,0.9233465256596332,2,High-Value Products
0.14429182256167472,-1.711016893195379,3,High-Selling / Low-Margin Products
-1.522724152000369,-0.009740265796664897,1,Low-Performance Products
-2.0056340641694974,-1.7355338560832936,1,Low-Performance Products
1.35458137369423,-1.1506158654701426,3,High-Selling / Low-Margin Products
-0.03791820509293044,-1.7542511525497755,3,High-Selling / Low-Margin Products
1.3395029491489627,1.7222339593188214,0,High-Margin Products
-3.1498314389943647,0.7887294669815257,1,Low-Performance Products
-1.3830526215015588,0.3802056772994202,1,Low-Performance Products
0.5573960129540287,0.4393356219855988,0,High-Margin Products
-1.9760619233861656,1.5639417141990157,1,Low-Performance Products
-2.056506979654146,0.48155012657418883,1,Low-Performance Products
-2.890814672848735,1.4810650432167771,1,Low-Performance Products
0.3691075475635542,0.3238497380777779,0,High-Margin Products
-0.13478740231362452,0.183107500736911,0,High-Margin Products
3.7396497429905273,-0.81162438068967,2,High-Value Products
0.370771846033363,-0.17830946711186707,3,High-Selling / Low-Margin Products
-2.335442094355331,-0.6258865002815722,1,Low-Performance Products
-0.025947995740479346,-0.6671621439056112,3,High-Selling / Low-Margin Products
1.348065840773805,0.1615887622010993,2,High-Value Products
-1.1726153594395408,0.4170805656294948,0,High-Margin Products
0.8856047256871448,0.38333535229194793,0,High-Margin Products
1.2195231102906388,-0.6236321546532848,3,High-Selling / Low-Margin Products
-2.3254402217182,1.0591953963885452,1,Low-Performance Products
-0.6865891840239629,-1.69105134903704,3,High-Selling / Low-Margin Products
-0.9881052838735955,0.08051620392017372,3,High-Selling / Low-Margin Products
2.6621778124992237,-1.1922984534939525,2,High-Value Products
-1.2738926705530527,0.711879874440686,0,High-Margin Products
-1.4029105710513998,0.13212439346823626,1,Low-Performance Products
-1.9719556067369475,-0.003832132286007887,1,Low-Performance Products
-0.8141248029292555,-0.11884701785327173,0,High-Margin Products
-0.06213894176071822,0.9035103043461413,0,High-Margin Products
2.8538907779640836,1.4889010159864775,2,High-Value Products
4.354138099745255,-0.5313076459808708,2,High-Value Products
3.7445840214337447,-2.114907570758279,2,High-Value Products
-2.805469268256577,0.058754804014574266,1,Low-Performance Products
1.4210069754054706,0.44212769068732505,2,High-Value Products
-1.8590653802536163,0.3478980240845546,1,Low-Performance Products
0.4986079593223842,0.8719300062743288,0,High-Margin Products
0.5965317170468626,0.3375301857725603,0,High-Margin Products
-2.88489426709969,1.2927829326232632,1,Low-Performance Products
-1.1448219097049686,0.0786894076703444,0,High-Margin Products
-0.34718990449478737,-0.9995480020503106,3,High-Selling / Low-Margin Products
1.4407692970040507,0.9072547457116151,0,High-Margin Products
-1.9238714769222485,-0.33749537817629593,1,Low-Performance Products
0.6267472892956101,0.8851012671149451,0,High-Margin Products
0.5138839782752613,-0.4573237694065346,3,High-Selling / Low-Margin Products
-1.5634822570302234,0.004033784825986811,1,Low-Performance Products
-1.825851487472763,0.08537793891658452,1,Low-Performance Products
1.1958160872797476,-1.6702638837730774,3,High-Selling / Low-Margin Products
0.6378527167331874,-0.06265707199778314,0,High-Margin Products
1.0291312182083647,-1.8349991337289573,3,High-Selling / Low-Margin Products
-0.9419634568448134,-1.0021474721787529,3,High-Selling / Low-Margin Products
-4.199932842306103,0.03805279258477397,1,Low-Performance Products
0.1175557205799665,-0.22279531619393844,0,High-Margin Products
-0.572020781475668,1.822430799694637,0,High-Margin Products
-1.1161540711323708,0.5412377467228285,0,High-Margin Products
0.5659034895829151,1.3752077929564706,0,High-Margin Products
0.9316925906237412,0.716535967954024,0,High-Margin Products
0.46262000660495406,-1.0560417418744998,3,High-Selling / Low-Margin Products
-0.4545808718880398,-0.4108457607589604,3,High-Selling / Low-Margin Products
0.7039347477397893,1.7054985969526053,0,High-Margin Products
-1.168335688345112,0.2589277015630214,1,Low-Performance Products
-1.0634594665778403,-0.3947743471925134,3,High-Selling / Low-Margin Products
-0.3174863979166185,1.1539286838968652,0,High-Margin Products
3.2330343828920904,0.249250893518382,2,High-Value Products
2.6772936857688796,0.34396068384065115,2,High-Value Products
0.0008371487910985397,-0.48263605605029286,3,High-Selling / Low-Margin Products
-1.1018157139345361,-0.9611725648034664,3,High-Selling / Low-Margin Products
-0.19953205769730623,-0.4606461030680595,3,High-Selling / Low-Margin Products
0.8952343034628448,1.1293923066602591,0,High-Margin Products
0.7963736439236556,1.33965457318855,0,High-Margin Products
-2.6555462400889414,0.20448097302397167,1,Low-Performance Products
-2.308140781844273,-0.1914501674683539,1,Low-Performance Products
0.958759060259428,0.8117097852857197,0,High-Margin Products
-4.839267923834496,1.0352659589099584,1,Low-Performance Products
-4.174229486258486,1.0950059733690858,1,Low-Performance Products
-0.3767465577166738,-0.5256463030006467,3,High-Selling / Low-Margin Products
2.6996840834493017,-0.4823235010601239,2,High-Value Products
2.5272277972080825,1.1346974999021593,2,High-Value Products
0.3500327106551757,0.6747551562623747,0,High-Margin Products
-2.3544719798809246,0.9735286530249483,1,Low-Performance Products
1.610034895372239,-1.0622059515527436,2,High-Value Products
1.9426212857459484,2.3705214487879243,0,High-Margin Products
0.9262574479874648,0.2720419407250724,0,High-Margin Products
-1.7384325720916054,-1.564992812312449,3,High-Selling / Low-Margin Products
-4.086672878276793,-1.0104653477897854,1,Low-Performance Products
-2.3324397278533855,-0.2926577700166148,1,Low-Performance Products
0.23357807476003561,-1.7604691860702786,3,High-Selling / Low-Margin Products
0.22534875763243464,0.030046485431742435,3,High-Selling / Low-Margin Products
-3.555519985523917,0.0983266840793701,1,Low-Performance Products
-0.8990703724035941,1.1637134988127047,0,High-Margin Products
-0.016482564394510242,0.7071928151547714,0,High-Margin Products
0.6623818896596221,-1.4015115818982016,3,High-Selling / Low-Margin Products
0.12169963723044448,-0.5861353332409319,3,High-Selling / Low-Margin Products
2.0994050764028445,0.3337567284595199,2,High-Value Products
1.7641626688212482,0.2659816050920395,2,High-Value Products
-2.878305561327348,0.4049148178069321,1,Low-Performance Products
0.1225829388242151,0.2146704805237767,0,High-Margin Products
-1.1612909770827409,-0.32074487972032484,3,High-Selling / Low-Margin Products
0.7642078832748894,-1.7898058562385497,3,High-Selling / Low-Margin Products
1.5801413439966427,0.08498158873804489,2,High-Value Products
-2.148288873634979,0.18172496022962065,1,Low-Performance Products
-2.233778637996233,0.02813787315431833,1,Low-Performance Products
2.9461631914495228,1.047267216706976,2,High-Value Products
-0.8896573687079854,-1.313481084764316,3,High-Selling / Low-Margin Products
-1.7371501961347606,1.163761690821939,1,Low-Performance Products
0.512999986342269,-1.269446478645549,3,High-Selling / Low-Margin Products
-1.4595993417783828,-1.0930083347208268,3,High-Selling / Low-Margin Products
-1.2998929112601727,0.31722074187753224,1,Low-Performance Products
-0.05510942118665316,0.33048104340453993,0,High-Margin Products
-1.423935695789271,-0.24082899837473168,1,Low-Performance Products
-0.7904302486235492,0.1415203352431031,0,High-Margin Products
0.4918520647418889,0.9920623783415492,0,High-Margin Products
-0.5399741393373129,-0.44067983386719833,3,High-Selling / Low-Margin Products
-0.29877870421601493,1.5033721616360651,0,High-Margin Products
-1.4041600001467731,0.08125975308810027,1,Low-Performance Products
-0.0635032005079132,-1.9524858654803718,3,High-Selling / Low-Margin Products
-4.723788493372558,-0.012458172420711611,1,Low-Performance Products
1.7999485242920799,-2.061800046453732,2,High-Value Products
0.556735618193241,-1.645877797503373,3,High-Selling / Low-Margin Products
-0.0776789436810753,1.040703878730169,0,High-Margin Products
-4.002355908826074,-0.22777471661240004,1,Low-Performance Products
-1.0136061664302316,0.36946948991234657,0,High-Margin Products
0.6702318099526279,-0.5402013419294174,3,High-Selling / Low-Margin Products
-2.164945249669124,0.3441033612500924,1,Low-Performance Products
0.16021243673772628,0.16253024146066491,0,High-Margin Products
0.2365880609556456,1.7466609253910814,0,High-Margin Products
-2.913786487587551,0.2795809134404187,1,Low-Performance Products
0.8029231154502738,0.6267742453686295,0,High-Margin Products
-3.6285291626583596,-1.445622707645813,1,Low-Performance Products
4.79552127720164,-0.7184270494164027,2,High-Value Products
-1.105517288642171,-1.0611044410614066,3,High-Selling / Low-Margin Products
1.2440484062461434,-0.5659056289002744,2,High-Value Products
1.8046110500939196,-0.21650499277774912,2,High-Value Products
-0.721479428575958,0.24201515320658853,0,High-Margin Products
-3.442662843687568,1.390309977059822,1,Low-Performance Products
2.1390211435001714,0.671540535889118,2,High-Value Products
-2.2090457383243183,-1.8304617292617629,1,Low-Performance Products
3.417056159887726,0.0948742108167296,2,High-Value Products
3.5181424012173075,0.11701522358105562,2,High-Value Products
0.6137411951246045,-1.4782055828644989,3,High-Selling / Low-Margin Products
1.6420244496066618,0.950584046288708,2,High-Value Products
0.6744575285881709,0.7962634443440931,0,High-Margin Products
2.3841124332889008,-0.17232946824283493,2,High-Value Products
1.8496292858833434,-1.6674926982210305,2,High-Value Products
-1.5146275739107375,-0.21998996935022772,1,Low-Performance Products
-0.8157564909028963,0.30941651096463085,0,High-Margin Products
-1.8675138276422119,-0.5787308992898252,1,Low-Performance Products
1.2107325935236837,-0.055679388156594116,2,High-Value Products
-1.7669865651164924,-0.48555797499921416,1,Low-Performance Products
0.32508685905399326,-0.7787661439759019,3,High-Selling / Low-Margin Products
2.5779513403027874,-1.7289025811063523,2,High-Value Products
1.6044317569896418,-1.6558018994338959,2,High-Value Products
-1.0930367426319938,1.317692168437717,0,High-Margin Products
-0.4045731770066997,0.057514837739219095,0,High-Margin Products
2.9290897703250036,0.7417494702104322,2,High-Value Products
1.1585077127610985,1.5001005004566588,0,High-Margin Products
1.5051436342812299,0.6550217293059474,2,High-Value Products
-0.8370449046840119,-1.4474593097835753,3,High-Selling / Low-Margin Products
-3.6676342918872664,0.7747960077617554,1,Low-Performance Products
-1.2248991298007277,-0.89305983356151,3,High-Selling / Low-Margin Products
-3.1011583048761735,0.9380025445941209,1,Low-Performance Products
-4.016622269258044,0.45433744243568164,1,Low-Performance Products
-2.4640344585812533,-1.4821266972608882,1,Low-Performance Products
-2.16693561231562,0.5662544055380225,1,Low-Performance Products
1.9185592532387754,-0.16789034550055937,2,High-Value Products
0.45487478462651276,-0.22446783103898682,0,High-Margin Products
-2.8904007712868713,1.2349173324313363,1,Low-Performance Products
0.24504900945522404,-0.5024668929190289,3,High-Selling / Low-Margin Products
5.103635775222071,-1.0356198059377082,2,High-Value Products
-1.772478990369085,-0.8491088037651983,1,Low-Performance Products
2.762311685752961,0.03283795190413485,2,High-Value Products
0.22285091560764222,-1.8018854895365606,3,High-Selling / Low-Margin Products
-2.8146380314717514,0.45616248336939996,1,Low-Performance Products
1.1962360710002942,-0.649215646327528,2,High-Value Products
0.044084255179302374,-1.2791460257380405,3,High-Selling / Low-Margin Products
1.3115935467868487,-0.6729736327927828,2,High-Value Products
-1.8562262735081108,1.1424895866526514,1,Low-Performance Products
-0.38713421423307887,-1.0401597925063164,3,High-Selling / Low-Margin Products
3.221154548110411,-0.6725474460720668,2,High-Value Products
-0.5923323461034203,-1.13576973892354,3,High-Selling / Low-Margin Products
-3.5389136976489457,0.34815670312442365,1,Low-Performance Products
1.8849053734235606,0.3633400388235037,2,High-Value Products
-1.0308491583347157,-1.0878097638122444,3,High-Selling / Low-Margin Products
2.0472143408340955,1.5303801280118965,2,High-Value Products
0.9407657797468604,-0.5590984416687146,3,High-Selling / Low-Margin Products
1.2953705635757802,-0.42157798670122404,2,High-Value Products
1.4107558038813839,-1.7239508670371924,3,High-Selling / Low-Margin Products
0.912774573457144,-0.3283227225218687,0,High-Margin Products
0.7682707350974064,-0.6219889904297441,3,High-Selling / Low-Margin Products
1.5261514292772071,1.0312108473224098,2,High-Value Products
-0.30646927001016355,-0.8089600219980057,3,High-Selling / Low-Margin Products
0.6628457137342371,-2.3129603641036613,3,High-Selling / Low-Margin Products
2.5111740326362297,-0.15240476300043407,2,High-Value Products
0.2614645178203949,-0.9068539250400183,3,High-Selling / Low-Margin Products
0.18091215642318542,0.7792838149452876,0,High-Margin Products
-0.17339373748254483,-0.36432377215705325,3,High-Selling / Low-Margin Products
2.542664519683737,-0.4671482171132803,2,High-Value Products
-1.0645056728241666,-0.02483872256242747,3,High-Selling / Low-Margin Products
-3.7119154588604757,-1.4437134589848741,1,Low-Performance Products
-1.6817217843314354,0.574337793913848,1,Low-Performance Products
-0.9099000443863787,-0.37436007616382505,3,High-Selling / Low-Margin Products
-1.2879148392895625,-0.47760668275959955,3,High-Selling / Low-Margin Products
-1.3265859412295264,0.2260763623514737,1,Low-Performance Products
-0.3657509899750077,0.5951977839468191,0,High-Margin Products
-4.0959996850921785,-0.1772250602508936,1,Low-Performance Products
0.6217045711478921,-1.1245758950054854,3,High-Selling / Low-Margin Products
-0.5004581623496593,-1.0258538927137797,3,High-Selling / Low-Margin Products
2.024281097175435,-0.48578885816081,2,High-Value Products
-2.9410618655829497,2.3069109331902853,1,Low-Performance Products
0.9343546158357625,0.19352582380851727,0,High-Margin Products
-1.0538469608274943,-1.3084313283940536,3,High-Selling / Low-Margin Products
-3.2931104961188424,0.3318959252110276,1,Low-Performance Products
0.027913870686139042,-0.43508967287166983,3,High-Selling / Low-Margin Products
-3.433282515067515,-1.6012222717606455,1,Low-Performance Products
0.9081162630792295,1.1699594308690604,0,High-Margin Products
1.5519414565788368,0.5428561553159236,2,High-Value Products
-2.0830757613860964,1.142388033756999,1,Low-Performance Products
2.799908234864764,-0.1873033979206552,2,High-Value Products
3.5558289592069814,0.8552027838714743,2,High-Value Products
1.2987252057795036,0.807696377300086,0,High-Margin Products
5.114189037145256,0.039365004882190274,2,High-Value Products
1.420535004502531,0.05067155265550476,2,High-Value Products
0.3863561542741952,0.4856724017454295,0,High-Margin Products
0.2989380646371376,-1.0746271535045395,3,High-Selling / Low-Margin Products
-3.97180890424412,-1.187113818554988,1,Low-Performance Products
0.37644600479931595,0.641060669085572,0,High-Margin Products
3.0267325193308854,-1.3240983932802224,2,High-Value Products
-0.45322445492794555,2.384168734977436,0,High-Margin Products
1.6170083119916694,-2.1207370381811836,3,High-Selling / Low-Margin Products
1.1579565840527826,-2.471948806279474,3,High-Selling / Low-Margin Products
1.4375039361573794,0.7191137521569848,2,High-Value Products
0.02124613608395319,-1.2777751592009263,3,High-Selling / Low-Margin Products
-0.4592506265051415,1.194191083084155,0,High-Margin Products
-1.0897124071075148,-1.4187715068523379,3,High-Selling / Low-Margin Products
1.1197129381661157,-0.06960013260947798,2,High-Value Products
0.9513638788370858,-0.07710941694712961,0,High-Margin Products
-1.6461688848772638,-0.4407606973610023,1,Low-Performance Products
-0.2541392293992435,-0.9531194565404987,3,High-Selling / Low-Margin Products
1.7962815252246698,2.552528675216685,0,High-Margin Products
-0.16703143613774896,-0.9559514750148406,3,High-Selling / Low-Margin Products
2.406679236615759,0.8457476964791539,2,High-Value Products
-0.7913350541107337,-0.7384294431711097,3,High-Selling / Low-Margin Products
2.558054823691715,-0.9135381005996716,2,High-Value Products
0.06167559631388968,-1.6108627790551038,3,High-Selling / Low-Margin Products
1.1103220028150966,0.562302974384122,0,High-Margin Products
2.370816978576782,0.5245397988830095,2,High-Value Products
-2.890340816805976,0.0817285190967343,1,Low-Performance Products
-0.15615880959050146,1.0409962830853754,0,High-Margin Products
-0.04134741325395845,0.8337791834997049,0,High-Margin Products
-1.00359488969751,-1.2198464221546073,3,High-Selling / Low-Margin Products
0.08056418525869216,-0.12705594771897197,3,High-Selling / Low-Margin Products
0.7257483304889341,0.3161936351491782,0,High-Margin Products
-0.05168930304565747,1.3715756937027541,0,High-Margin Products
2.6803403864735413,1.348465497477993,2,High-Value Products
-0.3129586763797315,1.8506555836651348,0,High-Margin Products
3.210533487360321,0.6991306688272165,2,High-Value Products
3.386252725785068,-0.42996171150647783,2,High-Value Products
-1.748096560402423,1.6177164545702807,1,Low-Performance Products
-0.3746220518382612,0.7275054131939074,0,High-Margin Products
-0.7660293092245262,-1.3246595836383697,3,High-Selling / Low-Margin Products
-0.6945282713302199,1.3017878421776146,0,High-Margin Products
-1.3084654659437105,-0.3371896857679816,3,High-Selling / Low-Margin Products
-1.1581051701050267,1.3186977993567788,0,High-Margin Products
0.20132121596468477,0.9851174277869514,0,High-Margin Products
0.6581388718401618,-1.0353445875275202,3,High-Selling / Low-Margin Products
-2.451079614206591,-1.343075155503295,1,Low-Performance Products
-1.866601241638559,-2.832506099552252,3,High-Selling / Low-Margin Products
-4.02476044113274,-0.21868547682713985,1,Low-Performance Products
1.2982507273044492,-1.0601049254494204,2,High-Value Products
1.1943432113989525,-0.7707189328027895,3,High-Selling / Low-Margin Products
-2.723844555409591,1.3462320273960104,1,Low-Performance Products
2.939504629556557,-0.25911081851768214,2,High-Value Products
0.22565247762756294,-0.957916518254953,3,High-Selling / Low-Margin Products
1.34706009255571,-0.2882445476918964,2,High-Value Products
-2.536266062554403,0.5823868820537679,1,Low-Performance Products
-1.8728985148447839,-0.1726918975563806,1,Low-Performance Products
1.4325004494577558,0.11225624592558023,2,High-Value Products
0.5256405813820315,-0.18528805596989426,3,High-Selling / Low-Margin Products
1.5900925652867308,0.6968526411154066,2,High-Value Products
0.05744676250329155,-1.255566450616677,3,High-Selling / Low-Margin Products
0.28090554802554224,2.260632284902521,0,High-Margin Products
-0.25217095212036006,0.5475110928570008,0,High-Margin Products
0.42068526145161605,0.6821160493200096,0,High-Margin Products
-0.2698606223712665,-1.4291163429495477,3,High-Selling / Low-Margin Products
-1.6752487272761258,-0.5697543751227833,1,Low-Performance Products
0.29227870920783594,-0.5056940893260322,3,High-Selling / Low-Margin Products
-0.6005462770712854,0.08595496143502966,3,High-Selling / Low-Margin Products
-2.227114515238061,-0.9547596355370868,1,Low-Performance Products
1.058034120466439,-0.563188249929699,2,High-Value Products
-2.906861180822787,-1.4683826304393994,1,Low-Performance Products
-0.631912763553215,-0.9266001578947521,3,High-Selling / Low-Margin Products
-0.5947893097313592,0.004943042020911725,3,High-Selling / Low-Margin Products
2.192259611870968,-0.15034614733987656,2,High-Value Products
2.151288087843041,1.023186528557836,2,High-Value Products
0.22094378877371995,0.318740041345694,0,High-Margin Products
-3.712440792237415,-1.0541738724765872,1,Low-Performance Products
-1.7006984129421987,-0.7453121258789983,1,Low-Performance Products
0.07307048733612073,-0.785151170761782,3,High-Selling / Low-Margin Products
0.0819540429058074,1.1072921087931984,0,High-Margin Products
-1.099871476456338,-0.055512713074648924,3,High-Selling / Low-Margin Products
-2.3246535283200807,0.9786826412819685,1,Low-Performance Products
2.2405308392838963,0.7447323308845077,2,High-Value Products
-2.84770351225007,1.925068273247288,1,Low-Performance Products
2.2764438459658227,-1.076059809530507,2,High-Value Products
0.10350949284063782,-0.014800360355946382,0,High-Margin Products
-1.0802111836201402,-0.1694579802172702,3,High-Selling / Low-Margin Products
0.013921030415313113,-0.16273114954590787,3,High-Selling / Low-Margin Products
1.561635479445307,-1.3728660315878816,2,High-Value Products
-1.313138722919888,0.4404380148387348,1,Low-Performance Products
0.10500755900020861,-1.4595492866888322,3,High-Selling / Low-Margin Products
3.6865351249259195,-0.3645887228887915,2,High-Value Products
-0.3077311433846239,1.7797790327482308,0,High-Margin Products
-0.6140329559929557,-0.43442758387983277,3,High-Selling / Low-Margin Products
-2.071115160739607,-0.8549469277761771,1,Low-Performance Products
-1.6928387459107483,0.11233597074641387,1,Low-Performance Products
0.34825788605950925,-2.067822117805094,3,High-Selling / Low-Margin Products
0.6088178147175426,-0.7343051871905967,3,High-Selling / Low-Margin Products
-1.7068841018976764,1.2945359161945076,1,Low-Performance Products
0.2775157709078108,-1.010812350598258,3,High-Selling / Low-Margin Products
-4.310430040001237,0.17441353238926668,1,Low-Performance Products
-1.0718408203161136,-0.15715208901886094,3,High-Selling / Low-Margin Products
1.4478898859558496,-0.372696729509623,2,High-Value Products
-1.447712858226289,-0.781820464914126,3,High-Selling / Low-Margin Products
-0.9078084655448565,0.8095868404287144,0,High-Margin Products
-3.1748253973317837,2.1263921639915444,1,Low-Performance Products
0.59073325234435,0.39203087755301275,0,High-Margin Products
-1.9951937859966289,1.7197177281744567,1,Low-Performance Products
0.984952057365745,2.7774573720838833,0,High-Margin Products
3.2787066338201525,2.016921627754804,2,High-Value Products
2.690673815152333,0.32912738332632546,2,High-Value Products
-0.14074579254669053,0.4965600321275853,0,High-Margin Products
-0.3158973153448831,2.0455417111187777,0,High-Margin Products
-0.8398991903995605,2.0120681817306614,0,High-Margin Products
-0.7830880491195235,-0.7536201515230714,3,High-Selling / Low-Margin Products
-2.3280883904862453,2.745584420316496,1,Low-Performance Products
1.0644854113181006,-0.7090133225706642,3,High-Selling / Low-Margin Products
-3.736028791021002,-1.5771177262430078,1,Low-Performance Products
0.695675498168111,0.6259746260694192,0,High-Margin Products
-0.41120350337623535,-2.004896186038111,3,High-Selling / Low-Margin Products
-0.28609915267662217,1.3425040773818993,0,High-Margin Products
-2.177881943952654,-0.14092528729271359,1,Low-Performance Products
-6.0392958896137054,1.8237809833589973,1,Low-Performance Products
0.020545190632966275,-0.0501031595284407,3,High-Selling / Low-Margin Products
-2.6627940335509845,0.5132229016952908,1,Low-Performance Products
-0.6531778503641656,-0.23098870596110982,3,High-Selling / Low-Margin Products
0.43356118486763406,-0.31298847427011606,3,High-Selling / Low-Margin Products
0.19839398185561258,0.8336131524461831,0,High-Margin Products
0.5118458749887546,0.16214918476569623,0,High-Margin Products
-0.4483122805896513,2.695843299855307,0,High-Margin Products
2.739865723396354,0.8457406272150643,2,High-Value Products
-0.5765900805754929,-0.1880605501702621,3,High-Selling / Low-Margin Products
0.27885239906269943,0.0780636925818149,0,High-Margin Products
0.9046804762151521,0.6991202386775036,0,High-Margin Products
0.4722478189267493,-0.28443810616594023,3,High-Selling / Low-Margin Products
-0.24714008865580078,-0.937650195147847,3,High-Selling / Low-Margin Products
1.908633770954565,-0.4963088621509159,2,High-Value Products
0.05157214107175183,1.8333865057610714,0,High-Margin Products
1.6842076564837705,1.6821184131153433,0,High-Margin Products
-2.437174332873727,0.8601688689055076,1,Low-Performance Products
0.378480782776651,0.08047559025610597,0,High-Margin Products
1.2985692030507476,1.1944134198098084,0,High-Margin Products
2.3747561446656467,-0.13277829551970508,2,High-Value Products
-2.186123761609373,-0.27600825985236294,1,Low-Performance Products
0.551823284847653,-0.510469234180917,3,High-Selling / Low-Margin Products
-1.0132208666144022,-0.0089880667625875,3,High-Selling / Low-Margin Products
2.4961832336990963,0.1283503945399385,2,High-Value Products
2.345072707662414,-1.1755831794503644,2,High-Value Products
-5.074403078673774,-1.6054268653541928,1,Low-Performance Products
1.5166628073746349,-0.4608194858701092,2,High-Value Products
-1.4721118887679403,0.4272940678073249,1,Low-Performance Products
2.1448568790661593,-0.47314029864034357,2,High-Value Products
1.2564382962075995,0.6437817472513576,0,High-Margin Products
2.139553929752118,1.0843050561750114,2,High-Value Products
2.941421518980983,0.5261696402448476,2,High-Value Products
2.4604729327269075,0.37584081232602146,2,High-Value Products
-1.6489679118858553,0.26804164374283185,1,Low-Performance Products
2.389279504979083,0.31329070400473646,2,High-Value Products
0.05951727657072789,1.0352804299718796,0,High-Margin Products
-1.6986381931374814,-1.2019118559879038,3,High-Selling / Low-Margin Products
-0.03119715474879106,-1.4404566055191868,3,High-Selling / Low-Margin Products
1.1349459236899169,-0.6936655483601121,2,High-Value Products
0.4950011710273475,-0.774833211999234,3,High-Selling / Low-Margin Products
1.2743624802008828,-0.6290661226825114,2,High-Value Products
1.5261766937188477,0.7436312816562092,2,High-Value Products
-0.5412361095390946,1.707340523093254,0,High-Margin Products
1.5329963048937683,-1.5538847482236458,2,High-Value Products
-1.6620909685733494,0.5145919881070707,1,Low-Performance Products
-3.106157537698534,0.3749915495041404,1,Low-Performance Products
0.8588877367648666,1.9372217811843202,0,High-Margin Products
0.3438243876270816,0.6073585626544006,0,High-Margin Products
2.8692731822261743,-1.1439929493870182,2,High-Value Products
3.922411084745038,-0.6419422998192127,2,High-Value Products
-1.6932873125582444,-0.4016270270122418,1,Low-Performance Products
0.9121707787225384,0.6725335009935051,0,High-Margin Products
1.9533432190669953,1.4002995111478829,2,High-Value Products
-1.8837867032891003,-0.31157280609076043,1,Low-Performance Products
-0.47937643264705676,-1.3701745240774872,3,High-Selling / Low-Margin Products
-1.2817593928622562,0.8677685520072436,0,High-Margin Products
-1.6193523260649272,0.3318161989124968,1,Low-Performance Products
-1.6304590832505401,1.0968847538927817,1,Low-Performance Products
2.2487597852145313,0.06959073329928214,2,High-Value Products
0.5983961510629436,0.5947063138688711,0,High-Margin Products
0.09430433428914102,-0.14020335001842194,0,High-Margin Products
0.12796759543934164,0.18617643328011252,0,High-Margin Products
0.7349727774428891,0.7067008235072522,0,High-Margin Products
2.700386985382516,0.8397890159467811,2,High-Value Products
1.6293502424476862,1.49924255839038,0,High-Margin Products
-0.5825839172369338,-1.7783366396708404,3,High-Selling / Low-Margin Products
-3.938889736186709,2.0007359083615537,1,Low-Performance Products
0.05677629274844417,1.2573220882967213,0,High-Margin Products
1.9558254235366745,-0.7140036383834851,2,High-Value Products
-3.6143794643226377,-0.1448503767014528,1,Low-Performance Products
-1.2306587324464398,-0.24808294170322617,3,High-Selling / Low-Margin Products
3.304140853030437,0.8868232632321587,2,High-Value Products
0.6773212524917762,-0.028541233624165403,0,High-Margin Products
1.2437032881475618,-2.2941169366422147,3,High-Selling / Low-Margin Products
0.9019696779612548,-1.3991634400181576,3,High-Selling / Low-Margin Products
-1.131982240706313,-2.3765993159288783,3,High-Selling / Low-Margin Products
-2.110055806210539,-1.411573590402333,1,Low-Performance Products
-2.916469264706209,-1.628798015437581,1,Low-Performance Products
-3.1988889589237655,-0.8196550192922851,1,Low-Performance Products
-3.0795652739126425,0.48356619066089734,1,Low-Performance Products
-3.483489199833424,0.40450133350776185,1,Low-Performance Products
-0.7639649640367367,-0.3830186234744392,3,High-Selling / Low-Margin Products
-3.6260861291162856,-0.39354570740442135,1,Low-Performance Products
-1.6545233866502012,1.3630113062817142,1,Low-Performance Products
-2.0453865454968354,0.19409645047838336,1,Low-Performance Products
-0.4370976912522358,0.7936927037630972,0,High-Margin Products
3.762537001087512,1.370967326433426,2,High-Value Products
-5.495807160798282,-0.13267061121580595,1,Low-Performance Products
-1.6116476341534045,0.8914627614647848,1,Low-Performance Products
0.7066820955523185,2.513319042641225,0,High-Margin Products
-0.7947495871812895,1.1325714665748619,0,High-Margin Products
-0.10015279503105262,-1.0148262309198117,3,High-Selling / Low-Margin Products
2.394582235247582,1.4836841089922566,2,High-Value Products
-3.4102841005051263,0.35438226342679036,1,Low-Performance Products
-1.7848957537395254,-1.210465011650347,3,High-Selling / Low-Margin Products
-3.8616310756986088,2.441445746954372,1,Low-Performance Products
-0.8123562920068844,1.0154077273137696,0,High-Margin Products
-3.2255213997705314,-0.3617819198115212,1,Low-Performance Products
1.9923076935778399,1.127538735434982,2,High-Value Products
-3.433595708977261,-0.712821481019553,1,Low-Performance Products
-1.224468814754732,0.02215764996798372,3,High-Selling / Low-Margin Products
-1.950802563004778,1.3218672816090498,1,Low-Performance Products
0.6986891011839725,-0.6082226413732055,3,High-Selling / Low-Margin Products
0.03461557018208956,0.4538067336335145,0,High-Margin Products
-2.068058711546782,0.00951257525162383,1,Low-Performance Products
-0.25855875096929376,2.0354450608598356,0,High-Margin Products
-2.497802153569208,0.2443331978558363,1,Low-Performance Products
-2.039315167591424,-0.3820195977072296,1,Low-Performance Products
-0.6753922954083791,1.0373003403035042,0,High-Margin Products
-0.41910333171078484,3.487033030591517,0,High-Margin Products
-0.628180948939363,-1.3849062204676414,3,High-Selling / Low-Margin Products
3.068139939897483,0.2633551844960735,2,High-Value Products
2.102332333641663,0.7016316947414893,2,High-Value Products
1.5294772323055286,-0.011068520852743536,2,High-Value Products
0.5872273085165645,0.625758008921012,0,High-Margin Products
-0.8229556066038867,1.631304283020867,0,High-Margin Products
0.9382610671706737,1.0351399870230138,0,High-Margin Products
-0.38659994165126876,-2.0833016590561493,3,High-Selling / Low-Margin Products
0.39014992178638946,-0.9003587101015019,3,High-Selling / Low-Margin Products
1.299256438697085,1.9953346793507516,0,High-Margin Products
0.7208486546347347,0.15830121126715846,0,High-Margin Products
1.287083637771144,0.1338550911269053,2,High-Value Products
0.09083693336202209,-0.23365361009859986,3,High-Selling / Low-Margin Products
0.8206749495937121,0.15724116240248862,0,High-Margin Products
3.755335078813244,-0.11164168444591023,2,High-Value Products
-1.8205250227819294,-0.045392921765596006,1,Low-Performance Products
-2.80194292747683,0.024750511369464562,1,Low-Performance Products
0.364806462164156,-0.15481615078114228,3,High-Selling / Low-Margin Products
5.011150470915324,-0.9734151873868332,2,High-Value Products
2.195584290564122,2.296931852679326,2,High-Value Products
-3.424219029916001,-0.12278683236344419,1,Low-Performance Products
-0.8476585751939657,-0.12374843498600356,3,High-Selling / Low-Margin Products
-3.418337556120354,-0.6926817495317266,1,Low-Performance Products
-1.0043945179942946,-0.8823740853909298,3,High-Selling / Low-Margin Products
-0.7775498582697936,1.0245545296228278,0,High-Margin Products
0.1849134308921741,0.7782300133091175,0,High-Margin Products
0.32734480579857755,1.0758510672510833,0,High-Margin Products
0.6080889553483568,1.5381545389421087,0,High-Margin Products
-0.7583688153128029,2.5872570406514916,0,High-Margin Products
-1.652950454430039,-1.4677672095434127,3,High-Selling / Low-Margin Products
-1.396358569767378,-0.03538422252128021,1,Low-Performance Products
0.4365829258377531,1.3440215532898314,0,High-Margin Products
-0.5322556315112502,0.14063450057589666,3,High-Selling / Low-Margin Products
-0.927686871176979,-0.00862580526421906,3,High-Selling / Low-Margin Products
1.3927064406586878,0.3799026946200883,2,High-Value Products
0.6849303766927345,-0.5069830358183451,3,High-Selling / Low-Margin Products
-1.590995573597662,-1.2265288868579087,1,Low-Performance Products
1.3144335404363638,-0.005680881456529481,2,High-Value Products
1.2491073996495923,1.1967624136607617,0,High-Margin Products
-0.2524817211984212,-0.07742039905338736,3,High-Selling / Low-Margin Products
0.976989684081326,1.186304907337193,0,High-Margin Products
1.4150377971395225,2.285299291690128,0,High-Margin Products
-0.8265256441859977,0.1796152686969283,0,High-Margin Products
-0.7582419563388832,-1.7703035990534581,3,High-Selling / Low-Margin Products
-0.28836085250622007,-0.5161683412459317,3,High-Selling / Low-Margin Products
-0.37736424843964417,-0.122187759527816,3,High-Selling / Low-Margin Products
-0.6625983934069872,0.023001768560576636,3,High-Selling / Low-Margin Products
-2.5640743929606216,0.25083752937703463,1,Low-Performance Products
2.560242049595553,-0.273916754113564,2,High-Value Products
-2.6313107880144915,-1.7034336742187606,1,Low-Performance Products
1.0652968228261808,0.11816442679260969,0,High-Margin Products
-1.1136126587952122,1.8848267696136973,0,High-Margin Products
-1.1315117310267637,1.132379404579449,0,High-Margin Products
-3.868967638205048,-0.2860986686678611,1,Low-Performance Products
0.2906643363167555,-0.7612614439102748,3,High-Selling / Low-Margin Products
-0.3550673111126616,-0.1089671439875102,3,High-Selling / Low-Margin Products
2.3362490351621283,0.861527636940382,2,High-Value Products
1.4935328947471178,0.4503916040658517,2,High-Value Products
0.8759225330465101,0.5039598966063961,0,High-Margin Products
1.0704556336575526,-0.7259881367306589,3,High-Selling / Low-Margin Products
-1.4219800893070154,-1.8384894884783785,3,High-Selling / Low-Margin Products
-1.225063357116115,-0.5837095527661663,3,High-Selling / Low-Margin Products
3.9781042386764365,-0.5774512729328108,2,High-Value Products
1.5869136321435722,0.023865249758358808,2,High-Value Products
0.8394659821720432,2.1368609802945087,0,High-Margin Products
1.8277959446856853,-0.6796054329766499,2,High-Value Products
-0.7594771439939056,0.35374317760689267,0,High-Margin Products
-1.021393491820262,-0.12419194605448221,3,High-Selling / Low-Margin Products
-0.321382346801724,0.12998861034759981,0,High-Margin Products
-1.1196369697614938,-1.3937000810458562,3,High-Selling / Low-Margin Products
0.6415940053866729,0.133144766884337,0,High-Margin Products
-0.4301280544693425,-0.4426147186034025,3,High-Selling / Low-Margin Products
1.0344677984173793,0.6021663180109817,0,High-Margin Products
-0.4103068056231937,-0.31094278203547826,3,High-Selling / Low-Margin Products
-0.11315753737417268,-1.0436316714994596,3,High-Selling / Low-Margin Products
-1.7968417351403643,0.7091446709033724,1,Low-Performance Products
-0.6729662464345597,0.05010703254564363,0,High-Margin Products
2.3442547039531108,-2.524143532306113,2,High-Value Products
2.102304758051125,-2.1150406563816126,2,High-Value Products
1.8308528206407615,0.6293907390394385,2,High-Value Products
1.6932898665154523,-2.6056056144387267,3,High-Selling / Low-Margin Products
0.5854217956834036,-2.0951498698037807,3,High-Selling / Low-Margin Products
1.4561835771857716,-0.7521961319446273,2,High-Value Products
1.0108650236100882,1.9534963560218428,0,High-Margin Products
1.043749768572787,1.8260747180819454,0,High-Margin Products
-2.4171047524840192,0.08152321317331482,1,Low-Performance Products
-2.010047273167196,0.4332801403808601,1,Low-Performance Products
-0.10913968840874766,-2.0103524822384475,3,High-Selling / Low-Margin Products
0.91367353135933,0.08764121926383722,0,High-Margin Products
-1.3626827844570062,-1.0088481170876844,3,High-Selling / Low-Margin Products
-3.3734805871403637,1.3217882540541073,1,Low-Performance Products
-2.230155001507115,1.8354458382448542,1,Low-Performance Products
0.5643712358225367,0.8186949741051207,0,High-Margin Products
-1.7877627245571195,0.7257553658365654,1,Low-Performance Products
2.1249657282907357,0.3042737837207003,2,High-Value Products
-1.5506906964049771,0.32284294773988287,1,Low-Performance Products
0.20669044816896434,-0.17852944345239086,0,High-Margin Products
3.589971283446483,-0.1374356433128526,2,High-Value Products
1.0877243889919819,-0.20955501068676174,2,High-Value Products
-3.7614337054163225,1.3084400944644528,1,Low-Performance Products
-2.386665251345206,-1.5997749520915885,1,Low-Performance Products
0.044556849379116185,-2.7456729496663472,3,High-Selling / Low-Margin Products
-1.2463834409836858,-1.42711313695895,3,High-Selling / Low-Margin Products
-0.6744977269094066,-0.608451222450262,3,High-Selling / Low-Margin Products
-0.41549641116089037,0.7044132280823613,0,High-Margin Products
-2.2582894745860727,0.31238305048077464,1,Low-Performance Products
-0.15585976517407363,1.9055826267432792,0,High-Margin Products
-0.2853507380712227,2.4015051588994107,0,High-Margin Products
-2.4178766722044474,-0.12166717353109013,1,Low-Performance Products
0.549045754639651,2.0287832276484616,0,High-Margin Products
-0.13307031370395714,-1.074968383940236,3,High-Selling / Low-Margin Products
4.8009155222777595,-1.803544284408213,2,High-Value Products
3.930437901019924,-1.14234946852196,2,High-Value Products
-1.6061526674572062,0.579975868579554,1,Low-Performance Products
4.821178180915126,-1.477399914266193,2,High-Value Products
-0.47776641212590865,0.02532380786524817,0,High-Margin Products
1.7128155840260824,1.1584375405874672,2,High-Value Products
3.408737157793291,-0.11134499836856943,2,High-Value Products
3.133332804421465,-0.04351051133615748,2,High-Value Products
-1.4406248863614044,-2.4942113287430927,3,High-Selling / Low-Margin Products
1.2857340643675195,-1.700519170881567,3,High-Selling / Low-Margin Products
0.5156886555277985,0.43870363918658284,0,High-Margin Products
-2.5456882484304955,-0.7693719462553849,1,Low-Performance Products
-0.4822521887339665,-1.1506250804104934,3,High-Selling / Low-Margin Products
4.292987906304244,-0.8723247967819474,2,High-Value Products
0.036952619436757914,-1.4383637844631474,3,High-Selling / Low-Margin Products
1.1430989495880226,0.4481447761926994,0,High-Margin Products
-0.16302455968250124,-1.6479701572051355,3,High-Selling / Low-Margin Products
1.1103258541429941,-0.6304978139480638,3,High-Selling / Low-Margin Products
-1.2347405564123337,-1.0301964753549318,3,High-Selling / Low-Margin Products
-1.476319579002039,1.3337836311693188,0,High-Margin Products
0.453381484347387,2.330606427688192,0,High-Margin Products
2.9800326333334772,0.9265752069288687,2,High-Value Products
-2.6472167088997507,-1.3494572005780023,1,Low-Performance Products
1.9591599319450053,0.9822911080544525,2,High-Value Products
-0.10359766331606533,1.693110915887181,0,High-Margin Products
-0.6186907914550498,-0.638611852556842,3,High-Selling / Low-Margin Products
0.29415210809155073,-0.26748325681363916,0,High-Margin Products
-1.444897185143288,1.0306852419333967,1,Low-Performance Products
1.4231557570191837,-1.8822093012280579,3,High-Selling / Low-Margin Products
2.860329349422079,-1.038974528190001,2,High-Value Products
0.8437660352536018,0.2365573141905802,0,High-Margin Products
-1.2997616381913137,1.4103543288358018,0,High-Margin Products
-2.4556459320327018,0.8746804614825043,1,Low-Performance Products
-1.1251436899681322,1.3282650167118701,0,High-Margin Products
-3.3481408272790594,-0.49697432200885544,1,Low-Performance Products
1.071649592691514,-0.7387983158154955,3,High-Selling / Low-Margin Products
1.6361553837909162,-1.5464549644866419,2,High-Value Products
-3.2451553230606436,-0.32586988139180706,1,Low-Performance Products
0.9867167600842637,0.5328375565461796,0,High-Margin Products
0.5185747049875457,-1.378372823870806,3,High-Selling / Low-Margin Products
1.2011084609377214,-0.4336121094828359,2,High-Value Products
-1.3827816046785866,-1.8968081423146,3,High-Selling / Low-Margin Products
0.20484555321727724,-0.06362920388431381,3,High-Selling / Low-Margin Products
1.2119647509315536,-0.023101093989000277,2,High-Value Products
-4.085583139167366,-0.8330834322755298,1,Low-Performance Products
-0.2524215168507,0.7772927135675505,0,High-Margin Products
0.8278325799176859,0.11228640553451402,0,High-Margin Products
1.6231076404262543,-0.29728262159975805,2,High-Value Products
3.30910569145232,0.5260348922561963,2,High-Value Products
-0.9139909836828733,-1.7256592326468523,3,High-Selling / Low-Margin Products
0.24254435706266178,2.173812504291366,0,High-Margin Products
3.196382877020675,-1.2582608600744905,2,High-Value Products
-1.4612641083195506,-0.41353054180490256,1,Low-Performance Products
-1.3150119001511238,0.8665981814950526,1,Low-Performance Products
-0.07486359451081795,2.048761215572722,0,High-Margin Products
1.2639664032892919,-1.6602631485399766,3,High-Selling / Low-Margin Products
1.7442874376472768,-0.3541294778666718,2,High-Value Products
1.655190640567023,0.6249069131164108,2,High-Value Products
-3.179569457483596,1.1145583577384846,1,Low-Performance Products
4.929907198003127,0.5659831937355918,2,High-Value Products
-0.2934755151454075,0.9294825415288298,0,High-Margin Products
-1.227677790136923,0.7592036778380016,0,High-Margin Products
2.0691600003985253,-0.8963548819018183,2,High-Value Products
-0.4776576635517501,0.7274988774502378,0,High-Margin Products
-0.9602855267571236,-0.007710526593392455,3,High-Selling / Low-Margin Products
4.046354757387719,1.1124410544531116,2,High-Value Products
0.486185859092721,-0.9050093409769916,3,High-Selling / Low-Margin Products
1.3924135728942242,0.9444094962471882,0,High-Margin Products
0.88811724308306,-0.03649863583063295,0,High-Margin Products
0.9874727182136093,-0.24407276859010896,3,High-Selling / Low-Margin Products
0.21549523581709165,-0.6143670852311345,3,High-Selling / Low-Margin Products
-2.669714866947783,2.195918184536014,1,Low-Performance Products
-0.9222542682809217,-0.2556865161540346,3,High-Selling / Low-Margin Products
0.8476050796272039,1.7590780962449173,0,High-Margin Products
0.14663230995170043,-1.4380023424803292,3,High-Selling / Low-Margin Products
2.973353658872469,-0.6648712468266973,2,High-Value Products
2.1158153205610577,-1.3798958280515774,2,High-Value Products
3.097783499819094,0.5439493201793174,2,High-Value Products
0.15803240555649836,-1.8481159956751203,3,High-Selling / Low-Margin Products
-0.6243459045034094,0.29941669312049807,0,High-Margin Products
1.9209886663559448,2.343761465801416,0,High-Margin Products
-1.3602468066972757,2.4133645160488024,0,High-Margin Products
0.5175564623825402,1.818186000924469,0,High-Margin Products
-0.5149149986695393,-0.6317076978176126,3,High-Selling / Low-Margin Products
0.37421160021501765,-0.7143854235567859,3,High-Selling / Low-Margin Products
-2.572067563371518,-0.616718091990434,1,Low-Performance Products
1.6696483938894524,0.09521909511714537,2,High-Value Products
1.3141438354533506,0.6120024794244465,0,High-Margin Products
-0.6508970665675817,0.09265156803089532,0,High-Margin Products
1.9237822477494035,0.9442150434177662,2,High-Value Products
-3.1315660501817373,0.2833280165128683,1,Low-Performance Products
-0.8879948867648871,0.04771533271412077,3,High-Selling / Low-Margin Products
3.0522200589124147,0.33908182100334394,2,High-Value Products
2.2758511733180145,-0.18183114416248633,2,High-Value Products
-1.431036472910247,-0.8585120322229335,3,High-Selling / Low-Margin Products
-0.751076109876241,-1.9350752272798575,3,High-Selling / Low-Margin Products
-4.361327371198634,0.5747731829361571,1,Low-Performance Products
-1.1026407328593075,-1.010944855347294,3,High-Selling / Low-Margin Products
-5.1810763137599185,2.0097817803551763,1,Low-Performance Products
0.7840560156187403,-1.7941383304743679,3,High-Selling / Low-Margin Products
1.499885816715996,1.1746991407257565,0,High-Margin Products
1.471491553427106,1.5768177543315516,0,High-Margin Products
-1.7964247999540992,-1.3450458215140246,3,High-Selling / Low-Margin Products
-2.6281553841239877,0.12876961315996754,1,Low-Performance Products
-0.26447513261339173,-1.5083241019249303,3,High-Selling / Low-Margin Products
2.7243389127021667,-0.048446526701708736,2,High-Value Products
0.4738795672323738,1.6682866956785802,0,High-Margin Products
-0.21402710594226565,1.5953281182695278,0,High-Margin Products
3.5199812383454296,0.1888656296551399,2,High-Value Products
-1.2763981321950395,-0.14554287015444076,1,Low-Performance Products
-1.9915519729235163,0.05541816208901004,1,Low-Performance Products
0.43993732911865696,-1.0744674540938297,3,High-Selling / Low-Margin Products
0.5557713564971888,0.03447593529709252,0,High-Margin Products
0.8590151758626248,0.00312259638495033,0,High-Margin Products
0.25362284013621494,0.7321752363075364,0,High-Margin Products
-0.3775884733675151,-1.6474208025433459,3,High-Selling / Low-Margin Products
-5.117601368196213,0.02014392858438617,1,Low-Performance Products
1.838162123578351,-0.6601424191465748,2,High-Value Products
-0.6514409125735406,-0.02390949217618761,3,High-Selling / Low-Margin Products
-0.3042514729976023,-0.7416484566225591,3,High-Selling / Low-Margin Products
-1.1897884330637951,1.5755762079955273,0,High-Margin Products
0.42149858493117814,0.5979507544274948,0,High-Margin Products
2.8574109831262913,-1.2179461696575238,2,High-Value Products
2.6170493707628206,1.7137980572639127,2,High-Value Products
0.585494593838531,-1.8156472162186663,3,High-Selling / Low-Margin Products
-4.006839215166083,0.3422232502234526,1,Low-Performance Products
-2.5445712086828194,2.009598073187225,1,Low-Performance Products
-0.24932202212155605,0.4136870207189473,0,High-Margin Products
-2.2968119011453916,-0.09255323696388416,1,Low-Performance Products
-0.53830435840747,-0.036698289789953306,3,High-Selling / Low-Margin Products
-0.47393664392585116,-0.572280192608198,3,High-Selling / Low-Margin Products
0.7664317242219695,1.7176863378825695,0,High-Margin Products
-1.6302164120508054,0.926247399905815,1,Low-Performance Products
1.9418464737551135,0.600532794564282,2,High-Value Products
2.4840823283304836,-0.14984641606933743,2,High-Value Products
0.7036045057574118,-2.3165804358239312,3,High-Selling / Low-Margin Products
2.0447024470375297,-0.23759499939261955,2,High-Value Products
0.039687663838073185,-0.18271099618052483,3,High-Selling / Low-Margin Products
0.1296727660847916,-0.10055781750733131,3,High-Selling / Low-Margin Products
0.9768914289893716,0.7995810010579631,0,High-Margin Products
-2.092306777194247,-0.9098398322178297,1,Low-Performance Products
-0.9245855726919993,1.0987204167743456,0,High-Margin Products
-1.1388109881727446,-0.4523469883248618,3,High-Selling / Low-Margin Products
-1.8680207954214123,-1.1302903325085583,1,Low-Performance Products
1.279637188887564,0.4832974222854388,2,High-Value Products
-2.1169353254082646,-0.07940511092694129,1,Low-Performance Products
-2.517285629930859,-0.09559358713833747,1,Low-Performance Products
-4.128250278078512,-0.8331314838141278,1,Low-Performance Products
-2.380228519804017,-0.9343600527962548,1,Low-Performance Products
-2.1988923852675493,-0.8312013244871544,1,Low-Performance Products
1.7069027238026584,1.2921993146886366,2,High-Value Products
-1.7926778384900182,-0.5256392535516367,1,Low-Performance Products
-2.3126236168244088,-0.4819977991411118,1,Low-Performance Products
-1.5093262312280655,0.9514307585435993,1,Low-Performance Products
2.197160836634175,1.2472240589422328,2,High-Value Products
0.3202486759650394,-0.34734233679966925,3,High-Selling / Low-Margin Products
1.61159920966739,1.1806387614853084,2,High-Value Products
1.0722815429061883,1.3750823416387354,0,High-Margin Products
-0.5715524365570837,-1.670929917799173,3,High-Selling / Low-Margin Products
0.5844066432859267,0.3911612234485782,0,High-Margin Products
-0.5245532386739461,0.6923425778508505,0,High-Margin Products
2.586350399681444,-0.730337104605015,2,High-Value Products
2.370259530051652,-1.6473720737513764,2,High-Value Products
-2.471536421060375,0.27574624778451856,1,Low-Performance Products
4.94358013133505,-0.3798767463377694,2,High-Value Products
-1.8341988972004775,2.978359241669921,0,High-Margin Products
0.7204819856158071,2.483270519861506,0,High-Margin Products
0.9309914067509686,-0.38313938661919,3,High-Selling / Low-Margin Products
-3.049782518656144,-1.1326440416494012,1,Low-Performance Products
-2.9880166402907586,-0.25276937328717547,1,Low-Performance Products
-0.9166074965885967,-1.6429879823755071,3,High-Selling / Low-Margin Products
5.098313748201382,-0.8914991574805096,2,High-Value Products
-2.3061072161908758,0.40876182617547263,1,Low-Performance Products
0.42750810074970674,-1.4034752008096745,3,High-Selling / Low-Margin Products
0.39575407055498835,0.37252223506140597,0,High-Margin Products
-0.17465884004065524,1.5236134591161765,0,High-Margin Products
0.013026144135148778,-0.1598689331144424,3,High-Selling / Low-Margin Products
-3.2182303707038566,0.8559437100471794,1,Low-Performance Products
1.448296375718795,0.573442097995337,2,High-Value Products
-0.2660455435049326,-2.41874375287807,3,High-Selling / Low-Margin Products
-1.0356782419800825,-2.2083174724312005,3,High-Selling / Low-Margin Products
0.4870040694973631,1.6049407175066546,0,High-Margin Products
-1.0629134765275365,-0.5709171243212122,3,High-Selling / Low-Margin Products
1.8922104706722291,-0.07148087088386983,2,High-Value Products
0.6410300084429056,1.116269609391294,0,High-Margin Products
-1.3298640982454561,0.38871766389299883,1,Low-Performance Products
-1.7771624235912657,0.617500279118077,1,Low-Performance Products
0.9942243631591385,-1.3520630517796142,3,High-Selling / Low-Margin Products
2.6724362744651176,1.3281104083790123,2,High-Value Products
1.2407621101562176,1.2152478954646528,0,High-Margin Products
0.4967608978626728,0.41210357128617126,0,High-Margin Products
-0.5430200064532728,-0.2718257188234399,3,High-Selling / Low-Margin Products
4.921626506237167,0.3264469182187589,2,High-Value Products
0.29859748397900787,0.818036868266444,0,High-Margin Products
-1.5290341974952646,0.378683257085063,1,Low-Performance Products
-2.2229991597168897,2.7454698397534356,1,Low-Performance Products
-1.4944917062618257,0.2741245336527451,1,Low-Performance Products
-0.21020467183476196,0.06884623193478989,0,High-Margin Products
1.8278502776906993,0.4762897932135903,2,High-Value Products
0.5581265768973194,-0.41156323719927235,0,High-Margin Products
-0.43133590272141953,-1.0702440019343447,3,High-Selling / Low-Margin Products
-1.6548338723373177,0.5728882386177035,1,Low-Performance Products
-1.7564353903370973,0.6838312754106748,1,Low-Performance Products
-1.2328460593815007,-0.9319509592578124,3,High-Selling / Low-Margin Products
1.5334514101509364,-0.25102315973676015,2,High-Value Products
-1.4903951808588825,-0.1364620044945441,1,Low-Performance Products
0.48854337859256836,-0.2545491232315131,0,High-Margin Products
2.0641143433981184,-2.340568130943019,2,High-Value Products
0.24821504497843055,2.1215836740054312,0,High-Margin Products
-0.030307898831945634,1.8850427627015913,0,High-Margin Products
-1.2618541721244758,-0.7976830389834976,3,High-Selling / Low-Margin Products
-1.9402380879311933,-3.0883225972623394,3,High-Selling / Low-Margin Products
1.8485970657178172,1.5151223876660393,2,High-Value Products
-1.7987012215376863,-2.0236502710968467,3,High-Selling / Low-Margin Products
-2.402870274501231,0.2746660795174053,1,Low-Performance Products
2.353449009509698,-0.8717919864532484,2,High-Value Products
-0.5420027920401044,-0.6804338041540731,3,High-Selling / Low-Margin Products
0.7149130650887051,0.1595983153834537,0,High-Margin Products
0.4484914253160423,-1.0571241518372265,3,High-Selling / Low-Margin Products
-0.7796693681823524,-1.6806032725943771,3,High-Selling / Low-Margin Products
-1.1253062692692952,1.2437972081869135,0,High-Margin Products
-0.36812277047419206,1.216214360818032,0,High-Margin Products
0.3135065517630011,-2.466613734373013,3,High-Selling / Low-Margin Products
-1.5567654100803696,0.38854166433690623,1,Low-Performance Products
0.4724658958785211,-0.5530830402781804,3,High-Selling / Low-Margin Products
-0.8836153134749791,-1.0830783967767608,3,High-Selling / Low-Margin Products
-3.396213144133438,0.033100825899780965,1,Low-Performance Products
-1.0765472007256063,1.3911291396301404,0,High-Margin Products
-0.865058163656279,0.4190812573728253,3,High-Selling / Low-Margin Products
-2.7538750441800004,2.4388146316760255,1,Low-Performance Products
-1.4857703677604683,-0.5973193928613735,1,Low-Performance Products
-0.6012885356957692,-0.8208744688088402,3,High-Selling / Low-Margin Products
-0.271123128964137,0.2023660990486708,0,High-Margin Products
-0.046662868634525935,0.5959736850476156,0,High-Margin Products
3.443272568283113,1.1687593277215995,2,High-Value Products
-1.1586929808945123,-1.2340855987746129,3,High-Selling / Low-Margin Products
1.8005141531487117,0.6357980186639827,2,High-Value Products
-2.327782280704498,-0.7004422361883433,1,Low-Performance Products
-6.361985951741898,-0.4656013805655465,1,Low-Performance Products
-0.5146940869716355,-1.761922181853668,3,High-Selling / Low-Margin Products
-2.1806982903321592,1.8319120067448995,1,Low-Performance Products
-6.693272734602425,2.1120814167517126,1,Low-Performance Products
-0.2607671500135124,-0.8104512466664243,3,High-Selling / Low-Margin Products
-1.0018749097961863,-0.6233336974002236,3,High-Selling / Low-Margin Products
-2.677296992482766,0.7207547354547519,1,Low-Performance Products
0.9580447150157015,-0.8573248895634297,3,High-Selling / Low-Margin Products
-6.2007852467424005,1.7521771280997052,1,Low-Performance Products
-0.6550753679318457,-0.5338439846078765,3,High-Selling / Low-Margin Products
0.9515867162321249,0.2234911221323903,0,High-Margin Products
0.9754954338142893,-1.3394468096664782,3,High-Selling / Low-Margin Products
3.278440487612356,-0.8373028234083301,2,High-Value Products
-0.04538883036776565,0.22325083939439647,0,High-Margin Products
1.4011106251583438,0.3104246857534586,2,High-Value Products
1.030664160166493,0.424919373908749,0,High-Margin Products
-0.734453492709693,0.22196871101270046,0,High-Margin Products
-0.7394082750831296,-1.1369810141868424,3,High-Selling / Low-Margin Products
0.7401210933168192,0.38671899473730753,0,High-Margin Products
0.7061794033967053,-0.15532150624006932,0,High-Margin Products
3.66301737760542,0.39164057628323906,2,High-Value Products
-2.765129552341157,1.0608428993966608,1,Low-Performance Products
-0.14575597959417053,1.0728039339314246,0,High-Margin Products
-1.1759182511251647,1.4520307836292101,0,High-Margin Products
-1.7878438719883567,-0.1545112238151258,1,Low-Performance Products
-1.2454425771510944,-0.5278744936847496,3,High-Selling / Low-Margin Products
-1.3455436767563573,-1.6526187512692592,3,High-Selling / Low-Margin Products
-1.4772157912066146,0.6820010424724166,1,Low-Performance Products
2.1672437533021895,-0.4487064535963799,2,High-Value Products
-0.489527711738695,-1.538451978453565,3,High-Selling / Low-Margin Products
1.690292619860035,-0.5790737404817036,2,High-Value Products
2.754658893946344,-1.5968777089956967,2,High-Value Products
1.4589623861610979,1.9596126309729973,0,High-Margin Products
1.8689650327827279,-1.399001887107419,2,High-Value Products
-0.6485705291821783,0.04172580333435734,0,High-Margin Products
-1.9037638056718305,-0.9228237560771533,1,Low-Performance Products
-4.16281296342906,0.11103873482840529,1,Low-Performance Products
1.744803203939172,-0.7209073350155845,2,High-Value Products
-2.181519224578106,-0.9912617562729001,1,Low-Performance Products
-0.9754093028372279,-0.2958069171410514,3,High-Selling / Low-Margin Products
-1.2994257539623322,0.368505905610282,1,Low-Performance Products
4.670729871185264,-0.6411199007132098,2,High-Value Products
-3.4101652687038233,1.091205214731045,1,Low-Performance Products
-0.2752894362365343,0.8185082467153083,0,High-Margin Products
-0.13540238136007485,1.053387647541686,0,High-Margin Products
-1.0997216735472475,-0.9317930620583807,3,High-Selling / Low-Margin Products
-1.2130117223134569,-0.8734331002133843,3,High-Selling / Low-Margin Products
0.027402214213392416,-0.20819822105934918,0,High-Margin Products
0.7055365820291314,1.249638911109648,0,High-Margin Products
-1.5145382414283661,0.6219121655288958,1,Low-Performance Products
2.395918310399638,-0.1483212256922671,2,High-Value Products
-0.006760669367713571,-0.7176629880262111,3,High-Selling / Low-Margin Products
1.5071795323271926,2.155119438707043,0,High-Margin Products
3.3744561312460686,-0.36670647466696965,2,High-Value Products
1.1339809439692388,0.5025561688003533,0,High-Margin Products
-1.4232514861711356,1.4123165943303622,0,High-Margin Products
2.6349063563321247,-0.7457344605040465,2,High-Value Products
-0.4466155649659599,0.40992819218747534,0,High-Margin Products
3.000522582552833,1.1852235579952979,2,High-Value Products
0.7424091252626395,0.7101097512985813,0,High-Margin Products
-0.5805781891741625,-1.9646345351181222,3,High-Selling / Low-Margin Products
-1.2932394666348546,-0.26910539371399106,3,High-Selling / Low-Margin Products
-0.6451335934464517,0.8484805733487241,0,High-Margin Products
-1.1126157309336502,1.4292989935261575,0,High-Margin Products
-4.398617510432299,-1.041985998326048,1,Low-Performance Products
1.324220484435595,-1.5377844065392763,3,High-Selling / Low-Margin Products
-1.223038312565764,-0.6195725581724189,3,High-Selling / Low-Margin Products
-4.401533915470306,2.7139478558870467,1,Low-Performance Products
1.8945024504596228,0.3621730932558827,2,High-Value Products
1.4313323221560899,-1.64588926987242,3,High-Selling / Low-Margin Products
-0.6817453143005204,-0.7014683635415898,3,High-Selling / Low-Margin Products
3.8709728417426956,1.5988021181243472,2,High-Value Products
2.3466060722607565,-0.18097378245822787,2,High-Value Products
1.2917597155374827,-1.6758747056561654,3,High-Selling / Low-Margin Products
-1.1008268894162696,0.7468076345829929,0,High-Margin Products
-0.02632487833437646,-0.3463864863402876,3,High-Selling / Low-Margin Products
-1.3475962875544203,1.6315301540729388,0,High-Margin Products
4.383530676053871,-1.036777458642803,2,High-Value Products
-1.4905083978842746,0.13249252988806884,1,Low-Performance Products
1.223978187412897,1.5090374472420787,0,High-Margin Products
0.14957891267410287,0.6320912986731546,0,High-Margin Products
-1.3962551058257633,-1.0305418662782577,3,High-Selling / Low-Margin Products
1.8299263787842779,-0.17368818123654822,2,High-Value Products
1.157036282541231,1.0242475540755607,0,High-Margin Products
0.9637654445023179,2.1421024467963194,0,High-Margin Products
0.32100103553518905,0.22367457956990422,0,High-Margin Products
1.0841145166703736,-0.29700272987648246,2,High-Value Products
2.1064333266966466,-0.7009681007884422,2,High-Value Products
-1.4045277339667097,0.197089370696531,1,Low-Performance Products
-2.0261756389352725,-0.8659577547407864,1,Low-Performance Products
1.5676093243525393,1.8123491752684957,0,High-Margin Products
1.4365364133837755,0.4746029019597812,2,High-Value Products
1.2313570246397745,1.1130399868768,0,High-Margin Products
2.152682738832865,-0.7073144721844834,2,High-Value Products
-1.634931160780906,1.8021196832118993,0,High-Margin Products
-2.944885533850566,0.5342706008798751,1,Low-Performance Products
2.300879716096491,2.1399067738923305,2,High-Value Products
-2.496599898058426,-0.14613907074806204,1,Low-Performance Products
-0.49824724368498763,-0.1384123691887871,3,High-Selling / Low-Margin Products
1.111496422939157,-0.6259453781864004,3,High-Selling / Low-Margin Products
-1.7949991876017608,-1.7295719194813703,3,High-Selling / Low-Margin Products
1.7276513232074975,0.39613187501992364,2,High-Value Products
-3.6854050008060484,-1.414944002913906,1,Low-Performance Products
-1.9504801012546609,0.5122405448316982,1,Low-Performance Products
-3.6732156579325754,-0.8979338094205594,1,Low-Performance Products
-2.977833055600814,-0.20356645590807787,1,Low-Performance Products
2.566566355153102,0.34103327238022446,2,High-Value Products
-2.6286093127052874,-0.4868477668265014,1,Low-Performance Products
0.7674104727505382,-0.11653931772870726,0,High-Margin Products
1.6136527348871998,0.493938934722173,2,High-Value Products
-1.2505613803548248,-1.1770803493616617,3,High-Selling / Low-Margin Products
1.1201023851978198,2.513634054479517,0,High-Margin Products
3.734654077424615,-1.0121947092821457,2,High-Value Products
1.79380179306439,-0.9111751806613019,2,High-Value Products
1.9965485011864537,-0.8989819975768985,2,High-Value Products
-0.43144832160481306,-0.03021457592358553,3,High-Selling / Low-Margin Products
1.6533023818590182,0.856002538747525,2,High-Value Products
1.6546836183674594,-0.49914866271733993,2,High-Value Products
0.7750543118014289,-0.08492743408551137,0,High-Margin Products
-1.2797299249668959,0.965935599392208,0,High-Margin Products
2.321092120152985,1.2136622252200286,2,High-Value Products
-0.25103219322485043,-2.268885153888044,3,High-Selling / Low-Margin Products
3.544404379091416,-1.2751835379185352,2,High-Value Products
-1.795675871091977,0.7561085595576927,1,Low-Performance Products
-0.1699631064036594,-0.8588328254347144,3,High-Selling / Low-Margin Products
3.244602314435012,1.129417546861213,2,High-Value Products
0.7610158387618507,-1.9565709457680156,3,High-Selling / Low-Margin Products
3.990460335591846,-1.3987516408625233,2,High-Value Products
-0.8549027677460846,-1.309291834802485,3,High-Selling / Low-Margin Products
-1.7963460666778959,-0.7741457671875612,1,Low-Performance Products
3.0057765023505625,-0.3609481523225343,2,High-Value Products
-0.10942672827463712,0.5191290425743817,0,High-Margin Products
-0.8215583874441001,0.618466733558184,0,High-Margin Products
1.3031828496885813,0.19144028392301932,2,High-Value Products
-1.2240218341530875,0.16612787616165392,0,High-Margin Products
-0.052999587124407846,1.138391333569053,0,High-Margin Products
3.3892002700365267,0.23176169147401393,2,High-Value Products
-0.9722066581835421,3.02488088768615,0,High-Margin Products
-3.0514388977880387,-0.292554647674929,1,Low-Performance Products
2.7768807029568454,-1.4922086404953063,2,High-Value Products
-1.5831131789679258,-0.3808293410580941,1,Low-Performance Products
-1.0609061209301363,-0.5099107541049785,3,High-Selling / Low-Margin Products
-2.5034162290152655,-0.28009041280699204,1,Low-Performance Products
-0.43812044449789855,-0.5330665228927163,3,High-Selling / Low-Margin Products
-0.606677708878517,-1.5774481465914303,3,High-Selling / Low-Margin Products
2.265846172124106,0.6637527425494106,2,High-Value Products
-0.17250783353096827,-1.2893321757171534,3,High-Selling / Low-Margin Products
3.9655779730965026,1.233047847928866,2,High-Value Products
1.5602104927428988,0.9585966973271013,2,High-Value Products
0.822992400738357,0.21193781984284038,0,High-Margin Products
-4.294557356944522,-0.6962893876353241,1,Low-Performance Products
-0.9371970623668756,-1.2669657474274707,3,High-Selling / Low-Margin Products
-0.12142739667001085,0.48745232654874926,0,High-Margin Products
0.8481349608130963,-0.21770717615086146,3,High-Selling / Low-Margin Products
-1.9768284988301492,-1.0868009431975785,1,Low-Performance Products
-0.9889865932059506,0.8033954175586873,0,High-Margin Products
1.1554510065120402,-1.1467683712202799,3,High-Selling / Low-Margin Products
-1.6648708137146402,-0.20336095100615256,1,Low-Performance Products
-0.5085762776806139,0.28376987660744174,0,High-Margin Products
0.5487110914031841,0.1991667764731093,0,High-Margin Products
3.905818048433118,-0.33815760826818664,2,High-Value Products
-0.8383360652485168,-0.48296400372724924,3,High-Selling / Low-Margin Products
-0.8199086916883509,-0.09513102155777921,3,High-Selling / Low-Margin Products
-2.2290076913740564,1.4006514955948717,1,Low-Performance Products
-0.18210907050894298,1.0830504802770833,0,High-Margin Products
-0.3613087652633245,-0.009801608671458649,0,High-Margin Products
-2.0670317157393687,-1.0430208597667066,1,Low-Performance Products
1.342899516757481,-1.7016905709490127,3,High-Selling / Low-Margin Products
-2.7663175457828957,-0.7993890714139706,1,Low-Performance Products
1.023937298785476,-0.35692095652224154,2,High-Value Products
3.4605173364490027,1.0979149432353639,2,High-Value Products
-0.23762785104502032,1.7114122065078372,0,High-Margin Products
1.475416781965147,-0.9334207910632972,2,High-Value Products
-3.2310247371256415,-0.6547966933385541,1,Low-Performance Products
-0.1841956235152965,0.7087846507665364,0,High-Margin Products
3.9690928264240366,0.401058502386532,2,High-Value Products
-0.4154144297017834,-1.0576874749493193,3,High-Selling / Low-Margin Products
2.954645425935849,0.33496452307879554,2,High-Value Products
1.243181040027518,-2.026648517021089,3,High-Selling / Low-Margin Products
-2.6468283682265974,2.2565364912575623,1,Low-Performance Products
1.7626048151673424,-0.29190018926834593,2,High-Value Products
2.187475065585726,-0.1710798195120398,2,High-Value Products
0.9708124908079737,-1.018452093973382,3,High-Selling / Low-Margin Products
1.3745527683549477,-0.5157495656678602,2,High-Value Products
-5.53061226895183,-0.6540007563200637,1,Low-Performance Products
-1.417739873898425,0.4486004520765987,1,Low-Performance Products
3.209469717653499,0.05631659510624298,2,High-Value Products
0.8561455987491632,-0.7488652549164426,3,High-Selling / Low-Margin Products
0.8819108585620729,0.8287335172747853,0,High-Margin Products
-3.1345228753349677,-1.2780436879263677,1,Low-Performance Products
0.16778112972209627,-1.7177652722444174,3,High-Selling / Low-Margin Products
-1.7384064145946296,2.0266959483223235,1,Low-Performance Products
1.0287263433147702,-0.07437682107016855,0,High-Margin Products
-0.7427411557272741,-1.9782080150969907,3,High-Selling / Low-Margin Products
-0.6968225354819162,-1.5194771927344974,3,High-Selling / Low-Margin Products
2.2540453433882033,0.13203043502199274,2,High-Value Products
1.7945888181092458,-1.080984373537105,2,High-Value Products
-1.014307614755032,-0.15746366616245433,3,High-Selling / Low-Margin Products
-0.9323694535099872,0.39644263232372645,0,High-Margin Products
-1.2012580260330126,2.0471926464488095,0,High-Margin Products
0.5961747830979286,-1.5787016443539177,3,High-Selling / Low-Margin Products
-4.001204776182689,-0.7412148018479079,1,Low-Performance Products
3.058485640605123,-0.6344255639422242,2,High-Value Products
-1.9786162625114483,-0.0463999500218357,1,Low-Performance Products
-0.7300590954025885,-0.3086534875206084,3,High-Selling / Low-Margin Products
1.0671288415925004,1.694125424910544,0,High-Margin Products
2.7283135944509898,-1.72940448829678,2,High-Value Products
-0.15397656319145006,-0.9780600677575269,3,High-Selling / Low-Margin Products
-1.6420821789602182,1.3358537746942076,1,Low-Performance Products
1.102909786884276,-1.6480197070260532,3,High-Selling / Low-Margin Products
2.4730339926865557,-0.23915736480194882,2,High-Value Products
0.8501460052352732,1.4922139033941728,0,High-Margin Products
1.6547284579976347,-1.3132433620523747,2,High-Value Products
1.7705405048617757,1.9169257238125539,0,High-Margin Products
0.14673275350620993,-0.026645902094950193,0,High-Margin Products
-2.025015450626386,1.1470635059101746,1,Low-Performance Products
-0.27667864887918786,-3.3191121604333413,3,High-Selling / Low-Margin Products
-1.3987315055814453,0.4793569048575481,1,Low-Performance Products
2.6811435486506294,-0.3830020564508679,2,High-Value Products
-4.000571917909997,0.28097286309788133,1,Low-Performance Products
1.3815866024900119,0.7116410290828288,0,High-Margin Products
-0.31029765654255304,1.0673428147021016,0,High-Margin Products
-3.1468835329203277,1.3327054178487627,1,Low-Performance Products
1.6886519194293954,0.9834147467196188,2,High-Value Products
-2.558745851586657,0.15881614686531761,1,Low-Performance Products
-0.07305653987897547,1.2844693684589612,0,High-Margin Products
-2.030020198669948,0.22581567805932798,1,Low-Performance Products
-3.3273651372297826,-0.95082349542058,1,Low-Performance Products
-1.590229626087494,-0.2159437367409644,1,Low-Performance Products
-0.2647388171653695,0.1486384544257018,0,High-Margin Products
0.8513644867637403,1.3464896147303553,0,High-Margin Products
1.7081671640595149,-0.05746378452963017,2,High-Value Products
-0.025659258164767287,0.5355530945189383,0,High-Margin Products
2.2591057206578395,-0.10330579604767898,2,High-Value Products
-2.956715372375351,0.49770807514718063,1,Low-Performance Products
2.199634548562487,1.5252182769332947,2,High-Value Products
-3.2789101815146,-0.9379427059899296,1,Low-Performance Products
-5.862419866703186,0.5348220513061186,1,Low-Performance Products
0.16651349540175353,-1.5256959893715136,3,High-Selling / Low-Margin Products
-1.335887997779326,0.36225112042697916,1,Low-Performance Products
-1.6585464580486058,0.05315575193007633,1,Low-Performance Products
0.2831695125173669,-1.2011072316469358,3,High-Selling / Low-Margin Products
1.0833608880384213,1.4902186503524824,0,High-Margin Products
2.419974945321011,0.3414413552638243,2,High-Value Products
0.07881584357149109,1.2258953576078662,0,High-Margin Products
1.5153098948900952,-0.022321679417413687,2,High-Value Products
1.320469057510249,-1.537247314637748,3,High-Selling / Low-Margin Products
-2.2271531875880073,0.7021047458762805,1,Low-Performance Products
-1.2355268683970582,0.0574003822137916,3,High-Selling / Low-Margin Products
2.2458001304743966,0.19446486517460623,2,High-Value Products
1.9310686398546728,-0.14610517709038254,2,High-Value Products
3.3608471405143945,0.017107377025333572,2,High-Value Products
-0.6131029445454205,-0.8564545253716984,3,High-Selling / Low-Margin Products
-0.20219904601156932,0.5871617581359774,0,High-Margin Products
-2.578097795510623,0.6990832735911979,1,Low-Performance Products
-1.4056606270958858,1.0457831810547735,1,Low-Performance Products
-0.8010915587331991,0.037780222700811016,3,High-Selling / Low-Margin Products
-0.5638640252527459,0.9481044880720222,0,High-Margin Products
-2.2977077804872272,-0.14619681993203562,1,Low-Performance Products
0.35126322539593,0.3026757141167919,0,High-Margin Products
0.879066079906411,-1.0017799739071382,3,High-Selling / Low-Margin Products
0.3883155626466882,0.14413141282130043,3,High-Selling / Low-Margin Products
0.6112142471195601,-0.8830980989619693,3,High-Selling / Low-Margin Products
0.941694060149915,1.151223239734743,0,High-Margin Products
2.0516196852509743,-1.4751628515103437,2,High-Value Products
-0.2048985853703571,-0.20394134723484017,3,High-Selling / Low-Margin Products
-0.897607831416861,0.9254896707360262,0,High-Margin Products
0.09241438872709276,0.9666142203146868,0,High-Margin Products
1.8426995254913896,-1.1471097899225642,2,High-Value Products
-1.1910328984480185,0.8759123100872143,0,High-Margin Products
1.0058763749746829,2.192030575759508,0,High-Margin Products
-0.1252966071089335,1.795704157851833,0,High-Margin Products
-1.0261776909685414,-1.2951495971486,3,High-Selling / Low-Margin Products
-0.7831520519144193,-0.019502801033957056,3,High-Selling / Low-Margin Products
-1.350535817413554,-2.231550638310249,3,High-Selling / Low-Margin Products
-3.35886761887511,1.9536456221336618,1,Low-Performance Products
-0.48744823014117233,1.0205263834564107,0,High-Margin Products
1.10634469049209,-0.1700575580533345,2,High-Value Products
0.49067754747900066,-0.5264143868542904,3,High-Selling / Low-Margin Products
2.637768638358641,0.18484486884509035,2,High-Value Products
2.1910061863089254,0.7705959711505128,2,High-Value Products
0.8698541534879924,2.198664323912096,0,High-Margin Products
0.5587640618028058,-1.2748693328603429,3,High-Selling / Low-Margin Products
-1.953239238447927,-0.47628513050023785,1,Low-Performance Products
-0.7871195356958128,2.186746133014274,0,High-Margin Products
0.14305905151774037,0.39923802034192085,0,High-Margin Products
-0.717126146739343,-1.8488108144357414,3,High-Selling / Low-Margin Products
-2.3814763917150716,-0.10109652647768301,1,Low-Performance Products
-1.0961434815488922,0.3208279922483557,0,High-Margin Products
2.7583217319854394,-0.020012148413950992,2,High-Value Products
1.4705819475282844,-0.08156410615509613,2,High-Value Products
2.526029911917195,0.8255695445708229,2,High-Value Products
-2.2971148755360544,-1.25960404702629,1,Low-Performance Products
1.468681255934683,0.03128815905136648,2,High-Value Products
-1.5219869618346447,0.5308244892946392,1,Low-Performance Products
1.4741059777540104,-0.07638405183987751,2,High-Value Products
0.314569369333884,-0.551381192688523,3,High-Selling / Low-Margin Products
-0.9165022602243649,0.9059165080954826,0,High-Margin Products
1.62478112193416,2.243332798530942,0,High-Margin Products
1.5805422535874354,0.9333936584993113,2,High-Value Products
3.136638696296351,0.6966463818429328,2,High-Value Products
-0.11135519206169296,-0.40329599169256036,3,High-Selling / Low-Margin Products
-1.9991786940805827,-1.2908481948362158,1,Low-Performance Products
0.19267685113801786,0.8661017219728625,0,High-Margin Products
-3.1744063399526588,-0.8424936181876828,1,Low-Performance Products
0.7917630047451605,-0.473839547032917,3,High-Selling / Low-Margin Products
0.08104678194848254,1.015194785167489,0,High-Margin Products
-2.779651613972746,0.6116858639100365,1,Low-Performance Products
1.316704757626172,0.1250379828820084,2,High-Value Products
-0.2786922103962366,0.730643087203558,0,High-Margin Products
0.9747168822928052,0.4888451896779225,0,High-Margin Products
3.6242821184808296,-1.055674895759776,2,High-Value Products
5.638369229052716,0.9991873865764288,2,High-Value Products
0.26205457686615763,-0.3085664254176934,3,High-Selling / Low-Margin Products
1.8787531863171618,0.3363098036840618,2,High-Value Products
-2.6998012741991797,-0.1807612893045662,1,Low-Performance Products
-1.027426217410039,-0.37358843671483566,3,High-Selling / Low-Margin Products
-6.142130639314259,0.20584671742629318,1,Low-Performance Products
2.742050322434095,-1.2941889697285534,2,High-Value Products
3.482387747431316,0.25810400434338815,2,High-Value Products
-0.11980528142678659,-0.8273585470184891,3,High-Selling / Low-Margin Products
-2.054956169846585,2.237429192651095,1,Low-Performance Products
1.9341229430901123,-0.8082150837414183,2,High-Value Products
0.3013299560533025,-0.7003955789832702,3,High-Selling / Low-Margin Products
-2.5818166239940163,-0.029411960228191928,1,Low-Performance Products
0.202139177574963,-0.07942034537347487,0,High-Margin Products
-2.2870592721865743,-0.5174644905701123,1,Low-Performance Products
-0.5599639464249621,0.10356149333002018,0,High-Margin Products
3.684675025601349,-0.4800796375902277,2,High-Value Products
0.8792276427906189,-0.6324770725373672,3,High-Selling / Low-Margin Products
-2.3209297651704164,-1.063529767428829,1,Low-Performance Products
-0.9983023612829577,1.1773634335576095,0,High-Margin Products
-3.905266830381015,-1.1398621860745877,1,Low-Performance Products
3.8417594971812066,-0.5989453693632052,2,High-Value Products
-0.725849542894456,-0.6867157183510719,3,High-Selling / Low-Margin Products
-1.6815411714843458,1.2557051954598115,1,Low-Performance Products
3.6670049759625334,-1.426929597348034,2,High-Value Products
-2.168940210531029,-0.243579864353093,1,Low-Performance Products
3.561188040804668,-0.49042536110056023,2,High-Value Products
0.4760962146577347,-0.29200817287453784,3,High-Selling / Low-Margin Products
-0.002703926592439163,-1.854607753707778,3,High-Selling / Low-Margin Products
1.0650048180355856,0.5698502855337408,0,High-Margin Products
0.6694070698344826,0.5296696629054541,0,High-Margin Products
-0.46638559480324177,-0.8164682407943255,3,High-Selling / Low-Margin Products
2.2555623202037087,1.953974688995132,2,High-Value Products
3.996264686592642,2.0116120220944027,2,High-Value Products
-1.124167777498059,-1.472299052160501,3,High-Selling / Low-Margin Products
1.7222485063406725,-1.8917550385309208,2,High-Value Products
0.8083876826557194,-0.15383661282342015,3,High-Selling / Low-Margin Products
-0.04914165248412862,-1.5518398364538912,3,High-Selling / Low-Margin Products
1.3652613380608247,1.453363117391167,0,High-Margin Products
0.5125287420606819,0.8035889790007904,0,High-Margin Products
0.03306243272094719,-0.272049446971448,3,High-Selling / Low-Margin Products
2.243736008812566,1.0612299936308216,2,High-Value Products
1.0292681153171375,-0.6325715805698252,3,High-Selling / Low-Margin Products
-2.543781336617601,0.7765783862384078,1,Low-Performance Products
2.8569633421929277,-0.9183234656828637,2,High-Value Products
-1.0990600760833031,-1.1834418750574183,3,High-Selling / Low-Margin Products
-0.8160684963213163,2.2032345391055075,0,High-Margin Products
0.3660349060248706,-1.732013424819666,3,High-Selling / Low-Margin Products
0.9377817654972298,-0.45304222399305094,3,High-Selling / Low-Margin Products
-1.4447351991313455,-1.7934978175977405,3,High-Selling / Low-Margin Products
3.5637134397502255,0.7251969571455892,2,High-Value Products
-1.9579654155010107,0.12158528887905186,1,Low-Performance Products
2.2550320152858085,-2.12416942817842,2,High-Value Products
-1.843380951225931,1.4700617932598146,1,Low-Performance Products
-2.4744877269024284,-0.49130085385710115,1,Low-Performance Products
-0.4412697700443561,-0.8420473177889162,3,High-Selling / Low-Margin Products
-0.5687813594506186,-1.409212882064316,3,High-Selling / Low-Margin Products
3.157059687635253,-0.2548650322293602,2,High-Value Products
2.3990028146558,-0.5743551291678854,2,High-Value Products
0.9490830724313946,-0.15557568644530909,3,High-Selling / Low-Margin Products
-0.6873446153405881,0.9840806201012281,0,High-Margin Products
-1.7937472416727753,-0.12202603726506829,1,Low-Performance Products
0.986488490613279,0.40011673443149126,0,High-Margin Products
-3.0214748119593584,-0.9628068627560392,1,Low-Performance Products
2.9789766885971067,1.2152906734933613,2,High-Value Products
-0.48900207848483085,-1.6348974434262762,3,High-Selling / Low-Margin Products
-1.2013948886591659,0.4995105265283535,0,High-Margin Products
-2.6251226088370276,0.8148431833956901,1,Low-Performance Products
2.098141780872772,-0.8006348733397831,2,High-Value Products
-1.6500890995305788,-0.6518774980909712,1,Low-Performance Products
1.153644758506874,0.580925383269876,0,High-Margin Products
2.152452460646357,1.0079559000928784,2,High-Value Products
-0.23734421131276234,1.985293605695344,0,High-Margin Products
2.463348363038139,-0.36685790947736585,2,High-Value Products
0.8438675376431547,0.8266835924165643,0,High-Margin Products
2.5037207200363922,-1.0011108911171556,2,High-Value Products
1.9568953103171578,-1.0034305186745556,2,High-Value Products
0.8409734964681908,0.761424834095578,0,High-Margin Products
3.0104525396492923,0.18185975552080808,2,High-Value Products
-1.070751514527194,-1.6145365066100394,3,High-Selling / Low-Margin Products
-1.9821597300128726,-0.28990918800884086,1,Low-Performance Products
0.8924182344477207,-0.6428655439089649,3,High-Selling / Low-Margin Products
1.1627754414963618,-1.14004812230859,3,High-Selling / Low-Margin Products
1.7948259999083134,1.2524578441463168,2,High-Value Products
-1.1531402779516569,-1.432036291897223,3,High-Selling / Low-Margin Products
4.121002391781199,-0.9997810945864865,2,High-Value Products
0.44562280080730754,-0.7124857379515055,3,High-Selling / Low-Margin Products
-3.8541919416016857,0.11906478233292085,1,Low-Performance Products
-0.5726747845003309,-1.1573404809151056,3,High-Selling / Low-Margin Products
2.898067185235675,-0.5632054932152525,2,High-Value Products
-0.9719260254007437,-2.240223811004708,3,High-Selling / Low-Margin Products
1.1170608518610883,1.1088994968528976,0,High-Margin Products
0.08245145353037411,-0.6636641127937386,3,High-Selling / Low-Margin Products
3.320405129402291,-1.065834779661063,2,High-Value Products
-1.2455303166195366,-0.002444626681400407,3,High-Selling / Low-Margin Products
-1.3295048451350706,-0.3137691184341043,1,Low-Performance Products
-2.2742653751781177,-1.6324342985576215,1,Low-Performance Products
-0.6706438000577395,0.12987050649287118,0,High-Margin Products
-2.0430373773791515,-0.3123113983692132,1,Low-Performance Products
0.5184465842668855,1.601378695793426,0,High-Margin Products
0.9740624808505665,0.3411959544042247,0,High-Margin Products
-2.9914804714976486,-0.7462700261349853,1,Low-Performance Products
-0.7094175070894535,1.6411093084217365,0,High-Margin Products
-0.09908010259194475,0.9419258556541087,0,High-Margin Products
0.5755415610002781,-0.24883027213835,3,High-Selling / Low-Margin Products
3.9378733346998978,1.348901948498358,2,High-Value Products
-1.5195749794851685,-0.7997562813014788,1,Low-Performance Products
0.36211844615246447,0.2725647334763495,0,High-Margin Products
-0.6893404826127526,0.16765033605508375,0,High-Margin Products
2.1493050227944224,0.308020360351159,2,High-Value Products
-1.254656760745457,-0.4686698237248741,3,High-Selling / Low-Margin Products
-3.4810698382998773,0.004570265172323302,1,Low-Performance Products
-2.4519901365816574,-1.7362178537211181,1,Low-Performance Products
1.1843147901783255,-0.07932571625728993,2,High-Value Products
2.4583378071038324,-0.850870721639475,2,High-Value Products
-1.9956705250395088,0.9764511895616509,1,Low-Performance Products
-0.6676248526161899,0.6815357436736937,0,High-Margin Products
1.8084479703130083,-0.3075284085689546,2,High-Value Products
0.1202365098122942,-0.5620325374087105,3,High-Selling / Low-Margin Products
-1.5375481695737974,0.3464005471016526,1,Low-Performance Products
-0.41017563931751716,-0.680207368808197,3,High-Selling / Low-Margin Products
1.040015537960539,0.0965178898827753,0,High-Margin Products
0.525377776164459,-0.36110616673292145,3,High-Selling / Low-Margin Products
-0.0031905674949340565,-0.4490089008388018,3,High-Selling / Low-Margin Products
-1.7670980825658877,1.1236761498304948,1,Low-Performance Products
5.057657060744302,-0.4564661031371859,2,High-Value Products
-1.4321152941554003,0.2543552270936557,1,Low-Performance Products
-0.33658539482282895,0.7679296261278823,0,High-Margin Products
3.9297302119340767,0.654312386326296,2,High-Value Products
0.19263934821216186,0.25278432918931776,0,High-Margin Products
1.0228521069944594,-2.7346710530730043,3,High-Selling / Low-Margin Products
-0.33666794525215094,-0.6238735763361152,3,High-Selling / Low-Margin Products
-2.348019883768924,-2.418545261518351,1,Low-Performance Products
-0.5616342509861502,-3.2432664214792375,3,High-Selling / Low-Margin Products
1.76537426751008,-1.2880266117450572,2,High-Value Products
-3.1617852482294464,1.0548185414223166,1,Low-Performance Products
1.7442594119207444,0.14149662061153587,2,High-Value Products
0.5139247409986418,-0.28407781990538017,0,High-Margin Products
-1.13295405255882,-0.669276079649479,3,High-Selling / Low-Margin Products
0.04455257555577964,0.544813130166835,0,High-Margin Products
2.9855476473514933,1.0563469738099258,2,High-Value Products
-0.495179510639511,-2.4436536251400707,3,High-Selling / Low-Margin Products
1.215992892865051,-0.330037940058204,2,High-Value Products
-1.769702730946964,-0.06724442846870729,1,Low-Performance Products
-1.1038947169419224,1.3805143163563927,0,High-Margin Products
-1.3120896306017562,0.9214308182158096,0,High-Margin Products
2.93746531011875,-0.22710910554027985,2,High-Value Products
0.33357292425887997,1.3547923612389243,0,High-Margin Products
-1.0188637994063323,-0.3660226990365123,3,High-Selling / Low-Margin Products
-0.8481008575639662,0.7612725255953251,0,High-Margin Products
-1.0964426119105188,0.39143400136297546,0,High-Margin Products
1.6580869109278287,-0.08407394536084568,2,High-Value Products
1.353725946765083,-0.81047153901027,2,High-Value Products
-2.2158481326765225,-0.7631919162287515,1,Low-Performance Products
0.7971683752714189,-0.7239795780766878,3,High-Selling / Low-Margin Products
-0.018834213716982764,-0.3766333264840834,3,High-Selling / Low-Margin Products
-2.3144259918858743,0.5372910263218229,1,Low-Performance Products
0.04894998006961285,-3.0975498012571268,3,High-Selling / Low-Margin Products
-1.880335233895572,-0.6438565269217958,1,Low-Performance Products
0.5951024772360982,-0.7698992319580787,3,High-Selling / Low-Margin Products
0.7736218348220341,1.6316620164621858,0,High-Margin Products
-0.8811256747533445,-0.35741001411020523,3,High-Selling / Low-Margin Products
-0.443816741998495,-0.5378440772678162,3,High-Selling / Low-Margin Products
0.7715624652794075,-1.191236976715511,3,High-Selling / Low-Margin Products
-0.6917435858025087,-0.7960418249839643,3,High-Selling / Low-Margin Products
0.3072843295194393,0.6549438355959846,0,High-Margin Products
-1.8650668037014944,0.36642595229533237,1,Low-Performance Products
-1.1138206015491547,0.1067798374290415,3,High-Selling / Low-Margin Products
-1.731854497640857,-1.5050851548579467,3,High-Selling / Low-Margin Products
0.7239486501489218,2.1299521668803387,0,High-Margin Products
-1.8354418508197918,-0.7161570329821747,1,Low-Performance Products
0.33196333703155545,1.1817500737340076,0,High-Margin Products
-2.402946084818804,-1.2100223212139638,1,Low-Performance Products
-0.2839101317672443,-0.017036801260460952,0,High-Margin Products
3.51017584078694,0.39785862295898466,2,High-Value Products
1.1111861911950405,-1.8846366547086288,3,High-Selling / Low-Margin Products
-1.7764817547100504,-0.41410864583413914,1,Low-Performance Products
-0.9527107804713798,0.2226862144470111,0,High-Margin Products
0.6423059121079017,-0.8566604660245807,3,High-Selling / Low-Margin Products
-0.5804164338791521,-1.1605127315794683,3,High-Selling / Low-Margin Products
3.331027947548567,0.41270810519541357,2,High-Value Products
0.9410930914337619,2.2845577635861756,0,High-Margin Products
0.837983037422805,-0.2786049766424247,0,High-Margin Products
-3.070514892938816,0.6566961527049314,1,Low-Performance Products
-0.567310062620116,-2.6185336597827122,3,High-Selling / Low-Margin Products
-0.41653545856939933,-0.12307331759807338,0,High-Margin Products
0.44754938493236435,1.6893989677863186,0,High-Margin Products
-0.332607402036934,-1.3810611620801632,3,High-Selling / Low-Margin Products
-0.01670146113230993,-0.9763316725173328,3,High-Selling / Low-Margin Products
2.580549813365839,1.5869440475056067,2,High-Value Products
0.10280863417831222,-2.7922910749372862,3,High-Selling / Low-Margin Products
-1.6943683437109436,0.2714654393719973,1,Low-Performance Products
-5.8582862221234215,1.6733364912850428,1,Low-Performance Products
0.19574506833418806,0.6065397424048503,0,High-Margin Products
2.658378581956804,1.8948963280319446,2,High-Value Products
-2.468006382229798,-1.1994368722031796,1,Low-Performance Products
1.117120379800535,-1.7262112271253776,3,High-Selling / Low-Margin Products
-1.4376448194347065,-1.1559836489509305,3,High-Selling / Low-Margin Products
-0.6438550229114042,-0.5150193524744404,3,High-Selling / Low-Margin Products
-1.8741299791066517,-0.1996260607748558,1,Low-Performance Products
1.4570967349735109,0.2963239592382066,2,High-Value Products
-0.4182737248986987,0.6897081683758033,0,High-Margin Products
1.3140284035600287,1.8799033268854448,0,High-Margin Products
0.24183790252076415,0.6081441051762058,0,High-Margin Products
1.8918640802315876,0.10254857163505698,2,High-Value Products
-0.4611097353657485,0.02607577346543378,0,High-Margin Products
-0.612375379002713,-1.1474343277587893,3,High-Selling / Low-Margin Products
-1.046854977274685,-0.7611949015604177,3,High-Selling / Low-Margin Products
-2.6930404209216188,-0.2564041228809659,1,Low-Performance Products
0.6473746558321275,-1.2189902074205547,3,High-Selling / Low-Margin Products
-3.684860625109349,0.5119026151872977,1,Low-Performance Products
-0.40306996782777377,-1.2082447235648959,3,High-Selling / Low-Margin Products
-1.0884458977620535,0.5669573567847169,0,High-Margin Products
0.9420959625776906,0.464615737339196,0,High-Margin Products
2.0685322774695347,-0.41386627799837933,2,High-Value Products
-3.2919540675825205,0.936306715359077,1,Low-Performance Products
0.2569631288421502,-0.7844039081308865,3,High-Selling / Low-Margin Products
-4.435422339880484,-1.0318400953721523,1,Low-Performance Products
-0.2393512334348877,-2.908916597170776,3,High-Selling / Low-Margin Products
0.7778087518202798,-1.7225649616010843,3,High-Selling / Low-Margin Products
1.237680132218921,-0.44985913448377346,2,High-Value Products
1.0286291249727708,-0.7373066591956825,3,High-Selling / Low-Margin Products
-0.39287977069782565,0.19862864042941075,0,High-Margin Products
2.873720865103012,-1.2975771377024186,2,High-Value Products
0.5865454125011521,0.9864455029305648,0,High-Margin Products
1.3321396671019157,-1.6731305383872732,3,High-Selling / Low-Margin Products
1.2581199786354593,-1.17823056711227,3,High-Selling / Low-Margin Products
1.1929704415654954,-0.04588582399921029,2,High-Value Products
0.7894232415249747,0.4365145502523967,0,High-Margin Products
1.28766332804989,0.3439296341781596,2,High-Value Products
2.5827794231255212,0.07518450831221539,2,High-Value Products
-0.8118124122504953,-0.35267780917398717,3,High-Selling / Low-Margin Products
1.562164122012519,-0.9907252122582467,2,High-Value Products
2.0258381475665286,-0.1446584755468481,2,High-Value Products
2.8456682145959933,0.4895516621183596,2,High-Value Products
-3.4999996182312616,-0.6179930881495339,1,Low-Performance Products
-0.8842476258388016,-0.27550594833580694,3,High-Selling / Low-Margin Products
-0.8911240400793875,0.08910023188820375,0,High-Margin Products
-1.2890259159697945,-0.7664229450234318,3,High-Selling / Low-Margin Products
-0.8576192491775129,-2.082586364433126,3,High-Selling / Low-Margin Products
-0.042561257516687885,-1.8345142688520155,3,High-Selling / Low-Margin Products
-0.006155929699361078,-1.067246816543498,3,High-Selling / Low-Margin Products
-0.533516527777997,-0.3467134074040765,3,High-Selling / Low-Margin Products
-1.562549001310418,0.6251041387348044,1,Low-Performance Products
-0.3378524170659547,0.6121408092165286,0,High-Margin Products
-1.9925826322925198,0.06175116881014823,1,Low-Performance Products
-1.0991424969138885,-0.19859101863210388,3,High-Selling / Low-Margin Products
2.388981791753769,1.0341689188493475,2,High-Value Products
-0.6422574479426335,-1.8724245534324622,3,High-Selling / Low-Margin Products
2.970286649499754,-0.8598586699094071,2,High-Value Products
-0.9362729070890554,-0.6672304937194291,3,High-Selling / Low-Margin Products
0.03677600799806553,1.5235259310404976,0,High-Margin Products
-5.46757425881183,0.8567901062961675,1,Low-Performance Products
1.79542594110731,-1.931386427320829,2,High-Value Products
3.9124815475121846,0.3055591447231576,2,High-Value Products
-2.483239384695239,-0.2996716075488024,1,Low-Performance Products
-1.6383421967459764,-0.6036302730291192,1,Low-Performance Products
-1.081391379333392,0.974538394065568,0,High-Margin Products
-1.675395933863784,-1.5128600624105837,3,High-Selling / Low-Margin Products
1.2918668694513502,0.6654132766845963,0,High-Margin Products
1.0392258552110931,-2.4899774102206327,3,High-Selling / Low-Margin Products
2.7393096294596875,1.3893088808021365,2,High-Value Products
-1.9295027584582731,-0.7464669669571268,1,Low-Performance Products
-0.29689337347583794,1.0057715143736503,0,High-Margin Products
0.04832306843369085,-0.13045275703333278,3,High-Selling / Low-Margin Products
3.93504330598279,0.5731613830171431,2,High-Value Products
0.8633495196298516,1.464179309731004,0,High-Margin Products
0.41423904354208646,0.32784261739079607,0,High-Margin Products
-1.2208776723625536,-0.9495938112450478,3,High-Selling / Low-Margin Products
-1.398098498299746,-1.5706844315044157,3,High-Selling / Low-Margin Products
2.5857300691133176,-2.5308792467821197,2,High-Value Products
-2.66424577526527,0.031044496642519116,1,Low-Performance Products
-1.4639952648279335,0.5641516940771616,1,Low-Performance Products
-1.8474454625554786,-0.2545957976244151,1,Low-Performance Products
-0.9378292916440089,0.21299298756283022,0,High-Margin Products
-0.28031292323081874,0.8452325564558226,0,High-Margin Products
0.26589678089842494,1.0033758954998333,0,High-Margin Products
1.4201793862138767,-0.3789315768285777,2,High-Value Products
1.82698357319062,-0.3059029835384944,2,High-Value Products
-0.28748290769757595,2.1177806878199985,0,High-Margin Products
1.6262397179040704,-0.6226618841746285,2,High-Value Products
-2.978692917314193,1.4038089049319462,1,Low-Performance Products
0.4775385068706894,0.43616163979351313,0,High-Margin Products
-2.1997554741176533,0.5571341080977428,1,Low-Performance Products
-0.4663493350981482,-0.6369038905635606,3,High-Selling / Low-Margin Products
-3.186251179134429,-0.9220847741431346,1,Low-Performance Products
-2.2235423421892797,0.41428465624385596,1,Low-Performance Products
-1.7139543407292237,-0.8474607180929239,3,High-Selling / Low-Margin Products
2.099256988032691,1.7243976211176577,2,High-Value Products
-1.8659516219436536,1.7481179195478007,1,Low-Performance Products
-1.4550058673564772,0.5586902241875011,1,Low-Performance Products
-0.43797083054036584,0.13223875705695856,0,High-Margin Products
-1.0052365610592784,-0.6292194751656937,3,High-Selling / Low-Margin Products
-1.0718278555114893,-0.8596405003384726,3,High-Selling / Low-Margin Products
2.536267926182313,1.1447712027227013,2,High-Value Products
-1.0718479211129281,-1.8055246274136283,3,High-Selling / Low-Margin Products
-0.5777900805201502,-1.7856777970284747,3,High-Selling / Low-Margin Products
-0.38487535974771503,-1.8600324755531727,3,High-Selling / Low-Margin Products
-0.3514480302366803,-0.10170089035953182,3,High-Selling / Low-Margin Products
2.4000309048732484,1.5787723759193673,2,High-Value Products
-0.13516095474431464,-1.6801982905350417,3,High-Selling / Low-Margin Products
-0.25735777556521117,0.5875594172724602,0,High-Margin Products
-1.5289198873258925,-1.3219238642124473,3,High-Selling / Low-Margin Products
0.3954931120875699,1.2596858392177075,0,High-Margin Products
-4.815499418877028,-0.7628217735797703,1,Low-Performance Products
4.469397104733485,-0.49975490417826846,2,High-Value Products
-0.7695934226819375,-0.7643163891249737,3,High-Selling / Low-Margin Products
-0.19034094717913855,-1.52676434825223,3,High-Selling / Low-Margin Products
-0.6783029377806503,1.5237394355912628,0,High-Margin Products
0.6357160204342733,-0.12314271991712451,3,High-Selling / Low-Margin Products
1.8294684086774373,-0.6912806438211287,2,High-Value Products
0.5180194618276984,0.25782864069922856,0,High-Margin Products
4.0867190107560445,-0.6489829250157977,2,High-Value Products
-1.5002625669117877,-2.3276713088367535,3,High-Selling / Low-Margin Products
-1.0627942962277648,-0.4674805620883103,3,High-Selling / Low-Margin Products
-2.5607693118992048,0.057583315136653636,1,Low-Performance Products
-0.4562471358441057,0.9882032724256213,0,High-Margin Products
-2.7125377736856944,0.1795053476145847,1,Low-Performance Products
-3.1942175981908476,0.9590817046714265,1,Low-Performance Products
-2.515777456071624,-0.43194724576891863,1,Low-Performance Products
3.5642709721287495,-1.0339468553878968,2,High-Value Products
-4.423728079936803,0.900495919577167,1,Low-Performance Products
-0.32210572092075357,-0.8952236208790652,3,High-Selling / Low-Margin Products
-1.3712459219028865,1.5289776208924981,0,High-Margin Products
0.6802340046995211,0.13173513566659167,0,High-Margin Products
2.1768952772817496,1.630894619302625,2,High-Value Products
-2.941605836558216,-1.2839741257233663,1,Low-Performance Products
0.5694150175170455,1.5771138970225442,0,High-Margin Products
-1.691025225445957,-2.4461530841386208,3,High-Selling / Low-Margin Products
-1.1710348791567586,-1.5408549982174131,3,High-Selling / Low-Margin Products
2.021999658444521,-0.8075602444900796,2,High-Value Products
0.9145947127697661,2.0848281803426696,0,High-Margin Products
-0.6374447976650519,-0.13843838505049233,3,High-Selling / Low-Margin Products
2.619655947515377,0.864538231771311,2,High-Value Products
0.5327876377814789,-1.932610723797802,3,High-Selling / Low-Margin Products
2.7481439724840926,-1.3391917912281526,2,High-Value Products
1.9321137049828274,-0.46917552285647485,2,High-Value Products
0.15842553105049237,-0.10405687966862794,0,High-Margin Products
2.055397643590714,0.16277439285550524,2,High-Value Products
1.3990445387336352,-0.06013540132560998,2,High-Value Products
1.6241566396528955,1.428011764852373,0,High-Margin Products
0.6385658604655601,-1.39613816539379,3,High-Selling / Low-Margin Products
2.1512913360014307,0.9737812232978175,2,High-Value Products
0.9104848250053088,-0.4847355941771909,3,High-Selling / Low-Margin Products
3.045925073482298,0.16179493949017415,2,High-Value Products
3.747100864240508,-0.031525739317322846,2,High-Value Products
1.877516052109806,-0.24825249388094994,2,High-Value Products
-0.23968411044816818,-2.4968379094796354,3,High-Selling / Low-Margin Products
2.4118419560127355,0.6901434439305502,2,High-Value Products
-3.0448473514371224,-1.9370405339798575,1,Low-Performance Products
-2.5165902111325185,-0.09071168592211198,1,Low-Performance Products
0.6578812429190969,1.2316004746407674,0,High-Margin Products
2.417350291202326,-0.2871811738857206,2,High-Value Products
-0.11289464002625003,0.03846842342181831,0,High-Margin Products
-2.059465633433648,-0.29481795703983693,1,Low-Performance Products
4.1216922070842354,0.6019323472170516,2,High-Value Products
-0.5394242153665756,1.987079964730208,0,High-Margin Products
-1.08880732513613,1.2820461276655126,0,High-Margin Products
1.397264153795031,1.1712269183781854,0,High-Margin Products
-0.3232744247176506,-0.550920945520849,3,High-Selling / Low-Margin Products
-3.013327989426382,0.49543722021275194,1,Low-Performance Products
1.1663504095848274,-0.8860944021088275,3,High-Selling / Low-Margin Products
0.044595967626248824,1.3553479283779346,0,High-Margin Products
-1.681872214043984,2.067443562151178,0,High-Margin Products
-0.9742223173836536,-0.9347045935947134,3,High-Selling / Low-Margin Products
0.4651056684634964,0.5851898239647351,0,High-Margin Products
0.3548710846644995,-0.4294219911968,3,High-Selling / Low-Margin Products
0.8900996136627217,-0.49335608823846133,3,High-Selling / Low-Margin Products
0.07523853142998677,1.0560266252526418,0,High-Margin Products
2.7086566004357557,-0.11286847486547787,2,High-Value Products
3.0329247516952114,-1.587033771567723,2,High-Value Products
2.7645406368055725,-1.1199100558608968,2,High-Value Products
-1.5519190827999836,0.629607301567664,1,Low-Performance Products
0.061066725896360204,-2.173995326762341,3,High-Selling / Low-Margin Products
-0.30042734476079497,2.0610240389794625,0,High-Margin Products
-1.6844009508859743,1.1101472950920306,1,Low-Performance Products
1.631383028418403,-1.2503355555582336,2,High-Value Products
0.34338376281032706,-0.5723951876858446,3,High-Selling / Low-Margin Products
0.6938938356733567,0.1698814422753717,0,High-Margin Products
0.9141212029157074,-2.3412853219344716,3,High-Selling / Low-Margin Products
0.1887754461764162,-0.05231682464081681,3,High-Selling / Low-Margin Products
2.0877864132584345,-1.3033539366625009,2,High-Value Products
1.3185315896546532,-0.7149605733215302,2,High-Value Products
1.7529728819104904,1.2391763875970017,2,High-Value Products
-1.637246565731737,0.9275403202780325,1,Low-Performance Products
-2.074349133474644,0.7697056509625189,1,Low-Performance Products
0.22724745581739608,-0.25164416179484744,3,High-Selling / Low-Margin Products
2.4475912596567215,-0.0107492963612856,2,High-Value Products
1.6945499333101144,0.7052203812256297,2,High-Value Products
-4.5249828391180635,0.6606191193980019,1,Low-Performance Products
1.8283026445879427,-0.7128398534504765,2,High-Value Products
1.5885479189170149,-0.3792885047659144,2,High-Value Products
-1.9619337384891682,1.5465147994358588,1,Low-Performance Products
1.9585299466574093,-0.7911105541800424,2,High-Value Products
-0.7696642963151338,0.09075629142009113,0,High-Margin Products
1.2372590879237537,1.3186402255834084,0,High-Margin Products
-0.8702330014354754,1.4881733714269685,0,High-Margin Products
-0.25983252281815405,-0.7892622299053016,3,High-Selling / Low-Margin Products
2.8712189091514695,1.3012544007463402,2,High-Value Products
-1.1328954772815598,0.7758825913039085,0,High-Margin Products
-0.14023290904188918,-0.19704450714891356,3,High-Selling / Low-Margin Products
-0.23379088796978126,-0.14982625489632745,0,High-Margin Products
1.822784093103087,0.6200930947994886,2,High-Value Products
0.3719634863258433,-0.7279632327542538,3,High-Selling / Low-Margin Products
0.5878663764192269,0.30984865129335054,0,High-Margin Products
-3.747189153241703,2.1905213355615856,1,Low-Performance Products
3.8189155961616166,0.2649523173325257,2,High-Value Products
0.4540694331985843,0.9512806317043369,0,High-Margin Products
-0.49511691081444603,-0.02783690303505774,3,High-Selling / Low-Margin Products
-0.858987387464311,0.5501942196896342,0,High-Margin Products
-2.761176425044458,-0.7977977405981941,1,Low-Performance Products
-0.9780875573437915,0.895459413072149,0,High-Margin Products
-0.14441535817807077,1.0202145765318202,0,High-Margin Products
1.9277083498338405,0.5393103421232682,2,High-Value Products
-2.5854070113425878,-0.7298145217849663,1,Low-Performance Products
0.8183849788751735,0.705279502843029,0,High-Margin Products
-0.09939415132622739,0.9736845128208862,0,High-Margin Products
-0.48170328068724183,1.5231595336192916,0,High-Margin Products
-0.35320221198811375,-0.5008422568462145,3,High-Selling / Low-Margin Products
2.1823375820552564,-0.8803773072075152,2,High-Value Products
2.3628239745338946,2.100072443013014,2,High-Value Products
-1.2177393960371374,-0.28254176410128545,3,High-Selling / Low-Margin Products
-0.7671774877707178,-1.124147753563103,3,High-Selling / Low-Margin Products
-2.5054014658526946,1.8332204537590826,1,Low-Performance Products
-6.310926652219925,0.9272168400240711,1,Low-Performance Products
-3.2800014044942447,-0.6662398339238196,1,Low-Performance Products
3.5495832299856374,1.1414282727809495,2,High-Value Products
0.6063524036840029,1.1055758082866172,0,High-Margin Products
1.9366801930345616,-0.17533836090341962,2,High-Value Products
3.700537695646499,-0.8682205399257018,2,High-Value Products
1.3722169600126377,1.3462186170871142,0,High-Margin Products
2.493102577394373,0.8143331737457409,2,High-Value Products
0.3460533236641094,2.0085742328811693,0,High-Margin Products
-2.123084660235054,-0.09046447573607917,1,Low-Performance Products
1.6413026614702482,1.3354702853613687,0,High-Margin Products
-0.2630627703023958,0.5062564396297278,0,High-Margin Products
0.21981986630963363,-1.1399942230567173,3,High-Selling / Low-Margin Products
-5.094606123919194,-0.5919703977652055,1,Low-Performance Products
-0.5365916442606541,1.6172716811180696,0,High-Margin Products
-1.1813556216241776,-0.288582801853803,3,High-Selling / Low-Margin Products
-0.34628325782355807,-0.9735799340030555,3,High-Selling / Low-Margin Products
0.2736541905371501,-1.249186661528314,3,High-Selling / Low-Margin Products
0.15037306166710054,-0.6317064287948851,3,High-Selling / Low-Margin Products
2.5108291124777034,-0.40201770743478915,2,High-Value Products
-1.8192449174469791,0.6160482066672467,1,Low-Performance Products
3.271609648976031,-0.27281213753094424,2,High-Value Products
2.295689802711468,1.6402503232590413,2,High-Value Products
3.2704752819524017,1.5240692808967413,2,High-Value Products
-0.7228861164281342,-0.11501415441636488,3,High-Selling / Low-Margin Products
1.365394296904801,0.4844093832459253,2,High-Value Products
-0.6293002476347366,0.8418501745589478,0,High-Margin Products
-0.714630377603737,0.3024268247887946,0,High-Margin Products
-0.24007618486742408,0.8699877879690674,0,High-Margin Products
-3.0305282063946652,-0.9951062037362794,1,Low-Performance Products
-3.8622783338100364,0.5795216319694676,1,Low-Performance Products
-1.0245324288623152,-2.413191777671351,3,High-Selling / Low-Margin Products
-1.425579955802606,0.08087904457358194,1,Low-Performance Products
1.678500677088063,0.6104013981809823,2,High-Value Products
-0.8134971609290592,0.09402537462835378,0,High-Margin Products
-1.3569389038677557,1.559446504693922,0,High-Margin Products
3.2840512479405026,-0.17112267141581244,2,High-Value Products
-4.1326614863155875,0.9141529504355694,1,Low-Performance Products
-1.0133887972677162,0.062060761403714096,3,High-Selling / Low-Margin Products
-4.128263043691419,-1.2933323049365832,1,Low-Performance Products
-1.6291627877355157,-0.8081982624844319,1,Low-Performance Products
-2.474073929596137,-0.5798479472079745,1,Low-Performance Products
2.6286792953086633,0.16743782888141984,2,High-Value Products
-1.2537954732328305,-0.5510205122555563,3,High-Selling / Low-Margin Products
-0.4312384120243932,0.6089585882479921,0,High-Margin Products
-0.4199947696896613,1.2235178174062198,0,High-Margin Products
3.879720053465919,-0.021017157836206096,2,High-Value Products
1.0755063919015466,1.1685315053791097,0,High-Margin Products
-0.037007486708116835,-0.6680105804808135,3,High-Selling / Low-Margin Products
0.9309732309697331,-1.1807931245692271,3,High-Selling / Low-Margin Products
-1.4269815237868242,0.2818823034748758,1,Low-Performance Products
1.2151943761378259,1.0093736722443818,0,High-Margin Products
2.2346189994491734,0.7041474831121534,2,High-Value Products
1.367106528066891,-0.9714152547374922,2,High-Value Products
2.6306449360200395,-1.0511869735529613,2,High-Value Products
-0.9401350485901044,-0.14382078432523698,3,High-Selling / Low-Margin Products
0.4101447495031289,-0.39525922409594577,3,High-Selling / Low-Margin Products
0.8210695630226768,-0.8890895483998569,3,High-Selling / Low-Margin Products
3.2426328724350197,-1.4926052011009194,2,High-Value Products
-4.6754936390590345,-0.3556532615744345,1,Low-Performance Products
-2.654079868482027,-0.02683096611574823,1,Low-Performance Products
3.3419316492913027,-1.5401056381977254,2,High-Value Products
0.14209651591715883,-2.0770377549164842,3,High-Selling / Low-Margin Products
2.1733192081291324,-2.7301956557932514,2,High-Value Products
-0.03228335459660979,1.2499221108235001,0,High-Margin Products
-1.2200716667997196,0.14745878982085733,1,Low-Performance Products
-2.8692557918504855,-1.1591684187818536,1,Low-Performance Products
-0.6716536568429924,0.16498405305194785,0,High-Margin Products
-1.40988468770776,0.05466808693552224,1,Low-Performance Products
-0.11810895238778661,0.443469674757403,0,High-Margin Products
-2.722286661217284,-1.0133725748055333,1,Low-Performance Products
-1.473265720278278,-0.26909064934609644,1,Low-Performance Products
1.0115239368459241,-3.157186950871937,3,High-Selling / Low-Margin Products
2.176625923480221,-0.9345761184775621,2,High-Value Products
-1.9800470330464497,-0.9380295066769669,1,Low-Performance Products
-2.8369387193549653,-0.42080795914612806,1,Low-Performance Products
-2.53646460153949,1.6227974340561306,1,Low-Performance Products
-2.4271688721865785,2.5781542453956967,1,Low-Performance Products
0.6309435264292467,1.955861995861954,0,High-Margin Products
-0.5212166434674242,-1.48074667602233,3,High-Selling / Low-Margin Products
-2.125940676954769,0.0439531852626077,1,Low-Performance Products
-0.015021731925081232,2.0968423433388,0,High-Margin Products
-1.5958161627271557,-0.7903099270982288,1,Low-Performance Products
-0.5832612251680581,-1.146125766511652,3,High-Selling / Low-Margin Products
-1.0696600046198153,-1.2738886603716828,3,High-Selling / Low-Margin Products
0.6560224792175544,-1.0100267090210573,3,High-Selling / Low-Margin Products
0.6642749478301732,1.0658697885822128,0,High-Margin Products
0.557775404066515,-0.13215293533521724,3,High-Selling / Low-Margin Products
-1.5334054520894884,1.103383071935882,1,Low-Performance Products
1.4748446699489763,-1.0906376474250368,2,High-Value Products
-3.0631978626369936,3.8177357539211556,1,Low-Performance Products
-1.1963020517351786,1.5000473455161967,0,High-Margin Products
1.9694132859785503,1.207653680765019,2,High-Value Products
1.19520997210842,1.1761473901035633,0,High-Margin Products
-0.723455227158513,-0.10775477404836506,3,High-Selling / Low-Margin Products
-1.5310242108135403,2.4594886826442117,0,High-Margin Products
-1.12726551022441,1.913591715852399,0,High-Margin Products
0.647344463666062,0.11694849168208837,0,High-Margin Products
-1.871245572433045,-0.8774335968051158,1,Low-Performance Products
-2.0007817684573834,0.12132949187546267,1,Low-Performance Products
-0.5714430403745165,-0.9584199205699042,3,High-Selling / Low-Margin Products
2.277495197064616,0.19613651886698524,2,High-Value Products
1.0602748731911846,-0.5323067048903191,2,High-Value Products
-0.8140722121101547,2.166365155587174,0,High-Margin Products
-2.225498868677658,0.928810552453629,1,Low-Performance Products
-1.697627872984636,1.6989746081022505,1,Low-Performance Products
-1.7485044067515751,2.7571127868408833,0,High-Margin Products
2.404616190165698,1.4680545441321495,2,High-Value Products
1.9657878579015722,0.10971042903180742,2,High-Value Products
0.14547320575974287,0.7104173941112475,0,High-Margin Products
-2.0264858032317714,-0.47090144366620185,1,Low-Performance Products
-0.41050013716801764,-0.2176174498725996,0,High-Margin Products
3.741709043964201,0.13151862584961055,2,High-Value Products
-2.866949898891247,-0.2635243041379308,1,Low-Performance Products
2.0415072976990647,-0.6058086415432161,2,High-Value Products
-0.6752749044556517,0.4893085911495101,0,High-Margin Products
-0.37163604843017534,0.28266590517877094,0,High-Margin Products
1.9799091592036422,0.6108955842218787,2,High-Value Products
-3.248063976447878,-0.7775993403239544,1,Low-Performance Products
-3.190244590248908,-1.193277079871143,1,Low-Performance Products
-0.6556888279257086,0.6080356298675775,0,High-Margin Products
1.4847651936178257,-0.48668425383623864,2,High-Value Products
-1.4904709289002946,-0.10524710787248859,1,Low-Performance Products
-1.877054598482078,0.2118647907673436,1,Low-Performance Products
-4.214484709125282,0.897464087329098,1,Low-Performance Products
-1.3475365933107815,-1.3224601148126485,3,High-Selling / Low-Margin Products
2.417942418915613,-0.8917627581064158,2,High-Value Products
0.7187398766164496,-0.7582046832453408,3,High-Selling / Low-Margin Products
-1.0376290843069957,-0.8906278221521292,3,High-Selling / Low-Margin Products
0.7910916408023638,1.731772005779657,0,High-Margin Products
1.9987650363873963,0.8391343335379148,2,High-Value Products
1.327812998458526,1.9367763050578086,0,High-Margin Products
-0.6487171678169994,1.9042182033689004,0,High-Margin Products
-0.884134842126635,2.2577270364605777,0,High-Margin Products
2.2858303264562116,1.8229663165206065,2,High-Value Products
-2.2085045857493184,0.8324886362632256,1,Low-Performance Products
1.6686152027786063,1.291303163990132,2,High-Value Products
2.775219928574332,-0.46210822532168855,2,High-Value Products
0.28539663622753614,-1.6217899888749787,3,High-Selling / Low-Margin Products
-1.8717588270362655,-0.3304701769112933,1,Low-Performance Products
0.1656200453184812,2.4580092136916862,0,High-Margin Products
1.604438610906921,0.512479912280499,2,High-Value Products
-2.761521865908482,1.363122841110577,1,Low-Performance Products
0.548046910948616,-1.248086094844649,3,High-Selling / Low-Margin Products
-2.6481318078882556,-1.9776126276863415,1,Low-Performance Products
0.6257934983387784,0.35440387495721765,0,High-Margin Products
1.0817479514428867,-0.5696947844360949,3,High-Selling / Low-Margin Products
0.2929861960049428,-0.1166298891357607,3,High-Selling / Low-Margin Products
2.120076986817435,-1.2405305768509352,2,High-Value Products
1.1815483428087563,-1.2749716045128807,3,High-Selling / Low-Margin Products
0.21883024066598106,-1.2154447932287609,3,High-Selling / Low-Margin Products
-0.2691124937066719,0.32412079809063904,0,High-Margin Products
-0.98028873202319,0.6133713078012166,0,High-Margin Products
-0.7800009373046901,-0.7875684712648454,3,High-Selling / Low-Margin Products
-1.022894959144794,-0.29266010889362526,3,High-Selling / Low-Margin Products
1.838868166876673,-0.5809786704000263,2,High-Value Products
-2.896804519183757,1.322516178008002,1,Low-Performance Products
0.9944961072967806,0.5943722872097379,0,High-Margin Products
0.706679288500024,-1.4130619572973457,3,High-Selling / Low-Margin Products
-0.2764049048226093,2.3672601331005168,0,High-Margin Products
-0.8326246519044929,0.9061206308585509,0,High-Margin Products
1.7006807730177929,0.8113352236242187,2,High-Value Products
0.2609319406291296,1.6534224050641049,0,High-Margin Products
-0.3731722022279784,-0.5502667368360155,3,High-Selling / Low-Margin Products
2.247084659809016,0.1632172605777729,2,High-Value Products
1.4370905820603808,-1.110711579974636,2,High-Value Products
-0.39194824009088347,1.0787122369095312,0,High-Margin Products
-1.4113415830570633,0.4007590254437439,1,Low-Performance Products
1.7630663062994838,0.016989141282949104,2,High-Value Products
-2.3453000134726514,-0.04459566253794844,1,Low-Performance Products
2.8461886267571255,0.9723510798043821,2,High-Value Products
-0.5794071179260852,-0.32049777071096985,3,High-Selling / Low-Margin Products
-0.26188376626124565,-0.6811803362011224,3,High-Selling / Low-Margin Products
-1.6618428759162398,2.4561101126053364,0,High-Margin Products
1.1906618961776516,1.483517676977886,0,High-Margin Products
0.48726420630313183,-1.3123630246735345,3,High-Selling / Low-Margin Products
-0.2658170574699243,0.6610218826565438,0,High-Margin Products
0.10915436271730143,1.4585476892975733,0,High-Margin Products
-0.6894276804306573,-0.8143497817943072,3,High-Selling / Low-Margin Products
-2.926866823951245,1.03672518030785,1,Low-Performance Products
0.6654722310226183,-0.9217412040457522,3,High-Selling / Low-Margin Products
2.0032762686298566,-0.2648656657601145,2,High-Value Products
2.550369488872765,0.5146927175601735,2,High-Value Products
-1.1812238391464387,0.9591964742907398,0,High-Margin Products
-0.2057500108336876,-1.1250910099194118,3,High-Selling / Low-Margin Products
2.490033587862216,-0.42675596201950866,2,High-Value Products
2.1517909800781365,1.7633095998538733,2,High-Value Products
1.6648387690601212,-1.6119006576539903,2,High-Value Products
1.41687194068757,-1.619184684173136,2,High-Value Products
0.8014864711168882,0.5223496757447091,0,High-Margin Products
-0.5591788121638483,0.5715028556354607,0,High-Margin Products
2.3939280198636177,-0.5669801363753195,2,High-Value Products
1.6733901877102642,0.24468354114123758,2,High-Value Products
1.6864177038955321,1.146447640017023,2,High-Value Products
-0.7789485538643707,1.1598324879271755,0,High-Margin Products
-0.8866281450032077,-0.5929925046878138,3,High-Selling / Low-Margin Products
2.1411553973469055,1.2360422501205262,2,High-Value Products
-0.017370077411203375,-0.8448742009925182,3,High-Selling / Low-Margin Products
0.16951762204650178,0.9438071211378835,0,High-Margin Products
-1.3106855746601884,-1.7202498256810872,3,High-Selling / Low-Margin Products
-3.490799174786491,-0.6661977042546807,1,Low-Performance Products
2.840541322684243,1.1560598138451486,2,High-Value Products
1.7093085925558165,-0.13264225828855195,2,High-Value Products
-0.1388655389547908,-0.3191672917815377,3,High-Selling / Low-Margin Products
-0.627271745375867,0.463000275219331,0,High-Margin Products
1.314559405828254,0.36098459388607684,2,High-Value Products
-0.6721879944241538,0.7391614279835552,0,High-Margin Products
1.6733929759219108,-1.4318886583821977,2,High-Value Products
0.42429442271926965,-0.731220973781862,3,High-Selling / Low-Margin Products
2.7477595043792786,0.3151694025223041,2,High-Value Products
-1.298992234084654,0.24911395360504335,1,Low-Performance Products
-3.3903169250432295,0.6346273603516397,1,Low-Performance Products
0.07403595438345273,-0.5039215584762154,3,High-Selling / Low-Margin Products
-2.66778838684301,-0.20875401116149817,1,Low-Performance Products
3.9048500430294943,-0.09081826880332047,2,High-Value Products
-0.36166442079040106,0.7697336631332223,0,High-Margin Products
0.13394394249343777,2.3328601244742724,0,High-Margin Products
-1.7978532026083718,-0.15270621035514614,1,Low-Performance Products
0.5636344422207719,0.3325267834482863,0,High-Margin Products
-3.237250657541085,1.9676978279383504,1,Low-Performance Products
-3.855376468209459,0.5407305036241554,1,Low-Performance Products
0.4906632305594613,1.2182167577208818,0,High-Margin Products
1.7759105954043233,0.06477960322759022,2,High-Value Products
-3.0571681410934297,-2.3281006466120218,1,Low-Performance Products
-1.4946303786761757,-1.6463721955925559,3,High-Selling / Low-Margin Products
-1.0091117086978956,-0.4119605714601086,3,High-Selling / Low-Margin Products
-0.3762141021739196,3.0005273147235147,0,High-Margin Products
-0.06587876384476479,-1.4807833901152512,3,High-Selling / Low-Margin Products
2.9503449078268926,0.603210416078481,2,High-Value Products
-3.175811890955341,-2.549092389939971,1,Low-Performance Products
1.2420038216331684,-1.252790921947623,3,High-Selling / Low-Margin Products
3.4724658992213175,-1.2763759019415855,2,High-Value Products
0.8777121898035046,1.215588654010508,0,High-Margin Products
-0.4327302192705713,0.273136990034862,0,High-Margin Products
1.6725245000092048,-1.116194915728279,2,High-Value Products
-3.399997209956185,1.3598467581974987,1,Low-Performance Products
-1.1041411505649033,0.3062103995478595,0,High-Margin Products
0.2445791160127888,-0.3394811685249263,3,High-Selling / Low-Margin Products
0.09171375621824966,-0.21696650849791385,0,High-Margin Products
0.2772751098398083,1.288738787201848,0,High-Margin Products
3.4217509699898536,-0.2953622241050849,2,High-Value Products
1.5065448224626072,0.7929129571336309,2,High-Value Products
1.6272118842621126,-1.2888070051487468,2,High-Value Products
-0.5011659517810919,0.5023979095387413,0,High-Margin Products
3.489001283121891,-1.9775597522262576,2,High-Value Products
0.3824751521799444,-0.42777562978928974,3,High-Selling / Low-Margin Products
-0.9395650910719741,1.2193553048521781,0,High-Margin Products
2.368348978895557,-0.518997632821486,2,High-Value Products
0.5465432081332765,0.777095367474196,0,High-Margin Products
1.6460047635190207,1.7898413652000806,0,High-Margin Products
-0.06138812005290642,1.779600983871428,0,High-Margin Products
0.34381187477344327,0.7972947894765402,0,High-Margin Products
0.07843263527118263,1.5135594515601511,0,High-Margin Products
-2.5701060200191628,-1.0207705370094513,1,Low-Performance Products
-0.7808879209651919,1.1338424869949337,0,High-Margin Products
-0.6204363158388688,0.8565392755269761,0,High-Margin Products
-2.6241311916418537,-0.6001536614582708,1,Low-Performance Products
3.1975366117477426,0.8806270184034868,2,High-Value Products
-1.60651628495922,-1.6210610116137687,3,High-Selling / Low-Margin Products
-1.0837152494311362,-0.48053056733271315,3,High-Selling / Low-Margin Products
2.925038636673498,-0.2925188690820027,2,High-Value Products
3.0016120114526594,-0.42299569267813375,2,High-Value Products
0.483270226471254,1.3366237301411614,0,High-Margin Products
-1.4340674624927503,-1.0343134380909733,3,High-Selling / Low-Margin Products
1.1173893332527636,-2.190212749231122,3,High-Selling / Low-Margin Products
3.0865056316272037,0.5912131781434922,2,High-Value Products
-0.8796367224440416,-0.18887952269093286,3,High-Selling / Low-Margin Products
0.7704443128812989,0.12020476130792786,0,High-Margin Products
1.1077500015271247,-0.03605504975200974,0,High-Margin Products
1.3140792829624646,1.0282388224757846,0,High-Margin Products
1.201053974669198,1.946425171398656,0,High-Margin Products
0.303823257844098,1.9515675007379656,0,High-Margin Products
0.8634589935403832,-0.6577307584747358,3,High-Selling / Low-Margin Products
-0.38754518786414804,0.9231275936437043,0,High-Margin Products
0.43377764454899703,-3.1421120277912125,3,High-Selling / Low-Margin Products
-2.7202700075037596,0.04223603954549168,1,Low-Performance Products
0.3224941660686713,0.4323201685953853,0,High-Margin Products
-1.1279339044741632,2.095977913329109,0,High-Margin Products
0.7635049344398124,0.3798379166747599,0,High-Margin Products
0.6165594814594723,0.14892282877064755,0,High-Margin Products
2.010566160356425,-1.7303764622264366,2,High-Value Products
1.5063451400321486,1.7883824860849993,0,High-Margin Products
1.1289759360458775,-1.0936829830940076,3,High-Selling / Low-Margin Products
0.32819936559639407,-0.15494802026836374,0,High-Margin Products
-1.4292295205451773,1.413597172290891,0,High-Margin Products
-2.7040315082874997,-0.49643185146279856,1,Low-Performance Products
1.6114486049268362,1.6960430038865808,0,High-Margin Products
0.046787646310647094,-0.014186449557034093,0,High-Margin Products
0.5724182463936534,-1.1087719942222993,3,High-Selling / Low-Margin Products
-0.9506393138281576,1.7369936274875835,0,High-Margin Products
-3.099830204032968,0.5495090804809042,1,Low-Performance Products
-1.9857180088185304,-1.3618201270916837,1,Low-Performance Products
-0.4058404122770082,0.9921605280115806,0,High-Margin Products
4.476701497553496,-0.22287083985324815,2,High-Value Products
0.8698800731702772,0.8430695299950054,0,High-Margin Products
0.41083029624391143,-0.6902049649975152,3,High-Selling / Low-Margin Products
1.8911712860141516,0.9547561017281126,2,High-Value Products
-2.186743194341877,-0.6243991681634217,1,Low-Performance Products
1.4215384527416595,2.3575099759020186,0,High-Margin Products
-3.042703661234752,-0.26941492662233707,1,Low-Performance Products
1.1323927875330195,1.4925070757151029,0,High-Margin Products
-0.2664525137448632,-0.21950516130779804,3,High-Selling / Low-Margin Products
0.6617062117013495,0.18494573878644907,0,High-Margin Products
0.9894372753741282,-1.1295481744033113,3,High-Selling / Low-Margin Products
-1.2940714554003396,1.6985304987376302,0,High-Margin Products
-0.9030832431222707,-0.34023848182678323,3,High-Selling / Low-Margin Products
0.3132315112228604,0.5685183365661128,0,High-Margin Products
-1.6463789849455188,0.9690456582251585,1,Low-Performance Products
0.48776322923625887,0.6658447242949845,0,High-Margin Products
-1.3144570086509724,0.9111165467026753,0,High-Margin Products
2.983569875114288,1.1628952523190075,2,High-Value Products
0.012288825718591394,0.9466253467122901,0,High-Margin Products
-0.38011346920094463,0.9918064174951948,0,High-Margin Products
-0.2284545319196004,-1.628809593801043,3,High-Selling / Low-Margin Products
2.083672445073449,-0.3595757958636689,2,High-Value Products
2.335710770651825,0.5894035555924129,2,High-Value Products
-0.11217310217158713,0.2932700527583677,0,High-Margin Products
-2.1576674402853886,1.3486399590589937,1,Low-Performance Products
1.0988256690081184,0.5579221010789672,0,High-Margin Products
1.444322102413598,-0.853601714971242,2,High-Value Products
2.0966082502685817,-0.5572792578372445,2,High-Value Products
0.6072310075668345,0.24075371882831087,0,High-Margin Products
-1.5411218940191056,-0.1356220156009698,1,Low-Performance Products
-2.3748873868567624,-0.905512087929433,1,Low-Performance Products
-2.845646399598458,-1.5481660434220013,1,Low-Performance Products
1.962702090128217,-1.2404883878954043,2,High-Value Products
-1.9917459431168965,-1.8640465804695652,3,High-Selling / Low-Margin Products
1.0846480996431422,-1.0934110235432153,3,High-Selling / Low-Margin Products
3.1524388591113466,-0.33834616390627154,2,High-Value Products
3.4061431207902992,-0.34959423742745616,2,High-Value Products
0.425741232396995,0.6587847615320749,0,High-Margin Products
-2.143359124175962,2.0801894879016127,1,Low-Performance Products
2.532521388954627,-0.5179574917148506,2,High-Value Products
0.06306995653723543,-0.2305212864466489,3,High-Selling / Low-Margin Products
0.3689117948867057,1.7035316641199614,0,High-Margin Products
1.737394321549798,0.7695861734322116,2,High-Value Products
-0.7778515191432919,0.2151726406104218,0,High-Margin Products
1.4081101448030553,-1.8566003524148404,3,High-Selling / Low-Margin Products
-0.49928692397069624,-1.9832167561789025,3,High-Selling / Low-Margin Products
-2.341525865809108,1.8194741123752765,1,Low-Performance Products
-0.19402407813977157,0.0038588955246651076,3,High-Selling / Low-Margin Products
-0.6976294418593979,2.221102215777781,0,High-Margin Products
-0.8482720371001565,2.2087125575678908,0,High-Margin Products
-2.7933712613416395,1.5660466859255755,1,Low-Performance Products
1.5600876594350133,0.5368791219046112,2,High-Value Products
-2.177888725496694,-0.9704600160100669,1,Low-Performance Products
-0.6357572858916539,-2.795229392418526,3,High-Selling / Low-Margin Products
-0.4796036637930088,-0.07260515601540536,3,High-Selling / Low-Margin Products
1.0889242342800483,0.14759582805481694,0,High-Margin Products
0.6649929068452363,1.0869100965758625,0,High-Margin Products
-1.9615170180405668,-0.716620490110091,1,Low-Performance Products
-2.933393154197939,0.9264335828838842,1,Low-Performance Products
-0.48479718787296866,-0.21926066534861166,3,High-Selling / Low-Margin Products
-2.9663565301449464,-0.28903041184141764,1,Low-Performance Products
-4.299899270126292,0.1517915166578072,1,Low-Performance Products
-3.0069854442610615,-0.2804868724497414,1,Low-Performance Products
-0.7253468736719597,-0.3940319019327022,3,High-Selling / Low-Margin Products
3.018598322446568,-2.253192421800575,2,High-Value Products
-0.6632784435023816,0.15957915713187404,0,High-Margin Products
-0.672672777006551,-0.5780808292193905,3,High-Selling / Low-Margin Products
0.17343248255082672,0.7496599133880546,0,High-Margin Products
-1.6135024677348218,-0.6311275146845567,1,Low-Performance Products
-2.1081330580154085,-2.2936226904650905,3,High-Selling / Low-Margin Products
-2.4033554898260174,-1.7469172964745856,1,Low-Performance Products
-1.7170214389727227,0.45784055405398993,1,Low-Performance Products
0.17224953721127148,0.5225839226959,0,High-Margin Products
-2.680705615236824,0.07164684041233206,1,Low-Performance Products
-2.9150658014171102,0.16003307860583582,1,Low-Performance Products
-3.3933783876670387,-1.0680701190765851,1,Low-Performance Products
2.0097825663422935,0.8983773240893648,2,High-Value Products
1.0665560499749502,0.5292464580510946,0,High-Margin Products
0.42378769473412603,0.33661249099427043,0,High-Margin Products
0.6162686747385612,1.1007838522828035,0,High-Margin Products
3.550468290290169,0.7687734212462167,2,High-Value Products
-3.349960724458955,1.1451498071157633,1,Low-Performance Products
-1.4576984700331463,-0.8600738095790151,3,High-Selling / Low-Margin Products
-2.6319515378766454,-0.8024639996453409,1,Low-Performance Products
2.1146245463770494,-0.5460339701083226,2,High-Value Products
-0.7957170597011058,0.9912504515062815,0,High-Margin Products
0.06762621079198723,0.9911344439229166,0,High-Margin Products
0.7048613567845381,1.645213215050439,0,High-Margin Products
0.45081608326547024,0.10062217440656028,0,High-Margin Products
-5.032781919929168,-0.04611873696139944,1,Low-Performance Products
2.8381598523878524,-0.20567982859895279,2,High-Value Products
0.04578663713879568,0.8445664151693298,0,High-Margin Products
2.143153885841587,1.2670821814381115,2,High-Value Products
-2.023135689344952,1.7955597395170206,1,Low-Performance Products
1.7427928603688327,-1.3270863989612416,2,High-Value Products
0.19872046152797268,0.318285818929453,0,High-Margin Products
-1.2462664333427411,2.6600171961546675,0,High-Margin Products
-2.3067248774719045,0.12020584597203725,1,Low-Performance Products
1.6476849856194407,-1.0747288093635092,2,High-Value Products
-0.16812518762959475,-0.017645455483915485,0,High-Margin Products
1.4222679555257662,1.1642662848378431,0,High-Margin Products
1.4504973625576834,0.6334430398693327,2,High-Value Products
1.499162582118334,0.2008707090728437,2,High-Value Products
0.9662707479832142,-0.3611533098624936,3,High-Selling / Low-Margin Products
-1.251326215017244,2.063543283964985,0,High-Margin Products
0.4496943330449435,-2.6804883580084993,3,High-Selling / Low-Margin Products
2.1234321028563623,-0.9522506230312403,2,High-Value Products
-3.615016387980623,-0.568797787972858,1,Low-Performance Products
1.8966015598744286,-1.4151182559130195,2,High-Value Products
-0.3681771245369094,0.7477295287230463,0,High-Margin Products
5.479496187333437,-1.6547688779660596,2,High-Value Products
-1.1709157614924846,-0.6880134364306026,3,High-Selling / Low-Margin Products
-0.6468326510990554,0.11112509055450044,0,High-Margin Products
-2.6482879304380518,0.23631089636824615,1,Low-Performance Products
0.3378124944340069,1.2764608923804652,0,High-Margin Products
-0.07174464488174165,-0.229495150003508,3,High-Selling / Low-Margin Products
-1.1865784881208898,-0.2246084758741068,3,High-Selling / Low-Margin Products
-1.3805638063820374,-0.5869050208209643,3,High-Selling / Low-Margin Products
0.0712408883680145,-0.7325924113103968,3,High-Selling / Low-Margin Products
-0.12206944082300003,-0.44990923914158265,3,High-Selling / Low-Margin Products
0.07359405593547093,-1.4284861691867623,3,High-Selling / Low-Margin Products
0.19368120820002954,0.6134714558069038,0,High-Margin Products
4.6848657497900446,-0.4343481267391921,2,High-Value Products
1.7687021535027765,-2.0926000607919715,2,High-Value Products
-0.34470647395462983,0.7046684945060789,0,High-Margin Products
3.7421139626393254,0.005234344045097185,2,High-Value Products
2.6050953318313237,-0.3619032442165866,2,High-Value Products
-2.970029105104199,-0.3772823531577564,1,Low-Performance Products
2.0678193162408918,1.192392916152865,2,High-Value Products
1.854689551356277,-0.7633927427010107,2,High-Value Products
0.3422372474224911,-1.149550997395884,3,High-Selling / Low-Margin Products
-1.2613691627423582,-0.12438358168471196,1,Low-Performance Products
-0.7598977357538781,1.068297747324681,0,High-Margin Products
1.2942588477850927,1.1714702561468748,0,High-Margin Products
1.5728281705752003,0.6941191463157453,2,High-Value Products
0.2553093778859901,0.49481309627540304,0,High-Margin Products
0.48418718098164854,0.44596365149898587,0,High-Margin Products
-0.9676251480664629,-0.8331139083797938,3,High-Selling / Low-Margin Products
0.8100011293858022,-0.025349734243698383,0,High-Margin Products
-2.8371359199482207,0.838658784424772,1,Low-Performance Products
-1.1460864030485116,-0.5025264626673615,3,High-Selling / Low-Margin Products
0.8040351947052395,-1.7307673708297855,3,High-Selling / Low-Margin Products
-2.090105678989677,-1.1401307205778817,1,Low-Performance Products
-3.4397843845061247,-0.48229580867209015,1,Low-Performance Products
-0.3887126636317944,1.724688227586283,0,High-Margin Products
0.26742965469135066,-1.0856300351248096,3,High-Selling / Low-Margin Products
-1.2913626269785548,-0.6035881893785532,1,Low-Performance Products
1.4429312206595162,0.43404912414623475,2,High-Value Products
-2.013944785649965,-0.4359002421991848,1,Low-Performance Products
-1.3941664661981854,-0.9163010027636183,3,High-Selling / Low-Margin Products
0.8399400870623894,-1.5580321388219012,3,High-Selling / Low-Margin Products
0.5229950109099323,-1.9465051230870587,3,High-Selling / Low-Margin Products
-0.7420430840582721,-1.0502407608383104,3,High-Selling / Low-Margin Products
-1.9447506882138461,0.2854643285355984,1,Low-Performance Products
-0.7993302981610277,-0.7435637119396088,3,High-Selling / Low-Margin Products
-1.3529868968619272,0.5718348877401228,1,Low-Performance Products
2.074773665660111,-0.9795113219565914,2,High-Value Products
-0.7118670508375137,-0.2512084634448305,3,High-Selling / Low-Margin Products
-2.026917794968544,0.5804817958779329,1,Low-Performance Products
1.2307631794651899,-0.3817283722379719,2,High-Value Products
1.3686770420981538,-1.3798673590819766,2,High-Value Products
-1.0526874340829488,0.22290762512413967,0,High-Margin Products
2.7359242149732514,1.6461666611291808,2,High-Value Products
1.1543957182133044,2.9030556395829064,0,High-Margin Products
0.46552723835068005,1.9104753232812486,0,High-Margin Products
0.45543603104865205,-0.5417760306901853,3,High-Selling / Low-Margin Products
0.7871199133027431,-0.8042277385297819,3,High-Selling / Low-Margin Products
1.1338040362392758,0.582785586479388,0,High-Margin Products
-1.324510639248289,-1.185428327010914,3,High-Selling / Low-Margin Products
-1.2465851798783252,0.02653643636715154,1,Low-Performance Products
1.209635106423254,0.23707008508392202,0,High-Margin Products
-0.4711944060317784,1.241287139967813,0,High-Margin Products
-0.3483671749393366,0.7564664440567381,0,High-Margin Products
0.7404848394124065,1.5120506165591825,0,High-Margin Products
0.14522849786632358,0.45058400252016845,0,High-Margin Products
1.139057900033054,-2.4123773673782014,3,High-Selling / Low-Margin Products
1.3557452270830104,-0.965666708675868,3,High-Selling / Low-Margin Products
1.93888103992796,-0.4632984143795933,2,High-Value Products
-1.0108747198795318,1.4569849870456597,0,High-Margin Products
-0.29905711491759246,1.6140364540593288,0,High-Margin Products
3.9996798041867136,-0.08817626571077916,2,High-Value Products
0.05929818399545057,1.122096399427884,0,High-Margin Products
0.3516653067787242,-0.3018949751963282,3,High-Selling / Low-Margin Products
-2.9803950478495653,2.9813252417608567,1,Low-Performance Products
-1.6303609567150412,0.7537841042852571,1,Low-Performance Products
-3.361075783167695,0.08576475913642109,1,Low-Performance Products
-1.126785860184457,-0.9628127318974872,3,High-Selling / Low-Margin Products
-0.3572360099789198,-0.913843224065685,3,High-Selling / Low-Margin Products
2.285630301408877,0.7187274452010698,2,High-Value Products
2.3963596563142215,-1.2460522207747868,2,High-Value Products
-3.276614734834705,-0.12772337547402288,1,Low-Performance Products
3.543724687784097,0.1474052441390667,2,High-Value Products
-2.3972803334802073,0.24466423765876955,1,Low-Performance Products
1.4644360071459857,-0.2265050304571024,2,High-Value Products
-1.7607018212832903,-1.1227767858905995,3,High-Selling / Low-Margin Products
-0.9791895085551445,0.1327644584400301,0,High-Margin Products
-2.406285441247258,-1.7179330935839126,1,Low-Performance Products
2.9114377335092017,-0.5665161903503425,2,High-Value Products
0.44780239161340607,-0.8574982623320456,3,High-Selling / Low-Margin Products
3.8463566827366207,-1.0865297469805157,2,High-Value Products
-0.14550551227056666,1.2623660657097695,0,High-Margin Products
0.5708336644247045,1.8554376485160275,0,High-Margin Products
-2.8964226038379155,2.249649496988737,1,Low-Performance Products
-1.0361192803686414,0.724473894085883,0,High-Margin Products
1.3936788822834925,0.3932943818044611,2,High-Value Products
0.41740091850912486,0.3634999215775732,0,High-Margin Products
-2.6837283244684675,0.8391575364542387,1,Low-Performance Products
1.8804747628895504,0.15877960205393052,2,High-Value Products
-0.7339341503143318,0.8361149814073336,0,High-Margin Products
1.8890504452792996,-0.49013441272484,2,High-Value Products
1.1185415439375532,-0.4956770927874181,3,High-Selling / Low-Margin Products
1.2240155740909104,1.2322713785969088,0,High-Margin Products
-2.9393770108601256,-0.028562859134947553,1,Low-Performance Products
0.49621681141434154,-0.7967463013884742,3,High-Selling / Low-Margin Products
4.313139195669115,1.1387078307185268,2,High-Value Products
-0.7560380419994536,-0.5955980042349261,3,High-Selling / Low-Margin Products
-1.2488988466414728,-1.0879833521075213,3,High-Selling / Low-Margin Products
-0.3706371305064032,-0.33520515945140283,3,High-Selling / Low-Margin Products
1.8871675417452018,1.08126956333465,2,High-Value Products
-2.428958832105367,0.1274176402710041,1,Low-Performance Products
-0.4835005603582242,0.08138926138054788,3,High-Selling / Low-Margin Products
-1.2486156003563993,-0.3338725879024302,3,High-Selling / Low-Margin Products
1.9348702821170416,-0.8463925137498625,2,High-Value Products
-1.4847725482350536,-0.2787589048076847,1,Low-Performance Products
-0.3166908219964802,1.086235721056112,0,High-Margin Products
2.5456418503958758,1.3557292184273955,2,High-Value Products
-1.2627117428151617,-0.6204233859126029,3,High-Selling / Low-Margin Products
-0.5061732916335796,-0.2893297803254436,3,High-Selling / Low-Margin Products
-0.6807897120603164,2.5162493043270615,0,High-Margin Products
-3.245859944878807,-1.673007444108135,1,Low-Performance Products
2.3165942736687772,0.8659804069807417,2,High-Value Products
-0.7015091214567065,0.5531022003108003,0,High-Margin Products
-0.35871031274824966,-0.35918190475230616,3,High-Selling / Low-Margin Products
5.500031985723217,-1.776392859696235,2,High-Value Products
2.0342707393594175,0.8382518765888594,2,High-Value Products
-0.8411198767008824,-0.28293147088545173,3,High-Selling / Low-Margin Products
1.1798438942030003,0.5552483790501233,0,High-Margin Products
-1.4937222490121018,-1.5317519483500923,3,High-Selling / Low-Margin Products
-2.844266297119277,-0.3680898245608207,1,Low-Performance Products
-3.486083629408486,0.7536444569685914,1,Low-Performance Products
0.49675456477088115,-1.895640765328004,3,High-Selling / Low-Margin Products
-2.0769370438550427,0.6251012527356538,1,Low-Performance Products
1.1181360234167828,-1.9417736195390887,3,High-Selling / Low-Margin Products
-3.9835645784896436,2.106780025055061,1,Low-Performance Products
-1.7797918122214376,1.4771528184670843,1,Low-Performance Products
2.022743527239928,1.0134063615128244,2,High-Value Products
0.8766936399209535,1.1572704973614836,0,High-Margin Products
-0.695854610348274,-1.0614520740753024,3,High-Selling / Low-Margin Products
0.4720230537732828,-0.21474938441739191,3,High-Selling / Low-Margin Products
-1.9674215544664222,0.9359886365050621,1,Low-Performance Products
1.440438349007367,0.9061332614151995,2,High-Value Products
0.4861558079034818,0.15442579624869357,0,High-Margin Products
-0.5352159783348451,1.56764586273917,0,High-Margin Products
0.6341789141037597,-0.4649564436317319,3,High-Selling / Low-Margin Products
-4.35231677342943,-0.07295129396809835,1,Low-Performance Products
-1.0271106797625098,0.10858584081066544,3,High-Selling / Low-Margin Products
0.902180656025988,1.3842667953694792,0,High-Margin Products
-0.8439724859308052,1.1636927366592351,0,High-Margin Products
-0.3923803296239413,0.9206263675279437,0,High-Margin Products
-0.6841972168470845,0.5118654004363083,0,High-Margin Products
1.535314128295217,-0.00713778263989715,2,High-Value Products
-3.0036130522608357,0.6919045275161001,1,Low-Performance Products
-2.5937359838093528,0.22214173739490084,1,Low-Performance Products
-1.125521529675936,0.62947534916467,0,High-Margin Products
-0.8334276160684642,-0.0737822144366821,3,High-Selling / Low-Margin Products
1.3382163095366124,0.734999889144998,0,High-Margin Products
-0.5663354472991813,0.2185479497020076,3,High-Selling / Low-Margin Products
-0.8242209151839032,1.6804137026713721,0,High-Margin Products
0.5513583010261242,-0.16756240987270016,3,High-Selling / Low-Margin Products
-0.23719928354503855,0.4015174605833858,0,High-Margin Products
-1.8563114802626426,0.12051550084444168,1,Low-Performance Products
-1.7657780908178229,0.8782745052313686,1,Low-Performance Products
0.16196813447290592,-0.6480536693889408,3,High-Selling / Low-Margin Products
0.03281197711913803,-2.2946255559744544,3,High-Selling / Low-Margin Products
1.0679674692510739,0.8051893867321478,0,High-Margin Products
-1.3771631282465888,1.1553821389725412,0,High-Margin Products
1.0211783128090428,-1.7271828532349085,3,High-Selling / Low-Margin Products
1.661237917512311,0.03895440205247753,2,High-Value Products
-2.3771984262115837,-0.7152044481437893,1,Low-Performance Products
-1.3276004214518378,2.1041670591164143,0,High-Margin Products
-1.7563531914926869,-1.2091861287753183,3,High-Selling / Low-Margin Products
-2.4846399504361734,0.45695437447123866,1,Low-Performance Products
0.012076702142972963,0.22189840098724253,0,High-Margin Products
0.720587104972969,-0.6974525553993923,3,High-Selling / Low-Margin Products
-3.418572047350783,-1.3754687733054676,1,Low-Performance Products
1.0646434361592714,0.9325426974293297,0,High-Margin Products
0.6810290641555298,1.0769545367876456,0,High-Margin Products
-0.8009570996154135,1.3384021183175687,0,High-Margin Products
-1.2344197750477286,-0.8193082080344057,3,High-Selling / Low-Margin Products
1.9700967802317393,-0.3190503469944476,2,High-Value Products
2.262823189412409,0.9665926241989837,2,High-Value Products
1.9708630586568403,-0.45305162137352184,2,High-Value Products
-2.4794867282267608,2.1822970362082903,1,Low-Performance Products
-2.414002679157119,0.21542941361300638,1,Low-Performance Products
-0.1953118072656644,-1.7211010406727034,3,High-Selling / Low-Margin Products
1.5253278818608307,0.7451448855585999,2,High-Value Products
-0.4214444064779941,0.24911159279310846,0,High-Margin Products
-0.37747750272720687,-1.0189731398710813,3,High-Selling / Low-Margin Products
-0.5711369854379714,-0.7422054442335458,3,High-Selling / Low-Margin Products
0.38419175566510155,1.6381817594502515,0,High-Margin Products
1.8786289457941387,-0.8514831230169271,2,High-Value Products
-1.664708398976016,-1.6256440840423745,3,High-Selling / Low-Margin Products
0.027945501860469856,1.6718580098723315,0,High-Margin Products
-0.34935594541695353,-0.9001764800330602,3,High-Selling / Low-Margin Products
2.3566441037233874,-0.17680577102493253,2,High-Value Products
1.4863755011512683,-0.28322146168491724,2,High-Value Products
2.4534244893627686,0.31322827312291157,2,High-Value Products
2.290044572410899,-0.35804142295304064,2,High-Value Products
-2.4706139705351857,-0.7260892568690167,1,Low-Performance Products
-0.5290906218882665,1.05268346749544,0,High-Margin Products
1.9603768732231073,-1.6879205475795094,2,High-Value Products
1.1483643878138277,-0.778050181664477,3,High-Selling / Low-Margin Products
1.343795861538564,0.33474499615691555,2,High-Value Products
-0.29592954980670716,1.42754813772821,0,High-Margin Products
0.7192450438426051,0.6594297292076006,0,High-Margin Products
1.4811965165457266,-0.26899458161413664,2,High-Value Products
-0.4423149211826189,2.448142323081908,0,High-Margin Products
3.0867982448069933,-1.7569520228200903,2,High-Value Products
-0.4694045346837934,1.6077519359490058,0,High-Margin Products
-0.07261763698690192,0.33307678399252155,0,High-Margin Products
0.0038326026016609572,-0.808029603093625,3,High-Selling / Low-Margin Products
2.9713845553294913,0.9937898160086306,2,High-Value Products
4.1744824085604435,-0.7439497553874185,2,High-Value Products
-1.4356926088346507,-0.14965342250708974,1,Low-Performance Products
-0.4473475860341225,-2.084508391784751,3,High-Selling / Low-Margin Products
-2.453443460934982,0.3211307878617878,1,Low-Performance Products
-0.8914114571762832,1.9930795370878878,0,High-Margin Products
0.7927849705034391,-0.39012389598917574,3,High-Selling / Low-Margin Products
-6.044105686978307,-0.9901611659160755,1,Low-Performance Products
-2.91073308608117,0.2821522509417436,1,Low-Performance Products
2.6963844972807225,0.4525769011974928,2,High-Value Products
2.6198657919107102,-0.296455990519618,2,High-Value Products
3.6835741607255166,0.024893767902884202,2,High-Value Products
1.37341557075565,-0.801082704104573,2,High-Value Products
1.8619708731877789,1.0913625069376243,2,High-Value Products
-0.9850939911861853,0.9762830651106106,0,High-Margin Products
0.8373673895889537,0.5009115242918678,0,High-Margin Products
-0.5219646191059577,-2.366281042613378,3,High-Selling / Low-Margin Products
-3.206551226899482,0.4371625027436879,1,Low-Performance Products
-1.20841143222989,-3.2771379688815014,3,High-Selling / Low-Margin Products
0.7832060565887521,0.3801468365039438,0,High-Margin Products
5.37092338048562,-0.3177981044669995,2,High-Value Products
-1.6963190472310963,1.1144617289569752,1,Low-Performance Products
1.8160969693680753,-1.2869262642289436,2,High-Value Products
-2.967432839164476,-0.5475146485447404,1,Low-Performance Products
0.25590811228930704,0.622657485144971,0,High-Margin Products
-0.24378026043589962,0.8178058523952777,0,High-Margin Products
1.9910067707624564,0.7840615610511393,2,High-Value Products
1.490820658368123,-3.184598753363561,3,High-Selling / Low-Margin Products
2.5356135418332584,-0.08583719338612876,2,High-Value Products
0.3280521093434051,-0.8270431382189893,3,High-Selling / Low-Margin Products
-1.2046483792530336,0.4568686128349107,0,High-Margin Products
-1.3497140116133377,0.44505632286109875,1,Low-Performance Products
0.524760918820226,-0.7942388534931215,3,High-Selling / Low-Margin Products
1.2259804080601693,0.9365598234188955,0,High-Margin Products
0.9438843737073034,1.5177116850598162,0,High-Margin Products
-2.453010521043642,0.1925643815604601,1,Low-Performance Products
-2.6865027002949735,-0.5928366253045528,1,Low-Performance Products
-1.3348310096776752,-0.6425467671504722,3,High-Selling / Low-Margin Products
-2.6673263144697925,-0.8197404770516749,1,Low-Performance Products
-2.184207171626196,0.5914751036535079,1,Low-Performance Products
-2.400020540639278,0.47163480530566776,1,Low-Performance Products
1.9351280104934736,0.6926215480441935,2,High-Value Products
-1.6841511311019934,-0.03884668757473485,1,Low-Performance Products
0.2526658690335619,-0.21534872708719438,0,High-Margin Products
-0.2037677915741246,0.28972436389767414,0,High-Margin Products
0.12015223625869997,0.3900817542243493,0,High-Margin Products
-0.8660728306339807,-0.2027373519832008,3,High-Selling / Low-Margin Products
-1.2967083655918992,-1.7045168008181586,3,High-Selling / Low-Margin Products
-1.089817761397601,-0.011877840625168471,3,High-Selling / Low-Margin Products
-1.1335663875928028,2.0025025056500136,0,High-Margin Products
-1.2498565918679139,-0.8192106814540807,3,High-Selling / Low-Margin Products
-2.443532115690611,-0.9084685435064849,1,Low-Performance Products
-0.2532600471293019,0.8474769172240434,0,High-Margin Products
1.1072916370435997,0.010613211008083445,0,High-Margin Products
2.0502736087710605,-0.6638141432632654,2,High-Value Products
-0.7617062402450373,-0.36467692143970004,3,High-Selling / Low-Margin Products
3.2925870803064403,-0.0334134375543836,2,High-Value Products
-0.7878794992277137,-0.4469531084725043,3,High-Selling / Low-Margin Products
0.31215798593717026,-1.7154181049536794,3,High-Selling / Low-Margin Products
-4.51510138829021,-0.14043577719225742,1,Low-Performance Products
-2.18803844058227,0.5030932295380192,1,Low-Performance Products
2.4865364874951075,-2.9710128111602967,2,High-Value Products
2.47386650468486,-0.08087581939493234,2,High-Value Products
1.7318215822452896,-0.04484077563478391,2,High-Value Products
1.5610673715511463,0.4265687912117539,2,High-Value Products
-2.9865398271642545,0.23838946912451942,1,Low-Performance Products
0.5913278045593509,-0.41062564147446673,3,High-Selling / Low-Margin Products
0.4796103691852654,0.21832988138450743,0,High-Margin Products
-1.2569367146296404,-0.6609122384804051,3,High-Selling / Low-Margin Products
0.6550625360230641,0.023950034144911442,0,High-Margin Products
1.8364260424570917,-1.2633042489942043,2,High-Value Products
2.3118802084840344,-1.3886646356359933,2,High-Value Products
1.4993118366676448,0.3480746801168451,2,High-Value Products
0.3292629653899799,-0.8122440757990267,3,High-Selling / Low-Margin Products
1.2551363291724738,0.026457310297049594,2,High-Value Products
-2.5492910300522906,-0.2628744828735585,1,Low-Performance Products
-4.104012521462371,1.2481801778634303,1,Low-Performance Products
1.0481613115426178,0.7484407914367374,0,High-Margin Products
2.0395748931184454,0.3461881016477161,2,High-Value Products
3.08698491742271,1.3804703821940418,2,High-Value Products
1.132264847025448,-0.9616520713908339,3,High-Selling / Low-Margin Products
-0.43215734446794735,-0.5388173265437771,3,High-Selling / Low-Margin Products
-0.24799133355308162,-0.45210102074056313,3,High-Selling / Low-Margin Products
-0.43088518781352747,0.6746210486262899,0,High-Margin Products
1.8069543716626608,-0.5347230055185862,2,High-Value Products
-1.1544468101494818,-0.5885494644647711,3,High-Selling / Low-Margin Products
0.38013153081917417,-1.1342338803011192,3,High-Selling / Low-Margin Products
-0.5453498079857818,0.842743108312832,0,High-Margin Products
2.1733325754395927,-1.1185591626307052,2,High-Value Products
-3.107160429759498,1.0506692940503841,1,Low-Performance Products
-1.3006744900070948,1.0583457976497426,0,High-Margin Products
-0.8335274790014982,1.2960878076391764,0,High-Margin Products
0.9703644606866053,2.1954363118339004,0,High-Margin Products
1.5522690683360638,0.6270184677034154,2,High-Value Products
0.6115462630109829,-0.9439353771066109,3,High-Selling / Low-Margin Products
0.03426442666867951,1.6279542391236168,0,High-Margin Products
2.8291974045778248,-0.15101706171784335,2,High-Value Products
1.8914111103755342,-0.5566024142868488,2,High-Value Products
0.9626568033162377,0.43692510950032876,0,High-Margin Products
-1.1886230039803307,1.3026384230703312,0,High-Margin Products
-0.7841177453993717,0.471935777454281,0,High-Margin Products
1.3174599969679481,1.1567403538661964,0,High-Margin Products
-2.052906159305284,1.0177985170410615,1,Low-Performance Products
1.4515392316648612,-1.2976434209057193,2,High-Value Products
1.1842666954102306,-1.56549381302054,3,High-Selling / Low-Margin Products
1.463194174981118,-0.43778630206385505,2,High-Value Products
-0.37376594019931764,-0.5337916050449786,3,High-Selling / Low-Margin Products
0.5977280622988412,-0.9491665936838418,3,High-Selling / Low-Margin Products
4.3525048225199585,-0.5129596045986037,2,High-Value Products
2.6142999827819766,-0.10923792258152057,2,High-Value Products
3.2058741687979824,-1.3098123985537447,2,High-Value Products
0.9502954029199915,0.1212249671868792,0,High-Margin Products
1.4491224388421446,-0.3491181189770403,2,High-Value Products
0.9127609264690195,0.6845645825275385,0,High-Margin Products
-0.5934293246902818,-0.29547638383663116,3,High-Selling / Low-Margin Products
0.6160384837481275,1.1934062478383354,0,High-Margin Products
-5.053821363251152,-0.10529967615755817,1,Low-Performance Products
0.22214789553035047,0.6500944540468157,0,High-Margin Products
-1.829293443878192,-0.15044379636595556,1,Low-Performance Products
1.5102995953513483,1.9019147680835542,0,High-Margin Products
-2.118277677942449,0.13264353109730845,1,Low-Performance Products
2.7286231870292705,1.2273426193113226,2,High-Value Products
-1.5145949799909488,-0.8624918490732014,3,High-Selling / Low-Margin Products
-1.5072166070259125,-0.531381660298556,1,Low-Performance Products
0.7566477211966582,0.3819076881059482,0,High-Margin Products
-1.448051609573907,-0.0649782067803281,1,Low-Performance Products
2.497624514623266,0.8006555125668162,2,High-Value Products
-1.862902471994257,0.4639488961974916,1,Low-Performance Products
1.8022159683968932,1.806480849287701,0,High-Margin Products
-1.2046809716176987,1.1210741232332029,0,High-Margin Products
-2.370884381775471,2.276088324102425,1,Low-Performance Products
1.4039531883544727,-0.4102592785852313,2,High-Value Products
1.9963246288148384,-0.8276001577587607,2,High-Value Products
-1.3447060442859073,0.6922166270863725,0,High-Margin Products
-0.5291683086508496,-0.019301796484469336,0,High-Margin Products
-2.0580492521844973,-1.2332010658135901,1,Low-Performance Products
2.8745064942780787,0.08558280844826459,2,High-Value Products
2.178344888727131,-3.0687351948262633,2,High-Value Products
-1.1485470693174529,2.1653509004531757,0,High-Margin Products
-1.8383533744357476,-0.6216560511103743,1,Low-Performance Products
-3.7930322238532024,-0.8990249761292444,1,Low-Performance Products
2.6922267405636116,-1.5628900082103996,2,High-Value Products
-1.205083802927808,0.29169577141669206,1,Low-Performance Products
-0.22387817124690096,-0.36346305668939094,3,High-Selling / Low-Margin Products
3.040383832762007,0.996233735765495,2,High-Value Products
4.443993971516445,1.0142585233028294,2,High-Value Products
-0.6193124989776101,0.2976146967553374,0,High-Margin Products
0.49532094035267793,-0.2477431088110581,3,High-Selling / Low-Margin Products
0.9005557101355857,-0.02075039731032275,0,High-Margin Products
-0.9374550533175773,0.9576194436833793,0,High-Margin Products
-1.426331061227283,0.46021956870122505,1,Low-Performance Products
1.9843490648983255,0.02423080087833234,2,High-Value Products
-2.613834507971394,1.9808213985611773,1,Low-Performance Products
-0.9565494868837986,-0.44170332170943594,3,High-Selling / Low-Margin Products
-1.4621145797446762,1.0450224736541278,1,Low-Performance Products
1.8036070750582096,0.991036802880091,2,High-Value Products
1.622456096127332,-1.1668398124879515,2,High-Value Products
1.326370423897001,-0.18788938452021928,2,High-Value Products
0.18980034036488125,0.47035612186511533,0,High-Margin Products
-1.472205923559391,0.09896509200671232,1,Low-Performance Products
-2.9515713884690604,0.5623143328121961,1,Low-Performance Products
3.2790646305552142,0.0058397899167834605,2,High-Value Products
1.7514508936376272,0.6333873169302916,2,High-Value Products
2.4845579674614116,-0.9093998874342427,2,High-Value Products
-2.554536220923603,2.429226237780494,1,Low-Performance Products
-1.6992171256073525,-0.9873983657722696,1,Low-Performance Products
-0.18039116079183729,0.09689204213914729,0,High-Margin Products
-1.0799868941849429,-1.34170691114793,3,High-Selling / Low-Margin Products
0.6087206604869859,0.30818030411566966,0,High-Margin Products
-0.5470999750436275,0.5951662147232011,0,High-Margin Products
1.0051413288162907,-1.1691798571896947,3,High-Selling / Low-Margin Products
0.4489738776952059,0.053365971148132574,0,High-Margin Products
-2.359355927305271,-0.09962151392687364,1,Low-Performance Products
-1.098360766491433,-0.21092627318124763,0,High-Margin Products
-0.5654137692893834,0.8468072467832771,0,High-Margin Products
-0.9664795191440967,-0.5109133258945947,3,High-Selling / Low-Margin Products
1.7680969327928882,-0.6278322772426583,2,High-Value Products
-2.209592474847049,1.1369482327197957,1,Low-Performance Products
-2.185450192585166,-2.3156158319848092,1,Low-Performance Products
1.7826734010639167,-1.8281037493026604,2,High-Value Products
0.4636375431201116,-1.8968001425987995,3,High-Selling / Low-Margin Products
3.2446758167115295,0.5981141370369966,2,High-Value Products
0.36910802582216623,0.6828152295683942,0,High-Margin Products
4.069652421223247,-1.859850849363602,2,High-Value Products
-1.96501635656407,-1.348984951328254,1,Low-Performance Products
-0.40165613013434,0.1009975774667254,0,High-Margin Products
1.737767736019951,0.9736105871545425,2,High-Value Products
-1.1727400213665482,1.3335336996684883,0,High-Margin Products
2.7991904637956,-0.5693249563140323,2,High-Value Products
0.20262684528007785,-1.7136129722126952,3,High-Selling / Low-Margin Products
-1.3525233079424734,1.0995794277134878,0,High-Margin Products
-2.799146686605817,0.6762337203509494,1,Low-Performance Products
-3.595118234441549,-0.9483973824722333,1,Low-Performance Products
1.6705939806745127,-1.445092561790828,2,High-Value Products
1.7652939389330327,-2.595545750091296,3,High-Selling / Low-Margin Products
-2.815302269981397,2.0028003993344425,1,Low-Performance Products
-0.11824900331280397,-1.0847637307064621,3,High-Selling / Low-Margin Products
-0.060622223112178464,-1.7084948707103023,3,High-Selling / Low-Margin Products
-1.6162765290772079,-0.8684570215347666,3,High-Selling / Low-Margin Products
4.706802602151165,0.9702617506660156,2,High-Value Products
-1.9165741410818518,1.0168398088555657,1,Low-Performance Products
4.229868862997811,-1.8382676475920192,2,High-Value Products
-0.9469347963308816,-2.3588350806320246,3,High-Selling / Low-Margin Products
0.7011155879217896,-0.4827477632784426,3,High-Selling / Low-Margin Products
2.57064321326633,0.10630409161250476,2,High-Value Products
-2.747209747011887,0.2964287916563241,1,Low-Performance Products
-0.9379096245023185,-0.48928167252970217,3,High-Selling / Low-Margin Products
-0.5640368340982698,-0.0491431022730261,3,High-Selling / Low-Margin Products
-4.0908305835313525,1.5375974829217949,1,Low-Performance Products
-0.3599969328757445,-0.6245637976925568,3,High-Selling / Low-Margin Products
-1.8004724079740024,2.006701590983506,1,Low-Performance Products
0.837843180908956,-0.18902111720231046,0,High-Margin Products
-2.3646807024918552,0.7219668916019167,1,Low-Performance Products
-0.8021769351591348,2.0755093539133043,0,High-Margin Products
-2.746759543187899,0.916139316916918,1,Low-Performance Products
1.5219655170358042,1.2239054195846377,0,High-Margin Products
-3.085904302633107,0.9119554121648324,1,Low-Performance Products
-0.745256838113168,1.3790438094205877,0,High-Margin Products
-0.19672009165790835,0.3235753229441989,0,High-Margin Products
-1.9919947897782815,-0.22227585312643067,1,Low-Performance Products
3.731014990246185,1.010789467922935,2,High-Value Products
4.087603214350904,0.7248447353969634,2,High-Value Products
-3.3116568227913996,0.8390676361578047,1,Low-Performance Products
2.445557176832281,0.25718062951518744,2,High-Value Products
0.3364294349901286,0.18263948768084823,0,High-Margin Products
0.6688237491706045,1.9653852671236438,0,High-Margin Products
-0.408532161823654,0.3716512068805793,0,High-Margin Products
0.2910340041125631,-0.8712057795142083,3,High-Selling / Low-Margin Products
0.05246363568868693,0.6097195666107958,0,High-Margin Products
0.9569597364665653,-0.5706385774145668,3,High-Selling / Low-Margin Products
1.7237170016797843,-1.101435619415325,2,High-Value Products
4.287028182317483,0.9589440845816462,2,High-Value Products
-0.17911000523058804,0.22556013668699693,0,High-Margin Products
1.3519328853478505,0.0011694212931927805,2,High-Value Products
1.6212294404677854,-1.2394901929678954,2,High-Value Products
0.4065386001637934,0.09795881141613304,3,High-Selling / Low-Margin Products
-1.727977720755745,-0.8381638372949961,3,High-Selling / Low-Margin Products
0.10097565573861934,-1.0149955012370038,3,High-Selling / Low-Margin Products
-2.539531489809623,-1.7247223299471572,1,Low-Performance Products
1.9600715122760717,0.7581295899220721,2,High-Value Products
4.740575857257232,1.587322759571911,2,High-Value Products
1.668006989719731,0.5595938526669744,2,High-Value Products
-0.020868344694748287,0.052362507970884445,3,High-Selling / Low-Margin Products
0.06785319403373091,1.590745138152269,0,High-Margin Products
-0.905997910919863,1.1329957086915174,0,High-Margin Products
-0.33562234647391803,0.630215015985734,0,High-Margin Products
-0.9639499686219446,0.4745628784141137,0,High-Margin Products
0.3601067080226563,2.1331457630796886,0,High-Margin Products
2.4188534410241314,0.9586278909353286,2,High-Value Products
2.9260263833224123,0.46464817097785066,2,High-Value Products
2.147159560398393,0.09236388616123303,2,High-Value Products
-5.828197120772026,-1.2700567731882657,1,Low-Performance Products
0.27048827064771774,-0.5592503243333641,3,High-Selling / Low-Margin Products
0.9035291682093328,0.09355659997235402,0,High-Margin Products
0.4183390736410165,-0.22332420077449025,3,High-Selling / Low-Margin Products
4.4442181809869865,-1.7772018404290812,2,High-Value Products
0.4353140268150521,-0.20963754052901987,0,High-Margin Products
-2.389729495956145,0.0031048750777359214,1,Low-Performance Products
-0.27212715251164626,1.7800893011204215,0,High-Margin Products
2.0344054654334762,2.2566795001978703,2,High-Value Products
1.8502434184352428,0.8855487903544172,2,High-Value Products
-0.15432422978954755,0.9116515120717814,0,High-Margin Products
0.5274085074040171,0.012864394493632525,0,High-Margin Products
-1.3744300589645526,0.5340698556770797,1,Low-Performance Products
-0.07747202906208688,0.26776029091894415,0,High-Margin Products
3.7203163224958846,0.058163226544697334,2,High-Value Products
0.3280810842697336,-2.069203477111062,3,High-Selling / Low-Margin Products
-2.521237321731699,-0.35550148369401396,1,Low-Performance Products
-1.7235393523398386,1.2516832744336521,1,Low-Performance Products
-0.32671489056205133,-0.4634375871931955,3,High-Selling / Low-Margin Products
0.028590383109344128,1.2854490748176723,0,High-Margin Products
-2.204296149444498,-0.7269984608867495,1,Low-Performance Products
4.3730906084891314,-1.0937200931078042,2,High-Value Products
-1.2695181332217702,-1.0530655655379055,3,High-Selling / Low-Margin Products
-0.15254807310957486,1.0158470466403038,0,High-Margin Products
-0.8923601484613863,-2.1641586670539805,3,High-Selling / Low-Margin Products
1.3902023284596863,1.3723101735012013,0,High-Margin Products
-2.7407825595110182,0.05155329222445392,1,Low-Performance Products
-0.18053288594976344,-0.6838191651643154,3,High-Selling / Low-Margin Products
0.8878646529605939,-0.761279535957732,3,High-Selling / Low-Margin Products
0.924713449654226,1.5980726255073538,0,High-Margin Products
-2.0039204288737644,0.21495421768068806,1,Low-Performance Products
-0.6768551240104222,1.3037105937415125,0,High-Margin Products
-1.8693909344175677,0.9296929434266709,1,Low-Performance Products
-0.03792529077556369,-0.41648845696714654,3,High-Selling / Low-Margin Products
1.2015920607560076,-1.657964532944621,3,High-Selling / Low-Margin Products
-0.48242095915303457,-2.545526253127914,3,High-Selling / Low-Margin Products
1.0892821072618073,-0.4261379782465975,2,High-Value Products
0.8691072657592159,-0.35464160184305554,3,High-Selling / Low-Margin Products
-0.13518104856199561,-1.2733425335780109,3,High-Selling / Low-Margin Products
-1.456050452337412,-0.9671352027509582,3,High-Selling / Low-Margin Products
1.8301104262587835,-0.0458882341225701,2,High-Value Products
1.1612216625540102,-0.032533667522688166,2,High-Value Products
0.23023910600133476,-0.11148070716954295,0,High-Margin Products
-1.0122267679693726,0.23601670067486372,0,High-Margin Products
1.1903418438440976,-1.9100387792056683,3,High-Selling / Low-Margin Products
1.0370961421575224,3.0722414524157298,0,High-Margin Products
0.49891859939261585,-2.189642003589017,3,High-Selling / Low-Margin Products
-1.348435439070745,-1.2925096011292145,3,High-Selling / Low-Margin Products
-0.4577493218979159,-1.538606133968718,3,High-Selling / Low-Margin Products
-2.2882654408528182,0.1441765107087106,1,Low-Performance Products
-0.9421306227172244,-0.6376156425886635,3,High-Selling / Low-Margin Products
1.1438844489356226,-0.09363168102954715,2,High-Value Products
3.2098147067160228,1.0901896211397937,2,High-Value Products
