full_date,orders,units_sold,revenue,cost,profit,profit_margin_percent,revenue_change,orders_change,units_change,profit_change,revenue_7d_avg,revenue_7d_std,orders_7d_avg,profit_7d_avg,revenue_vs_7d_avg,orders_vs_7d_avg,anomaly_prediction,anomaly_score,is_anomaly,anomaly_type
2021-01-07,161,420,96332.65,70716.82,25615.83,26.59,-0.045712794694812375,-0.11049723756906082,-0.025522041763341052,0.03711928651420182,98970.60857142857,11558.53667848923,168.14285714285714,24669.25857142857,0.9733460407134434,0.9575191163976211,1,0.15923760988196795,False,Normal
2021-01-08,151,349,84651.98,63950.45,20701.53,24.45,-0.12125348986039519,-0.06211180124223603,-0.169047619047619,-0.1918462138451107,96170.22285714287,12408.365546079136,162.85714285714286,23945.390000000003,0.8802306731237092,0.9271929824561403,1,0.13819360840164369,False,Normal
2021-01-09,155,366,84144.6,64528.57,19616.03,23.31,-0.005993716862854104,0.026490066225165476,0.04871060171919761,-0.05243573784159916,96198.34999999999,12376.223574235666,166.28571428571428,23843.69857142857,0.8746989943174702,0.9321305841924399,1,0.1310237689287601,False,Normal
2021-01-10,141,313,78992.64,61806.54,17186.1,21.76,-0.061227458446531435,-0.0903225806451613,-0.14480874316939896,-0.12387470859292127,95419.54428571428,13370.726646993744,165.57142857142858,23311.895714285714,0.8278454963426856,0.8515962036238136,1,0.08549687544428564,False,Normal
2021-01-11,161,393,94898.75,71079.12,23819.63,25.1,0.2013619243514333,0.14184397163120566,0.25559105431309903,0.3859822763745122,93454.37285714285,12046.575982911376,162.57142857142858,23005.714285714286,1.0154554259870223,0.9903339191564147,1,0.11875020989190654,False,Normal
2021-01-12,180,427,102342.95,75530.41,26812.54,26.2,0.07844360436781295,0.11801242236024834,0.08651399491094147,0.12564888707339272,91758.6857142857,9116.730409152286,161.42857142857142,22635.811428571433,1.1153489089705484,1.1150442477876108,1,0.13665785692503818,False,Normal
2021-01-13,189,456,110444.52,83143.28,27301.24,24.72,0.07916099741115534,0.050000000000000044,0.06791569086651061,0.01822654623545561,93115.44142857143,11184.32082950567,162.57142857142858,23007.557142857142,1.1861031672681448,1.1625659050966608,1,0.15314440789771344,False,Normal
2021-01-14,168,391,89091.01,67625.37,21465.64,24.09,-0.19334150757321422,-0.11111111111111116,-0.14254385964912286,-0.21374853303366448,92080.92142857143,11172.049874741628,163.57142857142858,22414.67285714286,0.9675295231391581,1.0270742358078602,1,0.14284272599817288,False,Normal
2021-01-15,157,334,86782.32,65368.84,21413.48,24.67,-0.025913837995550693,-0.06547619047619047,-0.1457800511508951,-0.002429929878633885,92385.25571428573,10963.012521426857,164.42857142857142,22516.38,0.9393524900595223,0.9548218940052129,1,0.13750489160793677,False,Normal
2021-01-16,152,367,88857.68,67502.27,21355.41,24.03,0.023914548493287446,-0.031847133757961776,0.0988023952095809,-0.0027118431941001164,93058.55285714286,10507.837882507385,164.0,22764.86285714286,0.9548577457077829,0.926829268292683,1,0.1425816582658635,False,Normal
2021-01-17,133,302,77904.49,58849.89,19054.6,24.46,-0.12326666642658224,-0.125,-0.17711171662125336,-0.10773897574431968,92903.10285714285,10755.731072675811,162.85714285714286,23031.79142857143,0.8385563840617227,0.8166666666666667,1,0.10585255677756844,False,Normal
2021-01-18,165,413,106956.5,79065.11,27891.39,26.08,0.3729183003444345,0.24060150375939848,0.3675496688741722,0.4637615064079015,94625.63857142857,12019.844453884627,163.42857142857142,23613.471428571425,1.1303120551124568,1.0096153846153846,1,0.0933666664610906,False,Normal
2021-01-19,182,465,104407.1,77555.31,26851.79,25.72,-0.02383585850322323,0.10303030303030303,0.12590799031476996,-0.03727315132017439,94920.51714285716,12263.573313974353,163.71428571428572,23619.07857142857,1.0999423848783436,1.111692844677138,1,0.15510219662255864,False,Normal
2021-01-20,172,407,95420.98,72115.15,23305.83,24.42,-0.08606809307029895,-0.05494505494505497,-0.12473118279569895,-0.1320567455651932,92774.29714285715,10241.934704173682,161.28571428571428,23048.305714285718,1.0285281908745414,1.0664304694419842,1,0.15841613458012493,False,Normal
2021-01-21,166,411,105544.65,78880.43,26664.22,25.26,0.10609480221225986,-0.03488372093023251,0.00982800982800991,0.1441008537348809,95124.81714285714,11107.235306574892,161.0,23790.959999999995,1.1095385323211133,1.031055900621118,1,0.15778598020402657,False,Normal
2021-01-22,153,385,93325.96,70537.71,22788.25,24.42,-0.11576797118565452,-0.07831325301204817,-0.06326034063260344,-0.14536221198294952,96059.62285714285,10549.452223625509,160.42857142857142,23987.355714285713,0.971542019676589,0.9536954585930544,1,0.1581781318858964,False,Normal
2021-01-23,142,343,87700.2,65395.52,22304.68,25.43,-0.06028076218021228,-0.07189542483660127,-0.10909090909090913,-0.021220146347350033,95894.26857142858,10689.295491438199,159.0,24122.965714285714,0.9145510081728703,0.8930817610062893,1,0.13514562596363233,False,Normal
2021-01-24,149,345,86375.7,63969.31,22406.39,25.94,-0.015102588135488815,0.04929577464788726,0.005830903790087438,0.004560029554335543,97104.44142857144,8585.70143523993,161.28571428571428,24601.792857142857,0.8895133809459854,0.9238263950398583,1,0.1349716522099224,False,Normal
2021-01-25,187,440,119232.86,90532.4,28700.46,24.07,0.3803981906948366,0.25503355704697994,0.2753623188405796,0.2809051346513205,98858.20714285715,11643.020841715597,164.42857142857142,24717.374285714286,1.2060997609202038,1.1372719374456994,1,0.11871172621892156,False,Normal
2021-01-26,153,340,89973.41,69067.78,20905.63,23.24,-0.24539753554515087,-0.18181818181818177,-0.2272727272727273,-0.2715925110607983,96796.25142857143,11773.893328601249,160.28571428571428,23867.922857142858,0.9295133713560573,0.9545454545454546,1,0.10157284004760514,False,Normal
2021-01-27,185,428,100233.91,76285.96,23947.95,23.89,0.11403924781777186,0.20915032679738554,0.2588235294117647,0.14552634864388203,97483.81285714285,11820.633969213486,162.14285714285714,23959.65428571429,1.0282108081562964,1.1409691629955947,1,0.13560749220821794,False,Normal
2021-01-28,165,390,89816.01,68501.01,21315.0,23.73,-0.10393588357473038,-0.10810810810810811,-0.08878504672897192,-0.10994469255197215,95236.8642857143,11524.184603393654,162.0,23195.48,0.9430802943128038,1.0185185185185186,1,0.15117166655083347,False,Normal
2021-01-29,165,381,90640.79,68253.01,22387.78,24.7,0.009182995325666354,0.0,-0.023076923076923106,0.05032981468449438,94853.26857142858,11642.474741115586,163.71428571428572,23138.269999999997,0.955589526487889,1.0078534031413613,1,0.15943828236847574,False,Normal
2021-01-30,151,348,81329.41,62717.36,18612.05,22.88,-0.10272836324573065,-0.08484848484848484,-0.08661417322834641,-0.16865138035124516,93943.1557142857,12511.418327327856,165.0,22610.751428571424,0.8657300191974756,0.9151515151515152,1,0.10896055448401099,False,Normal
2021-01-31,177,438,111382.22,82113.82,29268.4,26.28,0.3695195870718846,0.17218543046357615,0.2586206896551724,0.5725511160780248,97515.5157142857,13519.959422737254,169.0,23591.038571428573,1.1421999789894242,1.047337278106509,1,0.10481009687743426,False,Normal
2021-02-01,159,402,93937.01,70261.21,23675.8,25.2,-0.15662472879423672,-0.10169491525423724,-0.0821917808219178,-0.19107979937406905,93901.82285714286,9543.645744834132,165.0,22873.23,1.0003747226814825,0.9636363636363636,1,0.14953957923100075,False,Normal
2021-02-02,196,445,108946.86,82318.72,26628.14,24.44,0.15978632915823066,0.23270440251572322,0.10696517412935314,0.1246986374272463,96612.31571428572,10847.275840587594,171.14285714285714,23690.731428571427,1.127670516895502,1.1452420701168615,1,0.15597273616548818,False,Normal
2021-02-03,185,457,104930.25,78983.66,25946.59,24.73,-0.036867606831440636,-0.056122448979591844,0.026966292134831482,-0.025595103525818952,97283.22142857143,11246.493107036269,171.14285714285714,23976.25142857143,1.0786058321171372,1.0809682804674459,1,0.1748558438297787,False,Normal
2021-02-04,159,396,97473.84,73261.99,24211.85,24.84,-0.07106063313486821,-0.14054054054054055,-0.1334792122538293,-0.06685811122001006,98377.19714285714,10761.050538216852,170.28571428571428,24390.08714285714,0.990817413291971,0.9337248322147651,1,0.17126812608006947,False,Normal
2021-02-05,194,478,118181.7,92196.93,25984.77,21.99,0.2124453084027469,0.22012578616352196,0.20707070707070696,0.07322530083409573,102311.61285714284,12374.774078511113,174.42857142857142,24903.942857142858,1.1551152083294443,1.1122031122031122,1,0.13294219975498356,False,Normal
2021-02-06,159,382,87690.27,65406.05,22284.22,25.41,-0.25800466569697333,-0.18041237113402064,-0.20083682008368198,-0.14241226687786723,103220.30714285714,10697.047521308104,175.57142857142858,25428.538571428573,0.8495447497422816,0.9056143205858421,1,0.1428340336657945,False,Normal
2021-02-07,159,405,109026.84,83255.56,25771.28,23.64,0.24331741708629684,0.0,0.060209424083769614,0.15648113328624458,102883.82428571428,10431.26239867585,173.0,24928.95,1.059708275396395,0.9190751445086706,1,0.15882999563171346,False,Normal
2021-02-08,159,379,98049.9,74251.65,23798.25,24.27,-0.10068107999828302,0.0,-0.06419753086419755,-0.0765592551087877,103471.38,9947.966270343908,173.0,24946.442857142858,0.9476040621087686,0.9190751445086706,1,0.17831821714614737,False,Normal
2021-02-09,176,418,94474.23,72180.55,22293.68,23.6,-0.036467859732646324,0.10691823899371067,0.1029023746701847,-0.06322187555807679,101403.86142857141,10122.726848409688,170.14285714285714,24327.234285714287,0.9316630419103652,1.0344248530646516,1,0.16303673330781465,False,Normal
2021-02-10,221,535,131742.48,98797.52,32944.96,25.01,0.3944805901037778,0.2556818181818181,0.27990430622009566,0.47777127867628844,105234.18000000001,15384.594952097385,175.28571428571428,25327.001428571424,1.2518981950541164,1.26079869600652,1,0.11489777930874567,False,Normal
2021-02-11,194,458,112115.97,84150.53,27965.44,24.94,-0.14897632107730174,-0.12217194570135748,-0.14392523364485976,-0.15114663972880826,107325.91285714286,15147.185125238866,180.28571428571428,25863.22857142857,1.0446309471342023,1.076069730586371,1,0.1963426865693198,False,Normal
2021-02-12,170,397,93843.96,71362.4,22481.56,23.96,-0.16297419538001578,-0.12371134020618557,-0.13318777292576423,-0.19609489426949822,103849.09285714287,15032.854577413349,176.85714285714286,25362.769999999997,0.9036570028502209,0.9612277867528272,1,0.17634137225982777,False,Normal
2021-02-13,164,412,106295.17,79033.7,27261.47,25.65,0.13267992953409036,-0.03529411764705881,0.037783375314861534,0.2126146939981033,106506.93571428572,13237.240001610191,177.57142857142858,26073.80571428571,0.9980117190221883,0.9235720032180208,1,0.17902099970436586,False,Normal
2021-02-14,148,383,91633.62,69566.48,22067.14,24.08,-0.1379324196950812,-0.09756097560975607,-0.07038834951456308,-0.19053741415998482,104022.19000000002,14276.992044523959,176.0,25544.64285714286,0.8809045454628477,0.8409090909090909,1,0.1599788329143116,False,Normal
2021-02-15,169,391,92084.69,69318.97,22765.72,24.72,0.0049225382561552955,0.14189189189189189,0.02088772845953013,0.03165702487952693,103170.01714285715,14859.044829065926,177.42857142857142,25397.13857142857,0.892552822517151,0.9524959742351047,1,0.1752648227410301,False,Normal
2021-02-16,173,401,94769.65,72511.35,22258.3,23.49,0.02915750707310827,0.023668639053254337,0.025575447570332477,-0.02228877452591005,103212.22,14830.622969192282,177.0,25392.084285714285,0.9182018369530274,0.9774011299435028,1,0.18147171814278007,False,Normal
2021-02-17,173,420,104798.55,77412.62,27385.93,26.13,0.10582396368457636,0.0,0.04738154613466339,0.23036934536779552,99363.08714285716,8210.909479301949,170.14285714285714,24597.937142857143,1.0547030392617343,1.0167926112510495,1,0.1633082427733058,False,Normal
2021-02-18,149,351,82918.86,62399.42,20519.44,24.75,-0.20877855657354039,-0.138728323699422,-0.16428571428571426,-0.2507305758833095,95192.07142857143,8067.519108539349,163.71428571428572,23534.222857142857,0.8710689740817249,0.9101221640488656,1,0.11796575905170864,False,Normal
2021-02-19,171,411,97304.37,73899.2,23405.17,24.05,0.17348899876336943,0.1476510067114094,0.170940170940171,0.14063395492274644,95686.41571428571,8077.1586827833125,163.85714285714286,23666.167142857146,1.0169089235252098,1.04359197907585,1,0.1427250805562154,False,Normal
2021-02-20,162,410,89500.25,65236.38,24263.87,27.11,-0.08020318100821167,-0.052631578947368474,-0.0024330900243308973,0.036688475238590534,93287.14142857143,6793.014958819641,163.57142857142858,23237.93857142857,0.9594060727922401,0.9903930131004366,1,0.12819837994813704,False,Normal
2021-02-21,153,367,89013.42,64855.43,24157.99,27.14,-0.0054394261468543315,-0.05555555555555558,-0.10487804878048779,-0.0043636897164384125,92912.82714285713,6969.219191408048,164.28571428571428,23536.631428571425,0.9580315521250726,0.931304347826087,1,0.12077204898096366,False,Normal
2021-02-22,198,526,134773.17,103162.41,31610.76,23.45,0.514076978505039,0.2941176470588236,0.43324250681198917,0.30850124534367285,99011.18142857144,17237.039164054477,168.42857142857142,24800.20857142857,1.361191413489273,1.1755725190839696,1,0.07511597910613155,False,Normal
2021-02-23,164,365,79210.5,59167.75,20042.75,25.3,-0.4122680352476684,-0.1717171717171717,-0.3060836501901141,-0.3659516569674376,96788.44571428571,18806.849960613516,167.14285714285714,24483.70142857143,0.8183879740545182,0.9811965811965813,1,0.06994266979488784,False,Normal
2021-02-24,210,471,110974.53,82052.21,28922.32,26.06,0.40100782093283094,0.2804878048780488,0.2904109589041095,0.4430315201257313,97670.72857142857,19381.347940995085,172.42857142857142,24703.185714285715,1.1362107319476182,1.2178956089478046,1,0.10122791627161754,False,Normal
2021-02-25,200,544,121345.56,91733.38,29612.18,24.4,0.09345414664067508,-0.04761904761904767,0.1549893842887473,0.023852166769470884,103160.25714285714,19940.55932568236,179.71428571428572,26002.148571428574,1.1762820621119596,1.1128775834658187,1,0.19367307358548047,False,Normal
2021-02-26,195,466,109938.57,83856.63,26081.94,23.72,-0.09400418111713349,-0.025000000000000022,-0.14338235294117652,-0.11921580917041574,104965.14285714286,19893.91138512127,183.14285714285714,26384.544285714284,1.0473817022249563,1.0647425897035883,1,0.19471890277591003,False,Normal
2021-02-27,168,410,100478.1,77271.65,23206.45,23.1,-0.0860523290415729,-0.1384615384615384,-0.12017167381974247,-0.11024831741810615,106533.40714285713,18878.385937469808,184.0,26233.484285714283,0.9431604854734703,0.9130434782608695,1,0.1761107507440498,False,Normal
2021-02-28,142,334,84566.46,63382.32,21184.14,25.05,-0.15835928426194368,-0.15476190476190477,-0.18536585365853664,-0.0871443068629627,105898.12714285715,19626.22601761372,182.42857142857142,25808.648571428574,0.7985642643700336,0.7783868441660141,1,0.13008654354602367,False,Normal
2021-03-01,167,375,98252.82,75890.32,22362.5,22.76,0.16184146764568363,0.176056338028169,0.1227544910179641,0.05562463239008064,100680.93428571429,14973.762599478085,178.0,24487.46857142857,0.9758830775365698,0.9382022471910112,1,0.13779291810886524,False,Normal
2021-03-02,178,442,114007.93,87867.76,26140.17,22.93,0.16035275119838777,0.06586826347305386,0.17866666666666675,0.1689287870318612,105651.99571428572,12171.89729512326,180.0,25358.528571428567,1.0790892233433167,0.9888888888888889,1,0.17107672411442748,False,Normal
2021-03-03,186,423,101472.74,76030.06,25442.68,25.07,-0.10995015873018643,0.04494382022471921,-0.042986425339366474,-0.026682687985579157,104294.59714285714,12008.119430264289,176.57142857142858,24861.437142857143,0.9729434005196654,1.0533980582524272,1,0.1932442902402261,False,Normal
2021-03-04,208,528,129924.88,96753.57,33171.31,25.53,0.2803919555143579,0.11827956989247301,0.24822695035460995,0.30376634851359996,105520.21428571429,14264.353571194957,177.71428571428572,25369.884285714284,1.2312795314100278,1.170418006430868,1,0.1669984806519344,False,Normal
2021-03-05,191,446,103755.02,75703.56,28051.46,27.04,-0.20142300689444548,-0.08173076923076927,-0.15530303030303028,-0.15434572828145765,104636.84999999999,14136.020262929982,177.14285714285714,25651.244285714285,0.9915724718395098,1.078225806451613,1,0.16368274345732425,False,Normal
2021-03-06,149,360,81279.19,61956.04,19323.15,23.77,-0.2166240245532216,-0.2198952879581152,-0.19282511210762332,-0.31115350145767806,101894.14857142858,16706.23942560028,174.42857142857142,25096.487142857142,0.7976826063080812,0.8542178542178542,1,0.10674366185653206,False,Normal
2021-03-07,160,414,94931.81,72333.23,22598.58,23.81,0.16797190031052223,0.0738255033557047,0.1499999999999999,0.16950807709923077,103374.91285714286,15315.9358269894,177.0,25298.549999999996,0.9183254174171769,0.903954802259887,1,0.15902889755669491,False,Normal
2021-03-08,193,428,112933.77,85209.73,27724.04,24.55,0.18963043051638873,0.20625000000000004,0.033816425120772875,0.2268045160359633,105472.19142857143,15501.683856578764,180.71428571428572,26064.484285714283,1.0707445106654654,1.0679841897233202,1,0.18550763063901554,False,Normal
2021-03-09,188,445,113289.96,85464.17,27825.79,24.56,0.003153972456600096,-0.025906735751295318,0.03971962616822422,0.003670100028711598,105369.62428571431,15438.038771602296,182.14285714285714,26305.287142857145,1.0751671629084427,1.032156862745098,1,0.21224109069705127,False,Normal
2021-03-10,163,378,93077.93,70388.41,22689.52,24.38,-0.17840971962564034,-0.13297872340425532,-0.15056179775280898,-0.18458667301090104,104170.36571428573,16102.953870383399,178.85714285714286,25911.978571428568,0.8935163984668191,0.9113418530351437,1,0.17441921112608277,False,Normal
2021-03-11,190,433,108772.2,82137.76,26634.44,24.49,0.168614299866789,0.16564417177914104,0.14550264550264558,0.1738652911123726,101148.55428571427,11900.932755050288,176.28571428571428,24978.139999999996,1.075370782786981,1.0777957860615883,1,0.182950053157181,False,Normal
2021-03-12,201,468,107882.59,81236.31,26646.28,24.7,-0.008178652265928288,0.05789473684210522,0.0808314087759816,0.0004445372232342315,101738.20714285715,12151.220396043525,177.71428571428572,24777.399999999998,1.0603940547970845,1.1310289389067523,1,0.1885537409111538,False,Normal
2021-03-13,162,385,93749.2,69452.22,24296.98,25.92,-0.13100714397012525,-0.19402985074626866,-0.1773504273504274,-0.08816615302398678,103519.63714285714,9210.061033474443,179.57142857142858,25487.947142857145,0.9056175483944757,0.9021479713603818,1,0.1629948411533299,False,Normal
2021-03-14,178,423,98374.11,74694.85,23679.26,24.07,0.049332794306511385,0.09876543209876543,0.09870129870129873,-0.02542373578938617,104011.39428571428,8755.800404792382,182.14285714285714,25642.329999999998,0.9458012814420222,0.9772549019607844,1,0.18382713193874933,False,Normal
2021-03-15,213,484,116254.66,88268.04,27986.62,24.07,0.18176072952527855,0.196629213483146,0.1442080378250592,0.18190433315905996,104485.80714285714,9387.025961594958,185.0,25679.84142857143,1.1126358993528376,1.1513513513513514,1,0.1810513329689346,False,Normal
2021-03-16,188,451,109643.67,82096.64,27547.03,25.12,-0.05686645163299264,-0.11737089201877937,-0.06818181818181823,-0.015707148630309753,103964.90857142858,8905.884130647266,185.0,25640.018571428573,1.0546219056660822,1.0162162162162163,1,0.19984854350612563,False,Normal
2021-03-17,239,608,135487.05,102518.77,32968.28,24.33,0.23570334703316664,0.27127659574468077,0.34811529933481156,0.1967998001962461,110023.35428571429,13503.545086436721,195.85714285714286,27108.41285714286,1.2314390056511118,1.2202771699489423,1,0.15197788734678747,False,Normal
2021-03-18,184,445,103348.46,78290.75,25057.71,24.25,-0.23720783646850374,-0.2301255230125523,-0.26809210526315785,-0.23994488035165928,109248.53428571428,13740.819867949265,195.0,26883.165714285715,0.9459940188278957,0.9435897435897436,1,0.17337473371630385,False,Normal
2021-03-19,207,475,111887.18,83266.12,28621.06,25.58,0.08262067959212915,0.125,0.0674157303370786,0.14220573228758737,109820.61857142857,13757.824853907017,195.85714285714286,27165.277142857143,1.0188176087100376,1.0568927789934355,1,0.2110954637825465,False,Normal
2021-03-20,186,456,98840.47,74095.12,24745.35,25.04,-0.11660594180673778,-0.10144927536231885,-0.040000000000000036,-0.1354146212614069,110547.94285714286,12872.688347176147,199.28571428571428,27229.329999999998,0.8940959681875582,0.9333333333333333,1,0.20750779524641028,False,Normal
2021-03-21,152,359,86410.07,65418.35,20991.72,24.29,-0.12576225102936067,-0.18279569892473113,-0.21271929824561409,-0.151690317574817,108838.79428571429,15320.046831197868,195.57142857142858,26845.395714285714,0.7939271154838751,0.7772096420745069,1,0.13319276781763417,False,Normal
2021-03-22,193,442,115119.8,86566.1,28553.7,24.8,0.3322498176427815,0.26973684210526305,0.2311977715877438,0.3602363217497184,108676.67142857143,15234.254118080353,192.71428571428572,26926.40714285714,1.0592871357461788,1.0014825796886582,1,0.15703147628030867,False,Normal
2021-03-23,195,458,112229.99,86510.4,25719.59,22.92,-0.02510263221444098,0.010362694300518172,0.03619909502262453,-0.0992554379992786,109046.1457142857,15292.86543405004,193.71428571428572,26665.344285714284,1.0291972198087256,1.0066371681415929,1,0.1930774272114531,False,Normal
2021-03-24,179,412,103186.29,78273.83,24912.46,24.14,-0.08058184804257762,-0.08205128205128209,-0.10043668122270744,-0.03138191549709779,104431.75142857143,9911.259979450038,185.14285714285714,25514.51285714286,0.9880739199378141,0.966820987654321,1,0.19708312059585842,False,Normal
2021-03-25,198,493,123053.59,91012.35,32041.24,26.04,0.1925381753719415,0.1061452513966481,0.19660194174757284,0.28615319402419526,107246.77,12107.349633178763,187.14285714285714,26512.16,1.1473873758622286,1.0580152671755725,1,0.18465010272058274,False,Normal
2021-03-26,175,440,111963.19,85742.26,26220.93,23.42,-0.09012658631089099,-0.11616161616161613,-0.10750507099391482,-0.18165058530818412,107257.62857142858,12112.238150788437,182.57142857142858,26169.284285714286,1.0438715780988739,0.9585289514866979,1,0.18882335458251487,False,Normal
2021-03-27,174,444,105822.49,78446.76,27375.73,25.87,-0.054845704199746326,-0.005714285714285672,0.009090909090909038,0.04404115338395709,108255.06000000001,11579.326810082728,180.85714285714286,26545.052857142855,0.977529272072825,0.962085308056872,1,0.20072655550847246,False,Normal
2021-03-28,176,412,100993.51,76965.05,24028.46,23.79,-0.04563283286945918,0.011494252873563315,-0.07207207207207211,-0.1222714426245437,110338.40857142858,7633.577008411495,184.28571428571428,26978.872857142855,0.9153069299039321,0.9550387596899225,1,0.18555144492032144,False,Normal
2021-03-29,196,449,113359.33,85829.39,27529.94,24.29,0.12244172917645901,0.11363636363636354,0.08980582524271852,0.145722197760489,110086.91285714286,7477.193092825102,184.71428571428572,26832.62142857143,1.0297257599284637,1.0610982211910285,1,0.19986798392668365,False,Normal
2021-03-30,204,500,120972.71,92246.58,28726.13,23.75,0.06716147669538985,0.04081632653061229,0.11358574610244987,0.04345051242392839,111335.87285714287,8548.28434549247,186.0,27262.127142857145,1.086556443090201,1.096774193548387,1,0.2042075856799141,False,Normal
2021-03-31,174,436,100416.47,77040.1,23376.37,23.28,-0.16992460530974307,-0.1470588235294118,-0.128,-0.1862332308598479,110940.18428571429,9038.442559428937,185.28571428571428,27042.68571428571,0.9051406453534311,0.9390902081727063,1,0.17066059196293604,False,Normal
2021-04-01,216,505,131025.46,98792.79,32232.67,24.6,0.3048204144200648,0.24137931034482762,0.15825688073394506,0.3788569397216077,112079.02285714286,11088.775803172553,187.85714285714286,27070.032857142854,1.1690453455059693,1.1498098859315589,1,0.18000644354961914,False,Normal
2021-04-02,201,483,123416.29,92827.37,30588.92,24.79,-0.05807398043097889,-0.06944444444444442,-0.0435643564356436,-0.05099639589273863,113715.18000000001,11885.1926819538,191.57142857142858,27694.03142857143,1.0853105979342423,1.0492170022371363,1,0.22263269969415644,False,Normal
2021-04-03,150,350,87206.89,65929.9,21276.99,24.4,-0.29339238766616627,-0.25373134328358204,-0.2753623188405797,-0.3044216664073134,111055.80857142857,15483.51768303579,188.14285714285714,26822.782857142854,0.7852528482912311,0.7972665148063781,1,0.10514354984202556,False,Normal
2021-04-04,170,403,91487.89,69061.07,22426.82,24.51,0.04909015789922111,0.1333333333333333,0.15142857142857147,0.05404100862011019,109697.86285714286,16868.02392982132,187.28571428571428,26593.977142857144,0.8339988365966864,0.9077040427154844,1,0.17014235202146677,False,Normal
2021-04-05,188,474,108906.41,81580.5,27325.91,25.09,0.19039153706572542,0.10588235294117654,0.1761786600496278,0.21844782274080776,109061.73142857142,16790.71569552695,186.14285714285714,26564.829999999998,0.9985758393293697,1.0099769762087492,1,0.1988534327703208,False,Normal
2021-04-06,203,500,138785.54,102781.45,36004.09,25.94,0.274356027344947,0.07978723404255317,0.05485232067510548,0.3175806404983401,111606.42142857143,19949.41125487706,186.0,27604.53857142857,1.2435264765551446,1.0913978494623655,1,0.17520861798269843,False,Normal
2021-04-07,207,507,125925.63,95588.69,30336.94,24.09,-0.09266030164237571,0.019704433497536922,0.014000000000000012,-0.15740295060922238,115250.58714285714,19894.46812292031,190.71428571428572,28598.905714285713,1.0926246288351726,1.0853932584269663,1,0.21307389929357445,False,Normal
2021-04-08,201,459,106853.63,81223.9,25629.73,23.99,-0.1514544735650717,-0.02898550724637683,-0.09467455621301779,-0.15516429804719922,111797.46857142857,18765.807789189774,188.57142857142858,27655.628571428566,0.9557786179365063,1.065909090909091,1,0.19920544941954155,False,Normal
2021-04-09,199,496,120996.94,91813.47,29183.47,24.12,0.13236153044122134,-0.00995024875621886,0.08061002178649246,0.1386569425428985,111451.84714285714,18537.03651188502,188.28571428571428,27454.850000000002,1.0856432001966565,1.0569044006069803,1,0.21501222518717444,False,Normal
2021-04-10,193,494,113775.8,85430.83,28344.97,24.91,-0.059680352246924584,-0.03015075376884424,-0.0040322580645161255,-0.02873201850225482,115247.4057142857,15157.3375619257,194.42857142857142,28464.56142857143,0.9872308994274976,0.9926524614254225,1,0.22431761084400859,False,Normal
2021-04-11,156,360,87988.16,66232.76,21755.4,24.73,-0.22665311955617973,-0.1917098445595855,-0.27125506072874495,-0.23247757891435405,114747.44428571429,16100.059273809014,192.42857142857142,28368.644285714287,0.7667984289124099,0.8106904231625836,1,0.12992004726961226,False,Normal
2021-04-12,195,458,111833.33,82558.1,29275.23,26.18,0.271004303306263,0.25,0.27222222222222214,0.3456534929258941,115165.57571428572,15960.482422864407,193.42857142857142,28647.11857142857,0.9710656097221909,1.0081240768094535,1,0.15848921279317363,False,Normal
2021-04-13,212,555,136214.58,101134.2,35080.38,25.75,0.2180141644713609,0.08717948717948709,0.21179039301310043,0.19829562397972622,114798.29571428572,15344.03033428191,194.71428571428572,28515.16,1.1865557685544035,1.0887747615553924,1,0.1933290751243198,False,Normal
2021-04-14,222,518,119870.06,91114.19,28755.87,23.99,-0.11999097306617246,0.04716981132075482,-0.06666666666666665,-0.18028624547396577,113933.21428571429,14772.171274131073,196.85714285714286,28289.292857142857,1.052108120985665,1.1277213352685052,1,0.2055065123082206,False,Normal
2021-04-15,208,496,124458.01,93928.17,30529.84,24.53,0.03827436142102547,-0.06306306306306309,-0.0424710424710425,0.06169070871442939,116448.12571428572,14864.272712489623,197.85714285714286,28989.308571428573,1.06878499964325,1.0512635379061372,1,0.2302141700335582,False,Normal
2021-04-16,228,546,128832.72,96451.83,32380.89,25.13,0.03515008796942842,0.09615384615384626,0.10080645161290325,0.0606308451010551,117567.52285714285,15543.459150069923,202.0,29446.08285714286,1.0958189546661248,1.1287128712871286,1,0.22858668542879917,False,Normal
2021-04-17,170,396,93293.41,69136.27,24157.14,25.89,-0.27585624210992366,-0.2543859649122807,-0.27472527472527475,-0.25396923926426973,114641.46714285715,18094.73916443465,198.71428571428572,28847.821428571424,0.8137841596509326,0.8554996405463695,1,0.14090615901021442,False,Normal
2021-04-18,171,429,118371.79,88902.01,29469.78,24.9,0.26881191286715733,0.00588235294117645,0.08333333333333326,0.2199200733199378,118981.9857142857,13760.773532388992,200.85714285714286,29949.87571428571,0.9948715285711318,0.8513513513513513,1,0.18590975192948478,False,Normal
2021-04-19,184,421,114168.38,87804.12,26364.26,23.09,-0.03551023432187672,0.07602339181286544,-0.018648018648018683,-0.10537981620493941,119315.56428571428,13585.788702820953,199.28571428571428,29534.022857142856,0.9568607472417532,0.9232974910394266,1,0.1973278572000654,False,Normal
2021-04-20,189,471,115210.47,87137.52,28072.95,24.37,0.009127658638933056,0.02717391304347827,0.11876484560570066,0.06481084619860389,116314.97714285714,11370.226710111174,196.0,28532.961428571427,0.9905041709160068,0.9642857142857143,1,0.21870054859151877,False,Normal
2021-04-21,228,557,128965.41,96262.38,32703.03,25.36,0.11938967005342493,0.20634920634920628,0.18259023354564752,0.16493029767088951,117614.31285714285,12323.887758461578,196.85714285714286,29096.84142857143,1.0965111887074872,1.158200290275762,1,0.20949426328683762,False,Normal
2021-04-22,223,567,135953.31,100635.77,35317.54,25.98,0.05418429639389344,-0.021929824561403466,0.01795332136445249,0.0799470263152986,119256.49857142857,14034.92349510142,199.0,29780.79857142857,1.1400075604145872,1.120603015075377,1,0.21449857883191986,False,Normal
2021-04-23,193,461,112492.31,84573.83,27918.48,24.82,-0.1725665965764276,-0.13452914798206284,-0.18694885361552027,-0.20950100148538098,116922.15428571429,13526.397355733607,194.0,29143.31142857143,0.9621128749057308,0.9948453608247423,1,0.20616291725102343,False,Normal
2021-04-24,180,450,103776.06,79373.84,24402.22,23.51,-0.07748307417635925,-0.06735751295336789,-0.02386117136659438,-0.12594740114791347,118419.67571428571,10774.853425122035,195.42857142857142,29178.32285714286,0.8763413628186523,0.9210526315789475,1,0.1976306897205708,False,Normal
2021-04-25,174,394,92509.3,69142.78,23366.52,25.26,-0.10856800691797308,-0.033333333333333326,-0.12444444444444447,-0.04244285970702666,114725.03428571428,14562.379885690509,195.85714285714286,28306.428571428572,0.8063566995291749,0.888402625820569,1,0.17959452186881508,False,Normal
2021-04-26,209,503,121234.55,90871.91,30362.64,25.04,0.31051202419648627,0.20114942528735624,0.2766497461928934,0.299407870748404,115734.48714285715,14760.919195385233,199.42857142857142,28877.625714285714,1.047523110810988,1.0479942693409743,1,0.18765714723087296,False,Normal
2021-04-27,201,467,113902.48,85515.3,28387.18,24.92,-0.06047838673051542,-0.038277511961722466,-0.07157057654075549,-0.06506219485525633,115547.63142857142,14776.928321744768,201.14285714285714,28922.515714285713,0.9857621362875931,0.9992897727272727,1,0.23078290889914382,False,Normal
2021-04-28,200,498,130056.02,98726.54,31329.48,24.09,0.14181903677602103,-0.00497512437810943,0.06638115631691655,0.10364890066572308,115703.43285714286,14946.751610899459,197.14285714285714,28726.294285714288,1.1240463380250614,1.0144927536231885,1,0.2216304904497366,False,Normal
2021-04-29,188,419,110602.43,83600.7,27001.73,24.41,-0.14957854315394248,-0.06000000000000005,-0.15863453815261042,-0.13813666872223862,112081.87857142858,12004.064728559606,192.14285714285714,27538.321428571428,0.9868002875193982,0.9784386617100372,1,0.20814998036658333,False,Normal
2021-04-30,184,442,97409.89,73501.62,23908.27,24.54,-0.1192789344682571,-0.021276595744680882,0.054892601431980825,-0.1145652519301541,109927.24714285716,13211.025436962038,190.85714285714286,26965.434285714287,0.8861305320728163,0.9640718562874251,1,0.20210960867181144,False,Normal
2021-05-01,167,391,96217.62,73499.59,22718.03,23.61,-0.01223972227050052,-0.09239130434782605,-0.11538461538461542,-0.04978361044107338,108847.47,14078.01182079347,189.0,26724.835714285717,0.8839674454537161,0.8835978835978836,1,0.18100143281876013,False,Normal
2021-05-02,183,445,110518.54,82957.7,27560.84,24.94,0.14863098879394432,0.09580838323353302,0.13810741687979533,0.21317033211066283,111420.21857142856,12101.418170830864,190.28571428571428,27324.024285714288,0.9919074061872305,0.9617117117117118,1,0.20019419464387544,False,Normal
2021-05-03,219,506,123285.1,94017.15,29267.95,23.74,0.11551509819076511,0.19672131147540983,0.13707865168539324,0.061939694145751734,111713.15428571429,12399.728230000168,191.71428571428572,27167.639999999996,1.1035862409245885,1.1423248882265276,1,0.19831088766845056,False,Normal
2021-05-04,253,606,146446.73,109988.24,36458.49,24.9,0.18787047258752287,0.15525114155251152,0.19762845849802368,0.2456796598326838,116362.33285714287,18133.043806638176,199.14285714285714,28320.684285714284,1.2585406841214803,1.2704447632711622,1,0.16825658421175332,False,Normal
2021-05-05,211,453,109122.25,79513.82,29608.43,27.13,-0.25486728177542783,-0.16600790513833996,-0.2524752475247525,-0.18788655262464238,113371.79428571429,17200.494914111146,200.71428571428572,28074.82,0.9625167413774471,1.0512455516014234,1,0.162009795503465,False,Normal
2021-05-06,198,504,142926.02,108611.98,34314.04,24.01,0.3097788947716895,-0.06161137440758291,0.11258278145695355,0.15892804853212406,117989.44999999998,20378.361974965883,202.14285714285714,29119.43571428571,1.21134576015059,0.9795053003533569,1,0.1925486921075809,False,Normal
2021-05-07,190,444,119593.91,90813.7,28780.21,24.06,-0.16324606254340523,-0.04040404040404044,-0.11904761904761907,-0.1612701389868404,121158.59571428571,18259.323786702265,203.0,29815.42714285714,0.9870856400648987,0.9359605911330049,1,0.21846093775978753,False,Normal
2021-05-08,169,378,91298.55,68582.65,22715.9,24.88,-0.23659532496261726,-0.1105263157894737,-0.14864864864864868,-0.2107111101691057,120455.87142857142,19435.923532693698,203.28571428571428,29815.122857142855,0.7579418829254722,0.83134223471539,1,0.16448981985594574,False,Normal
2021-05-09,162,409,96973.6,73762.47,23211.13,23.94,0.06215925663660604,-0.041420118343195256,0.08201058201058209,0.021801029235029246,118520.88,21185.63945276616,200.28571428571428,29193.735714285714,0.8181984473959356,0.8088445078459344,1,0.16605705797301845,False,Normal
2021-05-10,229,515,129115.93,98672.33,30443.6,23.58,0.3314544370839072,0.4135802469135803,0.2591687041564792,0.31159491157905705,119353.85571428573,21516.227467679615,201.71428571428572,29361.685714285715,1.0817910257468608,1.135269121813031,1,0.14879850300336456,False,Normal
2021-05-11,210,544,117030.04,88616.57,28413.47,24.28,-0.09360494866899849,-0.08296943231441045,0.056310679611650594,-0.06668495184537959,115151.47142857141,17913.88806328903,195.57142857142858,28212.397142857142,1.0163138911567784,1.0737764791818845,1,0.21737998732307334,False,Normal
2021-05-12,203,533,138705.48,101558.33,37147.15,26.78,0.1852126172049502,-0.033333333333333326,-0.020220588235294157,0.3073781555015984,119377.64714285715,19659.01063056648,194.42857142857142,29289.35714285714,1.161904957248936,1.0440852314474651,1,0.18154936710554975,False,Normal
2021-05-13,192,469,111545.16,84492.24,27052.92,24.25,-0.19581288352846626,-0.054187192118226646,-0.12007504690431525,-0.2717363243209776,114894.66714285713,16758.09464456681,193.57142857142858,28252.054285714286,0.9708471487306506,0.9918819188191881,1,0.20356222789399914,False,Normal
2021-05-14,181,466,114409.54,85461.77,28947.77,25.3,0.025679106112716843,-0.05729166666666663,-0.006396588486140775,0.07004234663023445,114154.04285714286,16629.868767189917,192.28571428571428,28275.99142857143,1.0022381786615904,0.9413075780089153,1,0.21649336815800702,False,Normal
2021-05-15,190,443,108415.54,81491.55,26923.99,24.83,-0.05239073594736943,0.04972375690607733,-0.04935622317596566,-0.06991143013779644,116599.32714285715,13711.407452170099,195.28571428571428,28877.147142857142,0.9298127412619595,0.9729334308705194,1,0.21727477399818457,False,Normal
2021-05-16,178,434,111953.21,84512.33,27440.88,24.51,0.032630654240157986,-0.06315789473684208,-0.020316027088036148,0.019198120338033142,118739.27142857143,11048.211572573628,197.57142857142858,29481.397142857142,0.9428490561974381,0.9009399855386839,1,0.21156255318920403,False,Normal
2021-05-17,187,454,105520.1,79892.44,25627.66,24.29,-0.0574624881233865,0.050561797752809,0.04608294930875578,-0.06607732696619062,115368.43857142856,10953.779597384764,191.57142857142858,28793.405714285713,0.9146357643964201,0.9761372110365398,1,0.20751442546490162,False,Normal
2021-05-18,212,489,125457.49,95502.84,29954.65,23.88,0.18894400213798135,0.1336898395721926,0.0770925110132159,0.1688406198615091,116572.36,11610.295550259201,191.85714285714286,29013.574285714283,1.0762198689294786,1.104988830975428,1,0.20929898833727456,False,Normal
2021-05-19,201,499,105243.77,79111.61,26132.16,24.83,-0.1611200734208854,-0.05188679245283023,0.020449897750511203,-0.1276092359616955,111792.11571428573,6919.7853895211065,191.57142857142858,27440.004285714287,0.9414239038912033,1.0492170022371363,1,0.19353792498379785,False,Normal
2021-05-20,194,487,121658.66,91046.89,30611.77,25.16,0.1559701823680395,-0.03482587064676612,-0.024048096192384794,0.17142134442770907,113236.90142857144,7852.562720941214,191.85714285714286,27948.411428571428,1.0743729161181694,1.011169024571854,1,0.2052729752833879,False,Normal
2021-05-21,238,526,136595.58,102778.48,33817.1,24.76,0.1227772852339486,0.2268041237113403,0.08008213552361387,0.10470907105338889,116406.33571428571,11859.679838720922,200.0,28644.03,1.173437675551165,1.19,1,0.1953658415287075,False,Normal
2021-05-22,183,406,107599.16,80142.97,27456.19,25.52,-0.21227934315297747,-0.23109243697478987,-0.22813688212927752,-0.18809744182676813,116289.71,11954.987468807107,199.0,28720.058571428573,0.9252681084164712,0.9195979899497487,1,0.1803039013693133,False,Normal
2021-05-23,193,472,110394.93,84662.27,25732.66,23.31,0.025983195407845106,0.05464480874316946,0.16256157635467972,-0.06277382258791186,116067.09857142856,12063.21309006225,201.14285714285714,28476.027142857143,0.9511302630871067,0.9595170454545455,1,0.19829633750481757,False,Normal
2021-05-24,202,489,131377.15,100185.7,31191.45,23.74,0.19006506911141674,0.04663212435233155,0.03601694915254239,0.21213469575240174,119760.96285714286,12252.705297799572,203.28571428571428,29270.854285714286,1.0969947707978394,0.9936753338018272,1,0.21334575521907412,False,Normal
2021-05-25,186,449,116746.89,87616.27,29130.62,24.95,-0.11136076555169594,-0.07920792079207917,-0.08179959100204504,-0.06607034940664835,118516.59142857142,12017.818122975405,199.57142857142858,29153.135714285716,0.9850679014031719,0.9319971367215462,1,0.22171859626693824,False,Normal
2021-05-26,219,526,126740.73,95159.71,31581.02,24.92,0.08560262290498688,0.17741935483870974,0.17149220489977735,0.08411767411747517,121587.58571428571,10739.485865010669,202.14285714285714,29931.544285714284,1.0423821581409098,1.08339222614841,1,0.22515548679885744,False,Normal
2021-05-27,162,362,98177.95,73074.52,25103.43,25.57,-0.2253638589583633,-0.26027397260273977,-0.311787072243346,-0.2051102212658109,118233.19857142855,13911.996866379368,197.57142857142858,29144.638571428568,0.8303754883251973,0.8199566160520607,1,0.14291708425096766,False,Normal
2021-05-28,200,470,110942.42,83747.29,27195.13,24.51,0.13001361303632852,0.23456790123456783,0.298342541436464,0.08332327494688974,114568.46142857142,11425.324598062078,192.14285714285714,28198.64285714286,0.9683504396990431,1.0408921933085502,1,0.18328067418776595,False,Normal
2021-05-29,155,377,93235.88,70565.49,22670.39,24.32,-0.15960116968784344,-0.22499999999999998,-0.19787234042553192,-0.16638052474836496,112516.56428571428,13906.018767885951,188.14285714285714,27514.957142857143,0.828641370200794,0.8238420652999241,1,0.15256797723264776,False,Normal
2021-05-30,168,384,92668.92,70798.52,21870.4,23.6,-0.006080920778567256,0.08387096774193559,0.018567639257294433,-0.035287879917372256,109984.27714285716,15836.689743911906,184.57142857142858,26963.205714285716,0.842565159378495,0.9102167182662538,1,0.16860983021188164,False,Normal
2021-05-31,210,501,128449.49,95422.52,33026.97,25.71,0.38611187008546133,0.25,0.3046875,0.5101218999195258,109566.04000000001,15203.55809722187,185.71428571428572,27225.422857142858,1.1723476544374516,1.1307692307692307,1,0.14015068819917276,False,Normal
2021-06-01,239,572,130642.78,98192.51,32450.27,24.84,0.01707511645238924,0.13809523809523805,0.14171656686626743,-0.017461486778835633,111551.16714285713,17087.853028713842,193.28571428571428,27699.65857142857,1.171146688520913,1.2365114560236512,1,0.18786022913068084,False,Normal
2021-06-02,212,504,129628.55,99081.92,30546.63,23.56,-0.007763383479745256,-0.11297071129707115,-0.11888111888111885,-0.058663302339240886,111963.71285714286,17544.447935617456,192.28571428571428,27551.88857142857,1.1577728774089167,1.1025260029717683,1,0.1983998455999435,False,Normal
2021-06-03,198,511,116664.09,87348.88,29315.21,25.13,-0.1000123815316919,-0.06603773584905659,0.01388888888888884,-0.04031279391540088,114604.59,16482.68072523201,197.42857142857142,28153.571428571428,1.0179704844282416,1.0028943560057888,1,0.22543608687840083,False,Normal
2021-06-04,222,527,123756.61,92567.66,31188.95,25.2,0.06079437125854237,0.1212121212121211,0.03131115459882583,0.06391699053153643,116435.18857142857,16718.068700277036,200.57142857142858,28724.117142857143,1.0628798005001727,1.1068376068376067,1,0.22518380529668047,False,Normal
2021-06-05,172,401,104129.88,79856.32,24273.56,23.31,-0.158591367362115,-0.22522522522522526,-0.2390891840607211,-0.22172564321658794,117991.4742857143,14567.208899198817,203.0,28953.141428571427,0.8825203738691434,0.8472906403940886,1,0.15917078991681477,False,Normal
2021-06-06,158,367,87007.39,65491.43,21515.96,24.73,-0.16443397418685213,-0.08139534883720934,-0.08478802992518708,-0.11360509130098762,117182.68428571428,16265.6293315075,201.57142857142858,28902.507142857143,0.7424935734349538,0.7838412473423104,1,0.1538049372481044,False,Normal
2021-06-07,231,557,137590.61,101844.04,35746.57,25.98,0.5813669390611531,0.4620253164556962,0.5177111716621254,0.6613978646548888,118488.55857142856,17630.605740707913,204.57142857142858,29291.02142857143,1.1612143118194498,1.1291899441340782,1,0.06790281673797438,False,Normal
2021-06-08,199,470,123002.61,90950.58,32052.03,26.06,-0.1060246771200446,-0.1385281385281385,-0.15619389587073607,-0.1033536923962215,117397.10571428572,16977.152436412798,198.85714285714286,29234.13,1.0477482323913219,1.0007183908045978,1,0.21027251503294903,False,Normal
2021-06-09,202,472,119068.59,89325.71,29742.88,24.98,-0.031983223770617575,0.015075376884422065,0.004255319148936065,-0.0720437987859115,115888.54000000001,16158.575978397193,197.42857142857142,29119.308571428573,1.027440590760743,1.0231548480463097,1,0.2300812562654459,False,Normal
2021-06-10,216,496,122409.1,92972.99,29436.11,24.05,0.02805534188319525,0.06930693069306937,0.05084745762711873,-0.01031406508044952,116709.25571428573,16349.305137238407,200.0,29136.580000000005,1.0488379799085343,1.08,1,0.2269511081026762,False,Normal
2021-06-11,229,528,131533.02,98022.47,33510.55,25.48,0.07453628856024586,0.06018518518518512,0.06451612903225801,0.1384163872196429,117820.17142857143,17152.446472362168,201.0,29468.237142857142,1.116387952972399,1.1393034825870647,1,0.22019696356661517,False,Normal
2021-06-12,210,512,128885.87,97342.79,31543.08,24.47,-0.020125364718304173,-0.08296943231441045,-0.030303030303030276,-0.058711957875952514,121356.74142857143,16394.678170286938,206.42857142857142,30506.739999999998,1.0620412882119126,1.0173010380622838,1,0.236542158803643,False,Normal
2021-06-13,203,514,163706.46,123784.12,39922.34,24.39,0.27016607794167036,-0.033333333333333326,0.00390625,0.2656449528708038,132313.75142857144,15198.361075999313,212.85714285714286,33136.22285714286,1.237259606295538,0.9536912751677852,1,0.1982504830789284,False,Normal
2021-06-14,199,497,122150.3,93180.08,28970.22,23.72,-0.25384557212952985,-0.019704433497536922,-0.03307392996108949,-0.27433562261129973,130107.99285714285,15423.650609852184,208.28571428571428,32168.17285714286,0.9388377863466059,0.9554183813443073,1,0.2008152048637039,False,Normal
2021-06-15,234,531,126064.6,93162.94,32901.66,26.1,0.03204494790434409,0.1758793969849246,0.06841046277665996,0.13570625283480764,130545.42,15230.764653173848,213.28571428571428,32289.548571428575,0.9656761608335245,1.0971198928332218,1,0.21981138842657366,False,Normal
2021-06-16,210,492,127010.8,95334.82,31675.98,24.94,0.007505675661525935,-0.10256410256410253,-0.07344632768361581,-0.037252831620046,131680.02142857143,14512.18924677749,214.42857142857142,32565.705714285716,0.9645411553103049,0.9793471019320453,1,0.23606999998870115,False,Normal
2021-06-17,209,488,113540.19,85465.59,28074.6,24.73,-0.10605877610407932,-0.004761904761904745,-0.008130081300813052,-0.11369435136655603,130413.03428571428,15787.592837345357,213.42857142857142,32371.204285714284,0.8706199546837584,0.9792503346720215,1,0.2299855536909921,False,Normal
2021-06-18,176,390,91199.3,68201.24,22998.06,25.22,-0.19676636088067145,-0.1578947368421053,-0.2008196721311475,-0.18082323523754562,124651.07428571429,21600.732367699897,205.85714285714286,30869.420000000002,0.7316366948507876,0.8549618320610687,1,0.16147429254159812,False,Normal
2021-06-19,208,507,120629.32,89012.72,31616.6,26.21,0.32270006458382916,0.18181818181818188,0.30000000000000004,0.37475073984501295,123471.56714285714,21556.33002940033,205.57142857142858,30879.922857142858,0.9769805534292066,1.0118137595552466,1,0.17308456569701852,False,Normal
2021-06-20,197,450,106755.76,79139.33,27616.43,25.87,-0.11500985000993136,-0.05288461538461542,-0.1124260355029586,-0.12652119456235011,115335.75285714286,12814.597617486577,204.71428571428572,29121.93571428571,0.9256085589715601,0.9623168178646196,1,0.21679811846523817,False,Normal
2021-06-21,285,617,150249.7,112438.6,37811.1,25.17,0.40741539379233505,0.4467005076142132,0.37111111111111117,0.36915234880105796,119349.95285714287,18461.818768477096,217.0,30384.918571428574,1.258900371580732,1.3133640552995391,1,0.10764811645791927,False,Normal
2021-06-22,234,570,142092.52,107666.34,34426.18,24.23,-0.05429082387518924,-0.17894736842105263,-0.07617504051863855,-0.08952185998291506,121639.65571428572,20332.532278825103,217.0,30602.707142857143,1.168143062931345,1.0783410138248848,1,0.20431344449930827,False,Normal
2021-06-23,201,472,113152.28,84441.93,28710.35,25.37,-0.20367180482125302,-0.14102564102564108,-0.1719298245614035,-0.16603149115004923,119659.86714285714,20396.97947115928,215.71428571428572,30179.045714285716,0.9456159588152643,0.9317880794701986,1,0.21592017490926413,False,Normal
2021-06-24,217,553,133301.2,98922.3,34378.9,25.79,0.178069058794043,0.07960199004975133,0.17161016949152552,0.19743925100181658,122482.86857142858,20772.862038438132,216.85714285714286,31079.66,1.0883252617672199,1.0006587615283267,1,0.21743977542590398,False,Normal
2021-06-25,222,583,131511.36,97130.57,34380.79,26.14,-0.01342703591565586,0.02304147465437789,0.054249547920433905,5.497558095224342e-05,128241.7342857143,15597.922074826687,223.42857142857142,32705.764285714286,1.0254958008209807,0.9936061381074169,1,0.23443571654130874,False,Normal
2021-06-26,203,479,114688.42,85821.39,28867.03,25.17,-0.12792005192555223,-0.0855855855855856,-0.1783876500857633,-0.16037327821728364,127393.03428571428,16229.974703996479,222.71428571428572,32312.96857142857,0.9002723001540205,0.9114817190506734,1,0.22256892756631036,False,Normal
2021-06-27,200,464,115554.95,87109.39,28445.56,24.62,0.007555514323067669,-0.014778325123152691,-0.03131524008350728,-0.014600393597817174,128650.06142857144,14626.77227040031,223.14285714285714,32431.415714285715,0.8982113861185985,0.8962868117797695,1,0.22686557621441522,False,Normal
2021-06-28,209,510,115723.99,89167.3,26556.69,22.95,0.001462853819762966,0.04499999999999993,0.09913793103448265,-0.06640298169556169,123717.81714285714,11646.920212394934,212.28571428571428,30823.64285714286,0.9353866134444755,0.9845222072678331,1,0.19870271402147632,False,Normal
2021-06-29,244,612,147734.53,111034.73,36699.8,24.84,0.27661109852849,0.16746411483253598,0.19999999999999996,0.38194180072893147,124523.81857142856,13219.492084654801,213.71428571428572,31148.445714285714,1.186395757011398,1.141711229946524,1,0.19034982441408566,False,Normal
2021-06-30,216,526,130938.32,97631.54,33306.78,25.44,-0.11369183629582058,-0.11475409836065575,-0.1405228758169934,-0.09245336486847355,127064.68142857144,12350.24882705815,215.85714285714286,31805.07857142857,1.030485564736619,1.00066181336863,1,0.22882076013253033,False,Normal
2021-07-01,191,434,115926.04,86777.02,29149.02,25.14,-0.11465153974787523,-0.1157407407407407,-0.17490494296577952,-0.12483224136347004,124582.5157142857,12630.776032452051,212.14285714285714,31057.95285714286,0.9305161268846244,0.9003367003367003,1,0.21300119674114393,False,Normal
2021-07-02,200,468,118668.47,89659.19,29009.28,24.45,0.02365672113012751,0.04712041884816753,0.07834101382488479,-0.004793986212915602,122747.81714285714,12386.97730636737,209.0,30290.594285714287,0.9667664383953201,0.9569377990430622,1,0.22856005617305125,False,Normal
2021-07-03,150,339,83919.79,64268.68,19651.11,23.42,-0.2928215051563402,-0.25,-0.27564102564102566,-0.32259228770931225,118352.29857142859,19270.18839921958,201.42857142857142,28974.034285714286,0.7090676819373498,0.7446808510638299,1,0.08657142916404104,False,Normal
2021-07-04,142,321,78300.83,59223.71,19077.12,24.36,-0.06695631626342236,-0.053333333333333344,-0.053097345132743334,-0.029209037046762365,113030.28142857143,24583.425568407187,193.14285714285714,27635.68571428571,0.6927420600070042,0.735207100591716,1,0.11335455909903858,False,Normal
2021-07-05,191,483,110107.11,81380.89,28726.22,26.09,0.4062061666523842,0.34507042253521125,0.5046728971962617,0.5057943756709609,112227.87,24572.514091604502,190.57142857142858,27945.61857142857,0.9811030896336178,1.0022488755622188,1,0.10345793578344786,False,Normal
2021-07-06,176,416,101270.72,75852.31,25418.41,25.1,-0.08025267396446967,-0.07853403141361259,-0.13871635610766042,-0.11514950452931161,105590.18285714286,19034.06897387922,180.85714285714286,26333.99142857143,0.9590921926616338,0.9731437598736177,1,0.2006524056639168,False,Normal
2021-07-07,231,540,132826.68,99408.65,33418.03,25.16,0.31160003602225794,0.3125,0.29807692307692313,0.31471756101188064,105859.94857142857,19461.77447986133,183.0,26349.884285714284,1.2547396989369943,1.2622950819672132,1,0.12023224500973018,False,Normal
2021-07-08,171,447,92297.3,70434.38,21862.92,23.69,-0.30512981277556583,-0.2597402597402597,-0.17222222222222228,-0.3457747210113822,102484.41428571427,19474.015221380578,180.14285714285714,25309.012857142854,0.900598404579707,0.9492466296590009,1,0.13082212544921723,False,Normal
2021-07-09,200,483,117165.56,89302.84,27862.72,23.78,0.26943648405749676,0.16959064327485374,0.08053691275167796,0.2744281184763977,102269.71285714286,19273.095739278397,180.14285714285714,25145.218571428566,1.1456525761802485,1.1102299762093577,1,0.17563896043535387,False,Normal
2021-07-10,188,454,112402.09,84097.34,28304.75,25.18,-0.040655888983076593,-0.06000000000000005,-0.06004140786749479,0.01586456742198883,106338.61285714284,17695.418820909315,185.57142857142858,26381.452857142856,1.057020464908668,1.0130869899923016,1,0.21332389578334748,False,Normal
2021-07-11,192,471,125476.21,93990.86,31485.35,25.09,0.11631563078586904,0.02127659574468077,0.037444933920704804,0.11236983191867078,113077.95285714285,13789.890710789765,192.71428571428572,28154.057142857142,1.1096434524112804,0.9962935507783542,1,0.215529122913321,False,Normal
2021-07-12,191,422,115706.56,88621.48,27085.08,23.41,-0.07786057612036579,-0.00520833333333337,-0.10403397027600847,-0.13975610879345468,113877.87428571428,13751.188209748665,192.71428571428572,27919.608571428573,1.0160583056696126,0.9911045218680503,1,0.20493680105308204,False,Normal
2021-07-13,180,462,101611.39,77541.02,24070.37,23.69,-0.12181824435883326,-0.05759162303664922,0.09478672985782,-0.11130519090214996,113926.54142857144,13699.639783536273,193.28571428571428,27727.03142857143,0.8919027008619175,0.9312638580931264,1,0.19487889723830348,False,Normal
2021-07-14,192,453,103080.68,78382.77,24697.91,23.96,0.01445989470274922,0.06666666666666665,-0.01948051948051943,0.02607105748686034,109677.11285714284,11255.330226273189,187.71428571428572,26481.3,0.9398558852863417,1.0228310502283104,1,0.20114753402748958,False,Normal
2021-07-15,173,414,98093.27,75230.72,22862.55,23.31,-0.04838355742317557,-0.09895833333333337,-0.08609271523178808,-0.07431236084348836,110505.10857142857,9894.638557356006,188.0,26624.104285714282,0.8876808617096125,0.9202127659574468,1,0.18169125513548662,False,Normal
2021-07-16,180,422,107877.32,81722.25,26155.07,24.25,0.09974231667473221,0.040462427745664664,0.019323671497584627,0.1440136817634079,109178.21714285715,9466.100980037074,185.14285714285714,26380.15428571429,0.9880846456655823,0.9722222222222222,1,0.1987019280022761,False,Normal
2021-07-17,199,458,109213.29,81494.56,27718.73,25.38,0.012384160081099438,0.10555555555555562,0.08530805687203791,0.05978420245099714,108722.67428571428,9361.246760171973,186.71428571428572,26296.437142857143,1.0045125427378323,1.0657995409334353,1,0.20642333067577623,False,Normal
2021-07-18,154,346,92017.61,71482.75,20534.86,22.32,-0.15745043483261056,-0.22613065326633164,-0.24454148471615722,-0.25917024336973593,103942.87428571431,7791.559995800787,181.28571428571428,24732.08142857143,0.8852709782400804,0.8494877856579984,1,0.09873666915823376,False,Normal
2021-07-19,209,479,112345.55,85771.84,26573.71,23.65,0.22091358382379211,0.3571428571428572,0.3843930635838151,0.2940779727741021,103462.73,7010.198889691688,183.85714285714286,24659.028571428567,1.0858552640163275,1.1367521367521367,1,0.11454921807790508,False,Normal
2021-07-20,191,457,105681.95,78635.9,27046.05,25.59,-0.0593134307500387,-0.0861244019138756,-0.045929018789144016,0.017774710418680728,104044.23857142856,6999.854080865944,185.42857142857142,25084.125714285714,1.015740529711764,1.0300462249614792,1,0.18993543304901217,False,Normal
2021-07-21,199,492,115670.23,87422.44,28247.79,24.42,0.09451263910251462,0.041884816753926746,0.07658643326039383,0.04443310575851189,105842.74571428573,8221.725071386383,186.42857142857142,25591.251428571424,1.0928498615506705,1.067432950191571,1,0.206966347631939,False,Normal
2021-07-22,196,477,116115.94,87841.7,28274.24,24.35,0.0038532818686365378,-0.015075376884422065,-0.030487804878048808,0.0009363564370876709,108417.41285714286,8212.412857041001,189.71428571428572,26364.350000000002,1.0710082166690436,1.033132530120482,1,0.21262360314824874,False,Normal
2021-07-23,195,456,113232.75,84098.35,29134.4,25.73,-0.024830268781357634,-0.005102040816326481,-0.04402515723270439,0.03042203786909914,109182.47428571428,8401.000815236075,191.85714285714286,26789.96857142857,1.0370963906138155,1.0163812360387192,1,0.20910216891006456,False,Normal
2021-07-24,194,461,110820.39,83131.94,27688.45,24.98,-0.021304437099690654,-0.00512820512820511,0.010964912280701844,-0.04963033390081828,109412.06000000001,8423.911791867758,191.14285714285714,26785.64285714286,1.0128717985933176,1.0149476831091182,1,0.212583289704042,False,Normal
2021-07-25,155,369,84186.06,64050.26,20135.8,23.92,-0.24033781148036026,-0.2010309278350515,-0.19956616052060738,-0.2727725820694189,108293.26714285716,11186.271662624042,191.28571428571428,26728.634285714284,0.7773896034454693,0.8103061986557133,1,0.11442729188638023,False,Normal
2021-07-26,215,541,136750.89,104295.46,32455.43,23.73,0.6243887646006954,0.3870967741935485,0.46612466124661256,0.6118271933571053,111779.74428571427,15594.457800297658,192.14285714285714,27568.88,1.2233959817483417,1.1189591078066914,1,0.07040747636904188,False,Normal
2021-07-27,237,560,137499.57,102660.9,34838.67,25.34,0.005474772412815687,0.10232558139534875,0.03512014787430684,0.07343116390693316,116325.11857142858,17976.03048670324,198.71428571428572,28682.11142857143,1.1820281955317278,1.192667145938174,1,0.19985738012751447,False,Normal
2021-07-28,160,395,89381.56,66851.22,22530.34,25.21,-0.34995025802626156,-0.3248945147679325,-0.2946428571428571,-0.35329505977122544,112569.59428571428,20678.591035094676,193.14285714285714,27865.33285714286,0.7940115673966058,0.8284023668639053,1,0.09295988512963771,False,Normal
2021-07-29,196,453,114616.97,85391.72,29225.25,25.5,0.2823335148771178,0.2250000000000001,0.14683544303797458,0.2971508641236662,112355.45571428572,20643.477401171167,193.14285714285714,28001.191428571427,1.0201282106982432,1.014792899408284,1,0.19003772054917434,False,Normal
2021-07-30,182,453,111574.59,85006.28,26568.31,23.81,-0.026543887872799377,-0.0714285714285714,0.0,-0.09091248150144138,112118.57571428572,20641.24623310968,191.28571428571428,27634.60714285714,0.9951481214346499,0.9514563106796117,1,0.20319522053667566,False,Normal
2021-07-31,185,480,113604.65,84475.96,29128.69,25.64,0.01819464449746122,0.016483516483516425,0.0596026490066226,0.0963696975833237,112516.32714285715,20638.887096839626,190.0,27840.355714285713,1.0096725771697208,0.9736842105263158,1,0.21306620179247615,False,Normal
2021-08-01,137,309,74707.17,51973.01,22734.16,30.43,-0.3423933791442516,-0.2594594594594595,-0.35624999999999996,-0.2195268650941734,111162.19999999998,22985.048288003134,187.42857142857142,28211.55,0.6720555188724225,0.7309451219512195,1,0.04087852987047358,False,Normal
2021-08-02,194,496,129643.07,98561.44,31081.63,23.97,0.7353497662941859,0.416058394160584,0.6051779935275081,0.36717741055750475,110146.79714285715,21792.27259112641,184.42857142857142,28015.29285714286,1.1770026306970758,1.0518977536793184,1,0.07986994233698952,False,Normal
2021-08-03,214,518,131843.17,99238.51,32604.66,24.73,0.016970440456246516,0.10309278350515472,0.04435483870967749,0.0490009693828799,109338.73999999999,20685.770414605515,181.14285714285714,27696.14857142857,1.2058230230200204,1.1813880126182965,1,0.19936402589297142,False,Normal
2021-08-04,243,622,146713.66,111442.25,35271.41,24.04,0.11278923284384001,0.13551401869158886,0.20077220077220082,0.08179045572013344,117529.04,22717.229506473057,193.0,29516.301428571427,1.248318373059118,1.2590673575129534,1,0.17190864250962107,False,Normal
2021-08-05,201,453,112323.35,83920.42,28402.93,25.29,-0.23440428110102351,-0.1728395061728395,-0.27170418006430863,-0.19473222079865826,117201.37999999999,22782.678463621658,193.71428571428572,29398.827142857142,0.9583790736935011,1.0376106194690264,1,0.18082136823280348,False,Normal
2021-08-06,192,459,115321.23,85915.48,29405.75,25.5,0.026689731030992148,-0.04477611940298509,0.013245033112582849,0.03530692080007247,117736.6142857143,22672.19845241742,195.14285714285714,29804.175714285717,0.9794848501431098,0.9838945827232797,1,0.2204995744221801,False,Normal
2021-08-07,166,409,98236.82,74424.08,23812.74,24.24,-0.1481462693382649,-0.13541666666666663,-0.10893246187363836,-0.19020123615279316,115541.20999999999,23852.32953150635,192.42857142857142,29044.754285714287,0.8502318783055848,0.8626577579806979,1,0.1881977009549491,False,Normal
2021-08-08,170,413,99858.05,75687.25,24170.8,24.21,0.016503282577754463,0.024096385542168752,0.009779951100244544,0.01503648887108322,119134.19285714287,17803.453544464177,197.14285714285714,29249.98857142857,0.8381980656027322,0.8623188405797102,1,0.18970938597704085,False,Normal
2021-08-09,234,527,123095.33,92745.52,30349.81,24.66,0.232703122081795,0.3764705882352941,0.27602905569007263,0.25563944925281756,118198.80142857143,17324.872089223372,202.85714285714286,29145.442857142858,1.0414262117064494,1.1535211267605634,1,0.16186369548487672,False,Normal
2021-08-10,200,500,116062.59,92148.01,23914.58,20.6,-0.0571324679823354,-0.14529914529914534,-0.05123339658444026,-0.21203526480066925,115944.43285714285,16246.674118166264,200.85714285714286,27904.002857142856,1.0010190842280693,0.995732574679943,1,0.16702212302097985,False,Normal
2021-08-11,212,508,110827.46,82874.43,27953.03,25.22,-0.04510609318644354,0.06000000000000005,0.016000000000000014,0.16886978571231426,110817.83285714287,8936.725712319148,196.42857142857142,26858.519999999997,1.0000868735889246,1.0792727272727274,1,0.20794490592333026,False,Normal
2021-08-12,234,544,129782.01,97784.67,31997.34,24.65,0.171027559415329,0.10377358490566047,0.07086614173228356,0.1446823474950658,113311.92714285714,11496.523296482277,201.14285714285714,27372.007142857143,1.1453517142672751,1.1633522727272727,1,0.2068776372727002,False,Normal
2021-08-13,201,526,124465.14,93539.59,30925.55,24.85,-0.04096769652434873,-0.14102564102564108,-0.03308823529411764,-0.033496221873443255,114618.19999999998,12257.193160638477,202.42857142857142,27589.12142857143,1.0859107890369943,0.9929428369795343,1,0.21981122323835817,False,Normal
2021-08-14,182,428,118285.11,88376.47,29908.64,25.29,-0.04965269793614502,-0.09452736318407962,-0.18631178707224338,-0.032882519470146865,117482.24142857143,9908.836041423694,204.71428571428572,28459.964285714286,1.0068339568743818,0.8890439637124913,1,0.2072572547876546,False,Normal
2021-08-15,182,407,98454.82,74780.0,23674.82,24.05,-0.16764823569086584,0.0,-0.0490654205607477,-0.20842873497424153,117281.78,10330.049527099867,206.42857142857142,28389.110000000004,0.8394724227411965,0.8816608996539793,1,0.1803851798447741,False,Normal
2021-08-16,205,466,116304.56,87620.56,28684.0,24.66,0.1812987926848071,0.12637362637362637,0.144963144963145,0.21158260126159356,116311.67000000001,10006.908787059872,202.28571428571428,28151.13714285714,0.9999388711382098,1.0134180790960452,1,0.21164693865302697,False,Normal
2021-08-17,207,504,123025.61,93536.89,29488.72,23.97,0.05778836186646519,0.009756097560975618,0.0815450643776825,0.028054664621391723,117306.38714285716,10319.221990637667,203.28571428571428,28947.442857142858,1.0487545733565036,1.0182712579058328,1,0.22610170548727299,False,Normal
2021-08-18,206,478,127448.5,95637.61,31810.89,24.96,0.035950969883425055,-0.004830917874396157,-0.051587301587301626,0.07874773811816849,119680.82142857143,10490.777251127967,202.42857142857142,29498.565714285713,1.0649032859125596,1.0176429075511646,1,0.22909474286453174,False,Normal
2021-08-19,230,569,135257.34,103139.03,32118.31,23.75,0.06127055241921253,0.11650485436893199,0.19037656903765687,0.009663986138080505,120463.01142857142,11522.800700310849,201.85714285714286,29515.847142857143,1.1228122092913215,1.1394196744515215,1,0.2083195135158628,False,Normal
2021-08-20,276,697,165409.31,126575.21,38834.1,23.48,0.22292298517773612,0.19999999999999996,0.22495606326889273,0.20909537270173928,126312.17857142857,20661.20779056212,212.57142857142858,30645.639999999996,1.3095278054005086,1.2983870967741935,1,0.13962862858557623,False,Normal
2021-08-21,225,561,144580.22,109079.3,35500.92,24.55,-0.1259245323011141,-0.18478260869565222,-0.19512195121951215,-0.08583126685052567,130068.62285714285,21337.855391582696,218.71428571428572,31444.537142857145,1.1115687767279243,1.0287393860222076,1,0.20786847908136802,False,Normal
2021-08-22,225,522,115446.17,87697.84,27748.33,24.04,-0.20150785494723966,0.0,-0.06951871657754005,-0.21837715754971976,132495.95857142858,17818.362822533734,224.85714285714286,32026.467142857142,0.8713184254428633,1.0006353240152477,1,0.21436802260439114,False,Normal
2021-08-23,230,552,123225.93,93364.17,29861.76,24.23,0.06738863662605699,0.022222222222222143,0.05747126436781613,0.076164223216316,133484.7257142857,16940.54672882687,228.42857142857142,32194.71857142857,0.9231462951330932,1.0068792995622264,1,0.23497100374347812,False,Normal
2021-08-24,220,541,137727.14,104367.33,33359.81,24.22,0.1176798584518699,-0.04347826086956519,-0.019927536231884035,0.11714145448895175,135584.94428571427,16327.998917716985,230.28571428571428,32747.731428571427,1.0157996577390742,0.9553349875930521,1,0.2321519562580313,False,Normal
2021-08-25,236,535,134240.09,100980.03,33260.06,24.78,-0.025318539250869687,0.07272727272727275,-0.011090573012939031,-0.0029901249437571664,136555.17142857143,15961.614446414444,234.57142857142858,32954.75571428572,0.983046548846505,1.0060901339829476,1,0.24767379424178432,False,Normal
2021-08-26,287,670,158902.7,119658.9,39243.8,24.7,0.18372015394209007,0.21610169491525433,0.25233644859813076,0.17990767304689181,139933.08000000002,18011.545450216257,242.71428571428572,33972.682857142856,1.1355620843906244,1.1824602707474985,1,0.20657741891409398,False,Normal
2021-08-27,275,660,161734.14,122275.73,39458.41,24.4,0.017818702891769567,-0.04181184668989546,-0.014925373134328401,0.0054686345359011845,139408.05571428573,17179.50807230234,242.57142857142858,34061.87,1.1601491690800938,1.1336866902237925,1,0.22606280818776614,False,Normal
2021-08-28,187,436,106504.9,79188.98,27315.92,25.65,-0.34148164388792634,-0.31999999999999995,-0.33939393939393936,-0.30772882130830925,133968.7242857143,20894.876060368657,237.14285714285714,32892.584285714285,0.7949982398343782,0.7885542168674698,1,0.12317689136299964,False,Normal
2021-08-29,233,594,141471.12,104773.88,36697.24,25.94,0.32830620938567145,0.24598930481283432,0.36238532110091737,0.3434378194108052,137686.57428571428,19304.658925148986,238.28571428571428,34171.0,1.0274866720587614,0.9778177458033573,1,0.17671793859729895,False,Normal
2021-08-30,245,604,140310.72,107140.26,33170.46,23.64,-0.008202380811009324,0.05150214592274671,0.01683501683501687,-0.09610477518200278,140127.25857142857,18221.308343036744,240.42857142857142,34643.67142857143,1.0013092486818183,1.0190136660724896,1,0.23780563621734452,False,Normal
2021-08-31,233,557,141771.02,108229.91,33541.11,23.66,0.010407615326897268,-0.048979591836734726,-0.07781456953642385,0.011174098881957084,140704.9557142857,18196.619241621087,242.28571428571428,34669.57142857143,1.0075765937333367,0.9616745283018868,1,0.2384574533886235,False,Normal
2021-09-01,282,657,156999.85,117357.02,39642.83,25.25,0.10741849780018531,0.2103004291845494,0.17953321364452424,0.18191765269545357,143956.35,18869.86066199147,248.85714285714286,35581.39571428572,1.0906073264569434,1.1331802525832377,1,0.22820398929085117,False,Normal
2021-09-02,297,698,159513.05,122015.9,37497.15,23.51,0.01600765860604314,0.05319148936170204,0.06240487062404876,-0.05412529832002411,144043.54285714283,18951.667326935385,250.28571428571428,35331.874285714286,1.1073946588372883,1.1866438356164384,1,0.21147482436962323,False,Normal
2021-09-03,278,661,162819.1,124092.84,38726.26,23.78,0.020725890452223394,-0.06397306397306401,-0.05300859598853869,0.03277875785226336,144198.53714285715,19124.11358720791,250.71428571428572,35227.281428571434,1.129131426893017,1.1088319088319087,1,0.22495645040146245,False,Normal
2021-09-04,223,544,126748.89,94516.94,32231.95,25.43,-0.22153549552847307,-0.19784172661870503,-0.1770045385779122,-0.1676978360420036,147090.5357142857,13035.366234283627,255.85714285714286,35929.57142857143,0.8617066311200463,0.8715801228364042,1,0.20526969207120827,False,Normal
2021-09-05,250,625,143699.0,107435.62,36263.38,25.24,0.13372984962629664,0.12107623318385641,0.14889705882352944,0.125075584939788,147408.80428571426,12901.810302678525,258.2857142857143,35867.59142857143,0.9748332244896054,0.9679203539823009,1,0.2339081181761704,False,Normal
2021-09-06,252,591,140341.4,105965.77,34375.63,24.49,-0.02336550706685503,0.008000000000000007,-0.054400000000000004,-0.05205664778076391,147413.18714285715,12899.002047073138,259.2857142857143,36039.758571428574,0.9520274455771455,0.9719008264462811,1,0.24314803938682822,False,Normal
2021-09-07,313,801,202962.9,151752.5,51210.4,25.23,0.4462083177166538,0.2420634920634921,0.35532994923857864,0.48972978822497226,156154.88428571427,24211.98459696978,270.7142857142857,38563.94285714285,1.299753772854404,1.1562005277044856,1,0.12125305715765916,False,Normal
2021-09-08,269,620,143545.31,107491.8,36053.51,25.12,-0.29275099045194963,-0.14057507987220452,-0.22596754057428214,-0.29597288831956003,154232.80714285714,24663.562602722202,268.85714285714283,38051.182857142856,0.9307054229197947,1.0005313496280555,1,0.19496751919935768,False,Normal
2021-09-09,305,741,177116.64,132165.52,44951.12,25.38,0.2338727054196339,0.13382899628252787,0.19516129032258056,0.24678900889261546,156747.60571428572,26144.684865091327,270.0,39116.03571428572,1.1299479771502365,1.1296296296296295,1,0.20470520606328257,False,Normal
2021-09-10,329,757,188483.79,141125.75,47358.04,25.13,0.0641788936375487,0.07868852459016384,0.021592442645074206,0.05354527317673052,160413.99,28802.468106660705,277.2857142857143,40349.14714285714,1.1749834911531096,1.1865018031942298,1,0.19305748264124734,False,Normal
2021-09-11,235,553,123327.86,92279.11,31048.75,25.18,-0.34568452809655414,-0.2857142857142857,-0.26948480845442535,-0.34438270671674753,159925.27142857146,29489.724689807153,279.0,40180.118571428575,0.7711592977041329,0.8422939068100358,1,0.12881484505857,False,Normal
2021-09-12,278,670,157577.59,119848.26,37729.33,23.94,0.2777128379589169,0.18297872340425525,0.21157323688969254,0.2151642175610935,161907.92714285714,28672.18870709148,283.0,40389.54,0.9732543228779877,0.9823321554770318,1,0.19880060747421946,False,Normal
2021-09-13,283,691,172524.78,131409.36,41115.42,23.83,0.09485606424111448,0.017985611510791477,0.03134328358208949,0.08974688922384777,166505.55285714287,27179.04145862024,287.42857142857144,41352.36714285715,1.036150308740883,0.9845924453280318,1,0.2270033220808556,False,Normal
2021-09-14,297,750,183505.09,140676.34,42828.75,23.34,0.0636448282965496,0.04946996466431086,0.08538350217076696,0.04167122699950543,163725.86571428573,23586.582505553924,285.14285714285717,40154.98857142857,1.1208069610713223,1.0415831663326653,1,0.21240103679203576,False,Normal
2021-09-15,261,641,164348.31,123310.5,41037.81,24.97,-0.10439372553644155,-0.12121212121212122,-0.14533333333333331,-0.041816303300936886,166697.72285714286,21868.05245693813,284.0,40867.03142857143,0.9859061490650579,0.9190140845070423,1,0.22609092919877877,False,Normal
2021-09-16,259,645,154724.47,117820.15,36904.32,23.85,-0.058557584194203094,-0.007662835249042099,0.006240249609984483,-0.1007239421401872,163498.84142857144,21727.269203888038,277.42857142857144,39717.48857142857,0.9463337394203815,0.9335736354273944,1,0.23231715006017106,False,Normal
2021-09-17,254,636,154233.86,115171.95,39061.91,25.33,-0.0031708623723191165,-0.019305019305019266,-0.013953488372092981,0.05846442909664784,158605.9942857143,18825.770971200687,266.7142857142857,38532.32714285714,0.9724339908752863,0.9523299410819496,1,0.24588043222567169,False,Normal
2021-09-18,240,563,137061.86,102473.38,34588.48,25.24,-0.11133741968203348,-0.055118110236220486,-0.11477987421383651,-0.11452153773330587,160567.9942857143,14827.422631735515,267.42857142857144,39038.00285714286,0.8536063529330288,0.8974358974358974,1,0.22874857845836527,False,Normal
2021-09-19,197,445,109930.97,83421.42,26509.55,24.11,-0.19794631416792374,-0.1791666666666667,-0.20959147424511548,-0.23357285431450014,153761.33428571426,24324.08319488944,255.85714285714286,37435.177142857145,0.714945473845394,0.7699609156895589,1,0.16138591867923108,False,Normal
2021-09-20,239,625,146035.75,108960.22,37075.53,25.39,0.3284313783458839,0.21319796954314718,0.404494382022472,0.39857258987798727,149977.18714285715,22939.57827977152,249.57142857142858,36858.049999999996,0.9737197555312007,0.9576416714367487,1,0.17116246533148544,False,Normal
2021-09-21,280,618,162567.1,122871.54,39695.56,24.42,0.11320070599151233,0.17154811715481166,-0.011199999999999988,0.07066736470119239,146986.04571428572,18837.474425353226,247.14285714285714,36410.451428571425,1.1060036291880457,1.1329479768786128,1,0.22973422697085455,False,Normal
2021-09-22,280,611,145213.69,109030.82,36182.87,24.92,-0.10674613744109362,0.0,-0.01132686084142398,-0.08849075312201149,144252.52857142856,17216.71120459197,249.85714285714286,35716.88857142857,1.0066630473523763,1.1206403659233848,1,0.23163330080212668,False,Normal
2021-09-23,235,545,123893.96,94209.69,29684.27,23.96,-0.14681625403224718,-0.1607142857142857,-0.10801963993453356,-0.1796043265777425,139848.17,18016.251942010826,246.42857142857142,34685.45285714286,0.885917634817817,0.9536231884057972,1,0.22146678143439225,False,Normal
2021-09-24,239,600,167696.22,127441.24,40254.98,24.0,0.35354637142924483,0.017021276595744705,0.10091743119266061,0.3561047652510909,141771.36428571428,20372.314066031802,244.28571428571428,34855.891428571435,1.1828638374533724,0.9783625730994152,1,0.20023160240673843,False,Normal
2021-09-25,219,520,126396.0,95543.2,30852.8,24.41,-0.24627996981685096,-0.08368200836820083,-0.1333333333333333,-0.23356563585424717,140247.67,21166.6324230586,241.28571428571428,34322.22285714286,0.90123422371295,0.9076376554174068,1,0.21818949328136383,False,Normal
2021-09-26,232,521,124186.78,92913.84,31272.94,25.18,-0.017478559448083852,0.05936073059360725,0.0019230769230769162,0.013617564694290207,142284.2142857143,18248.17465348988,246.28571428571428,35002.70714285714,0.8728078559061114,0.9419953596287703,1,0.2352003296449785,False,Normal
2021-09-27,229,537,125362.54,93188.1,32174.44,25.67,0.00946767441751839,-0.012931034482758674,0.030710172744721653,0.02882683879417791,139330.89857142855,19188.493920247023,244.85714285714286,34302.55142857142,0.8997468708330506,0.9352392065344224,1,0.23782231886414523,False,Normal
2021-09-28,193,444,104918.74,79777.08,25141.66,23.96,-0.16307742328769015,-0.15720524017467252,-0.17318435754189943,-0.2185828253731844,131095.41857142857,19911.066765609492,232.42857142857142,32223.422857142858,0.8003234677711796,0.8303626306084819,1,0.1848771308967218,False,Normal
2021-09-29,258,594,152505.58,111863.68,40641.9,26.65,0.45355901147878797,0.33678756476683946,0.33783783783783794,0.6165161727586803,132137.11714285714,20937.115971952808,229.28571428571428,32860.427142857145,1.1541464147058842,1.125233644859813,1,0.11328939450451991,False,Normal
2021-09-30,255,593,143387.22,106931.29,36455.93,25.42,-0.05979033685193669,-0.011627906976744207,-0.0016835016835017313,-0.10299641502980916,134921.86857142855,20954.34816579424,232.14285714285714,33827.80714285715,1.062742619252192,1.0984615384615384,1,0.2297153861439296,False,Normal
2021-10-01,209,540,134015.11,100360.27,33654.84,25.11,-0.06536224079105524,-0.18039215686274512,-0.08937605396290049,-0.07683496210355911,130110.28142857143,15270.411182142165,227.85714285714286,32884.93,1.0300116833854691,0.9172413793103448,1,0.22834892955382957,False,Normal
2021-10-02,214,530,121519.38,90459.66,31059.72,25.56,-0.09324120242859169,0.02392344497607657,-0.01851851851851849,-0.07710985997853492,129413.62142857142,15576.28058280579,227.14285714285714,32914.49,0.9389999186992185,0.9421383647798742,1,0.23546485035972753,False,Normal
2021-10-03,202,506,111745.02,83634.97,28110.05,25.16,-0.0804345775957711,-0.05607476635514019,-0.04528301886792452,-0.09496769449306053,127636.22714285714,16923.695384282044,222.85714285714286,32462.648571428574,0.8754961071900781,0.9064102564102564,1,0.22715157557334903,False,Normal
2021-10-04,240,575,148877.37,110802.52,38074.85,25.57,0.3322953452422308,0.18811881188118806,0.13636363636363646,0.35449243242185613,130995.48857142858,18643.55486486484,224.42857142857142,33305.56428571429,1.1365076127703502,1.0693825588796946,1,0.20549786454715008,False,Normal
2021-10-05,244,544,127149.59,96555.52,30594.07,24.06,-0.14594414181282223,0.016666666666666607,-0.05391304347826087,-0.19647562629924997,134171.32428571428,14998.25223356949,231.71428571428572,34084.479999999996,0.9476659090674123,1.0530209617755857,1,0.2254862772661113,False,Normal
2021-10-06,207,475,123408.92,92174.04,31234.88,25.31,-0.02941944209179126,-0.15163934426229508,-0.12683823529411764,0.020945562326293965,130014.65857142858,12964.211923347264,224.42857142857142,32740.62,0.9491923553543045,0.9223424570337365,1,0.22455827902033854,False,Normal
2021-10-07,184,455,116177.41,87773.84,28403.57,24.45,-0.05859795223878461,-0.11111111111111116,-0.04210526315789476,-0.09064577805325336,126127.54285714286,12351.120823590738,214.28571428571428,31590.282857142854,0.9211105470562224,0.8586666666666667,1,0.21423563417164904,False,Normal
2021-10-08,232,531,124901.14,93418.26,31482.88,25.21,0.0750897269959796,0.26086956521739135,0.1670329670329671,0.10841278050611258,124825.54714285715,11851.336860233838,217.57142857142858,31280.00285714286,1.000605588029639,1.066316480630335,1,0.21856353858584032,False,Normal
2021-10-09,215,512,128300.19,96225.68,32074.51,25.0,0.027213922947380675,-0.07327586206896552,-0.03578154425612057,0.018792118128964086,125794.2342857143,11813.121451670102,217.71428571428572,31424.972857142853,1.019921069741511,0.9875328083989501,1,0.2380883165550864,False,Normal
2021-10-10,200,516,119807.71,91266.92,28540.79,23.82,-0.06619226362798059,-0.06976744186046513,0.0078125,-0.1101722208694692,126946.04714285713,10539.373570598802,217.42857142857142,31486.507142857143,0.9437687324377726,0.9198423127463864,1,0.21889505527362996,False,Normal
2021-10-11,239,563,123553.89,93838.13,29715.76,24.05,0.03126827146600153,0.19500000000000006,0.0910852713178294,0.04116809660839782,123328.40714285713,4190.921640765633,217.28571428571428,30292.35142857143,1.001828312408849,1.0999342537804078,1,0.20528201239708804,False,Normal
2021-10-12,229,599,133007.93,101221.08,31786.85,23.9,0.07651754226435115,-0.04184100418410042,0.06394316163410307,0.06969668620287695,124165.31285714287,5470.706707641839,215.14285714285714,30462.74857142857,1.0712164850180896,1.0644090305444887,1,0.21828321813923618,False,Normal
2021-10-13,218,556,136903.91,102541.59,34362.32,25.1,0.029291336238373322,-0.048034934497816595,-0.07178631051752926,0.0810231274882538,126093.16857142856,7248.621992192303,216.71428571428572,30909.52571428571,1.0857361390077802,1.005932762030323,1,0.2259722162954672,False,Normal
2021-10-14,236,537,135848.12,101160.1,34688.02,25.53,-0.00771190537947386,0.08256880733944949,-0.03417266187050361,0.009478405416164959,128903.26999999999,6542.365063811301,224.14285714285714,31807.304285714286,1.0538764454928102,1.052899936265137,1,0.22540657213658444,False,Normal
2021-10-15,244,586,144976.21,108582.37,36393.84,25.1,0.0671933479830269,0.03389830508474567,0.09124767225325892,0.0491760555949865,131771.13714285716,8578.703921457758,225.85714285714286,32508.869999999995,1.100212179567266,1.0803289057558507,1,0.23126685227755073,False,Normal
2021-10-16,180,393,97155.13,72943.63,24211.5,24.92,-0.32985467063872054,-0.2622950819672131,-0.3293515358361775,-0.3347363180142573,127321.84285714287,15754.42744538721,220.85714285714286,31385.58285714286,0.7630672618288254,0.815006468305304,1,0.1296435077768483,False,Normal
2021-10-17,190,465,111965.83,85316.49,26649.34,23.8,0.15244382875098816,0.05555555555555558,0.1832061068702291,0.10068934184168676,126201.57428571429,16632.156762132254,219.42857142857142,31115.375714285714,0.8871983620942379,0.8658854166666667,1,0.1838786591151793,False,Normal
2021-10-18,241,608,138761.97,102776.12,35985.85,25.93,0.23932426526914496,0.2684210526315789,0.3075268817204302,0.35034676280913524,128374.15714285716,17211.838589981297,219.71428571428572,32011.102857142854,1.0809182555768064,1.0968790637191157,1,0.18252976905576657,False,Normal
2021-10-19,266,624,142714.5,106780.6,35933.9,25.18,0.028484245359157168,0.10373443983402497,0.026315789473684292,-0.0014436229795877775,129760.80999999998,18019.425930694306,225.0,32603.538571428573,1.099827444048785,1.1822222222222223,1,0.22499655353643538,False,Normal
2021-10-20,212,507,122459.98,88754.28,33705.7,27.52,-0.1419233504654398,-0.20300751879699253,-0.1875,-0.062008298570430775,127697.39142857144,17891.676989143867,224.14285714285714,32509.735714285714,0.9589857602416175,0.9458253664754621,1,0.19538711981933332,False,Normal
2021-10-21,240,604,140978.8,104786.02,36192.78,25.67,0.15122344458981618,0.13207547169811318,0.1913214990138068,0.07378811298979104,128430.34571428572,18379.669549099828,224.71428571428572,32724.70142857143,1.0977063031009069,1.0680228862047043,1,0.22480187695107917,False,Normal
2021-10-22,233,518,126392.22,95471.93,30920.29,24.46,-0.1034664786478533,-0.029166666666666674,-0.14238410596026485,-0.14567795013259544,125775.48999999999,16871.692445359873,223.14285714285714,31942.765714285717,1.0049034195772166,1.0441741357234315,1,0.23122049698895453,False,Normal
2021-10-23,223,587,139289.24,104032.68,35256.56,25.31,0.10203966668201558,-0.0429184549356223,0.13320463320463327,0.14024027588357013,131794.64857142855,11674.820334104726,229.28571428571428,33520.631428571425,1.0568656733016712,0.9725856697819315,1,0.22929618729467305,False,Normal
2021-10-24,205,458,124552.98,92670.32,31882.66,25.6,-0.1057961117456021,-0.08071748878923768,-0.2197614991482112,-0.09569566628167914,133592.81285714285,8702.820741696376,231.42857142857142,34268.24857142857,0.9323329401948474,0.8858024691358025,1,0.20417291953932792,False,Normal
2021-10-25,231,588,145467.39,109866.7,35600.69,24.47,0.16791577367317934,0.12682926829268282,0.28384279475982543,0.11661605399298569,134550.73,9680.70842069128,230.0,34213.22571428572,1.0811341566114134,1.0043478260869565,1,0.2116753673123875,False,Normal
2021-10-26,284,668,157897.92,120032.4,37865.52,23.98,0.08545234777361443,0.22943722943722933,0.1360544217687074,0.06361758718721444,136719.79,12960.241024357614,232.57142857142858,34489.171428571426,1.1549017153990655,1.221130221130221,1,0.19500231347217312,False,Normal
2021-10-27,245,570,145274.65,109156.53,36118.12,24.86,-0.07994576496004513,-0.13732394366197187,-0.1467065868263473,-0.046147524185591426,139979.02857142856,11570.739535438292,237.28571428571428,34833.80285714286,1.037831534356371,1.032510535821794,1,0.2307220230075564,False,Normal
2021-10-28,204,483,130535.45,96035.52,34499.93,26.43,-0.10145748070981409,-0.1673469387755102,-0.15263157894736845,-0.0448027195213927,138487.12142857144,12082.309418089551,232.14285714285714,34591.967142857146,0.9425818708155276,0.8787692307692307,1,0.2019414754988202,False,Normal
2021-10-29,224,541,128583.58,97338.54,31245.04,24.3,-0.014952796347658781,0.0980392156862746,0.12008281573498958,-0.09434482910545039,138800.17285714287,11740.249068402745,230.85714285714286,34638.36,0.9263935148866271,0.9702970297029703,1,0.22951209513368598,False,Normal
2021-10-30,163,373,98086.98,74923.77,23163.21,23.61,-0.2371733622597847,-0.2723214285714286,-0.3105360443622921,-0.2586596144540062,132914.13571428572,19329.62985656923,222.28571428571428,32910.73857142857,0.7379725224324468,0.7332904884318766,1,0.11703756734305504,False,Normal
2021-10-31,201,499,121206.23,90424.99,30781.24,25.4,0.23570151716364385,0.2331288343558282,0.3378016085790885,0.32888489980447444,132436.0285714286,19610.259086370883,221.71428571428572,32753.39285714286,0.9152058643515434,0.9065721649484536,1,0.17079286430365764,False,Normal
2021-11-01,306,725,185573.68,138765.02,46808.66,25.22,0.5310572732111212,0.5223880597014925,0.4529058116232465,0.5206879255026764,138165.49857142856,28081.36808723159,232.42857142857142,34354.53142857143,1.3431260475209188,1.3165334972341733,1,0.05439650909193783,False,Normal
2021-11-02,318,802,205044.05,153370.04,51674.01,25.2,0.1049198895015715,0.03921568627450989,0.10620689655172422,0.1039412365147816,144900.66,37632.465574665766,237.28571428571428,36327.17285714286,1.4150663633968263,1.3401565322095124,1,0.11672307003879201,False,Normal
2021-11-03,293,747,181077.54,137944.69,43132.85,23.82,-0.11688468892416037,-0.07861635220125784,-0.0685785536159601,-0.16528928178788527,150015.35857142857,40047.30656579519,244.14285714285714,37329.27714285714,1.207060008550934,1.2001170275014628,1,0.1517110803964879,False,Normal
2021-11-04,272,658,156332.74,115553.08,40779.66,26.09,-0.13665306034089053,-0.07167235494880542,-0.11914323962516737,-0.05455679371986766,153700.68571428573,39132.44944237959,253.85714285714286,38226.381428571425,1.0171245448482058,1.0714687675858188,1,0.19924722261051758,False,Normal
2021-11-05,273,733,176056.34,131975.33,44081.01,25.04,0.12616423149750977,0.003676470588235281,0.11398176291793316,0.08095580002383529,160482.50857142857,38155.48459130191,260.85714285714283,40060.09142857143,1.0970437935399031,1.0465498357064622,1,0.21276921201021193,False,Normal
2021-11-06,251,601,152907.48,115829.69,37077.79,24.25,-0.13148552332736207,-0.08058608058608063,-0.18008185538881305,-0.15887158665375412,168314.00857142857,27294.377787322315,273.42857142857144,42047.888571428564,0.9084655596869682,0.9179728317659351,1,0.21567800491750705,False,Normal
2021-11-07,274,625,154632.51,114176.12,40456.39,26.16,0.011281527888629128,0.09163346613545809,0.03993344425956735,0.09112193580038075,173089.19142857144,19486.41558784661,283.85714285714283,43430.05285714286,0.8933689546051873,0.96527428283845,1,0.2151920073876371,False,Normal
2021-11-08,334,757,191462.54,142774.65,48687.89,25.43,0.23817779327257904,0.21897810218978098,0.21120000000000005,0.20346600376355872,173930.45714285717,20228.221793641358,287.85714285714283,43698.514285714286,1.1007993835302976,1.1602977667493797,1,0.18738131234439565,False,Normal
2021-11-09,232,542,133691.17,99226.09,34465.08,25.78,-0.30173719621603257,-0.3053892215568862,-0.2840158520475562,-0.29212212728873643,163737.1885714286,19911.936293326064,275.57142857142856,41240.095714285715,0.816498506945346,0.8418869880767237,1,0.14300915247710438,False,Normal
2021-11-10,318,737,172393.64,126874.61,45519.03,26.4,0.28949159469544616,0.3706896551724137,0.35977859778597776,0.3207289813341503,162496.63142857142,18896.140396003528,279.14285714285717,41580.978571428575,1.0609059306917326,1.1392016376663254,1,0.13650187945234077,False,Normal
2021-11-11,283,746,169494.6,128683.82,40810.78,24.08,-0.0168163976350868,-0.11006289308176098,0.012211668928086894,-0.10343476124161699,164376.89714285714,18835.31675550883,280.7142857142857,41585.42428571428,1.0311339546256015,1.008142493638677,1,0.22551566375968046,False,Normal
2021-11-12,270,651,167761.99,128485.1,39276.89,23.41,-0.010222213569045957,-0.04593639575971731,-0.12734584450402142,-0.03758541248170211,163191.99000000002,18229.263915108084,280.2857142857143,40899.12142857142,1.0280038254328534,0.963302752293578,1,0.22066469436566027,False,Normal
2021-11-13,242,568,138088.54,101506.91,36581.63,26.49,-0.1768782666443095,-0.10370370370370374,-0.12749615975422424,-0.06862203193786476,161074.99857142856,20358.769053824864,279.0,40828.241428571426,0.8572934423386928,0.8673835125448028,1,0.2030017938392788,False,Normal
2021-11-14,252,631,152679.81,115700.24,36979.57,24.22,0.10566604585724493,0.04132231404958686,0.1109154929577465,0.010878137469544136,160796.04142857142,20474.804341213545,275.85714285714283,40331.55285714286,0.9495246813512085,0.9135163127913,1,0.23168763264945264,False,Normal
2021-11-15,286,688,169448.86,126679.77,42769.09,25.24,0.10983148328518344,0.13492063492063489,0.09033280507131547,0.15655995999953487,157651.23,16230.18760938796,269.0,39486.01,1.0748337326641852,1.063197026022305,1,0.2330315816263498,False,Normal
2021-11-16,268,672,153940.11,112886.06,41054.05,26.67,-0.09152466413760474,-0.06293706293706292,-0.023255813953488413,-0.0400999880988816,160543.93571428573,12659.829191976674,274.14285714285717,40427.29142857143,0.9588659286013871,0.9775924960917144,1,0.21754022034068565,False,Normal
2021-11-17,291,756,185082.51,138679.34,46403.17,25.07,0.2023020511028608,0.08582089552238803,0.125,0.13029457507846343,162356.63142857142,15277.176479248707,270.2857142857143,40553.59714285714,1.1399750559707,1.0766384778012685,1,0.21634312338684675,False,Normal
2021-11-18,295,697,174215.32,129489.55,44725.77,25.67,-0.05871538050786107,0.013745704467353903,-0.07804232804232802,-0.03614839244818835,163031.02,15741.913409531746,272.0,41112.881428571425,1.0686022819460985,1.0845588235294117,1,0.2172208187673635,False,Normal
2021-11-19,315,750,187364.02,142415.07,44948.95,23.99,0.07547384466532558,0.06779661016949157,0.07604017216642744,0.004989964398600666,165831.31,18265.032484821768,278.42857142857144,41923.17571428571,1.1298470717019602,1.1313494099538224,1,0.20987768716425986,False,Normal
2021-11-20,370,893,231730.22,175133.39,56596.83,24.42,0.23679146081515556,0.17460317460317465,0.19066666666666676,0.2591357528930043,179208.69285714283,26839.00431958025,296.7142857142857,44782.49,1.2930746623140932,1.2469908521906596,1,0.12637494669681087,False,Normal
2021-11-21,366,886,220650.28,166554.45,54095.83,24.52,-0.047813962287698186,-0.010810810810810811,-0.007838745800671898,-0.04418975409046766,188918.75999999998,27915.403779508903,313.0,47227.67,1.1679638380010542,1.1693290734824282,1,0.1642361286503391,False,Normal
2021-11-22,402,998,232632.49,173544.55,59087.94,25.4,0.0543040779282038,0.09836065573770503,0.12641083521444685,0.09228271384319275,197944.99285714285,30651.59494599871,329.57142857142856,49558.93428571429,1.1752380630708408,1.2197659297789338,1,0.13668059535829508,False,Normal
2021-11-23,438,989,261094.83,194420.22,66674.61,25.54,0.12234894618546188,0.08955223880597019,-0.009018036072144242,0.12839625141780187,213252.81,31749.77425784804,353.85714285714283,53219.014285714286,1.2243441481497945,1.2377876463463868,1,0.10974347030543441,False,Normal
2021-11-24,427,984,242247.82,180316.47,61931.35,25.57,-0.0721845392342697,-0.02511415525114158,-0.005055611729019249,-0.0711404236185259,221419.28285714285,30628.404145147102,373.2857142857143,55437.32571428571,1.0940683073040909,1.1438959050899349,1,0.13906432298828458,False,Normal
2021-11-25,463,1116,267820.98,201275.37,66545.61,24.85,0.10556610994476645,0.08430913348946145,0.13414634146341453,0.07450604580717202,234791.52000000002,26776.174570427378,397.2857142857143,58554.44571428571,1.1406756939092177,1.165408126573175,1,0.11547891508608865,False,Normal
2021-11-26,489,1233,286674.26,214874.71,71799.55,25.05,0.07039508256597382,0.05615550755939536,0.10483870967741926,0.07895246583508664,248978.69714285713,23577.178706091756,422.14285714285717,62390.24571428572,1.151400755525338,1.1583756345177665,1,0.10201208562337549,False,Normal
2021-11-27,382,894,212455.41,157072.99,55382.42,26.07,-0.25889610737985336,-0.21881390593047034,-0.2749391727493917,-0.22865226871199062,246225.15285714288,26828.674434493052,423.85714285714283,62216.758571428574,0.8628501496890705,0.9012470508931582,1,0.07732900919628338,False,Normal
2021-11-28,439,1044,259729.54,191932.79,67796.75,26.1,0.22251318523731634,0.1492146596858639,0.16778523489932895,0.22415651031500605,251807.9042857143,24592.65197616536,434.2857142857143,64174.032857142854,1.0314590431017503,1.0108552631578946,1,0.09592654813922841,False,Normal
2021-11-29,486,1206,313598.63,234010.83,79587.8,25.38,0.2074045562934428,0.1070615034168565,0.15517241379310343,0.1739176287948907,263374.4957142857,31996.578456832725,446.2857142857143,67102.58428571429,1.1906947525404985,1.08898847631242,1,0.07461969213681607,False,Normal
2021-11-30,422,1000,257387.72,196021.4,61366.32,23.84,-0.1792447562669518,-0.13168724279835387,-0.17081260364842454,-0.2289481553705468,262844.90857142856,32071.190518274154,444.0,66344.25714285714,0.9792379901855868,0.9504504504504504,1,0.0836962066898993,False,Normal
2021-12-01,337,810,210059.99,155687.4,54372.59,25.88,-0.18387718730326374,-0.20142180094786732,-0.18999999999999995,-0.11396691214333865,258246.6471428571,37383.969562214086,431.14285714285717,65264.43428571429,0.8134083920315094,0.7816434724983432,1,0.08406545597687531,False,Normal
2021-12-02,357,824,193813.37,147193.06,46620.31,24.05,-0.07734276289359054,0.05934718100890213,0.01728395061728394,-0.14257698594089407,247674.13142857142,44088.735929899485,416.0,62417.96285714286,0.7825337627393488,0.8581730769230769,1,0.10757113896917603,False,Normal
2021-12-03,365,870,201246.74,148716.27,52530.47,26.1,0.03835323641501098,0.022408963585434094,0.05582524271844669,0.12677221580036702,235470.2,43310.5854371642,398.2857142857143,59665.23714285714,0.8546590608917816,0.9164275466284075,1,0.12109818577940423,False,Normal
2021-12-04,285,644,148597.51,112720.78,35876.73,24.14,-0.2616153185885147,-0.2191780821917808,-0.2597701149425288,-0.31703009700845997,226347.64285714287,54297.755068355196,384.42857142857144,56878.71,0.6565012479223646,0.7413600891861761,1,0.06371447367483252,False,Normal
2021-12-05,324,790,202575.39,151599.41,50975.98,25.16,0.36324888620273654,0.13684210526315788,0.22670807453416142,0.42086472206357706,218182.76428571428,52715.572473452594,368.0,54475.74285714286,0.9284665113818242,0.8804347826086957,1,0.09073575317662996,False,Normal
2021-12-06,280,676,156223.49,116384.99,39838.5,25.5,-0.22881308534072187,-0.13580246913580252,-0.14430379746835442,-0.218484862870709,195700.60142857142,36217.44561230852,338.57142857142856,48797.27142857143,0.7982780270454093,0.8270042194092827,1,0.1530451851750887,False,Normal
2021-12-07,333,777,176470.14,131693.48,44776.66,25.37,0.12960054854746894,0.18928571428571428,0.14940828402366857,0.12395446615710948,184140.94714285716,24150.05520613715,325.85714285714283,46427.32,0.958342740917336,1.0219202104340201,1,0.18841920604548795,False,Normal
2021-12-08,337,836,206805.39,156027.29,50778.1,24.55,0.171900186626474,0.012012012012011963,0.07593307593307586,0.13403054180459173,183676.0042857143,23592.78838659624,325.85714285714283,45913.82142857143,1.1259249176517754,1.0341955282770716,1,0.1886672562395596,False,Normal
2021-12-09,394,929,226651.25,170555.92,56095.33,24.75,0.09596393981800944,0.16913946587537088,0.11124401913875603,0.10471502478430672,188367.12999999998,28664.08007837127,331.14285714285717,47267.39571428572,1.2032420412202491,1.189818809318378,1,0.1472357606497462,False,Normal
2021-12-10,463,1111,275185.91,204793.07,70392.84,25.58,0.21413806453747752,0.1751269035532994,0.1959095801937567,0.2548787929405174,198929.86857142858,43818.55201561995,345.14285714285717,49819.16285714286,1.38333128140177,1.3414735099337747,1,0.05027230033878083,False,Normal
2021-12-11,388,942,230526.99,172249.71,58277.28,25.28,-0.16228636124574836,-0.16198704103671702,-0.15211521152115215,-0.17211352745534914,210634.08000000002,38786.82081053144,359.85714285714283,53019.24142857144,1.0944429790278951,1.0782056371576023,1,0.12275149319536083,False,Normal
2021-12-12,323,777,171923.23,128256.78,43666.45,25.4,-0.2542164802481479,-0.16752577319587625,-0.17515923566878977,-0.25071228444429805,206255.2,41484.67609522672,359.7142857142857,51975.02285714285,0.8335461602907466,0.897934868943606,1,0.13566966318925333,False,Normal
2021-12-13,456,1110,273975.91,201775.02,72200.89,26.35,0.5935944781865719,0.41176470588235303,0.4285714285714286,0.6534637003924066,223076.9742857143,41689.30324615376,384.85714285714283,56598.22142857143,1.2281675904797549,1.1848552338530067,-1,-0.015816660441798747,True,Unusually High Revenue
2021-12-14,444,1050,267419.37,201360.16,66059.21,24.7,-0.023931082115942193,-0.02631578947368418,-0.05405405405405406,-0.08506377137456334,236069.7214285714,38816.57450586732,400.7142857142857,59638.58571428572,1.1327982613853094,1.1080213903743314,1,0.11520561361523063,False,Normal
2021-12-15,459,1081,268227.57,200311.31,67916.26,25.32,0.00302221937027225,0.03378378378378377,0.029523809523809508,0.02811190142903608,244844.31857142856,38033.16531630187,418.14285714285717,62086.89428571429,1.0955025281574988,1.0977109668602665,1,0.12643557329281763,False,Normal
2021-12-16,464,1118,273184.75,203929.15,69255.6,25.35,0.018481247099244813,0.01089324618736387,0.03422756706753005,0.019720461639083364,251491.96142857143,38388.33200440571,428.14285714285717,63966.93285714286,1.0862563894615365,1.0837504170837504,1,0.12302445447849975,False,Normal
2021-12-17,477,1108,259420.62,190142.91,69277.71,26.7,-0.050383961769461916,0.028017241379310276,-0.008944543828264706,0.0003192521615580368,249239.77714285714,37210.97126279188,430.14285714285717,63807.62857142858,1.0408475844981497,1.108933909000332,1,0.09002667708985812,False,Normal
2021-12-18,349,845,201092.24,150574.01,50518.23,25.12,-0.22484095520240455,-0.26834381551362685,-0.2373646209386282,-0.27078666428206133,245034.81285714288,41134.298648212345,424.57142857142856,62699.19285714285,0.8206680416355299,0.8220053835800808,1,0.0801158214303781,False,Normal
2021-12-19,359,881,211584.2,158095.28,53488.92,25.28,0.0521748626401497,0.02865329512893977,0.04260355029585794,0.05880431677831943,250700.66571428571,30825.070651803242,429.7142857142857,64102.40285714286,0.8439714326133251,0.835438829787234,1,0.12657664027584126,False,Normal
2021-12-20,429,1004,258558.22,190920.73,67637.49,26.16,0.22201100082142222,0.19498607242339827,0.13961407491486955,0.2645140339345047,248498.13857142857,29402.823464819627,425.85714285714283,63450.48857142858,1.0404835283129485,1.0073800738007381,1,0.09813912114395462,False,Normal
2021-12-21,407,1012,246911.51,183018.08,63893.43,25.88,-0.04504482588099501,-0.05128205128205132,0.007968127490039834,-0.05535480397040171,245568.4442857143,28200.41015486588,420.57142857142856,63141.09142857143,1.005469211315779,0.9677309782608696,1,0.12508721134735395,False,Normal
2021-12-22,409,963,247252.2,183935.73,63316.47,25.61,0.0013798060689840241,0.004914004914004844,-0.048418972332015864,-0.009030036421585064,242571.96285714285,26451.608476370424,413.42857142857144,62483.97857142857,1.0192942213425278,0.9892881824464409,1,0.13886234119069613,False,Normal
2021-12-23,440,1064,259130.42,193401.28,65729.14,25.37,0.04804090721943011,0.07579462102689494,0.10488058151609558,0.03810493541411897,240564.20142857145,24176.254088611742,410.0,61980.19857142858,1.0771778114165556,1.0731707317073171,1,0.13947088534755597,False,Normal
2021-12-24,466,1075,268205.0,198227.72,69977.28,26.09,0.03501935434674164,0.05909090909090908,0.010338345864661758,0.06463099927977156,241819.11285714287,25509.387736064124,408.42857142857144,62080.13714285714,1.1091141507844537,1.1409583770549143,1,0.11164806318298826,False,Normal
2021-12-25,417,1062,257200.1,191051.72,66148.38,25.72,-0.041031673533304724,-0.1051502145922747,-0.012093023255813962,-0.054716330786220846,249834.5214285714,18405.354052609648,418.14285714285717,64313.01571428571,1.0294818287293193,0.9972668261018107,1,0.12024527386315881,False,Normal
2021-12-26,376,883,210116.65,155797.67,54318.98,25.85,-0.18306155401961355,-0.09832134292565953,-0.16854990583804141,-0.17883128808294324,249624.87142857144,18914.971567436063,420.57142857142856,64431.59571428572,0.8417296273305184,0.8940217391304348,1,0.1088115898818025,False,Normal
2021-12-27,447,1010,246378.81,181139.21,65239.6,26.48,0.17258108769581093,0.18882978723404253,0.14382785956964894,0.20104611684534568,247884.9557142857,18512.14892816415,423.14285714285717,64089.04,0.993924013218367,1.0563808237677244,1,0.09478388225603418,False,Normal
2021-12-28,388,976,234590.55,175653.5,58937.05,25.12,-0.047846078970833594,-0.1319910514541387,-0.03366336633663369,-0.09660620236788697,246124.81857142856,19193.336495760235,420.42857142857144,63380.985714285714,0.9531365075721481,0.9228678219503907,1,0.13075380295171202,False,Normal
2021-12-29,460,1117,247786.85,184508.43,63278.42,25.54,0.056252479053397586,0.18556701030927836,0.1444672131147542,0.07366113505850724,246201.19714285716,19199.63332470071,427.7142857142857,63375.55,1.0064404758203624,1.0754843019372078,1,0.11770143977013586,False,Normal
2021-12-30,422,973,240561.77,179078.79,61482.98,25.56,-0.029158448077450494,-0.08260869565217388,-0.1289167412712623,-0.028373654083019062,243548.53285714285,18380.866224323003,425.14285714285717,62768.955714285716,0.9877364777274401,0.9926075268817204,1,0.13031226769616377,False,Normal
2021-12-31,431,1041,257876.42,192560.4,65316.02,25.33,0.07197590041011104,0.021327014218009532,0.06988694758478942,0.06234310698668133,242073.0214285714,16377.039308736961,420.14285714285717,62103.06142857143,1.0652836011141031,1.0258415504930296,1,0.13680331860902056,False,Normal
2022-01-01,152,353,77833.67,58342.49,19491.18,25.04,-0.6981745364698331,-0.6473317865429234,-0.6609029779058597,-0.7015865326760571,216449.2457142857,62927.121044505395,382.2857142857143,55437.74714285715,0.35959316810344033,0.3976083707025411,-1,-0.06889333627976424,True,Unusually Low Revenue
2022-01-02,159,357,88516.5,66200.11,22316.39,25.21,0.13725204015177495,0.046052631578947345,0.011331444759206777,0.14494812525460232,199077.7957142857,79554.22690372588,351.2857142857143,50865.94857142858,0.44463271095807155,0.45262301748678324,1,0.014998694895654197,False,Normal
2022-01-03,175,399,90290.83,67871.58,22419.25,24.83,0.020045189314986445,0.10062893081761004,0.11764705882352944,0.00460916841836867,176779.51285714284,85722.39510742492,312.42857142857144,44748.75571428572,0.5107539247093913,0.5601280292638317,1,0.03615453742943209,False,Normal
2022-01-04,189,439,108449.8,81349.14,27100.66,24.99,0.20111643674113977,0.08000000000000007,0.10025062656641603,0.20881206998449997,158759.40571428573,84797.54119002828,284.0,40200.700000000004,0.6831078732757017,0.6654929577464789,1,0.06725327173542228,False,Normal
2022-01-05,187,437,107510.12,81254.45,26255.67,24.42,-0.008664654061141697,-0.010582010582010581,-0.004555808656036442,-0.03117968344682387,138719.87285714285,76412.54397621095,245.0,34911.735714285714,0.775015992919173,0.763265306122449,1,0.12054265389985863,False,Normal
2022-01-06,204,491,117951.57,88863.49,29088.08,24.66,0.09712062455143777,0.09090909090909083,0.1235697940503433,0.10787803167849086,121204.13,61840.12035960838,213.85714285714286,30283.89285714286,0.9731646108098791,0.9539078156312625,1,0.1824591788130786,False,Normal
2022-01-07,188,469,113615.67,86261.13,27354.54,24.08,-0.036760002431506456,-0.07843137254901966,-0.044806517311609007,-0.05959623323368202,100595.45142857144,15002.496240345044,179.14285714285714,24860.824285714283,1.1294314840932311,1.0494417862838916,1,0.19519720036392946,False,Normal
2022-01-08,151,354,93925.32,70065.0,23860.32,25.4,-0.17330663983233996,-0.19680851063829785,-0.24520255863539442,-0.12773821091489757,102894.25857142858,11831.10110514797,179.0,25484.987142857142,0.9128334399221858,0.8435754189944135,1,0.14078217142171173,False,Normal
2022-01-09,161,392,93897.66,71951.05,21946.61,23.37,-0.00029448928148456677,0.0662251655629138,0.10734463276836159,-0.08020470806762015,103662.99571428572,10877.590625646275,179.28571428571428,25432.161428571428,0.9057972842961168,0.8980079681274901,1,0.16398067492054696,False,Normal
2022-01-10,187,455,112283.95,85552.67,26731.28,23.81,0.19581201491070166,0.16149068322981375,0.1607142857142858,0.21801408053453342,106804.87000000001,9454.613385629196,181.0,26048.165714285715,1.0512999079536354,1.0331491712707181,1,0.18062533660358454,False,Normal
2022-01-11,185,422,99177.33,75090.54,24086.79,24.29,-0.11672745748613222,-0.010695187165775444,-0.07252747252747249,-0.09892867083057744,105480.23142857142,9827.929469650931,180.42857142857142,25617.61285714286,0.9402456617395688,1.025336500395883,1,0.1959084266949881,False,Normal
2022-01-12,205,502,112575.65,86877.16,25698.49,22.83,0.13509458260269747,0.10810810810810811,0.18957345971563977,0.06691219543990723,106203.87857142858,10182.40350426819,183.0,25538.015714285713,1.059995656601995,1.1202185792349726,1,0.16719807766973793,False,Normal
2022-01-13,166,408,106622.41,80332.8,26289.61,24.66,-0.0528821285953045,-0.19024390243902434,-0.1872509960159362,0.02300212969711435,104585.42714285714,8812.105936453336,177.57142857142858,25138.234285714287,1.0194767369870803,0.9348350764279967,1,0.17053333187090175,False,Normal
2022-01-14,197,495,118159.99,89545.1,28614.89,24.22,0.10820970938473451,0.18674698795180733,0.21323529411764697,0.0884486304665606,105234.61571428573,9709.897152787675,178.85714285714286,25318.284285714286,1.1228243596271301,1.101437699680511,1,0.18172357304840192,False,Normal
2022-01-15,155,358,98026.55,72484.59,25541.96,26.06,-0.1703913482050904,-0.21319796954314718,-0.2767676767676768,-0.10738919492613808,105820.5057142857,9012.452389609658,179.42857142857142,25558.518571428573,0.9263473968331876,0.8638535031847134,1,0.1371402944340923,False,Normal
2022-01-16,182,423,98247.1,75215.29,23031.81,23.44,0.002249900664666793,0.17419354838709666,0.18156424581005592,-0.09827554345868517,106441.85428571429,8163.388739833931,182.42857142857142,25713.547142857144,0.9230119172509181,0.9976507439310885,1,0.1670172914951859,False,Normal
2022-01-17,174,440,117917.52,88023.07,29894.45,25.35,0.20021374676708015,-0.04395604395604391,0.04018912529550822,0.2979635556215512,107246.65,9063.410345678503,180.57142857142858,26165.428571428572,1.0994983992506993,0.9636075949367088,1,0.1789015720654588,False,Normal
2022-01-18,167,418,87130.47,65905.88,21224.59,24.36,-0.2610897006653464,-0.04022988505747127,-0.050000000000000044,-0.2900157052563268,105525.67000000001,11631.041870587187,178.0,25756.542857142857,0.8256803297245114,0.9382022471910112,1,0.1464259414678376,False,Normal
2022-01-19,168,377,83181.67,63215.03,19966.64,24.0,-0.04532054056405299,0.0059880239520957446,-0.09808612440191389,-0.05926851826113022,101326.53,13770.7993643223,172.71428571428572,24937.707142857143,0.820926858938128,0.9727047146401985,1,0.1510475115621776,False,Normal
2022-01-20,160,374,81734.18,62239.39,19494.79,23.85,-0.017401550125165866,-0.04761904761904767,-0.007957559681697646,-0.023631918039289435,97771.06857142858,15303.235946209792,171.85714285714286,23967.018571428573,0.8359751120065491,0.9310058187863673,1,0.14486101499345394,False,Normal
2022-01-21,175,433,113052.9,85428.03,27624.87,24.44,0.3831777599041184,0.09375,0.15775401069518713,0.41703860364743583,97041.48428571426,14255.024755814415,168.71428571428572,23825.587142857144,1.1649955772228724,1.0372565622353938,1,0.13534620966039423,False,Normal
2022-01-22,172,391,95858.98,70915.21,24943.77,26.02,-0.15208738563981994,-0.017142857142857126,-0.0969976905311778,-0.09705385038916015,96731.83142857144,14253.602775053081,171.14285714285714,23740.13142857143,0.9909765853113618,1.005008347245409,1,0.1631550839514645,False,Normal
2022-01-23,185,408,94529.48,71337.22,23192.26,24.53,-0.013869331803864404,0.07558139534883712,0.04347826086956519,-0.07021833507926034,96200.74285714285,14256.992903428494,171.57142857142858,23763.052857142855,0.9826273393790248,1.0782681099084095,1,0.17206923231809818,False,Normal
2022-01-24,174,455,102915.13,77311.68,25603.45,24.88,0.08870936347052805,-0.05945945945945941,0.11519607843137258,0.10396528841949859,94057.54428571429,11261.161606054777,171.57142857142858,23150.052857142855,1.0941719856876067,1.0141548709408825,1,0.16594534722344612,False,Normal
2022-01-25,175,410,105833.29,79895.22,25938.07,24.51,0.028355014466774575,0.005747126436781658,-0.09890109890109888,0.013069332453243598,96729.37571428569,11558.514978108062,172.71428571428572,23823.407142857144,1.094117368363929,1.0132340777502067,1,0.1725889264714433,False,Normal
2022-01-26,186,430,105718.0,79309.62,26408.38,24.98,-0.0010893547767436562,0.06285714285714294,0.04878048780487809,0.018132035267080404,99948.85142857142,10216.779338418424,175.28571428571428,24743.655714285713,1.0577210091858986,1.0611246943765282,1,0.18958288709032733,False,Normal
2022-01-27,189,479,118159.59,87636.48,30523.11,25.83,0.11768658128227916,0.016129032258064502,0.11395348837209296,0.1558115264927269,105152.48142857142,8530.414879783559,179.42857142857142,26319.129999999997,1.12369759034421,1.0533439490445862,1,0.1926634126816611,False,Normal
2022-01-28,150,371,90082.95,68145.98,21936.97,24.35,-0.23761626119386503,-0.2063492063492064,-0.22546972860125258,-0.2812996447609696,101871.05999999998,9362.22859737568,175.85714285714286,25506.57285714286,0.8842840154995935,0.8529650690495532,1,0.12757922370017533,False,Normal
2022-01-29,143,358,85554.94,64460.73,21094.21,24.66,-0.0502648947442329,-0.046666666666666634,-0.035040431266846306,-0.038417338401793955,100399.05428571427,11111.638088245487,171.71428571428572,24956.635714285716,0.8521488634397781,0.8327787021630615,1,0.14612062089994277,False,Normal
2022-01-30,159,367,86370.49,63369.91,23000.58,26.63,0.009532471181675772,0.11188811188811187,0.025139664804469275,0.09037408843469374,99233.4842857143,12204.16490160557,168.0,24929.252857142856,0.8703764724346573,0.9464285714285714,1,0.13886797467451517,False,Normal
2022-01-31,172,405,102250.35,78189.88,24060.47,23.53,0.18385747261593632,0.08176100628930816,0.10354223433242504,0.04608101187013536,99138.5157142857,12173.288216686347,167.71428571428572,24708.827142857142,1.0313887520233056,1.0255536626916524,1,0.16508356653813083,False,Normal
2022-02-01,187,460,112068.79,82980.98,29087.81,25.96,0.09602353439376965,0.08720930232558133,0.1358024691358024,0.2089460430324095,100029.30142857145,12948.302154367584,169.42857142857142,25158.79,1.1203596186266047,1.1037099494097808,1,0.1753997020514107,False,Normal
2022-02-02,200,458,114744.17,86565.42,28178.75,24.56,0.023872658926718193,0.06951871657754016,-0.004347826086956497,-0.03125226684305216,101318.75428571428,14014.744717778998,171.42857142857142,25411.7,1.1325067191057903,1.1666666666666667,1,0.18683161019201122,False,Normal
2022-02-03,199,501,126254.05,94791.03,31463.02,24.92,0.10030906145384133,-0.0050000000000000044,0.09388646288209612,0.1165513019562614,102475.10571428572,15849.677186228351,172.85714285714286,25545.972857142857,1.2320460576250896,1.1512396694214875,1,0.1848495947706103,False,Normal
2022-02-04,187,462,102920.84,78128.3,24792.54,24.09,-0.18481157634151146,-0.06030150753768848,-0.07784431137724546,-0.2120101630422,104309.09,14890.501831315778,178.14285714285714,25953.911428571428,0.9866909969207861,1.04971932638332,1,0.1894882714296532,False,Normal
2022-02-05,168,369,89513.77,68152.72,21361.05,23.86,-0.13026584314702438,-0.10160427807486627,-0.2012987012987013,-0.1384081663274518,104874.63714285714,14114.453085489202,181.71428571428572,25992.03142857143,0.8535311533718776,0.9245283018867924,1,0.16732919362384585,False,Normal
2022-02-06,173,412,104293.45,78698.49,25594.96,24.54,0.16511068632233883,0.029761904761904656,0.1165311653116532,0.1982070169771617,107435.05999999998,11599.93301685911,183.71428571428572,26362.657142857144,0.9707580560759217,0.9416796267496111,1,0.18482347429732948,False,Normal
2022-02-07,196,489,124515.49,94594.21,29921.28,24.03,0.19389558979974297,0.13294797687861282,0.18689320388349517,0.1690301528113347,110615.79428571428,12918.920575395588,187.14285714285714,27199.915714285715,1.125657423553671,1.047328244274809,1,0.20042152718573258,False,Normal
2022-02-08,172,419,108963.79,81726.69,27237.1,25.0,-0.12489771352945733,-0.12244897959183676,-0.14314928425357876,-0.08970806061772763,110172.22285714287,12914.021354899804,185.0,26935.528571428575,0.9890314198460912,0.9297297297297298,1,0.20565519237233404,False,Normal
2022-02-09,190,478,100890.76,75814.8,25075.96,24.85,-0.07408910795044854,0.10465116279069764,0.1408114558472553,-0.07934545160828432,108193.16428571429,13155.84678394794,183.57142857142858,26492.272857142856,0.9325058626954449,1.0350194552529182,1,0.19721188631656178,False,Normal
2022-02-10,183,431,109907.06,82828.49,27078.57,24.64,0.08936695491242208,-0.0368421052631579,-0.09832635983263593,0.07986174806468038,105857.87999999999,10622.498172005111,181.28571428571428,25865.922857142858,1.0382510966590301,1.0094562647754137,1,0.20274800798774362,False,Normal
2022-02-11,188,457,127920.28,97367.96,30552.32,23.88,0.16389502184846005,0.02732240437158473,0.06032482598607891,0.12828410067444485,109429.22857142857,13328.330602851162,181.42857142857142,26688.74857142857,1.1689772620164423,1.036220472440945,1,0.19694407250531443,False,Normal
2022-02-12,153,367,86273.24,64704.33,21568.91,25.0,-0.3255702692333068,-0.18617021276595747,-0.19693654266958427,-0.29403364458083703,108966.2957142857,14165.336498836867,179.28571428571428,26718.442857142854,0.7917424322307159,0.853386454183267,1,0.11497565170130464,False,Normal
2022-02-13,166,417,97262.87,72625.62,24637.25,25.33,0.12738167709941095,0.08496732026143783,0.1362397820163488,0.1422575364262728,107961.92714285714,14787.460574988596,178.28571428571428,26581.627142857145,0.9008997206144722,0.9310897435897436,1,0.1759953558686455,False,Normal
2022-02-14,205,473,123369.47,92213.52,31155.95,25.25,0.26841280747730356,0.2349397590361446,0.13429256594724226,0.26458715968705926,107798.20999999999,14578.513024598391,179.57142857142858,26758.00857142857,1.1444482241402711,1.1416070007955448,1,0.1838583926961731,False,Normal
2022-02-15,196,455,118962.93,90439.59,28523.34,23.98,-0.03571823725918588,-0.04390243902439028,-0.038054968287526414,-0.08449782465307587,109226.65857142858,15188.852220975496,183.0,26941.757142857143,1.0891382337966917,1.0710382513661203,1,0.20730496741469506,False,Normal
2022-02-16,201,474,115938.68,86961.67,28977.01,24.99,-0.025421784752611587,0.025510204081632626,0.04175824175824183,0.015905220075909776,111376.36142857143,14874.042606669907,184.57142857142858,27499.05,1.0409630779180599,1.0890092879256965,1,0.21774213824043304,False,Normal
2022-02-17,176,387,86261.08,64496.95,21764.13,25.23,-0.2559766938868029,-0.12437810945273631,-0.18354430379746833,-0.24891733136027483,107998.3642857143,17683.162059138253,183.57142857142858,26739.844285714287,0.7987258008074328,0.9587548638132295,1,0.1480626366883851,False,Normal
2022-02-18,186,426,103217.73,77826.72,25391.01,24.6,0.1965735879958841,0.05681818181818188,0.10077519379844957,0.16664484176486716,104469.42857142857,15356.667118747906,183.28571428571428,26002.514285714282,0.9880185180627005,1.014809041309431,1,0.18841044860363754,False,Normal
2022-02-19,183,446,104817.39,77898.76,26918.63,25.68,0.015497918816854472,-0.016129032258064502,0.04694835680751175,0.060163813885308226,107118.59285714287,13133.015956715433,187.57142857142858,26766.760000000002,0.9785172415379668,0.9756283320639756,1,0.2059966131332563,False,Normal
2022-02-20,188,436,108236.86,80679.21,27557.65,25.46,0.032623117213660846,0.02732240437158473,-0.022421524663677084,0.023738949567641443,108686.30571428571,12394.675146105279,190.71428571428572,27183.960000000003,0.9958647438485285,0.9857677902621722,1,0.21389723835045932,False,Normal
2022-02-21,192,464,116878.52,87115.25,29763.27,25.47,0.07984026883263251,0.02127659574468077,0.06422018348623859,0.08003657786494855,107759.02714285713,11308.300597963811,188.85714285714286,26985.005714285715,1.0846285745049746,1.0166414523449319,1,0.21039908446974703,False,Normal
2022-02-22,193,466,114261.34,85495.74,28765.6,25.18,-0.02239230955354332,0.005208333333333259,0.004310344827586299,-0.03352017436256172,107087.37142857142,10652.548661811688,188.42857142857142,27019.614285714288,1.0669917327853518,1.0242608036391205,1,0.21300558871352904,False,Normal
2022-02-23,162,407,90593.49,68991.1,21602.39,23.85,-0.20713786482812113,-0.1606217616580311,-0.12660944206008584,-0.24902001001195873,103466.62999999999,11422.16295671647,182.85714285714286,25966.097142857143,0.8755817213723885,0.8859374999999999,1,0.15907623919861102,False,Normal
2022-02-24,206,509,123582.23,92741.7,30840.53,24.96,0.3641402930828692,0.27160493827160503,0.2506142506142506,0.42764434861142675,108798.22285714284,10742.59493368843,187.14285714285714,27262.725714285712,1.135884638136684,1.100763358778626,1,0.155511885198096,False,Normal
2022-02-25,183,439,116790.33,87946.46,28843.87,24.7,-0.05495854865218075,-0.11165048543689315,-0.13752455795677798,-0.06474142954093198,110737.16571428571,10792.246103007437,186.71428571428572,27755.99142857143,1.054662445500295,0.9801071155317521,1,0.2092527999968523,False,Normal
2022-02-26,176,446,102007.67,76909.89,25097.78,24.6,-0.12657434909208665,-0.03825136612021862,0.015945330296127658,-0.12987473594909427,110335.77714285713,11097.05679529973,185.71428571428572,27495.87,0.9245203382029537,0.9476923076923076,1,0.20280935533207461,False,Normal
2022-02-27,201,484,119575.19,89444.81,30130.38,25.2,0.17221763814426905,0.14204545454545459,0.08520179372197312,0.2005197272428081,111955.53857142858,11557.565518470197,187.57142857142858,27863.402857142857,1.0680596201474215,1.0715917745620716,1,0.21043478833841195,False,Normal
2022-02-28,200,467,122885.17,92269.34,30615.83,24.91,0.027681160280824013,-0.00497512437810943,-0.03512396694214881,0.01611164545551702,112813.63142857142,12189.686609591912,188.71428571428572,27985.197142857145,1.0892759008276889,1.0598031794095382,1,0.22203266305875208,False,Normal
2022-03-01,176,408,103972.74,76695.86,27276.88,26.23,-0.1539032740891354,-0.12,-0.12633832976445392,-0.10905959433404222,111343.83142857144,12599.431698191713,186.28571428571428,27772.522857142852,0.933798834349435,0.9447852760736196,1,0.19086821923093555,False,Normal
2022-03-02,178,409,99076.1,74524.16,24551.94,24.78,-0.04709542135755973,0.011363636363636465,0.002450980392156854,-0.09989925534005362,112555.63285714286,10504.882997838382,188.57142857142858,28193.88714285714,0.8802411526196005,0.9439393939393939,1,0.19964925354701624,False,Normal
2022-03-03,177,421,106279.72,79872.72,26407.0,24.85,0.07270794873839392,-0.005617977528089901,0.02933985330073341,0.0755565547977064,110083.84571428572,9461.752098775327,184.42857142857142,27560.52571428571,0.9654433791842716,0.959721146398141,1,0.20200682552108828,False,Normal
2022-03-04,271,633,155890.74,116911.74,38979.0,25.0,0.46679667579101625,0.5310734463276836,0.5035629453681709,0.47608588631802173,115669.61857142857,19883.146717840304,197.0,29008.40142857143,1.3477241640918354,1.3756345177664975,1,0.06029654261582973,False,Normal
2022-03-05,161,366,83689.64,62530.18,21159.46,25.28,-0.4631519486019503,-0.40590405904059046,-0.4218009478672986,-0.4571574437517638,113052.75714285715,22949.842355759374,194.85714285714286,28445.78428571429,0.7402706675631717,0.8262463343108504,1,0.0536714131893008,False,Normal
2022-03-06,176,457,115985.26,89305.86,26679.4,23.0,0.38589746592290264,0.0931677018633541,0.2486338797814207,0.2608733871280271,112539.91,22819.53820089596,191.28571428571428,27952.787142857145,1.03061447267907,0.9200896191187453,1,0.1490870825629046,False,Normal
2022-03-07,205,561,142964.51,110851.06,32113.45,22.46,0.23260929880227899,0.1647727272727273,0.2275711159737417,0.2036796179824134,115408.38714285714,25447.405549065443,192.0,28166.73285714286,1.2387705394672295,1.0677083333333333,1,0.16459013116109028,False,Normal
2022-03-08,217,486,117937.42,88796.64,29140.78,24.71,-0.17505806161263382,0.05853658536585371,-0.1336898395721925,-0.09256775587798882,117403.34142857141,24943.889627433746,197.85714285714286,28433.004285714287,1.0045490917458557,1.0967509025270759,1,0.20618143124448374,False,Normal
2022-03-09,221,520,131489.3,97448.58,34040.72,25.89,0.11490738054130722,0.018433179723502224,0.06995884773662553,0.16814718068630974,122033.79857142856,23963.946167474078,204.0,29788.544285714284,1.0774826444744072,1.0833333333333333,1,0.2189796361145095,False,Normal
2022-03-10,178,430,108565.34,81793.5,26771.84,24.66,-0.1743408779269492,-0.1945701357466063,-0.17307692307692313,-0.21353484885161067,122360.31571428571,23727.924428294253,204.14285714285714,29840.66428571429,0.8872593975117119,0.8719384184744576,1,0.19293091136552964,False,Normal
2022-03-11,193,478,106785.88,80620.46,26165.42,24.5,-0.016390682330106432,0.08426966292134841,0.1116279069767443,-0.02265141282780725,115345.33571428571,18938.014988749786,193.0,28010.152857142857,0.9257927885745829,1.0,1,0.21230440401408002,False,Normal
2022-03-12,156,380,98617.11,74441.33,24175.78,24.51,-0.07649672409872921,-0.1917098445595855,-0.20502092050209209,-0.0760408202887628,117477.83142857142,15263.290213653043,192.28571428571428,28441.05571428571,0.839452931678952,0.8112927191679049,1,0.16336026141217225,False,Normal
2022-03-13,193,479,124528.22,93336.79,31191.43,25.05,0.26274456836141313,0.23717948717948723,0.2605263157894737,0.29019332571689516,118698.25428571428,15464.272559485109,194.71428571428572,29085.631428571425,1.0491158505183455,0.9911958914159941,1,0.18850222539603173,False,Normal
2022-03-14,223,529,123114.12,92993.04,30121.08,24.47,-0.011355658982357575,0.15544041450777213,0.10438413361169108,-0.03431551551179279,115862.4842857143,11613.353793008202,197.28571428571428,28801.007142857143,1.0625882981794463,1.1303403330919624,1,0.21594175470773652,False,Normal
2022-03-15,195,494,116270.23,87570.2,28700.03,24.68,-0.05558980562099625,-0.12556053811659196,-0.06616257088846877,-0.04717792323515635,115624.3142857143,11580.758046836918,194.14285714285714,28738.042857142857,1.005586331199246,1.0044150110375276,1,0.22329798311105115,False,Normal
2022-03-16,196,455,120520.71,89502.9,31017.81,25.74,0.036556907129193794,0.00512820512820511,-0.07894736842105265,0.08075880060055685,114057.37285714285,9658.964082038356,190.57142857142858,28306.198571428573,1.0566674207984126,1.0284857571214392,1,0.2126607322039588,False,Normal
2022-03-17,245,585,151601.31,110995.58,40605.73,26.78,0.25788596831200206,0.25,0.2857142857142858,0.3091101531668419,120205.36857142858,16706.153332387123,200.14285714285714,30282.46857142857,1.2611858505297564,1.22412562455389,1,0.14154244992845427,False,Normal
2022-03-18,205,511,146428.6,112316.47,34112.13,23.3,-0.03412048352352626,-0.16326530612244894,-0.1264957264957265,-0.15991831694689407,125868.6142857143,18063.047379878688,201.85714285714286,31417.712857142855,1.163344816584822,1.0155697098372258,1,0.1924801723691788,False,Normal
2022-03-19,171,385,96498.6,73488.2,23010.4,23.85,-0.3409852993199416,-0.1658536585365854,-0.2465753424657534,-0.3254481616949747,125565.97,18605.349509614538,204.0,31251.230000000003,0.7685091748982626,0.8382352941176471,1,0.1335062711739189,False,Normal
2022-03-20,190,446,100194.34,74980.19,25214.15,25.17,0.03829837945835468,0.11111111111111116,0.15844155844155838,0.09577191183117195,122089.70142857141,20956.32666515045,203.57142857142858,30397.33285714286,0.8206616842176382,0.9333333333333332,1,0.19346975086221518,False,Normal
2022-03-21,235,650,210854.89,154809.77,56045.12,26.58,1.104459094196339,0.23684210526315796,0.45739910313901344,1.2227645984496802,134624.09714285712,39609.421229960375,205.28571428571428,34100.76714285714,1.5662492412205384,1.1447459986082116,-1,-0.006702814754585895,True,Unusually High Revenue
2022-03-22,221,555,135864.7,100474.87,35389.83,26.05,-0.35564833236734517,-0.05957446808510636,-0.1461538461538462,-0.3685475202836571,137423.30714285714,38779.855425674745,209.0,35056.45285714286,0.9886583493348993,1.0574162679425838,1,0.14513335073839684,False,Normal
2022-03-23,193,466,114769.06,87200.8,27568.26,24.02,-0.15526947028919225,-0.12669683257918551,-0.1603603603603604,-0.2210117991524685,136601.64285714287,39255.68816334012,208.57142857142858,34563.659999999996,0.8401733507702008,0.9253424657534246,1,0.17634150313144237,False,Normal
2022-03-24,221,513,130674.44,98470.14,32204.3,24.64,0.13858595687722808,0.14507772020725396,0.10085836909871237,0.1681658545007918,133612.09,38716.133704994514,205.14285714285714,33363.455714285716,0.9780135914347272,1.0772980501392757,1,0.20581408178072663,False,Normal
2022-03-25,206,460,104985.34,80063.68,24921.66,23.74,-0.19658856008872128,-0.0678733031674208,-0.10331384015594547,-0.2261387454470366,127691.62428571428,39588.505363388525,205.28571428571428,32050.53142857143,0.8221787496812774,1.0034794711203898,1,0.161943670981527,False,Normal
2022-03-26,215,498,121065.3,91179.96,29885.34,24.69,0.1531638607828485,0.043689320388349495,0.08260869565217388,0.19917132325856302,131201.15285714288,37390.24920871042,211.57142857142858,33032.665714285715,0.9227457027898284,1.0162052667116812,1,0.20098907212625539,False,Normal
2022-03-27,181,433,106946.51,80454.39,26492.12,24.77,-0.11662127793843491,-0.1581395348837209,-0.1305220883534136,-0.11354128813659148,132165.74857142856,36534.31391094852,210.28571428571428,33215.23285714286,0.8091847634956729,0.860733695652174,1,0.17093339680383057,False,Normal
2022-03-28,224,531,135025.61,100633.48,34392.13,25.47,0.26255274716304444,0.2375690607734806,0.22632794457274819,0.2982022578789465,121332.99428571427,12931.19244556007,208.71428571428572,30121.948571428573,1.1128515437609856,1.0732375085557837,1,0.19885248150626195,False,Normal
2022-03-29,223,529,129276.56,96806.06,32470.5,25.12,-0.0425774784501991,-0.004464285714285698,-0.0037664783427495685,-0.05587412003850878,120391.83142857142,11895.543150059562,209.0,29704.90142857143,1.0737984335482087,1.0669856459330143,1,0.2339016107611518,False,Normal
2022-03-30,199,472,116504.91,88031.2,28473.71,24.44,-0.09879323831017772,-0.1076233183856502,-0.10775047258979209,-0.12308988158482315,120639.81000000001,11776.288514498727,209.85714285714286,29834.25142857143,0.9657252444280209,0.9482641252552757,1,0.22773268189678325,False,Normal
2022-03-31,183,449,100860.55,76721.4,24139.15,23.93,-0.13428069254763597,-0.08040201005025127,-0.048728813559322015,-0.15223025029053106,116380.68285714285,12881.70541140831,204.42857142857142,28682.08714285714,0.8666433941086787,0.8951781970649896,1,0.20375909773222622,False,Normal
2022-04-01,233,545,124414.86,94576.38,29838.48,23.98,0.23353342808461774,0.2732240437158471,0.21380846325167036,0.23610317678957204,119156.32857142857,12085.76783831693,208.28571428571428,29384.489999999998,1.0441313650027342,1.1186556927297668,1,0.1870052010847295,False,Normal
2022-04-02,171,376,91488.78,68971.8,22516.98,24.61,-0.2646474866426728,-0.2660944206008584,-0.310091743119266,-0.2453710778833238,114931.11142857141,15881.20775296693,202.0,28331.86714285714,0.7960314562594255,0.8465346534653465,1,0.13589414965339686,False,Normal
2022-04-03,177,429,106566.82,81326.93,25239.89,23.68,0.16480753159021266,0.03508771929824572,0.14095744680851063,0.12092696267439051,114876.87000000001,15913.639193881749,201.42857142857142,28152.977142857144,0.9276612428594199,0.8787234042553193,1,0.1827242452169318,False,Normal
2022-04-04,196,488,120290.93,90516.26,29774.67,24.75,0.1287840811990073,0.10734463276836159,0.13752913752913742,0.17966718555429506,112771.9157142857,13612.420606684123,197.42857142857142,27493.34,1.0666745282997956,0.9927641099855283,1,0.2178768593836798,False,Normal
2022-04-05,232,543,136599.09,98888.14,37710.95,27.61,0.13557264874417374,0.18367346938775508,0.11270491803278682,0.2665446837865877,113817.99142857142,15272.300630462676,198.71428571428572,28241.975714285716,1.2001537567610765,1.1675053918044571,1,0.16892677013788188,False,Normal
2022-04-06,257,593,147031.81,111392.11,35639.7,24.24,0.07637474012454981,0.10775862068965525,0.09208103130755063,-0.0549243654694459,118178.97714285714,19842.16821640314,207.0,29265.688571428567,1.2441452240889255,1.2415458937198067,1,0.1839539824815995,False,Normal
2022-04-07,194,476,114426.67,85803.15,28623.52,25.01,-0.22175568674560964,-0.24513618677042803,-0.19730185497470487,-0.1968641711349982,120116.9942857143,18484.8151836314,208.57142857142858,29906.312857142857,0.9526268175494043,0.9301369863013698,1,0.2011795621574633,False,Normal
2022-04-08,265,592,146555.46,112457.7,34097.76,23.27,0.2807806082270854,0.365979381443299,0.24369747899159666,0.19124971352230613,123279.93714285715,21057.94276610224,213.14285714285714,30514.781428571423,1.1888021960148398,1.2432975871313674,1,0.13950200548073205,False,Normal
2022-04-09,187,429,104780.13,78532.18,26247.95,25.05,-0.28504792656650246,-0.2943396226415095,-0.27533783783783783,-0.23021482936122495,125178.70142857144,18105.937204845108,215.42857142857142,31047.777142857143,0.8370443917713021,0.8680371352785147,1,0.16050527175212898,False,Normal
2022-04-10,189,439,107996.85,80547.72,27449.13,25.42,0.03069971377206726,0.010695187165775444,0.02331002331002341,0.04576281195293341,125382.99142857142,17867.435554514464,217.14285714285714,31363.382857142857,0.8613357263973399,0.8703947368421053,1,0.21064975146272874,False,Normal
2022-04-11,226,552,126407.96,95123.03,31284.93,24.75,0.17047821302195398,0.1957671957671958,0.2574031890660593,0.1397421339036975,126256.85285714288,17725.911138659987,221.42857142857142,31579.134285714284,1.0011968232966182,1.0206451612903227,1,0.21713747932580207,False,Normal
2022-04-12,210,566,133190.79,100239.38,32951.41,24.74,0.05365825063548213,-0.07079646017699115,0.0253623188405796,0.053267819362229796,125769.95285714288,17438.96818471983,218.28571428571428,30899.2,1.0590032593181151,0.962041884816754,1,0.2352363232918337,False,Normal
2022-04-13,216,524,126740.61,95606.07,31134.54,24.57,-0.04842812329591262,0.02857142857142847,-0.0742049469964664,-0.05513785297806684,122871.21,14802.94060397508,212.42857142857142,30255.605714285717,1.0314915105011173,1.0168123739071957,1,0.23917363789193974,False,Normal
2022-04-14,197,499,118205.28,87888.0,30317.28,25.65,-0.06734487075610573,-0.08796296296296291,-0.04770992366412219,-0.026249303827838855,123411.01142857142,14509.67063160618,212.85714285714286,30497.571428571428,0.957817934005148,0.925503355704698,1,0.2316395175993453,False,Normal
2022-04-15,246,578,137812.76,104622.56,33190.2,24.08,0.16587651583753282,0.24873096446700504,0.1583166332665331,0.09476179921153882,122162.0542857143,12409.733113249305,210.14285714285714,30367.920000000002,1.128114297076911,1.1706322229775663,1,0.20626899686631378,False,Normal
2022-04-16,178,418,102940.12,77890.7,25049.42,24.33,-0.25304362237575106,-0.2764227642276422,-0.2768166089965398,-0.24527661779681953,121899.19571428573,12850.918638126346,208.85714285714286,30196.70142857143,0.8444692304720115,0.8522571819425444,1,0.15960955571218005,False,Normal
2022-04-17,176,454,128429.64,96328.76,32100.88,24.99,0.24761502123758938,-0.011235955056179803,0.0861244019138756,0.28150192699072485,124818.16571428571,11406.178473715123,207.0,30861.237142857142,1.0289338836622637,0.8502415458937198,1,0.1865829966501315,False,Normal
2022-04-18,214,495,124788.64,94120.99,30667.65,24.58,-0.028350153438100434,0.21590909090909083,0.09030837004405279,-0.044647685670922366,124586.83428571429,11384.962820415458,205.28571428571428,30773.054285714286,1.0016197996798195,1.0424495476687543,1,0.2241038685972772,False,Normal
2022-04-19,228,528,134370.75,101404.3,32966.45,24.53,0.07678671712425111,0.06542056074766345,0.06666666666666665,0.07495846600570943,124755.40000000001,11541.24720660699,207.85714285714286,30775.202857142856,1.0770736176550273,1.0969072164948452,1,0.23327997605432743,False,Normal
2022-04-20,199,476,115712.81,87473.78,28239.03,24.4,-0.1388541777135277,-0.1271929824561403,-0.09848484848484851,-0.14340094247333268,123180.0,11969.798811648734,205.42857142857142,30361.558571428566,0.9393798506251014,0.9687065368567456,1,0.22034488857998952,False,Normal
2022-04-21,198,538,122787.55,93204.3,29583.25,24.09,0.06114050812524563,-0.005025125628140725,0.13025210084033612,0.04760149339407205,123834.61,11776.12754479363,205.57142857142858,30256.697142857145,0.9915446901314584,0.9631688672689367,1,0.2267856921093006,False,Normal
2022-04-22,230,557,140688.55,105641.62,35046.93,24.91,0.14578839629913598,0.16161616161616155,0.03531598513011147,0.18468829489660532,124245.43714285715,12379.743153093721,203.28571428571428,30521.944285714282,1.1323437965632217,1.1314125087842586,1,0.21531375409044912,False,Normal
2022-04-23,176,438,101207.14,75753.97,25453.17,25.15,-0.28062987357535485,-0.23478260869565215,-0.21364452423698388,-0.2737403818251699,123997.86857142857,12883.877577042867,203.0,30579.622857142855,0.8162006425271734,0.8669950738916257,1,0.16340490015030446,False,Normal
2022-04-24,226,547,123580.69,92908.2,30672.49,24.82,0.22106691286800517,0.28409090909090917,0.24885844748858443,0.20505579462204526,123305.16142857143,12735.386044314799,210.14285714285714,30375.567142857144,1.0022345258563097,1.0754588715159756,1,0.1924933100515409,False,Normal
2022-04-25,213,482,123409.94,92185.44,31224.5,25.3,-0.0013816883527677515,-0.05752212389380529,-0.11882998171846437,0.017996908630502295,123108.2042857143,12719.27062407442,210.0,30455.117142857143,1.0024509797379988,1.0142857142857142,1,0.2330941212069974,False,Normal
2022-04-26,223,567,135426.77,102017.87,33408.9,24.67,0.0973732747945586,0.04694835680751175,0.17634854771784236,0.06995788563467786,123259.06428571428,12880.358984155258,209.28571428571428,30518.324285714283,1.0987165186170893,1.065529010238908,1,0.2334557643463263,False,Normal
2022-04-27,227,541,137756.55,104577.68,33178.87,24.09,0.01720324570984011,0.017937219730941756,-0.04585537918871252,-0.006885291045200526,126408.17,13411.655105773227,213.28571428571428,31224.015714285713,1.0897756845938043,1.0643000669792364,1,0.23660473099842472,False,Normal
2022-04-28,293,764,185794.81,138854.6,46940.21,25.26,0.34871851828461153,0.29074889867841414,0.412199630314233,0.4147621664028942,135409.20714285714,25902.922582316234,226.85714285714286,33703.58142857143,1.3720987953499049,1.2915617128463477,1,0.0911434129438089,False,Normal
2022-04-29,226,491,120680.92,91338.01,29342.91,24.31,-0.3504612965238373,-0.22866894197952214,-0.35732984293193715,-0.3748875431106934,132550.97428571427,26323.731072717263,226.28571428571428,32888.72142857143,0.9104491358914624,0.9987373737373738,1,0.14188127920717447,False,Normal
2022-04-30,212,498,114262.84,86623.3,27639.54,24.19,-0.053182226320449,-0.06194690265486724,0.014256619144602745,-0.058050479655903264,134416.07428571428,24101.530474862793,231.42857142857142,33201.060000000005,0.8500682720217179,0.9160493827160494,1,0.21564157393272165,False,Normal
2022-05-01,209,530,133681.57,101749.91,31931.66,23.89,0.16994790257269998,-0.014150943396226467,0.06425702811244971,0.15528912565115038,135859.05714285714,23642.691522713063,229.0,33380.94142857143,0.983972455067405,0.9126637554585153,1,0.21800689226097036,False,Normal
2022-05-02,214,518,133684.97,100270.26,33414.71,25.0,2.5433573229260986e-05,0.02392344497607657,-0.02264150943396226,0.04644450053645821,137326.91857142857,23052.566710610015,229.14285714285714,33693.82857142857,0.9734797182568815,0.9339152119700749,1,0.2383078511823461,False,Normal
2022-05-03,242,615,144982.7,108649.62,36333.08,25.06,0.08451009862963654,0.13084112149532712,0.18725868725868722,0.08733788202860371,138692.05142857143,23203.7364173235,231.85714285714286,34111.56857142857,1.0453569509328973,1.0437461491065927,1,0.23540023856369796,False,Normal
2022-05-04,217,541,152781.17,115697.58,37083.59,24.27,0.05378896930461363,-0.10330578512396693,-0.12032520325203255,0.02065638255826352,140838.42571428572,23790.263917283584,230.42857142857142,34669.385714285716,1.084797484955861,0.9417234965902046,1,0.22804617475395755,False,Normal
2022-05-05,251,599,157638.18,117825.88,39812.3,25.26,0.031790632314178335,0.15668202764976957,0.10720887245841038,0.07358268171986593,136816.05,16040.358759659264,224.42857142857142,33651.112857142856,1.1521906969248126,1.1183959261616805,1,0.22773904207053947,False,Normal
2022-05-06,207,499,114327.39,85865.44,28461.95,24.9,-0.27474809719320537,-0.17529880478087645,-0.1669449081803005,-0.2850965656342387,135908.40285714288,17240.40457741934,221.71428571428572,33525.26142857143,0.8412091349507853,0.9336340206185567,1,0.19762352727741267,False,Normal
2022-05-07,238,541,132479.28,99136.37,33342.91,25.17,0.15877113961929856,0.1497584541062802,0.08416833667334678,0.17149070952622725,138510.75142857144,14601.439800666627,225.42857142857142,34340.02857142857,0.956454850137162,1.055766793409379,1,0.22731497522911348,False,Normal
2022-05-08,199,499,119622.45,89278.6,30343.85,25.37,-0.09704785533254712,-0.16386554621848737,-0.077634011090573,-0.08994595852611553,136502.30571428573,16250.242171481823,224.0,34113.19857142858,0.8763401421979119,0.8883928571428571,1,0.221429104021087,False,Normal
2022-05-09,210,463,121589.19,91429.52,30159.67,24.8,0.016441228214269188,0.055276381909547645,-0.07214428857715427,-0.006069763724774524,134774.33714285714,17214.261218945816,223.42857142857142,33648.19285714286,0.9021687108809058,0.9398976982097187,1,0.23245778681640927,False,Normal
2022-05-10,228,590,149987.06,113208.32,36778.74,24.52,0.2335558777881488,0.08571428571428563,0.2742980561555075,0.21946758701272273,135489.2457142857,17802.73078552482,221.42857142857142,33711.85857142857,1.1070034319645317,1.0296774193548388,1,0.21392623191491983,False,Normal
2022-05-11,255,664,167989.88,125840.53,42149.35,25.09,0.12002915451506291,0.11842105263157898,0.12542372881355934,0.1460248502259729,137661.91857142857,20919.928188981874,226.85714285714286,34435.53857142857,1.2203075603136766,1.1240554156171285,1,0.21603997038307543,False,Normal
2022-05-12,251,604,160186.39,122096.84,38089.55,23.78,-0.04645214342673498,-0.015686274509803977,-0.09036144578313254,-0.0963193975707809,138025.94857142857,21343.357827751122,226.85714285714286,34189.43142857143,1.1605527196728764,1.1064231738035264,1,0.2126316404609488,False,Normal
2022-05-13,265,592,142818.81,107911.86,34906.95,24.44,-0.108421071228336,0.055776892430278835,-0.019867549668874163,-0.0835557259143257,142096.15142857144,18612.798121196724,235.14285714285714,35110.14571428571,1.005085701225285,1.1269744835965978,1,0.22966947910499447,False,Normal
2022-05-14,211,482,111360.79,82773.49,28587.3,25.67,-0.2202652437728616,-0.20377358490566033,-0.18581081081081086,-0.18104274363701212,139079.22428571427,21859.714864626498,231.28571428571428,34430.77285714286,0.8007003962808167,0.9122915379864114,1,0.19759440081362695,False,Normal
2022-05-15,215,519,121981.65,91492.26,30489.39,25.0,0.095373425422,0.018957345971563955,0.07676348547717837,0.06653618914692894,139416.25285714286,21525.36746423162,233.57142857142858,34451.56428571428,0.8749456932040215,0.9204892966360856,1,0.228650404157746,False,Normal
2022-05-16,236,609,143440.86,107050.75,36390.11,25.37,0.175921624277094,0.0976744186046512,0.17341040462427748,0.1935335538034706,142537.92,20042.57268544244,237.28571428571428,35341.62714285714,1.006334735346215,0.9945815773630343,1,0.23093218459990233,False,Normal
2022-05-17,227,569,136242.6,102658.4,33584.2,24.65,-0.050182772189179436,-0.03813559322033899,-0.06568144499178985,-0.07710638962069649,140574.42571428572,19863.628896385955,237.14285714285714,34885.264285714286,0.9691848236813,0.9572289156626507,1,0.24394625684660903,False,Normal
2022-05-18,267,635,150055.44,114348.68,35706.76,23.8,0.1013841485702709,0.17621145374449343,0.1159929701230229,0.06320114815895583,138012.36285714287,16631.876288251467,238.85714285714286,33964.89428571429,1.087260857603916,1.117822966507177,1,0.2267220929991441,False,Normal
2022-05-19,241,584,132081.59,98709.89,33371.7,25.27,-0.11978139546290356,-0.09737827715355807,-0.08031496062992127,-0.065395460131359,133997.39142857143,13480.618625464707,237.42857142857142,33290.91571428571,0.985702696088732,1.0150421179302047,1,0.23724880976530177,False,Normal
2022-05-20,214,528,122399.33,92374.55,30024.78,24.53,-0.0733051441915561,-0.11203319502074693,-0.09589041095890416,-0.10029216371955874,131080.32285714283,13462.881384799071,230.14285714285714,32593.462857142855,0.9337734858449825,0.9298572315332092,1,0.2344056676398228,False,Normal
2022-05-21,201,467,110167.03,82864.95,27302.08,24.78,-0.09993763854753124,-0.06074766355140182,-0.11553030303030298,-0.0906817635299908,130909.78571428571,13758.617376587692,228.71428571428572,32409.859999999997,0.8415492348329302,0.8788257339163023,1,0.2124255334439773,False,Normal
2022-05-22,189,447,107880.66,81770.55,26110.11,24.2,-0.020753668316192186,-0.05970149253731338,-0.04282655246252676,-0.0436585783940272,128895.35857142857,16114.284137200346,225.0,31784.24857142857,0.8369631086461264,0.84,1,0.20063695283573507,False,Normal
2022-05-23,229,553,144991.01,106028.92,38962.09,26.87,0.3439944657364906,0.21164021164021163,0.23713646532438482,0.49222236137649356,129116.80857142857,16356.324067011312,224.0,32151.674285714285,1.1229444996682185,1.0223214285714286,1,0.16251372837701844,False,Normal
2022-05-24,232,515,117168.8,87568.17,29600.63,25.26,-0.19188920747569116,0.013100436681222627,-0.06871609403254975,-0.24027099162288257,126391.98000000001,16558.890824590664,224.71428571428572,31582.592857142856,0.9270271737178261,1.0324221233312143,1,0.21718314735187477,False,Normal
2022-05-25,208,521,128222.14,97499.56,30722.58,23.96,0.09433688831839193,-0.10344827586206895,0.011650485436893288,0.03790290949888564,123272.93714285715,13041.423363558539,216.28571428571428,30870.567142857144,1.0401483324065475,0.9616908850726552,1,0.22795426587117434,False,Normal
2022-05-26,222,529,146066.09,106945.88,39120.21,26.78,0.13916434400486533,0.06730769230769229,0.015355086372360827,0.2733373954921754,125270.72285714287,15462.156801771549,213.57142857142858,31691.782857142858,1.166003409803677,1.0394648829431437,1,0.19948345390290884,False,Normal
2022-05-27,226,540,133455.62,98619.75,34835.87,26.1,-0.0863340012729854,0.018018018018018056,0.020793950850661602,-0.10951730576088414,126850.19285714287,15683.081774682229,215.28571428571428,32379.08142857143,1.0520726614132632,1.0497677504976775,1,0.23041361065910437,False,Normal
2022-05-28,231,558,141880.99,107847.06,34033.93,23.99,0.06313237314397102,0.022123893805309658,0.03333333333333344,-0.02302052453405079,131380.75857142857,14604.046720571192,219.57142857142858,33340.77428571428,1.0799221403708268,1.0520494469746258,1,0.23821898596232027,False,Normal
2022-05-29,177,435,103905.72,77410.48,26495.24,25.5,-0.26765580082292906,-0.23376623376623373,-0.22043010752688175,-0.22150512738317318,130812.91,15705.811192750029,217.85714285714286,33395.79285714286,0.7943078401053841,0.8124590163934426,1,0.16544426009376328,False,Normal
2022-05-30,235,572,139141.38,105238.05,33903.33,24.37,0.33911184100355585,0.32768361581920913,0.3149425287356322,0.27960078866996496,129977.24857142857,14963.798615894955,218.71428571428572,32673.112857142864,1.0705056579462469,1.0744611365120835,1,0.17573207556845138,False,Normal
2022-05-31,239,581,145589.83,110496.2,35093.63,24.1,0.046344588504152906,0.017021276595744705,0.01573426573426584,0.03510864566990901,134037.3957142857,14763.662567306026,219.71428571428572,33457.827142857146,1.0861881434218512,1.08777633289987,1,0.24176756722894216,False,Normal
2022-06-01,234,587,156135.66,116186.89,39948.77,25.59,0.07243521061876379,-0.02092050209205021,0.010327022375215211,0.1383481845565706,138025.04142857142,16588.154666446713,223.42857142857142,34775.85428571428,1.1312125566779918,1.0473145780051152,1,0.23489741359738403,False,Normal
2022-06-02,259,615,157125.09,118267.3,38857.79,24.73,0.006336989256650272,0.1068376068376069,0.047700170357751315,-0.02730947661217098,139604.89857142855,17952.172591767943,228.71428571428572,34738.36571428571,1.1254984001840542,1.132417239225484,1,0.23211064965927242,False,Normal
2022-06-03,227,528,131098.29,98263.0,32835.29,25.05,-0.16564381920163096,-0.12355212355212353,-0.14146341463414636,-0.15498822758576847,139268.13714285713,18108.183735573824,228.85714285714286,34452.56857142857,0.9413372842455936,0.9918851435705368,1,0.2316716844334898,False,Normal
2022-06-04,204,474,115905.54,87546.11,28359.43,24.47,-0.11588823927451697,-0.10132158590308371,-0.10227272727272729,-0.1363124857432354,135557.35857142857,20041.759367093797,225.0,33641.92571428571,0.8550294961591957,0.9066666666666666,1,0.22458361883652994,False,Normal
2022-06-05,284,678,184840.85,137089.14,47751.71,25.83,0.5947542283138496,0.392156862745098,0.4303797468354431,0.6838035884360159,147119.52,21989.709623678707,240.28571428571428,36678.56428571429,1.2563992188120245,1.1819262782401903,1,0.06964554532597911,False,Normal
2022-06-06,219,515,127789.37,95151.65,32637.72,25.54,-0.3086519024339047,-0.22887323943661975,-0.24041297935103245,-0.316512016009479,145497.8042857143,23068.297958307132,238.0,36497.76285714285,0.8782907111715569,0.9201680672268907,1,0.18162824438761388,False,Normal
2022-06-07,233,579,144197.4,109366.23,34831.17,24.16,0.12839902098273126,0.06392694063926951,0.12427184466019425,0.0672059813001642,145298.88571428572,23073.375083803203,237.14285714285714,36460.26857142857,0.9924191730110603,0.9825301204819278,1,0.23892890280627144,False,Normal
2022-06-08,228,522,123900.62,94189.76,29710.86,23.98,-0.1407569068513025,-0.02145922746781115,-0.0984455958549223,-0.14700367515647617,140693.88,23756.723195082617,236.28571428571428,34997.71,0.8806397264756647,0.9649334945586457,1,0.22243584380549303,False,Normal
2022-06-09,213,538,127435.16,96427.1,31008.06,24.33,0.02852721802360647,-0.06578947368421051,0.03065134099616862,0.04366080281755558,136452.46142857143,22971.62363763371,229.71428571428572,33876.32,0.9339161687948612,0.9272388059701492,1,0.23279072968912345,False,Normal
2022-06-10,199,502,115461.59,88254.9,27206.69,23.56,-0.09395813525874652,-0.06572769953051638,-0.06691449814126393,-0.12259296453889734,134218.64714285714,24300.867622019217,225.71428571428572,33072.23428571429,0.8602499910247727,0.8816455696202531,1,0.20282400964572,False,Normal
2022-06-11,205,494,123866.58,93959.76,29906.82,24.14,0.07279468436213299,0.03015075376884413,-0.015936254980079667,0.09924507538403238,135355.93857142856,23473.15623376113,225.85714285714286,33293.29,0.915117440042237,0.9076533839342188,1,0.21695851765828933,False,Normal
2022-06-12,256,628,165065.62,124278.8,40786.82,24.71,0.33260819827268984,0.24878048780487805,0.27125506072874495,0.36379661896517246,132530.9057142857,16752.996838543262,221.85714285714286,32298.305714285718,1.2454877532932103,1.1538956857694784,1,0.17851936504646992,False,Normal
2022-06-13,266,655,188409.9,138501.04,49908.86,26.49,0.14142424085645455,0.0390625,0.04299363057324834,0.22365166002154613,141190.98142857142,26642.63150243215,228.57142857142858,34765.61142857142,1.334432965148816,1.1637499999999998,1,0.14989270186219517,False,Normal
2022-06-14,204,455,112610.1,85760.68,26849.42,23.84,-0.4023132542398249,-0.23308270676691734,-0.30534351145038163,-0.46203099008873383,136678.50999999998,28648.066607533518,224.42857142857142,33625.36142857143,0.8239049430667632,0.9089751750477404,1,0.11904070201681227,False,Normal
2022-06-15,264,625,147320.81,110083.53,37237.28,25.28,0.30823798220585896,0.2941176470588236,0.37362637362637363,0.38689327367220594,140024.25142857144,28272.17860544161,229.57142857142858,34700.56428571428,1.0521092489121475,1.149968886123211,1,0.16795641044334425,False,Normal
2022-06-16,210,523,128570.1,94891.24,33678.86,26.19,-0.12727808108033067,-0.20454545454545459,-0.1632,-0.09556068542063223,140186.38571428572,28191.088567883256,229.14285714285714,35082.107142857145,0.9171368485242147,0.9164588528678305,1,0.20157969768529754,False,Normal
2022-06-17,239,572,144539.4,107746.82,36792.58,25.46,0.1242069501384846,0.13809523809523805,0.09369024856596564,0.09245324812063127,144340.35857142857,25997.6589478961,234.85714285714286,36451.52,1.0013789728011027,1.017639902676399,1,0.23570051419484556,False,Normal
2022-06-18,213,499,118618.31,90138.74,28479.57,24.01,-0.17933580739922816,-0.10878661087866104,-0.1276223776223776,-0.22594256776774013,143590.60571428572,26751.270664270076,236.0,36247.62714285714,0.8260868418928798,0.902542372881356,1,0.20274963279610891,False,Normal
2022-06-19,202,485,102409.49,76297.73,26111.76,25.5,-0.13664686337210497,-0.05164319248826288,-0.028056112224448926,-0.08314065135112647,134639.73,28774.01522627626,228.28571428571428,34151.189999999995,0.7606186524586762,0.8848560700876096,1,0.18218778125444918,False,Normal
2022-06-20,232,553,137354.95,102746.31,34608.64,25.2,0.34123263381157365,0.14851485148514842,0.14020618556701026,0.32540433888791886,127346.1657142857,16889.012164434287,223.42857142857142,31965.444285714282,1.0785950973048537,1.0383631713554988,1,0.21081130875843207,False,Normal
2022-06-21,218,523,126915.6,94382.06,32533.54,25.63,-0.07600272141630138,-0.06034482758620685,-0.054249547920434016,-0.059959016014498046,129389.80857142857,15627.06419724109,225.42857142857142,32777.46142857143,0.980877871304194,0.9670468948035489,1,0.23892044988263772,False,Normal
2022-06-22,225,524,133156.0,101273.41,31882.59,23.94,0.0491696844201972,0.032110091743119185,0.0019120458891013214,-0.020008581912696943,127366.2642857143,13718.78929218158,219.85714285714286,32012.505714285715,1.0454573724585177,1.023391812865497,1,0.2382981981238969,False,Normal
2022-06-23,259,626,157079.31,118002.01,39077.3,24.88,0.1796637778245065,0.1511111111111112,0.19465648854961826,0.2256626578957357,131439.00857142857,17769.52550920705,226.85714285714286,32783.71142857143,1.195073758599127,1.1416876574307304,1,0.2163009161491497,False,Normal
2022-06-24,196,471,107011.29,80671.75,26339.54,24.61,-0.3187435697292025,-0.2432432432432432,-0.24760383386581475,-0.32596315507980345,126077.84999999999,18790.224636590912,220.71428571428572,31290.420000000002,0.8487715328267416,0.8880258899676375,1,0.1686612908881956,False,Normal
2022-06-25,205,466,114178.23,85448.97,28729.26,25.16,0.0669736810013224,0.04591836734693877,-0.010615711252653925,0.0907274766377848,125443.55285714286,19155.39584745437,219.57142857142858,31326.09,0.9101960794272784,0.9336369551073519,1,0.22206046902670262,False,Normal
2022-06-26,253,625,165179.86,125400.67,39779.19,24.08,0.4466843635603739,0.23414634146341462,0.3412017167381973,0.3846228548873172,134410.74857142856,21162.494344289666,226.85714285714286,33278.58,1.2289185333434856,1.1152392947103273,1,0.16779694492403435,False,Normal
2022-06-27,236,548,128379.59,96993.74,31385.85,24.45,-0.22278908578806156,-0.06719367588932801,-0.12319999999999998,-0.21099826316222137,133128.5542857143,21226.18429200925,227.42857142857142,32818.18142857143,0.9643279812419334,1.0376884422110553,1,0.22545116739484689,False,Normal
2022-06-28,217,522,143220.41,107828.08,35392.33,24.71,0.11560108581122597,-0.0805084745762712,-0.04744525547445255,0.12765242935909038,135457.81285714285,21325.149588938435,227.28571428571428,33226.58,1.0573063818108726,0.9547454431175362,1,0.22526982339694118,False,Normal
2022-06-29,211,481,115926.48,86851.04,29075.44,25.08,-0.19057290786976522,-0.027649769585253448,-0.07854406130268199,-0.17848189141545645,132996.45285714284,22591.80750974275,225.28571428571428,32825.55857142857,0.8716509163182087,0.9365884590995561,1,0.21915408908685075,False,Normal
2022-06-30,258,625,151594.05,115577.88,36016.17,23.76,0.3076740534173037,0.22274881516587675,0.2993762993762994,0.23871453020143463,132212.84428571427,21694.572723440317,225.14285714285714,32388.25428571428,1.1465909444652942,1.1459390862944163,1,0.18933681394315044,False,Normal
2022-07-01,231,524,125377.97,95010.18,30367.79,24.22,-0.1729360749976664,-0.10465116279069764,-0.16159999999999997,-0.15682900208434147,134836.6557142857,19093.338179902064,230.14285714285714,32963.71857142857,0.9298507837933304,1.0037243947858474,1,0.2300550856977615,False,Normal
2022-07-02,185,416,113639.25,87362.43,26276.82,23.12,-0.0936266554642734,-0.19913419913419916,-0.20610687022900764,-0.13471411650304488,134759.65857142856,19191.36669276036,227.28571428571428,32613.37,0.843273507848539,0.813953488372093,1,0.16443843054819196,False,Normal
2022-07-03,203,474,133469.79,98915.55,34554.24,25.89,0.17450431959028245,0.09729729729729719,0.13942307692307687,0.3150084370939863,130229.64857142858,13799.030793211296,220.14285714285714,31866.94857142857,1.0248802132549277,0.9221284879948086,1,0.20427163810342625,False,Normal
2022-07-04,219,557,126582.72,95535.22,31047.5,24.53,-0.0516002160488902,0.07881773399014769,0.17510548523206748,-0.10148508547720914,129972.95285714287,13855.77874300839,217.71428571428572,31818.612857142853,0.9739158587797172,1.0059055118110236,1,0.22927746917377567,False,Normal
2022-07-05,221,536,123708.62,90868.82,32839.8,26.55,-0.022705310803875944,0.009132420091324311,-0.037701974865350096,0.05772767533617862,127185.55428571429,12657.37754086824,218.28571428571428,31453.965714285714,0.9726625063259654,1.012434554973822,1,0.22504996873615368,False,Normal
2022-07-06,231,554,131266.8,97899.96,33366.84,25.42,0.061096631746437646,0.045248868778280604,0.033582089552238736,0.016048818811320142,129377.02857142857,11672.81123856462,221.14285714285714,32067.022857142856,1.0146066998866656,1.0445736434108528,1,0.2412232730892402,False,Normal
2022-07-07,220,521,131468.31,98548.98,32919.33,25.04,0.001535117790637086,-0.04761904761904767,-0.05956678700361007,-0.013411818440103862,126501.92285714285,6713.679071426086,215.71428571428572,31624.61714285714,1.0392593806535702,1.019867549668874,1,0.23043745482107003,False,Normal
2022-07-08,238,630,146235.86,111449.91,34785.95,23.79,0.1123278301820414,0.08181818181818179,0.20921305182341654,0.056702855131012475,129481.62142857142,9970.42042027118,216.71428571428572,32255.782857142858,1.1293947232555397,1.098220171390903,1,0.21430046045745232,False,Normal
2022-07-09,180,435,123452.44,88168.08,35284.36,28.58,-0.15579913162202474,-0.24369747899159666,-0.30952380952380953,0.014327911125037618,130883.5057142857,7832.294677656155,216.0,33542.57428571428,0.9432238182058825,0.8333333333333334,1,0.13858758768337648,False,Normal
2022-07-10,210,473,120959.81,91052.08,29907.73,24.73,-0.020191014450585243,0.16666666666666674,0.08735632183908049,-0.15237997798458014,129096.36571428573,8539.153198374433,217.0,32878.787142857145,0.9369730071852415,0.967741935483871,1,0.2115166966354421,False,Normal
2022-07-11,193,463,105997.62,81209.78,24787.84,23.39,-0.12369554813288808,-0.080952380952381,-0.02114164904862581,-0.1711895219062095,126155.63714285714,12276.001460521993,213.28571428571428,31984.55,0.840213108194044,0.9048894842598795,1,0.1951951002401423,False,Normal
2022-07-12,237,552,126269.2,95919.89,30349.31,24.04,0.19124561476002944,0.22797927461139889,0.1922246220302375,0.22436283274379698,126521.43428571428,12228.993021568704,215.57142857142858,31628.765714285713,0.9980063908764686,1.099403578528827,1,0.2077937640955212,False,Normal
2022-07-13,197,456,108181.23,81605.62,26575.61,24.57,-0.14324926427030504,-0.16877637130801693,-0.17391304347826086,-0.12434220086057968,123223.49571428572,13753.783889427568,210.71428571428572,30658.59,0.8779269681720138,0.934915254237288,1,0.21571259041250263,False,Normal
2022-07-14,199,490,110611.59,83353.5,27258.09,24.64,0.022465634750131747,0.010152284263959421,0.07456140350877183,0.02568068992583794,120243.96428571429,13928.025572358722,207.71428571428572,29849.84142857143,0.9198930745261642,0.9580467675378267,1,0.2262686425021751,False,Normal
2022-07-15,191,447,104025.59,77300.87,26724.72,25.69,-0.05954168093958323,-0.04020100502512558,-0.08775510204081638,-0.019567401824559183,114213.92571428571,9100.062669239205,201.0,28698.237142857142,0.9107960290256325,0.9502487562189055,1,0.20902842228156404,False,Normal
2022-07-16,208,516,124903.83,94902.51,30001.32,24.02,0.20070292319418725,0.08900523560209428,0.15436241610738266,0.12260558763571705,114421.26714285715,9358.506092132233,205.0,27943.51714285714,1.0916137630608056,1.0146341463414634,1,0.21294571935052142,False,Normal
2022-07-17,194,452,111254.14,83114.47,28139.67,25.29,-0.10928159688938288,-0.06730769230769229,-0.12403100775193798,-0.06205226970013322,113034.74285714285,8937.84856792599,202.71428571428572,27690.937142857143,0.9842472959009317,0.9570119802677942,1,0.21338179490950526,False,Normal
2022-07-18,205,505,120991.16,91080.57,29910.59,24.72,0.08752051833756491,0.05670103092783507,0.11725663716814161,0.06293321847768651,115176.67714285714,8765.264023342892,204.42857142857142,28422.75857142857,1.0504831620548576,1.002795248078267,1,0.2237539438319187,False,Normal
2022-07-19,218,516,130679.21,99846.79,30832.42,23.59,0.0800723788415616,0.06341463414634152,0.0217821782178218,0.030819519106777937,115806.67857142857,9793.580120364539,201.71428571428572,28491.774285714288,1.1284255071644955,1.0807365439093484,1,0.21796690258964163,False,Normal
2022-07-20,231,561,126551.8,93695.92,32855.88,25.96,-0.03158428949792402,0.059633027522935755,0.08720930232558133,0.06562767372784872,118431.04571428572,9870.700057406239,206.57142857142858,29388.955714285716,1.0685694721070484,1.1182572614107884,1,0.21474353178026745,False,Normal
2022-07-21,225,517,121334.24,92555.09,28779.15,23.72,-0.04122865103459605,-0.025974025974025983,-0.07843137254901966,-0.12407916025989862,119962.85285714285,9268.620315094056,210.28571428571428,29606.25,1.0114317650022067,1.0699728260869565,1,0.21616901439628555,False,Normal
2022-07-22,225,563,139770.41,103398.52,36371.89,26.02,0.1519453206283734,0.0,0.08897485493230173,0.26382780589419763,125069.25571428573,8862.462570546846,215.14285714285714,30984.41714285714,1.1175441094756198,1.045816733067729,1,0.20593480988503637,False,Normal
2022-07-23,207,476,117291.8,86975.42,30316.38,25.85,-0.16082524190921388,-0.07999999999999996,-0.15452930728241565,-0.16648873621909666,123981.82285714286,9340.265316317633,215.0,31029.425714285713,0.9460402928189612,0.9627906976744186,1,0.21366934439406754,False,Normal
2022-07-24,190,451,106629.7,80827.43,25802.27,24.2,-0.09090234781971118,-0.08212560386473433,-0.05252100840336138,-0.148900033579207,123321.18857142857,10484.03969689468,214.42857142857142,30695.51142857143,0.8646502781493973,0.8860759493670887,1,0.21166241954616755,False,Normal
2022-07-25,209,515,117912.93,89171.56,28741.37,24.38,0.10581695343792585,0.10000000000000009,0.14190687361419063,0.11390858246193059,122881.44142857143,10661.121852949169,215.0,30528.480000000003,0.9595666247823148,0.9720930232558139,1,0.22148674355236775,False,Normal
2022-07-26,203,457,109970.53,80951.41,29019.12,26.39,-0.06735817691918944,-0.028708133971291905,-0.11262135922330097,0.00966377037698618,119923.05857142857,11004.388142141206,212.85714285714286,30269.437142857143,0.9170090498859262,0.9536912751677852,1,0.2099773629816743,False,Normal
2022-07-27,216,535,136267.43,104996.25,31271.18,22.95,0.2391267915140538,0.0640394088669951,0.17067833698030643,0.07760607489131299,121311.0057142857,12491.94963343773,210.71428571428572,30043.051428571427,1.1232899207920177,1.025084745762712,1,0.20231526158363167,False,Normal
2022-07-28,232,569,137016.9,100301.5,36715.4,26.8,0.005499993652188229,0.07407407407407418,0.06355140186915897,0.17409704398746717,123551.3857142857,13831.318878649196,211.71428571428572,31176.801428571427,1.1089871571076788,1.0958164642375168,1,0.20850721689913393,False,Normal
2022-07-29,213,525,144875.81,108258.16,36617.65,25.28,0.0573572311152859,-0.0818965517241379,-0.0773286467486819,-0.0026623705584032376,124280.72857142858,14920.807768856319,210.0,31211.91,1.1657141993397204,1.0142857142857142,1,0.21916887559152415,False,Normal
2022-07-30,190,451,120196.9,87668.02,32528.88,27.06,-0.17034527710319625,-0.107981220657277,-0.14095238095238094,-0.11166117978625067,124695.74285714285,14733.23851067055,207.57142857142858,31527.981428571427,0.9639214398658587,0.9153475567790778,1,0.19710240876861956,False,Normal
2022-07-31,223,554,140442.34,105945.93,34496.41,24.56,0.1684356252116319,0.17368421052631589,0.22838137472283804,0.060485636148554844,129526.12000000001,13295.710559810146,212.28571428571428,32770.00142857143,1.0842781363326561,1.050471063257066,1,0.21980243662551813,False,Normal
2022-08-01,218,488,126221.84,95362.77,30859.07,24.45,-0.10125507735060524,-0.022421524663677084,-0.11913357400722024,-0.10544111691622415,130713.10714285714,12428.763888272922,213.57142857142858,33072.53,0.9656402694341233,1.0207357859531772,1,0.23371051186516484,False,Normal
2022-08-02,211,556,137096.17,103139.06,33957.11,24.77,0.0861525232083451,-0.032110091743119296,0.139344262295082,0.10039317451886909,134588.19857142857,8487.438567229388,214.71428571428572,33777.95714285714,1.0186344081813414,0.9827012641383899,1,0.23017969066642469,False,Normal
2022-08-03,239,634,144301.24,108272.1,36029.14,24.97,0.052554859847652846,0.1327014218009479,0.14028776978417268,0.06101903253839924,135735.88571428572,9260.3341890042,218.0,34457.665714285715,1.0631030934865944,1.0963302752293578,1,0.23123284880559486,False,Normal
2022-08-04,174,391,93999.49,70808.44,23191.05,24.67,-0.348588480597949,-0.2719665271966527,-0.38328075709779175,-0.3563251856691556,129590.54142857144,18213.784480633374,209.71428571428572,32525.61571428572,0.7253576454251582,0.829700272479564,1,0.10584232931043203,False,Normal
2022-08-05,242,567,137067.83,105045.37,32022.46,23.36,0.458176315637457,0.3908045977011494,0.45012787723785164,0.38081113188061777,128475.11571428571,17339.80419945611,213.85714285714286,31869.160000000003,1.066882323770959,1.1315965263861054,1,0.12300163076204068,False,Normal
2022-08-06,189,494,119706.43,90128.75,29577.68,24.71,-0.12666283547350243,-0.21900826446280997,-0.12874779541446213,-0.07634578979878492,128405.04857142859,17379.775055913742,213.71428571428572,31447.56,0.9322564130600381,0.8843582887700534,1,0.2118041429845124,False,Normal
2022-08-07,178,427,110404.47,83115.35,27289.12,24.72,-0.07770643565262114,-0.05820105820105825,-0.13562753036437247,-0.07737456081748129,124113.92428571428,17618.96561704018,207.28571428571428,30417.947142857145,0.8895413680244718,0.8587181254307374,1,0.21128775894126844,False,Normal
2022-08-08,240,578,145671.59,109391.1,36280.49,24.91,0.31943561705427315,0.348314606741573,0.3536299765807962,0.32948552390110053,126892.45999999999,19445.717239999518,210.42857142857142,31192.43571428571,1.1479924811923419,1.1405295315682282,1,0.16072679218713998,False,Normal
2022-08-09,241,551,139665.56,104187.56,35478.0,25.4,-0.04122993371597028,0.004166666666666652,-0.04671280276816614,-0.022119050762544723,127259.51571428574,19693.09858145004,214.71428571428572,31409.705714285716,1.097486181807948,1.1224218230206253,1,0.22478592313680473,False,Normal
2022-08-10,253,619,164850.08,124382.58,40467.5,24.55,0.18032018773991232,0.049792531120331995,0.12341197822141559,0.1406364507582163,130195.0642857143,23766.982802527582,216.71428571428572,32043.757142857143,1.266177645860944,1.1674357284113381,1,0.19662986976268665,False,Normal
2022-08-11,221,546,137217.46,105196.09,32021.37,23.34,-0.1676227272683155,-0.12648221343873522,-0.11793214862681745,-0.20871390622104158,136369.06,17614.31099678643,223.42857142857142,33305.23142857143,1.006221352556071,0.9891304347826088,1,0.21285918594138736,False,Normal
2022-08-12,227,528,136223.96,103293.78,32930.18,24.17,-0.007240332243433123,0.02714932126696823,-0.03296703296703296,0.028381359073643697,136248.50714285712,17611.619057252192,221.28571428571428,33434.90571428571,0.9998198355096002,1.025823111684958,1,0.24146087918587172,False,Normal
2022-08-13,203,483,113499.99,85747.88,27752.11,24.45,-0.16681331243050035,-0.10572687224669608,-0.08522727272727271,-0.1572439020983183,135361.87285714285,18705.465459810635,223.28571428571428,33174.11,0.8384930527651958,0.909149072296865,1,0.21805015036452763,False,Normal
2022-08-14,203,470,119880.13,88377.16,31502.97,26.28,0.056212692177329604,0.0,-0.026915113871635588,0.13515584941108982,136715.53857142857,16849.09570702907,226.85714285714286,33776.08857142857,0.8768581190744993,0.8948362720403022,1,0.20870692503010269,False,Normal
2022-08-15,215,534,127918.72,95483.07,32435.65,25.36,0.0670552325894207,0.059113300492610765,0.13617021276595742,0.02960609745684306,134179.4142857143,16610.748688259268,223.28571428571428,33226.82571428572,0.9533408733445272,0.962891874600128,1,0.2361164120871504,False,Normal
2022-08-16,244,558,129060.54,98193.61,30866.93,23.92,0.008926136846897803,0.1348837209302325,0.04494382022471921,-0.04836406854803288,132664.41142857142,16510.301205921707,223.71428571428572,32568.10142857143,0.9728346781946732,1.090676883780332,1,0.22576001924201278,False,Normal
2022-08-17,260,636,155143.38,116521.96,38621.42,24.89,0.2020977132127295,0.06557377049180335,0.13978494623655924,0.2512232347045851,131277.74,13487.445017195783,224.71428571428572,32304.375714285714,1.1817950248077094,1.1570247933884297,1,0.20856099507759362,False,Normal
2022-08-18,235,540,138153.78,102929.87,35223.91,25.5,-0.10950902320163458,-0.09615384615384615,-0.15094339622641506,-0.08796957750388246,131411.5,13560.613609465196,226.71428571428572,32761.881428571425,1.0513066208056372,1.0365469439193447,1,0.2268690852595926,False,Normal
2022-08-19,239,584,127670.97,96440.0,31230.97,24.46,-0.07587783700163686,0.017021276595744705,0.08148148148148149,-0.11335879520473457,130189.64428571428,13439.510919392673,228.42857142857142,32519.137142857147,0.98065380468982,1.0462789243277049,1,0.23495390368496594,False,Normal
2022-08-20,207,466,118721.37,88765.93,29955.44,25.23,-0.0700989426178873,-0.13389121338912136,-0.20205479452054798,-0.04084183104143102,130935.55571428571,12468.65931322509,229.0,32833.89857142857,0.906716050902642,0.9039301310043668,1,0.21542435134496596,False,Normal
2022-08-21,221,512,125670.31,94581.32,31088.99,24.74,0.058531501110541395,0.06763285024154597,0.09871244635193133,0.037841206805842464,131762.7242857143,11786.402548448554,231.57142857142858,32774.758571428574,0.9537622319306065,0.9543491671807526,1,0.23726922346767548,False,Normal
2022-08-22,282,705,184099.69,138650.02,45449.67,24.69,0.46494179890222287,0.2760180995475112,0.376953125,0.4619217285604966,139788.57714285713,22755.941066172174,241.14285714285714,34633.904285714285,1.3169866505748826,1.169431279620853,1,0.12421150683942467,False,Normal
2022-08-23,289,706,162429.02,121784.62,40644.4,25.02,-0.11771160505484835,0.024822695035461084,0.0014184397163119478,-0.10572728030808576,144555.50285714286,23612.958763191167,247.57142857142858,36030.68571428571,1.1236446678928622,1.16733987305251,1,0.21602100764227938,False,Normal
2022-08-24,282,654,156946.51,117694.9,39251.61,25.01,-0.03375326650373178,-0.02422145328719727,-0.07365439093484416,-0.034267697394967156,144813.09285714285,23757.105521921927,250.71428571428572,36120.71285714286,1.0837867412639732,1.1247863247863248,1,0.2351246250156826,False,Normal
2022-08-25,254,632,148698.07,112446.12,36251.95,24.38,-0.052555740169055065,-0.099290780141844,-0.033639143730886834,-0.07642132386416767,146319.41999999998,23598.247908550526,253.42857142857142,36267.57571428572,1.0162565570585231,1.0022547914317925,1,0.2418448791515488,False,Normal
2022-08-26,248,671,200573.25,153406.49,47166.76,23.52,0.3488624970048366,-0.023622047244094446,0.06170886075949378,0.30108201076080054,156734.0314285714,29376.090873162837,254.71428571428572,38544.11714285715,1.279704529844927,0.9736399326977004,1,0.15003128680205807,False,Normal
2022-08-27,196,422,110792.93,84332.8,26460.13,23.88,-0.4476186131500587,-0.20967741935483875,-0.3710879284649776,-0.4390089546112559,155601.39714285714,31183.250414661143,253.14285714285714,38044.787142857145,0.7120304318237025,0.7742663656884876,1,0.08914425677366156,False,Normal
2022-08-28,238,555,125997.37,95793.43,30203.94,23.97,0.13723294437650502,0.2142857142857142,0.31516587677725116,0.1414887228445212,155648.11999999997,31131.130729236404,255.57142857142858,37918.35142857143,0.8095013932709243,0.9312465064281721,1,0.15763781835969493,False,Normal
2022-08-29,270,614,148731.98,112079.15,36652.83,24.64,0.18043717896651357,0.134453781512605,0.10630630630630633,0.2135115484933423,150595.59000000003,28503.007280265625,253.85714285714286,36661.659999999996,0.987625069233435,1.0635903207653348,1,0.2289489693796668,False,Normal
2022-08-30,215,517,130849.07,98219.74,32629.33,24.94,-0.12023580940696144,-0.20370370370370372,-0.1579804560260586,-0.10977324261182564,146084.16857142857,28815.369358253778,243.28571428571428,35516.65,0.8957101325871647,0.8837345860246624,1,0.21157299480264968,False,Normal
2022-08-31,252,627,158930.04,121823.95,37106.09,23.35,0.21460580499349358,0.172093023255814,0.2127659574468086,0.13720048802718265,146367.53,28949.42993989593,239.0,35210.147142857146,1.0858285304124489,1.0543933054393306,1,0.2126463979455031,False,Normal
2022-09-01,301,696,172614.25,130226.47,42387.78,24.56,0.08610209875993236,0.19444444444444442,0.11004784688995217,0.14234024657407995,149784.12714285712,30632.672929625307,245.71428571428572,36086.694285714286,1.1524201749052392,1.2249999999999999,1,0.19582614008164323,False,Normal
2022-09-02,296,693,166159.51,126323.42,39836.09,23.97,-0.037394015847474926,-0.01661129568106312,-0.004310344827586188,-0.06019871764928486,144867.87857142856,22911.407522192763,252.57142857142858,35039.455714285716,1.146972756407649,1.171945701357466,1,0.20920703518543088,False,Normal
2022-09-03,259,574,131296.8,99912.55,31384.25,23.9,-0.20981471358455506,-0.125,-0.1717171717171717,-0.21216540077100932,147797.00285714286,18764.368884343,261.57142857142856,35742.90142857143,0.8883590158246201,0.9901693063899509,1,0.21615650102394124,False,Normal
2022-09-04,246,571,139143.06,105931.11,33211.95,23.87,0.059759719962710456,-0.050193050193050204,-0.005226480836236891,0.05823621721086214,149674.95857142858,16770.95181348263,262.7142857142857,36172.61714285715,0.9296348656318318,0.9363784665579119,1,0.23565095438504358,False,Normal
2022-09-05,295,738,160486.08,120164.27,40321.81,25.12,0.15338903715355978,0.19918699186991873,0.2924693520140105,0.21407535540671363,151354.11571428573,17242.597954703248,266.2857142857143,36696.75714285714,1.0603350906093156,1.1078326180257512,1,0.20603893296717124,False,Normal
2022-09-06,315,764,196530.72,146513.16,50017.56,25.45,0.22459667530043737,0.06779661016949157,0.035230352303523116,0.24045919565614748,160737.20857142858,21556.185343762754,280.57142857142856,39180.78999999999,1.2226834206385104,1.1227087576374746,1,0.1901970164835401,False,Normal
2022-09-07,314,776,201771.25,154117.38,47653.87,23.62,0.026665195140993747,-0.0031746031746031633,0.015706806282722585,-0.047257203270211434,166857.38142857142,26477.493104379868,289.42857142857144,40687.61571428571,1.2092437761668613,1.0848963474827245,1,0.18965561126252467,False,Normal
2022-09-08,320,790,187248.15,141286.82,45961.33,24.55,-0.07197804444389377,0.019108280254777066,0.018041237113401998,-0.03551736721487675,168947.93857142856,27563.24469762494,292.14285714285717,41198.12285714286,1.1083186429104277,1.0953545232273838,1,0.20704534918599704,False,Normal
2022-09-09,314,761,184950.35,140244.56,44705.79,24.17,-0.012271416299707072,-0.018750000000000044,-0.036708860759493644,-0.02731731218395983,171632.34428571427,28155.08938281549,294.7142857142857,41893.794285714284,1.077596130086736,1.0654386815317498,1,0.21397200069113387,False,Normal
2022-09-10,265,627,151692.86,115671.08,36021.78,23.75,-0.17981847560710218,-0.1560509554140127,-0.17608409986859397,-0.19424799338072318,174546.0671428571,24039.7337182415,295.57142857142856,42556.29857142857,0.8690706269299502,0.8965683905268246,1,0.1977782639235401,False,Normal
2022-09-11,266,648,159322.07,119509.25,39812.82,24.99,0.05029379761183228,0.0037735849056603765,0.03349282296650724,0.1052429946549005,177428.78285714285,19948.598983748783,298.42857142857144,43499.27999999999,0.8979494050200327,0.8913355672570608,1,0.22074850840280075,False,Normal
2022-09-12,284,701,161107.29,122555.08,38552.21,23.93,0.011205101716290855,0.06766917293233088,0.08179012345679015,-0.03166341896906577,177517.52714285714,19861.85803925511,296.85714285714283,43246.479999999996,0.9075570879846079,0.9566891241578441,1,0.2156659563144478,False,Normal
2022-09-13,313,764,194943.93,145668.08,49275.85,25.28,0.21002550536353737,0.102112676056338,0.08987161198288152,0.2781588915395512,177290.84285714285,19616.22942951379,296.57142857142856,43140.521428571425,1.099571341973266,1.0553949903660886,1,0.20328754468080096,False,Normal
2022-09-14,306,739,164648.02,123524.77,41123.25,24.98,-0.15540832689686723,-0.022364217252396124,-0.0327225130890052,-0.16544818607898182,171987.5242857143,16695.573580116852,295.42857142857144,42207.57571428571,0.9573253681265768,1.0357833655705995,1,0.21630111392659768,False,Normal
2022-09-15,324,831,209503.48,156354.14,53149.34,25.37,0.2724324288867854,0.05882352941176472,0.12449255751014876,0.292440164627066,175166.85714285713,21510.680281601748,296.0,43234.434285714284,1.196022372138239,1.0945945945945945,1,0.17507693549054515,False,Normal
2022-09-16,241,560,137262.16,103606.62,33655.54,24.52,-0.34482157527884505,-0.25617283950617287,-0.3261131167268352,-0.36677407471099355,168354.25857142857,25141.01905585669,285.57142857142856,41655.82714285714,0.8153174215178112,0.8439219609804903,1,0.12190986860513109,False,Normal
2022-09-17,262,596,146754.23,110433.87,36320.36,24.75,0.06915285319712305,0.08713692946058083,0.06428571428571428,0.0791792376529985,167648.74,25748.461998566727,285.14285714285717,41698.48142857143,0.8753673305269101,0.9188376753507014,1,0.221885790155671,False,Normal
2022-09-18,254,594,153864.19,116699.39,37164.8,24.15,0.04844807539789486,-0.03053435114503822,-0.003355704697986628,0.023249769550742316,166869.04285714286,26122.546659036878,283.42857142857144,41320.19285714285,0.9220655153617897,0.8961693548387096,1,0.2282241882470588,False,Normal
2022-09-19,259,620,153106.44,114789.21,38317.23,25.03,-0.004924797641348566,0.019685039370078705,0.04377104377104368,0.031008642586533464,165726.06428571427,26587.563837988815,279.85714285714283,41286.624285714286,0.9238525072075697,0.925472179683512,1,0.2332448253038676,False,Normal
2022-09-20,248,571,149026.59,112128.98,36897.61,24.76,-0.02664714821923886,-0.0424710424710425,-0.07903225806451608,-0.03704912907326552,159166.44428571427,23683.256278593362,270.57142857142856,39518.30428571429,0.9362940201923933,0.9165786694825766,1,0.237154394906736,False,Normal
2022-09-21,246,563,132664.8,99705.98,32958.82,24.84,-0.10979107822302048,-0.008064516129032251,-0.014010507880910628,-0.1067491905302268,154597.41285714283,25467.42006274346,262.0,38351.95714285714,0.8581307898249897,0.9389312977099237,1,0.2304163245858178,False,Normal
2022-09-22,319,775,193872.12,147186.14,46685.98,24.08,0.4613682001555801,0.2967479674796747,0.3765541740674956,0.41649427983162024,152364.36142857143,19935.13518554661,261.2857142857143,37428.62,1.2724243266748927,1.220885729907053,1,0.10925169903464071,False,Normal
2022-09-23,277,670,154111.94,116760.68,37351.26,24.24,-0.2050845681163439,-0.1316614420062696,-0.13548387096774195,-0.19994696480613672,154771.47285714286,18792.178931953607,266.42857142857144,37956.58,0.9957386665322258,1.0396782841823056,1,0.2198526827676498,False,Normal
2022-09-24,203,477,110267.2,84742.89,25524.31,23.15,-0.2844993061536959,-0.26714801444043323,-0.28805970149253735,-0.31664125922391906,149559.03999999998,25314.83050027008,258.0,36414.287142857145,0.7372820793714644,0.7868217054263565,1,0.1147465580733863,False,Normal
2022-09-25,239,564,148999.44,115315.63,33683.81,22.61,0.35125803502764197,0.17733990147783252,0.1823899371069182,0.3196756347184311,148864.07571428572,25243.619219098375,255.85714285714286,35917.00285714286,1.0009093146554315,0.9341150195421553,1,0.17430985658049275,False,Normal
2022-09-26,244,594,145082.32,109423.49,35658.83,24.58,-0.026289494779309197,0.02092050209205021,0.05319148936170204,0.0586341034461364,147717.77285714285,25201.01789459032,253.71428571428572,35537.23142857143,0.9821588641219796,0.9617117117117117,1,0.2458619509733987,False,Normal
2022-09-27,291,662,159174.34,120071.29,39103.05,24.57,0.09713120110017526,0.19262295081967218,0.1144781144781144,0.09658813819746759,149167.45142857142,25577.909642902512,259.85714285714283,35852.294285714284,1.0670849335803017,1.1198460692688292,1,0.22486823179069476,False,Normal
2022-09-28,258,613,142603.9,106708.39,35895.51,25.17,-0.10410245772025817,-0.11340206185567014,-0.07401812688821752,-0.08202787250610888,150587.32285714286,24772.320673383856,261.57142857142856,36271.82142857143,0.9469847613619078,0.9863462588749318,1,0.2383300178352964,False,Normal
2022-09-29,274,669,160078.84,121001.93,39076.91,24.41,0.12254180986635,0.0620155038759691,0.09135399673735733,0.08862946925673998,145759.71142857143,17006.771389203157,255.14285714285714,35184.81142857143,1.0982379042266803,1.0739081746920494,1,0.2375063122719826,False,Normal
2022-09-30,250,587,140151.64,104306.06,35845.58,25.58,-0.12448366067620165,-0.08759124087591241,-0.1225710014947683,-0.08269154342039842,143765.38285714286,16679.483187390095,251.28571428571428,34969.71428571428,0.9748636091295095,0.9948834565093804,1,0.2397665813584941,False,Normal
2022-10-01,216,528,140536.17,106128.45,34407.72,24.48,0.002743671069421749,-0.136,-0.10051107325383302,-0.04011261639510366,148089.52142857146,8432.50947862212,253.14285714285714,36238.77285714286,0.9489946935089889,0.8532731376975169,1,0.2131489269189682,False,Normal
2022-10-02,201,499,119479.2,90418.12,29061.08,24.32,-0.149833099905882,-0.06944444444444442,-0.05492424242424243,-0.15539070882929762,143872.3442857143,13661.830988208236,247.71428571428572,35578.38285714286,0.8304528614806452,0.8114186851211073,1,0.19960834202642602,False,Normal
2022-10-03,260,624,161416.85,119654.46,41762.39,25.87,0.3510037730416675,0.2935323383084578,0.25050100200400793,0.43705567721502425,146205.8485714286,15210.208739919344,250.0,36450.32,1.1040382554952315,1.04,1,0.17903143234336838,False,Normal
2022-10-04,256,587,136654.82,102418.85,34235.97,25.05,-0.15340424497194682,-0.01538461538461533,-0.059294871794871806,-0.1802200496666977,142988.7742857143,14368.345460259752,245.0,35755.02285714286,0.9557031360164118,1.0448979591836736,1,0.2314821125442354,False,Normal
2022-10-05,237,596,136779.07,102536.3,34242.77,25.04,0.0009092251557609732,-0.07421875,0.015332197614991383,0.00019862150831406744,142156.65571428573,14561.716116092472,242.0,35518.91714285714,0.9621714109180094,0.9793388429752066,1,0.24442787398959692,False,Normal
2022-10-06,226,553,134771.61,101902.5,32869.11,24.39,-0.014676660690850052,-0.04641350210970463,-0.07214765100671139,-0.04011532945494756,138541.33714285714,12343.027515528613,235.14285714285714,34632.08857142857,0.9727898747002132,0.9611178614823815,1,0.24117426885544818,False,Normal
2022-10-07,257,634,150004.97,112137.44,37867.53,25.24,0.11303092691405858,0.13716814159292046,0.1464737793851718,0.15207043938822795,139948.9557142857,13096.144739246776,236.14285714285714,34920.938571428575,1.0718548719023262,1.08832425892317,1,0.23220030700716093,False,Normal
2022-10-08,249,568,136904.13,102718.37,34185.76,24.97,-0.0873360395992212,-0.0311284046692607,-0.10410094637223977,-0.0972276248279198,139430.09285714285,13140.875507040222,240.85714285714286,34889.23,0.9818836607981686,1.0338078291814947,1,0.24163582532494698,False,Normal
2022-10-09,210,521,123722.5,93673.63,30048.87,24.29,-0.09628365484664347,-0.15662650602409633,-0.08274647887323938,-0.12101208222370963,140036.27857142856,12125.824881056682,242.14285714285714,35030.34285714286,0.8835031983293717,0.8672566371681416,1,0.21272692921040576,False,Normal
2022-10-10,243,586,152862.92,115754.64,37108.28,24.28,0.2355304815211463,0.15714285714285725,0.12476007677543177,0.23493096412610526,138814.28857142857,9824.75490008547,239.71428571428572,34365.47,1.1012045054810229,1.0137067938021453,1,0.22523164476315416,False,Normal
2022-10-11,282,667,167547.94,126998.61,40549.33,24.2,0.09606659352052138,0.16049382716049387,0.1382252559726962,0.0927299783228972,143227.5914285714,14513.06065943202,243.42857142857142,35267.37857142858,1.169802119332275,1.1584507042253522,1,0.21825740013381933,False,Normal
2022-10-12,279,653,146255.73,111166.71,35089.02,23.99,-0.12708129983573646,-0.010638297872340385,-0.020989505247376306,-0.13465845181658997,144581.4,14250.907510767132,249.42857142857142,35388.271428571425,1.0115805352555725,1.1185567010309279,1,0.21994666146059322,False,Normal
2022-10-13,274,637,151811.95,113475.17,38336.78,25.25,0.037989759443954885,-0.017921146953404965,-0.024502297090352232,0.09255772888499036,147015.73428571428,13742.25344717771,256.2857142857143,36169.36714285715,1.0326238258618268,1.069119286510591,1,0.24158394076376322,False,Normal
2022-10-14,248,579,151818.41,113986.71,37831.7,24.92,4.255264490038435e-05,-0.0948905109489051,-0.09105180533751966,-0.013174815412249075,147274.79714285716,13824.842059086832,255.0,36164.24857142857,1.0308512586354848,0.9725490196078431,1,0.2426334295570141,False,Normal
2022-10-15,187,442,108305.17,82045.25,26259.92,24.25,-0.28661372490991044,-0.24596774193548387,-0.23661485319516407,-0.30587523161792884,143189.23142857145,20170.092215858105,246.14285714285714,35031.985714285714,0.7563778988088707,0.7597214161346488,1,0.14569044884255122,False,Normal
2022-10-16,272,640,151629.29,113473.68,38155.61,25.16,0.4000189464639592,0.4545454545454546,0.44796380090497734,0.45299795277365673,147175.91571428574,18357.655601031987,255.0,36190.091428571424,1.0302588522320435,1.0666666666666667,1,0.14805073749461034,False,Normal
2022-10-17,240,588,131646.93,100354.58,31292.35,23.77,-0.13178430104104566,-0.11764705882352944,-0.08125000000000004,-0.1798755150291137,144145.06,19002.306395275784,254.57142857142858,35359.24428571428,0.9132947740283295,0.9427609427609427,1,0.22550771946656745,False,Normal
2022-10-18,260,631,153927.45,115204.33,38723.12,25.16,0.16924450877813868,0.08333333333333326,0.0731292517006803,0.23746283037227967,142199.2757142857,16773.1119973387,251.42857142857142,35098.357142857145,1.0824770325080921,1.0340909090909092,1,0.23765511663643596,False,Normal
2022-10-19,254,633,144147.27,107905.39,36241.88,25.14,-0.06353759514628499,-0.023076923076923106,0.0031695721077653616,-0.06407644838535753,141898.06714285715,16706.92715907674,247.85714285714286,35263.05142857142,1.015850835056678,1.0247838616714697,1,0.24590792972849634,False,Normal
2022-10-20,256,615,139084.48,105541.26,33543.22,24.12,-0.03512234397501934,0.007874015748031482,-0.028436018957345932,-0.07446247269733242,140079.85714285713,16130.811493684863,245.28571428571428,34578.25714285714,0.9928942164622426,1.0436808386721026,1,0.24360891186619021,False,Normal
2022-10-21,269,682,160973.87,120386.52,40587.35,25.21,0.15738197389097608,0.05078125,0.10894308943089426,0.21000160390087763,141387.78,17549.976217275584,248.28571428571428,34971.92142857143,1.138527459728132,1.0834292289988492,1,0.22699765974082703,False,Normal
2022-10-22,209,472,103479.16,77149.11,26330.05,25.44,-0.35716796769562653,-0.22304832713754652,-0.3079178885630498,-0.3512744734504716,140698.35,19093.136555577723,251.42857142857142,34981.939999999995,0.7354681842395451,0.83125,1,0.1307254779152776,False,Normal
2022-10-23,222,536,125184.59,94970.63,30213.96,24.14,0.20975653455246435,0.062200956937799035,0.13559322033898313,0.1475086450652392,136920.5357142857,19185.82513120992,244.28571428571428,33847.41857142857,0.9142864461268593,0.9087719298245615,1,0.21012289153435498,False,Normal
2022-10-24,267,654,155316.14,118298.56,37017.58,23.83,0.2406969579881999,0.20270270270270263,0.2201492537313432,0.22518134001633694,140301.85142857142,20162.380745178696,248.14285714285714,34665.30857142857,1.1070141870442278,1.075993091537133,1,0.2171144212677813,False,Normal
2022-10-25,265,618,147716.25,111276.38,36439.87,24.67,-0.04893174656542465,-0.0074906367041198685,-0.05504587155963303,-0.015606368649706437,139414.53714285715,19591.386998441314,248.85714285714286,34339.13,1.0595469671045576,1.0648679678530424,1,0.24299881409688878,False,Normal
2022-10-26,260,678,153987.19,116139.02,37848.17,24.58,0.042452607617645244,-0.018867924528301883,0.09708737864077666,0.03864722898297934,140820.24000000002,20326.7726347783,249.71428571428572,34568.6,1.093501828998445,1.0411899313501143,1,0.24208922324657123,False,Normal
2022-10-27,256,652,166117.62,125602.52,40515.1,24.39,0.07877557866988805,-0.01538461538461533,-0.03834808259587019,0.07046390882306852,144682.11714285714,22403.91342711127,249.71428571428572,35564.58285714286,1.148155855612603,1.0251716247139588,1,0.2315555340677105,False,Normal
2022-10-28,262,647,159189.49,115978.29,43211.2,27.14,-0.04170617180766256,0.0234375,-0.0076687116564416735,0.06654555955680719,144427.2057142857,22196.84594073374,248.71428571428572,35939.41857142857,1.1022126282420635,1.0534175761056863,1,0.21555810215714294,False,Normal
2022-10-29,218,514,126366.67,95009.42,31357.25,24.81,-0.2061871044376108,-0.16793893129770987,-0.20556414219474495,-0.2743258692190913,147696.85,15972.926597225076,250.0,36657.590000000004,0.8555813478757333,0.872,1,0.20057984976614063,False,Normal
2022-10-30,227,550,144594.21,110715.3,33878.91,23.43,0.14424325654858206,0.041284403669724856,0.07003891050583655,0.08041712841527882,150469.65285714288,12778.965655534537,250.71428571428572,37181.154285714285,0.9609526389834827,0.9054131054131054,1,0.21572039610022165,False,Normal
2022-10-31,251,599,146870.56,108819.45,38051.11,25.91,0.015743023181910232,0.10572687224669597,0.08909090909090911,0.12315036109485211,149263.14142857143,12643.095100551453,248.42857142857142,37328.80142857142,0.9839707150360602,1.0103507763082231,1,0.2390313170651257,False,Normal
2022-11-01,347,815,202007.9,150533.39,51474.51,25.48,0.3754145146583494,0.38247011952191245,0.360601001669449,0.35277288888550173,157019.0914285714,23514.6071027441,260.14285714285717,39476.607142857145,1.2865180798214857,1.3338824821526631,1,0.0887744862289106,False,Normal
2022-11-02,315,759,186166.29,139025.81,47140.48,25.32,-0.0784207449312625,-0.09221902017291062,-0.06871165644171784,-0.08419759605288124,161616.10571428572,25852.33535249389,268.0,40804.08,1.1519043178104758,1.1753731343283582,1,0.1894599840103064,False,Normal
2022-11-03,298,738,195627.33,143421.2,52206.13,26.69,0.050820371400214226,-0.053968253968254,-0.02766798418972327,0.10745860033669574,165831.77857142856,28931.40140097593,274.0,42474.22714285715,1.1796733514242423,1.0875912408759123,1,0.16849094637554013,False,Normal
2022-11-04,336,832,204288.79,153659.9,50628.89,24.78,0.04427530652286693,0.12751677852348986,0.12737127371273704,-0.030211777812299,172274.5357142857,32058.316174030537,284.57142857142856,43533.897142857146,1.185832770658627,1.180722891566265,1,0.17351042747822243,False,Normal
2022-11-05,274,702,163412.97,123294.72,40118.25,24.55,-0.20008841405345834,-0.18452380952380953,-0.15625,-0.20760162824031891,177566.86428571428,25629.89086983092,292.57142857142856,44785.46857142857,0.9202897773599249,0.9365234375,1,0.19603837907766664,False,Normal
2022-11-06,274,642,166218.4,123865.76,42352.64,25.48,0.017167731545421283,0.0,-0.0854700854700855,0.055695101356614485,180656.03428571424,22045.932156799576,299.2857142857143,45996.00142857142,0.9200821918692149,0.9155131264916468,1,0.22107342949623499,False,Normal
2022-11-07,335,847,209162.41,155968.9,53193.51,25.43,0.25835894221097067,0.22262773722627727,0.31931464174454827,0.25596680631951174,189554.87000000002,18407.285659658875,311.2857142857143,48159.201428571425,1.1034399168958307,1.0761817347407068,1,0.1520601960731333,False,Normal
2022-11-08,328,795,172970.23,130643.26,42326.97,24.47,-0.17303386397202059,-0.020895522388059695,-0.06139315230224318,-0.2042831916901141,185406.63142857142,18405.099552243573,308.57142857142856,46852.409999999996,0.932923642845199,1.062962962962963,1,0.1929383529334256,False,Normal
2022-11-09,309,714,175262.65,131405.0,43857.65,25.02,0.013253263292764217,-0.057926829268292734,-0.10188679245283017,0.0361632311502571,183848.96857142853,18787.518996266186,307.7142857142857,46383.434285714284,0.9532968901694294,1.0041782729805013,1,0.2093922135320362,False,Normal
2022-11-10,308,674,168232.01,125395.9,42836.11,25.46,-0.04011487901158628,-0.003236245954692518,-0.05602240896358546,-0.023292173657275317,179935.35142857142,18778.400816292335,309.14285714285717,45044.86,0.9349580761331535,0.9963031423290203,1,0.2144382720581946,False,Normal
2022-11-11,340,805,207323.33,153892.49,53430.84,25.77,0.23236552900960983,0.10389610389610393,0.1943620178041543,0.24733174884460785,180368.85714285713,19457.072119799304,309.7142857142857,45445.138571428564,1.149440836317958,1.0977859778597785,1,0.17115450029217288,False,Normal
2022-11-12,245,603,155549.77,117328.38,38221.39,24.57,-0.2497237527489068,-0.27941176470588236,-0.2509316770186335,-0.2846567637716345,179245.54285714286,20781.073383259212,305.57142857142856,45174.15857142857,0.8678027220122946,0.8017765310892941,1,0.14633273781856904,False,Normal
2022-11-13,284,654,148554.33,110121.22,38433.11,25.87,-0.04497235836478575,0.15918367346938767,0.08457711442786064,0.005539306655252485,176722.10428571427,23518.74417642962,307.0,44614.22571428572,0.8406097844999953,0.9250814332247557,1,0.19291330175905308,False,Normal
2022-11-14,319,759,184203.05,139165.47,45037.58,24.45,0.23997092511541074,0.12323943661971826,0.16055045871559637,0.17184323620961206,173156.48142857142,19293.27782435358,304.7142857142857,43449.09285714286,1.0637952935997106,1.046882325363338,1,0.20756297915622357,False,Normal
2022-11-15,296,663,159952.6,121043.83,38908.77,24.33,-0.13165064313538777,-0.07210031347962387,-0.12648221343873522,-0.13608213407558767,171296.82,19931.059622395365,300.14285714285717,42960.778571428564,0.9337744857143291,0.9861970490242741,1,0.21447656292526163,False,Normal
2022-11-16,293,692,163616.84,122963.84,40653.0,24.85,0.022908286579899295,-0.010135135135135087,0.043740573152337925,0.04482871085362006,169633.13285714286,20030.652039957884,297.85714285714283,42502.97142857143,0.9645335038278783,0.9836930455635492,1,0.23376341489365998,False,Normal
2022-11-17,291,698,169240.83,128395.39,40845.44,24.13,0.034372928850110895,-0.0068259385665528916,0.00867052023121384,0.004733721988537276,169777.25,20022.5185515795,295.42857142857144,42218.590000000004,0.9968404482932783,0.9850096711798839,1,0.23618650936134034,False,Normal
2022-11-18,333,780,182569.34,135427.39,47141.95,25.82,0.07875469530609136,0.14432989690721643,0.11747851002865328,0.1541545396499584,166240.9657142857,13365.376863660562,294.42857142857144,41320.177142857145,1.0982211226670655,1.131004366812227,1,0.20273576369531776,False,Normal
2022-11-19,272,642,160108.89,120695.44,39413.45,24.62,-0.12302421644291417,-0.18318318318318316,-0.17692307692307696,-0.16394103341079447,166892.26857142855,12859.050711000878,298.2857142857143,41490.47142857143,0.9593547464511497,0.9118773946360154,1,0.20776261947293795,False,Normal
2022-11-20,397,967,243963.33,184138.05,59825.28,24.52,0.5237338164045731,0.4595588235294117,0.5062305295950156,0.517889958884594,180522.1257142857,29707.991600641904,314.42857142857144,44546.49571428571,1.3514317374376776,1.262607905497501,1,0.012278457211346905,False,Normal
2022-11-21,480,1136,287792.28,217915.6,69876.68,24.28,0.17965384387891437,0.20906801007556686,0.17476732161323683,0.16801258598371782,195320.5871428571,50424.47183986538,337.42857142857144,48094.93857142857,1.4734354642785774,1.4225232853513972,1,0.031075800720591018,False,Normal
2022-11-22,482,1174,278661.84,207780.97,70880.87,25.44,-0.03172579889912264,0.004166666666666652,0.03345070422535201,0.014370888828719508,212279.05000000002,56180.52426167148,364.0,52662.38142857142,1.312714749759809,1.3241758241758241,1,0.06099337311627839,False,Normal
2022-11-23,486,1092,271630.94,205410.31,66220.63,24.38,-0.025230939406701736,0.008298755186721962,-0.06984667802385014,-0.06574749999541474,227709.63571428575,55415.7365946776,391.57142857142856,56314.89999999999,1.1928829412419932,1.241152863918278,1,0.06683780450994703,False,Normal
2022-11-24,513,1248,289876.76,218623.04,71253.72,24.58,0.06717136125950907,0.05555555555555558,0.1428571428571428,0.07600486434514431,244943.34,52903.322722416015,423.2857142857143,60658.94,1.1834441385505725,1.2119473506581169,1,0.07213183058639883,False,Normal
2022-11-25,477,1176,299558.23,225388.56,74169.67,24.76,0.03339857255200451,-0.07017543859649122,-0.05769230769230771,0.040923477398794095,261656.03857142857,48183.05305355244,443.85714285714283,64520.04285714286,1.1448550227829908,1.0746700997747023,1,0.08827145796630165,False,Normal
2022-11-26,435,1048,271175.33,200683.92,70491.41,25.99,-0.0947491911672731,-0.08805031446540879,-0.108843537414966,-0.049592508635942334,277522.67285714287,18010.1015673,467.14285714285717,68959.75142857143,0.9771285610945013,0.9311926605504587,1,0.09006414953384279,False,Normal
2022-11-27,395,941,228476.39,169558.87,58917.52,25.79,-0.15745879243513783,-0.09195402298850575,-0.10209923664122134,-0.16418865788044257,275310.2528571429,23062.333302348103,466.85714285714283,68830.07142857142,0.8298869643571003,0.8460832313341494,1,0.08831476124140947,False,Normal
2022-11-28,498,1240,309289.53,231500.4,77789.13,25.15,0.35370455564358316,0.26075949367088613,0.3177470775770457,0.3203055729433284,278381.2885714286,26217.03884607207,469.42857142857144,69960.42142857143,1.1110284444302398,1.0608642726719415,1,0.04373340869291986,False,Normal
2022-11-29,535,1257,318700.01,238672.6,80027.41,25.11,0.030426118853748463,0.07429718875502012,0.013709677419354804,0.02877368598928931,284101.02714285714,30332.9069889204,477.0,71267.06999999999,1.1217840822509422,1.121593291404612,1,0.09134624801156765,False,Normal
2022-11-30,566,1319,323976.87,242233.84,81743.03,25.23,0.016557451629825692,0.05794392523364489,0.04932378679395377,0.021437904837854793,291579.01714285713,33074.78623646564,488.42857142857144,73484.55571428571,1.111111743137778,1.1588183679438433,1,0.07561127081596153,False,Normal
2022-12-01,360,913,243143.19,180879.77,62263.42,25.61,-0.24950447851416058,-0.3639575971731449,-0.3078089461713419,-0.2383030088314564,284902.7928571428,37847.890263015484,466.57142857142856,72200.22714285714,0.8534250842599423,0.771586037966932,1,0.030141224437994607,False,Normal
2022-12-02,408,965,259835.21,192119.48,67715.73,26.06,0.06865098709941253,0.1333333333333333,0.056955093099671394,0.08756843103061152,279228.0757142857,38259.99162323264,456.7142857142857,71278.23571428572,0.9305482958163237,0.8933375039099155,1,0.08536220435627595,False,Normal
2022-12-03,303,709,167839.7,126611.22,41228.48,24.56,-0.3540532863117357,-0.25735294117647056,-0.26528497409326424,-0.3911535768720207,264465.84285714285,57154.79077657931,437.85714285714283,67097.81714285714,0.634636587419958,0.6920065252854812,1,0.004511781728210318,False,Normal
2022-12-04,288,674,168028.99,126128.96,41900.03,24.94,0.0011278023018390648,-0.04950495049504955,-0.049365303244005676,0.01628849765987006,255830.5,67184.89723702564,422.57142857142856,64666.74714285715,0.6567981143765109,0.6815415821501014,1,0.06525179185478547,False,Normal
2022-12-05,341,799,190357.74,140663.37,49694.37,26.11,0.13288629539462216,0.18402777777777768,0.185459940652819,0.18602230117735008,238840.2442857143,66446.71472856667,400.14285714285717,60653.21,0.7970086472206218,0.8521956444127097,1,0.0635974972114931,False,Normal
2022-12-06,323,759,186327.57,140175.73,46151.84,24.77,-0.021171558351133934,-0.05278592375366564,-0.05006257822277849,-0.07128634491190866,219929.89571428573,58263.460802867216,369.85714285714283,55813.84285714286,0.8472134695233111,0.8733101583623021,1,0.1284222132586642,False,Normal
2022-12-07,369,910,234824.39,176887.79,57936.6,24.67,0.2602772096475041,0.14241486068111464,0.19894598155467724,0.2553475657741924,207193.82714285716,37921.863069091625,341.7142857142857,52412.92428571428,1.1333561102575318,1.0798494983277591,1,0.1399802174338458,False,Normal
2022-12-08,328,804,209219.92,156144.1,53075.82,25.37,-0.10903667204245693,-0.11111111111111116,-0.11648351648351651,-0.083898261202763,202347.64571428573,34582.645534878786,337.14285714285717,51100.409999999996,1.0339627093829296,0.9728813559322034,1,0.16594381622176296,False,Normal
2022-12-09,405,955,242300.44,180384.83,61915.61,25.55,0.15811362512709115,0.2347560975609757,0.18781094527363185,0.16655022946418918,199842.67857142858,30064.48052151503,336.7142857142857,50271.82142857143,1.2124559264921781,1.202800169707255,1,0.12075032114378326,False,Normal
2022-12-10,372,849,221375.03,163614.41,57760.62,26.09,-0.08636141973163569,-0.08148148148148149,-0.11099476439790579,-0.06710730944910337,207490.58285714287,27243.52025414305,346.57142857142856,52633.555714285714,1.0669160351841922,1.0733718054410553,1,0.14962351161817566,False,Normal
2022-12-11,457,1052,267035.88,201481.26,65554.62,24.55,0.20626016403024328,0.228494623655914,0.2391048292108362,0.1349362247150392,221634.42428571428,28986.61680712808,370.7142857142857,56012.782857142854,1.2048483932972327,1.2327552986512524,1,0.08777813916399857,False,Normal
2022-12-12,454,1078,274239.63,204811.4,69428.23,25.32,0.026976711893547778,-0.006564551422319487,0.024714828897338448,0.059089809383381375,233617.5514285714,31158.875298007326,386.85714285714283,58831.90571428571,1.1738828196898075,1.173559822747415,1,0.11485190355848895,False,Normal
2022-12-13,458,1098,285993.94,215036.3,70957.64,24.81,0.04286145660275276,0.008810572687224738,0.01855287569573294,0.022028647424829906,247855.60428571427,28615.676796561904,406.14285714285717,62375.59142857143,1.1538732030054157,1.1276820260288427,1,0.11166817839221543,False,Normal
2022-12-14,412,964,232630.57,171192.27,61438.3,26.41,-0.18658916339276277,-0.10043668122270744,-0.12204007285974494,-0.13415525093562863,247542.20142857145,28793.643178476803,412.2857142857143,62875.83428571428,0.9397612554848583,0.9993069993069993,1,0.10816890248022382,False,Normal
2022-12-15,514,1267,297686.65,223641.72,74044.93,24.87,0.2796540454678851,0.24757281553398047,0.31431535269709543,0.2051917126613203,260180.30571428573,28583.969965765144,438.85714285714283,65871.42142857143,1.1441552010739102,1.1712239583333335,1,0.05982101399934647,False,Normal
2022-12-16,459,1131,278307.94,208213.44,70094.5,25.19,-0.06509767905278929,-0.10700389105058361,-0.10734017363851622,-0.05335179599737605,265324.2342857143,28065.28565334346,446.57142857142856,67039.83428571429,1.0489352423808533,1.027831094049904,1,0.10573267868588376,False,Normal
2022-12-17,488,1170,313089.81,235328.52,77761.29,24.84,0.1249762044158711,0.06318082788671031,0.034482758620689724,0.10937791124838592,278426.3457142857,25411.027631015608,463.14285714285717,69897.07285714286,1.1244977884430705,1.053670573719926,1,0.09726327933805035,False,Normal
2022-12-18,393,921,230010.67,172966.67,57044.0,24.8,-0.2653524239578413,-0.194672131147541,-0.21282051282051284,-0.2664216347233951,273137.02999999997,31339.05676146578,454.0,68681.27,0.8421072382605904,0.8656387665198237,1,0.06875953791119116,False,Normal
2022-12-19,537,1289,298775.02,223622.07,75152.95,25.15,0.29896156556563214,0.36641221374045796,0.39956568946796955,0.3174558235747844,276642.0857142857,32819.99331644414,465.85714285714283,69499.08714285714,1.080005665907873,1.1527138914443422,1,0.03027638971628588,False,Normal
2022-12-20,486,1194,301228.14,227280.52,73947.62,24.55,0.0082105927061773,-0.0949720670391061,-0.0737005430566331,-0.016038359106329225,278818.4,34026.397221902254,469.85714285714283,69926.22714285714,1.0803739638416976,1.0343569474004257,1,0.0917805410104442,False,Normal
2022-12-21,541,1276,317825.23,238362.69,79462.54,25.0,0.05509807284272972,0.11316872427983538,0.06867671691792299,0.07457873559689943,290989.0657142857,29715.640288277686,488.2857142857143,72501.11857142857,1.092223961130086,1.1079578700994734,1,0.08733671075452021,False,Normal
2022-12-22,454,1078,257761.04,191032.03,66729.01,25.89,-0.18898496510173213,-0.16081330868761556,-0.15517241379310343,-0.16024569564476543,285285.40714285715,31962.57623211564,479.7142857142857,71455.98714285714,0.9035198911205639,0.946396664681358,1,0.07584079074871886,False,Normal
2022-12-23,439,1046,253978.3,189892.87,64085.43,25.23,-0.014675375301092863,-0.033039647577092546,-0.029684601113172504,-0.039616652487426296,281809.7442857143,34099.183666210745,476.85714285714283,70597.54857142856,0.9012403053831338,0.9206111443978431,1,0.10565151268875039,False,Normal
2022-12-24,494,1183,275619.3,208770.19,66849.11,24.25,0.08520806698840011,0.12528473804100226,0.13097514340344163,0.0431249349501126,276456.8142857143,31187.144874349604,477.7142857142857,69038.6657142857,0.9969705420794991,1.0340909090909092,1,0.0958427013832549,False,Normal
2022-12-25,381,901,215898.63,163731.91,52166.72,24.16,-0.21667811361541078,-0.22874493927125505,-0.2383770076077768,-0.21963478646162982,274440.8085714286,34922.36018220736,476.0,68341.91142857142,0.7866855921458494,0.8004201680672269,1,0.06080044253681138,False,Normal
2022-12-26,451,1059,251926.66,188482.86,63443.8,25.18,0.1668747504326451,0.18372703412073488,0.17536071032186462,0.2161738364995922,267748.1857142857,33957.380344742916,463.7142857142857,66669.17571428571,0.9409089339967783,0.9725816389402341,1,0.08921327276743829,False,Normal
2022-12-27,438,1097,256053.34,191944.76,64108.58,25.04,0.016380481525853474,-0.02882483370288247,0.035882908404154756,0.010478250041769277,261294.64285714287,30667.42747799839,456.85714285714283,65263.59857142857,0.9799410244319152,0.9587242026266417,1,0.12529573650012038,False,Normal
2022-12-28,461,1096,267398.43,201199.8,66198.63,24.76,0.044307525924090596,0.05251141552511407,-0.0009115770282588365,0.03260172039374454,254090.81428571427,18802.613120136397,445.42857142857144,63368.75428571429,1.0523734624240366,1.034958306606799,1,0.12240702040903528,False,Normal
2022-12-29,467,1175,280463.13,208422.77,72040.36,25.69,0.04885855163771913,0.013015184381778733,0.07208029197080301,0.0882454818173728,257333.97,21329.289827619632,447.2857142857143,64127.51857142857,1.0898799330690776,1.0440753752794634,1,0.10775789663512358,False,Normal
2022-12-30,457,1055,275100.39,200585.19,74515.2,27.09,-0.019121016013762593,-0.021413276231263434,-0.10212765957446812,0.03435352072088471,260351.41142857142,22249.652118430546,449.85714285714283,65617.48571428572,1.056650273146205,1.0158780565258814,1,0.08679833780682222,False,Normal
2022-12-31,395,928,214434.96,161792.96,52642.0,24.55,-0.22052106142052363,-0.1356673960612691,-0.1203791469194313,-0.2935401099373014,251610.79142857142,26803.93360690137,435.7142857142857,63587.89857142857,0.8522486606496562,0.9065573770491803,1,0.0976220820963043,False,Normal
2023-01-01,167,410,97093.5,74562.08,22531.42,23.21,-0.5472123575372225,-0.5772151898734177,-0.5581896551724138,-0.5719877664222484,234638.62999999998,64413.456374216206,405.14285714285717,59354.28428571428,0.41380014876493276,0.4122002820874471,-1,-0.062899692458529,True,Unusually Low Revenue
2023-01-02,221,595,130709.01,98385.11,32323.9,24.73,0.34621792395989437,0.32335329341317376,0.4512195121951219,0.434614418443223,217321.82285714286,74496.02611005661,372.2857142857143,54908.58428571429,0.6014536795318616,0.593630084420568,1,0.014235103158959816,False,Normal
2023-01-03,182,455,114441.5,86566.97,27874.53,24.36,-0.12445591929737665,-0.17647058823529416,-0.23529411764705888,-0.1376495410516677,197091.56,81155.54314736222,335.7142857142857,49732.29142857143,0.5806514495090506,0.5421276595744681,1,0.05278043048935177,False,Normal
2023-01-04,191,426,104334.91,78201.84,26133.07,25.05,-0.08831228182084294,0.0494505494505495,-0.06373626373626373,-0.0624749547346628,173796.77142857146,81013.9319594402,297.14285714285717,44008.64,0.6003270897519548,0.6427884615384615,1,0.07681669960290083,False,Normal
2023-01-05,240,601,131512.44,99642.73,31869.71,24.23,0.2604835716060905,0.25654450261780104,0.41079812206572774,0.2195164976789945,152518.10142857142,66608.71199758479,264.7142857142857,38269.97571428572,0.8622743055950708,0.9066378845116028,1,0.11559438786124532,False,Normal
2023-01-06,181,456,124712.1,93988.26,30723.84,24.64,-0.05170872048302044,-0.24583333333333335,-0.24126455906821964,-0.035954829836857605,131034.06000000001,39021.641591916276,225.28571428571428,32014.067142857144,0.9517533074988289,0.8034242232086239,1,0.16334260015662289,False,Normal
2023-01-07,160,364,81732.86,62196.56,19536.3,23.9,-0.3446276664413478,-0.11602209944751385,-0.20175438596491224,-0.36413221784776906,112076.61714285714,18687.503837345896,191.71428571428572,27284.681428571428,0.7292588060167821,0.834575260804769,1,0.09791827004088793,False,Normal
2023-01-08,167,406,88988.79,67110.29,21878.5,24.59,0.08877616664827337,0.043749999999999956,0.11538461538461542,0.11988964133433666,110918.80142857143,19977.09939025619,191.71428571428572,27191.40714285714,0.8022876992347078,0.8710879284649776,1,0.1655048834732668,False,Normal
2023-01-09,231,600,155765.69,116957.35,38808.34,24.91,0.7503967634575097,0.38323353293413165,0.4778325123152709,0.7738117329798659,114498.32714285715,25574.75001230678,193.14285714285714,28117.75571428571,1.3604189151659345,1.1960059171597632,1,0.026709442960664354,False,Normal
2023-01-10,182,458,109704.74,82659.93,27044.81,24.65,-0.2957066475935747,-0.21212121212121215,-0.2366666666666667,-0.30311860801054613,113821.64714285715,25639.088019295563,193.14285714285714,27999.22428571428,0.9638301918290637,0.9423076923076923,1,0.16396164724929807,False,Normal
2023-01-11,190,453,106845.06,83112.1,23732.96,22.21,-0.026067059636621037,0.04395604395604402,-0.01091703056768556,-0.12245787639107109,114180.24,25501.47535421879,193.0,27656.35142857143,0.935757885952946,0.9844559585492227,1,0.16765007453078884,False,Normal
2023-01-12,190,439,105526.99,78988.02,26538.97,25.15,-0.01233627460174569,0.0,-0.030905077262693204,0.11823261826590548,110468.03285714285,24426.630539478494,185.85714285714286,26894.817142857144,0.9552717403456201,1.0222905457340508,1,0.20114311994904788,False,Normal
2023-01-13,201,513,121447.12,92012.39,29434.73,24.24,0.15086311094441318,0.05789473684210522,0.16856492027334857,0.1091135036514228,110001.60714285714,24138.78522269606,188.71428571428572,26710.65857142857,1.1040485966925808,1.0651021953065858,1,0.20739304293202754,False,Normal
2023-01-14,193,506,115683.43,86431.49,29251.94,25.29,-0.047458432937726336,-0.03980099502487566,-0.013645224171540016,-0.00621001109913355,114851.68857142857,20674.395311880577,193.42857142857142,28098.60714285714,1.0072418737496762,0.9977843426883309,1,0.22587827188138543,False,Normal
2023-01-15,182,434,100688.75,75510.47,25178.28,25.01,-0.12961821757878367,-0.05699481865284972,-0.14229249011857703,-0.13926119088169875,116523.11142857143,18604.33397070811,195.57142857142858,28570.004285714287,0.8641096926228418,0.9306062819576333,1,0.20691961464612268,False,Normal
2023-01-16,228,540,124910.71,94307.27,30603.44,24.5,0.2405627242368189,0.25274725274725274,0.24423963133640547,0.21546984146653392,112115.25714285715,8860.91639348423,195.14285714285714,27397.875714285714,1.1141276681088899,1.1683748169838946,1,0.18164941652890693,False,Normal
2023-01-17,203,518,132387.38,99627.97,32759.41,24.75,0.059856116421081795,-0.10964912280701755,-0.040740740740740744,0.07044861623399212,115355.63428571427,11566.785062103076,198.14285714285714,28214.247142857144,1.1476455469188551,1.0245133381398703,1,0.2138224507961589,False,Normal
2023-01-18,209,468,111859.7,83067.53,28792.17,25.74,-0.1550576799691935,0.029556650246305383,-0.09652509652509655,-0.12110230312450687,116072.01142857142,11097.615422686247,200.85714285714286,28936.991428571426,0.9637094991572227,1.0405405405405406,1,0.21081537867119104,False,Normal
2023-01-19,199,485,119872.54,90940.67,28931.87,24.14,0.07163294734386016,-0.04784688995215314,0.03632478632478642,0.004852013585638026,118121.37571428572,10106.018760152738,202.14285714285714,29278.83428571428,1.014825126063127,0.984452296819788,1,0.22582348265177932,False,Normal
2023-01-20,199,498,122201.97,91785.83,30416.14,24.89,0.019432557281259033,0.0,0.02680412371134011,0.05130224904231917,118229.21142857142,10151.346100928924,201.85714285714286,29419.035714285714,1.0336021743139912,0.9858457183297947,1,0.2347239965778531,False,Normal
2023-01-21,191,433,104276.12,79165.52,25110.6,24.08,-0.14669035204587955,-0.04020100502512558,-0.1305220883534136,-0.17443173262616496,116599.59571428571,11459.473458405128,201.57142857142858,28827.415714285715,0.8943094473116098,0.9475549255846917,1,0.20471443099154507,False,Normal
2023-01-22,142,309,73875.29,55800.85,18074.44,24.47,-0.2915416300491427,-0.25654450261780104,-0.28637413394919164,-0.2802067652704435,112769.10142857142,19396.819643853352,195.85714285714286,27812.58142857143,0.6551022315877281,0.725018234865062,1,0.07873325185595104,False,Normal
2023-01-23,225,547,132032.45,98566.79,33465.66,25.35,0.7872342700786694,0.5845070422535212,0.7702265372168284,0.8515461613195212,113786.49285714285,20305.30314978131,195.42857142857142,28221.469999999998,1.160352575114207,1.1513157894736843,1,0.04169784756639083,False,Normal
2023-01-24,202,482,115160.37,87055.7,28104.67,24.4,-0.12778737348280678,-0.10222222222222221,-0.11882998171846437,-0.16019376280043496,111325.49142857142,18651.768708397987,195.28571428571428,27556.507142857143,1.034447443458079,1.0343818580833943,1,0.21299091940077786,False,Normal
2023-01-25,173,422,100743.15,75453.91,25289.24,25.1,-0.1251925467068229,-0.14356435643564358,-0.12448132780082988,-0.10017658986922806,109737.41285714286,19067.32577027736,190.14285714285714,27056.088571428572,0.9180383187195084,0.9098422238918107,1,0.20086971653410796,False,Normal
2023-01-26,187,446,95319.66,72709.03,22610.63,23.72,-0.05383482648696203,0.08092485549132955,0.056872037914691864,-0.10591896000037959,106229.85857142857,19150.316394063528,188.42857142857142,26153.054285714286,0.8972963089836687,0.9924184988627749,1,0.18521455050079522,False,Normal
2023-01-27,224,526,123148.31,92155.42,30992.89,25.17,0.2919507895852753,0.19786096256684482,0.17937219730941711,0.37072208956583697,106365.05000000002,19284.732416059705,192.0,26235.447142857145,1.15778923621998,1.1666666666666667,1,0.17527496198395692,False,Normal
2023-01-28,193,430,111137.08,84918.39,26218.69,23.59,-0.09753467181157416,-0.1383928571428571,-0.18250950570342206,-0.15404178184093198,107345.18714285715,19335.155314428735,192.28571428571428,26393.745714285713,1.0353242931338553,1.0037147102526003,1,0.19156168611491392,False,Normal
2023-01-29,191,521,134522.53,101203.21,33319.32,24.77,0.21041987066782752,-0.010362694300518172,0.21162790697674416,0.2708232180936576,116009.07857142857,14922.14368769483,199.28571428571428,28571.58571428571,1.1595862294274875,0.9584229390681004,1,0.19647957047488235,False,Normal
2023-01-30,188,470,118369.15,89458.21,28910.94,24.42,-0.12007936514426254,-0.015706806282722474,-0.09788867562380044,-0.13230702187199506,114057.17857142857,13280.150246120815,194.0,27920.911428571428,1.0378053488835957,0.9690721649484536,1,0.21954458610155625,False,Normal
2023-01-31,215,502,124850.85,93668.27,31182.58,24.98,0.05475835553436026,0.1436170212765957,0.06808510638297882,0.07857371638556221,115441.53285714285,13904.709019000955,195.85714285714286,28360.61285714286,1.081507208973923,1.0977388767323122,1,0.22295964802962298,False,Normal
2023-02-01,225,536,136359.57,103849.76,32509.81,23.84,0.09217974887635938,0.04651162790697683,0.06772908366533859,0.042563187523290136,120529.59285714287,14144.191592123234,203.28571428571428,29392.12285714286,1.1313368507070256,1.1068165846802531,1,0.22371388018314758,False,Normal
2023-02-02,212,490,123491.9,93276.76,30215.14,24.47,-0.09436572731932213,-0.05777777777777782,-0.08582089552238803,-0.07058392528286084,124554.19857142857,8757.866232011986,206.85714285714286,30478.481428571427,0.9914711941980874,1.0248618784530386,1,0.22712926755107776,False,Normal
2023-02-03,211,530,127308.66,94191.91,33116.75,26.01,0.030906966367834743,-0.004716981132075526,0.08163265306122458,0.09603165830110338,125148.53428571428,8787.673337542983,205.0,30781.889999999996,1.017260495511311,1.0292682926829269,1,0.2214221653539763,False,Normal
2023-02-04,184,411,108618.96,82713.98,25904.98,23.85,-0.14680619527375438,-0.12796208530805686,-0.2245283018867924,-0.21776804789117288,124788.80285714286,9481.027933769916,203.71428571428572,30737.074285714283,0.870422325666078,0.9032258064516129,1,0.18865289414104913,False,Normal
2023-02-05,187,436,110024.82,81945.3,28079.52,25.52,0.012943044197808673,0.016304347826086918,0.06082725060827254,0.08394293298045397,121289.13,9805.05923023752,203.14285714285714,29988.531428571434,0.9071284458879374,0.9205344585091421,1,0.2122176879960272,False,Normal
2023-02-06,220,531,131631.22,100084.01,31547.21,23.97,0.19637750827495104,0.17647058823529416,0.21788990825688082,0.12349534464976597,123183.71142857142,10409.46356200364,207.71428571428572,30365.14142857143,1.0685765063697314,1.0591471801925723,1,0.21122568639275996,False,Normal
2023-02-07,178,412,102508.24,76454.88,26053.36,25.42,-0.22124675285999773,-0.19090909090909092,-0.224105461393597,-0.1741469372410428,119991.91,12932.672984559891,202.42857142857142,29632.395714285714,0.8542929269148228,0.8793225123500353,1,0.1849776920494441,False,Normal
2023-02-08,235,549,126902.38,97226.02,29676.36,23.39,0.23797247909046138,0.3202247191011236,0.33252427184466016,0.13906075838202825,118640.88285714286,11332.854630921029,203.85714285714286,29227.617142857143,1.0696344880778148,1.1527680448493343,1,0.1541079105291605,False,Normal
2023-02-09,219,523,123883.49,92341.88,31541.61,25.46,-0.023789073144254602,-0.06808510638297871,-0.04735883424408016,0.06285305879831626,118696.82428571429,11361.72097251379,204.85714285714286,29417.112857142853,1.0436967521709,1.0690376569037656,1,0.2314919418594083,False,Normal
2023-02-10,187,413,104584.72,76796.78,27787.94,26.57,-0.15578161383732414,-0.1461187214611872,-0.21032504780114725,-0.11900692450385386,115450.54714285715,11731.380898590738,201.42857142857142,28655.854285714282,0.9058832771973623,0.9283687943262412,1,0.18698485552899646,False,Normal
2023-02-11,157,358,84861.24,64563.18,20298.06,23.92,-0.1885885433359672,-0.160427807486631,-0.13317191283292973,-0.2695370725573756,112056.58714285714,16503.303527603723,197.57142857142858,27854.865714285716,0.757307019281368,0.7946493130874909,1,0.12896984458220712,False,Normal
2023-02-12,225,567,147871.52,108583.96,39287.56,26.57,0.7425095367449259,0.43312101910828016,0.5837988826815643,0.9355327553470625,117463.25857142858,21245.04189306479,203.0,29456.014285714282,1.2588746625829417,1.1083743842364533,1,0.04055592771898542,False,Normal
2023-02-13,212,532,124191.41,93988.18,30203.23,24.32,-0.16013976186895207,-0.05777777777777782,-0.06172839506172845,-0.23122662746172062,116400.4285714286,20594.256754293026,201.85714285714286,29264.01714285714,1.0669325837042818,1.0502476999292285,1,0.21602242408494882,False,Normal
2023-02-14,207,480,112308.44,85324.19,26984.25,24.03,-0.09568270462506223,-0.02358490566037741,-0.09774436090225569,-0.10657734288683696,117800.45714285714,19810.651069266278,206.0,29397.00142857143,0.9533786432068176,1.0048543689320388,1,0.22059187555812326,False,Normal
2023-02-15,195,439,109960.05,82053.88,27906.17,25.38,-0.02091018270755074,-0.05797101449275366,-0.0854166666666667,0.03416511483550577,115380.12428571428,19546.492785246435,200.28571428571428,29144.11714285714,0.9530241944245733,0.9736091298145507,1,0.2203439171062725,False,Normal
2023-02-16,209,484,124892.0,94141.92,30750.08,24.62,0.13579431802731978,0.07179487179487176,0.10250569476082005,0.10190972104018581,115524.19714285714,19623.18158640488,198.85714285714286,29031.04142857143,1.0810895300623353,1.0510057471264367,1,0.22526189605267632,False,Normal
2023-02-17,231,566,143468.53,108001.42,35467.11,24.72,0.14874075200973635,0.10526315789473695,0.16942148760330578,0.15339895050679542,121079.02714285713,21430.648449543547,205.14285714285714,30128.065714285716,1.1849164416453912,1.1260445682451254,1,0.21232219605894653,False,Normal
2023-02-18,173,435,107484.63,81108.22,26376.41,24.54,-0.25081388928986725,-0.25108225108225113,-0.23144876325088337,-0.2563135254042407,124310.94000000002,16101.753843121194,207.42857142857142,30996.40142857143,0.8646433692802902,0.8340220385674931,1,0.1755867363005696,False,Normal
2023-02-19,195,519,121470.57,90947.19,30523.38,25.13,0.1301203716289483,0.12716763005780352,0.193103448275862,0.15722268496736302,120539.37571428572,12308.48455753433,203.14285714285714,29744.375714285714,1.0077252290398575,0.959915611814346,1,0.2202452945636471,False,Normal
2023-02-20,201,460,123165.49,91877.64,31287.85,25.4,0.013953338656433445,0.03076923076923066,-0.11368015414258192,0.025045391434369346,120392.81571428571,12263.778072035046,201.57142857142858,29899.321428571428,1.0230302304108774,0.997165131112686,1,0.22659694019236354,False,Normal
2023-02-21,180,438,110114.5,83134.53,26979.97,24.5,-0.1059630420826484,-0.10447761194029848,-0.047826086956521685,-0.13768539544903202,120079.39571428571,12529.967638683698,197.71428571428572,29898.71,0.9170141084154357,0.9104046242774566,1,0.21728187925621817,False,Normal
2023-02-22,220,515,120325.29,90036.17,30289.12,25.17,0.09272884134242076,0.22222222222222232,0.17579908675799083,0.12265210079922251,121560.14428571428,11721.145607766406,201.28571428571428,30239.13142857143,0.9898416187890342,1.092973740241306,1,0.21549968105731632,False,Normal
2023-02-23,180,459,108412.75,81992.63,26420.12,24.37,-0.09900279484055263,-0.18181818181818177,-0.10873786407766994,-0.12773563576624214,119205.96571428572,12564.958833536233,197.14285714285714,29620.565714285713,0.9094574197724715,0.9130434782608696,1,0.20664819845544008,False,Normal
2023-02-24,213,505,125893.2,96053.24,29839.96,23.7,0.16123979882440032,0.18333333333333335,0.10021786492374729,0.1294407444023722,116695.20428571428,7737.234205945857,194.57142857142858,28816.687142857143,1.07882068308279,1.0947136563876652,1,0.20066918501831005,False,Normal
2023-02-25,166,403,104350.77,80368.13,23982.64,22.98,-0.1711167084481131,-0.22065727699530513,-0.20198019801980194,-0.19629114784336177,116247.51000000001,8419.581609689983,193.57142857142858,28474.72,0.8976602595616886,0.8575645756457564,1,0.15059055789787978,False,Normal
2023-02-26,207,505,130068.05,98527.7,31540.35,24.25,0.24645031368719184,0.24698795180722888,0.25310173697270466,0.31513252919611845,117475.72142857143,9819.229211335523,195.28571428571428,28620.00142857143,1.1071909022417459,1.0599853694220922,1,0.18881931828982051,False,Normal
2023-02-27,217,524,131506.47,98663.45,32843.02,24.97,0.011058980279938124,0.048309178743961345,0.03762376237623766,0.0413016976666396,118667.29000000001,11053.30390489489,197.57142857142858,28842.16857142857,1.1081947687521978,1.0983369486623282,1,0.22922365793659505,False,Normal
2023-02-28,224,545,130176.24,98181.96,31994.28,24.58,-0.010115319801375477,0.032258064516129004,0.040076335877862634,-0.02584232509677853,121533.25285714286,11066.937809774825,203.85714285714286,29558.49857142857,1.0711162331268842,1.0988086895585143,1,0.2322239629940714,False,Normal
2023-03-01,265,657,166441.98,123398.33,43043.65,25.86,0.2785895490605659,0.1830357142857142,0.20550458715596331,0.3453545446248518,128121.35142857142,20192.308662507734,210.28571428571428,31380.574285714283,1.2990963500162003,1.2601902173913044,1,0.150075517402112,False,Normal
2023-03-02,257,627,160087.11,119891.42,40195.69,25.11,-0.03818069215470776,-0.030188679245283012,-0.045662100456621,-0.06616446328320202,135503.40285714288,21206.500349539027,221.28571428571428,33348.51285714286,1.1814250168224554,1.1613944480309877,1,0.20913084331722026,False,Normal
2023-03-03,175,414,104931.11,77907.24,27023.87,25.75,-0.3445374209079044,-0.31906614785992216,-0.3397129186602871,-0.32769234711482753,132508.8185714286,24075.680290588276,215.85714285714286,32946.21428571428,0.7918802018707691,0.8107213765718068,1,0.11198988800772725,False,Normal
2023-03-04,226,573,149775.26,110682.41,39092.85,26.1,0.427367536662864,0.29142857142857137,0.3840579710144927,0.44660442786321863,138998.0314285714,21167.25224037495,224.42857142857142,35104.815714285716,1.07753511658161,1.0070019096117124,1,0.15023443197747394,False,Normal
2023-03-05,188,438,104806.16,77886.31,26919.85,25.69,-0.30024384534535276,-0.16814159292035402,-0.23560209424083767,-0.31138686486147726,135389.19,24787.391797455042,221.71428571428572,34444.74428571428,0.7741102520814254,0.8479381443298969,1,0.15228834257216234,False,Normal
2023-03-06,225,534,127396.76,94700.93,32695.83,25.66,0.2155464907787863,0.19680851063829796,0.2191780821917808,0.21456211680228554,134802.08857142858,24942.865909974247,222.85714285714286,34423.71714285714,0.9450651792571844,1.0096153846153846,1,0.1997314556106921,False,Normal
2023-03-07,259,614,147120.51,110456.74,36663.77,24.92,0.15482144129882114,0.1511111111111112,0.14981273408239693,0.12135920696920666,137222.69857142857,25239.548731105657,227.85714285714286,35090.787142857145,1.072129549495919,1.1366771159874607,1,0.22758133776653983,False,Normal
2023-03-08,240,529,115585.83,86439.46,29146.37,25.22,-0.2143459127486712,-0.07335907335907332,-0.1384364820846905,-0.2050361978596309,129957.53428571427,22609.431330698397,224.28571428571428,33105.46142857143,0.8894123040675904,1.070063694267516,1,0.21352284402418376,False,Normal
2023-03-09,228,533,135704.58,101274.59,34429.99,25.37,0.17405896553236655,-0.050000000000000044,0.007561436672967936,0.18127883506591047,126474.31571428571,18741.335024441665,220.14285714285714,32281.79,1.0729813340644285,1.035691109669046,1,0.22655456499039062,False,Normal
2023-03-10,255,572,137623.93,102937.96,34685.97,25.2,0.01414359043740454,0.11842105263157898,0.07317073170731714,0.007434797396107307,131144.71857142856,16406.001835336145,231.57142857142858,33376.375714285714,1.0494050503836532,1.1011721159777914,1,0.2354825743353534,False,Normal
2023-03-11,208,489,121120.15,90053.24,31066.91,25.65,-0.11991940645787402,-0.1843137254901961,-0.1451048951048951,-0.10433786340702023,127051.13142857143,14439.725808654286,229.0,32229.812857142857,0.9533181533931805,0.9082969432314411,1,0.22131798692166688,False,Normal
2023-03-12,209,482,121369.72,91250.07,30119.65,24.82,0.002060515942227781,0.004807692307692291,-0.014314928425357865,-0.030490962892672613,129417.35428571429,11174.977227939482,232.0,32686.92714285714,0.9378164209110044,0.9008620689655172,1,0.2286104399440213,False,Normal
2023-03-13,259,646,153742.51,116084.17,37658.34,24.49,0.26672871948621135,0.23923444976076547,0.34024896265560156,0.2502914210490492,133181.03285714285,14362.881331191777,236.85714285714286,33395.857142857145,1.1543874281626312,1.0934861278648975,1,0.19872847850568387,False,Normal
2023-03-14,261,686,156473.53,119761.22,36712.31,23.46,0.01776359706889119,0.007722007722007707,0.0619195046439629,-0.02512139409225156,134517.17857142858,16194.075888775562,237.14285714285714,33402.79142857143,1.1632234013658902,1.1006024096385543,1,0.22029010975092927,False,Normal
2023-03-15,236,559,135871.3,100905.61,34965.69,25.73,-0.1316659117999064,-0.09578544061302685,-0.185131195335277,-0.0475758676040815,137415.10285714286,13893.286707968002,236.57142857142858,34234.12285714286,0.9887654062396052,0.9975845410628019,1,0.2250011478781161,False,Normal
2023-03-16,212,496,114370.83,86673.47,27697.36,24.22,-0.15824143877330965,-0.10169491525423724,-0.11270125223613592,-0.2078703437569801,134367.42428571428,16437.937338391013,234.28571428571428,33272.31857142857,0.8511797454478683,0.9048780487804878,1,0.2196437824406789,False,Normal
2023-03-17,213,523,123580.42,94287.25,29293.17,23.7,0.08052394128817641,0.004716981132075526,0.05443548387096775,0.0576159605103157,132361.20857142858,16826.640708473384,228.28571428571428,32501.91857142857,0.9336604080138023,0.9330413016270338,1,0.2235172247129243,False,Normal
2023-03-18,204,491,111831.09,84354.99,27476.1,24.57,-0.09507436534039937,-0.04225352112676062,-0.06118546845124284,-0.06203050062523108,131034.19999999998,18173.298791094727,227.71428571428572,31988.945714285714,0.8534496337597361,0.8958594730238394,1,0.22265132364897866,False,Normal
2023-03-19,205,516,116965.61,87782.84,29182.77,24.95,0.045913171373005435,0.004901960784313708,0.050916496945010215,0.06211471060303331,130405.04142857144,18634.040987147302,227.14285714285714,31855.105714285713,0.8969408599441855,0.9025157232704403,1,0.22503498561347485,False,Normal
2023-03-20,252,588,138845.53,103837.56,35007.97,25.21,0.1870628469342399,0.2292682926829268,0.13953488372093026,0.19961093480845027,128276.90142857144,16218.643850257145,226.14285714285714,31476.481428571427,1.0823891788289999,1.1143398610233735,1,0.21732580114204642,False,Normal
2023-03-21,220,558,136029.11,102709.8,33319.31,24.49,-0.02028455651399086,-0.12698412698412698,-0.05102040816326525,-0.04823644444393671,125356.26999999999,11428.055458664032,220.28571428571428,30991.76714285714,1.0851400572145293,0.9987029831387808,1,0.2321569965610577,False,Normal
2023-03-22,257,636,149420.05,113061.12,36358.93,24.33,0.0984417232458552,0.1681818181818182,0.13978494623655924,0.09122697919014544,127291.80571428571,14293.811434069317,223.28571428571428,31190.801428571427,1.1738387177520482,1.1509916826615483,1,0.21794439170016644,False,Normal
2023-03-23,229,552,136339.24,103056.24,33283.0,24.41,-0.08754387379739192,-0.1089494163424124,-0.13207547169811318,-0.0845990242287108,130430.15,13365.616905776224,225.71428571428572,31988.75,1.0453046324028608,1.0145569620253163,1,0.233884541091759,False,Normal
2023-03-24,227,536,136316.75,102763.4,33553.35,24.61,-0.0001649561784266007,-0.008733624454148492,-0.02898550724637683,0.008122765375717211,132249.6257142857,13142.793380117782,227.71428571428572,32597.347142857143,1.0307533897638468,0.9968632371392723,1,0.24361183652929108,False,Normal
2023-03-25,213,555,138631.3,103902.39,34728.91,25.05,0.016979204683210236,-0.06167400881057272,0.035447761194029814,0.03503554786630847,136078.22714285715,9640.193209303394,229.0,33633.462857142855,1.0187618027567524,0.9301310043668122,1,0.2351170678694257,False,Normal
2023-03-26,198,474,115276.49,86725.02,28551.47,24.77,-0.1684670777811359,-0.07042253521126762,-0.1459459459459459,-0.17787601165714684,135836.92428571428,10203.042808440556,228.0,33543.27714285714,0.848638841067483,0.868421052631579,1,0.20570455896975448,False,Normal
2023-03-27,246,615,124943.61,94744.88,30198.73,24.17,0.08386029102725101,0.24242424242424243,0.2974683544303798,0.05769440242481383,133850.9357142857,10852.15822503842,227.14285714285714,32856.24285714286,0.9334533922624267,1.0830188679245283,1,0.2006384354853195,False,Normal
2023-03-28,262,617,158583.8,120437.76,38146.04,24.05,0.2692429808935406,0.06504065040650397,0.003252032520325132,0.26316702722266805,137073.03428571427,14381.19563281758,233.14285714285714,33545.775714285715,1.1569292299275202,1.1237745098039216,1,0.20966809100751072,False,Normal
2023-03-29,219,541,127552.85,95613.05,31939.8,25.04,-0.19567540946805406,-0.16412213740458015,-0.12317666126418148,-0.16269683563483917,133949.14857142858,13606.292692904564,227.71428571428572,32914.47142857143,0.9522483073640611,0.9617314930991216,1,0.22696964540738568,False,Normal
2023-03-30,230,560,126609.96,95030.22,31579.74,24.94,-0.0073921515669779225,0.05022831050228316,0.03512014787430684,-0.011273082486427555,132559.25142857144,13816.751055909894,227.85714285714286,32671.148571428574,0.9551197569052571,1.0094043887147335,1,0.24297926950538823,False,Normal
2023-03-31,222,542,133289.91,97197.82,36092.09,27.08,0.05276006721746063,-0.034782608695652195,-0.03214285714285714,0.14288749685716207,132126.8457142857,13726.628027107305,227.14285714285714,33033.82571428571,1.0088026341613372,0.9773584905660377,1,0.2208332477896191,False,Normal
2023-04-01,221,512,122313.63,91644.61,30669.02,25.07,-0.08234891898419017,-0.0045045045045044585,-0.05535055350553508,-0.15025646893820765,129795.75,13823.139588285921,228.28571428571428,32453.84142857143,0.9423546610732633,0.9680851063829787,1,0.23548934854198944,False,Normal
2023-04-02,197,467,122873.28,93145.24,29728.04,24.19,0.004575532587823616,-0.10859728506787325,-0.087890625,-0.03068177594197663,130881.0057142857,12749.786590756474,228.14285714285714,32621.922857142858,0.9388167467801506,0.8634940513462743,1,0.21554796473299315,False,Normal
2023-04-03,236,588,152658.14,121360.95,31297.19,20.5,0.24240306761567698,0.19796954314720816,0.2591006423982869,0.052783500022201224,134840.22428571427,14745.651204194743,226.71428571428572,32778.845714285715,1.1321409528104254,1.0409577819785758,1,0.17238711348361235,False,Normal
2023-04-04,246,620,164882.35,123549.25,41333.1,25.07,0.08007571689265958,0.04237288135593231,0.054421768707483054,0.3206648903623617,135740.01714285716,16521.248520451856,224.42857142857142,33234.14,1.214692273292352,1.0961171228516868,1,0.21609277669959986,False,Normal
2023-04-05,258,637,154231.5,115471.78,38759.72,25.13,-0.06459666544053988,0.04878048780487809,0.02741935483870961,-0.06225954501356046,139551.25285714286,17373.046771695957,230.0,34208.41428571429,1.1051960970775745,1.1217391304347826,1,0.23094825951305814,False,Normal
2023-04-06,212,510,129154.27,98311.34,30842.93,23.88,-0.16259473583541617,-0.17829457364341084,-0.19937205651491363,-0.2042530234996538,139914.7257142857,17081.334495492647,227.42857142857142,34103.15571428571,0.9230927576825673,0.9321608040201006,1,0.21147002771899787,False,Normal
2023-04-07,247,585,143201.85,108679.52,34522.33,24.11,0.10876589678374549,0.16509433962264142,0.1470588235294117,0.1192947622032019,141330.71714285715,16849.89470601335,231.0,33878.904285714285,1.0132393926456307,1.0692640692640694,1,0.2362890069546975,False,Normal
2023-04-08,202,476,112937.06,84472.24,28464.82,25.2,-0.21134356853630043,-0.18218623481781382,-0.18632478632478633,-0.1754664299889377,139991.20714285717,18865.770868996293,228.28571428571428,33564.01857142857,0.8067439541738564,0.8848560700876096,1,0.20253867276299453,False,Normal
2023-04-09,214,555,132564.08,100869.35,31694.73,23.91,0.17378724043285687,0.05940594059405946,0.16596638655462193,0.11347024151215424,141375.60714285713,17721.11126734072,230.71428571428572,33844.974285714285,0.9376729315549233,0.9275541795665634,1,0.21645426933695522,False,Normal
2023-04-10,231,585,139379.45,103639.05,35740.4,25.64,0.051411890762565804,0.07943925233644866,0.054054054054053946,0.1276448797639229,139478.65142857144,17008.462188420377,230.0,34479.71857142857,0.9992887698041573,1.0043478260869565,1,0.24331118031092708,False,Normal
2023-04-11,210,510,126910.57,95709.17,31201.4,24.59,-0.08945995984343458,-0.09090909090909094,-0.1282051282051282,-0.1269991382301261,134054.11142857143,13180.516215836227,224.85714285714286,33032.33285714286,0.946711508118289,0.9339263024142312,1,0.23623326665190464,False,Normal
2023-04-12,233,545,122615.29,92062.18,30553.11,24.92,-0.03384493505938879,0.10952380952380958,0.06862745098039214,-0.020777593313120568,129537.51000000001,10192.136291898662,221.28571428571428,31859.96,0.9465620421451669,1.052937378954164,1,0.2302627205623104,False,Normal
2023-04-13,247,601,144130.89,109170.19,34960.7,24.26,0.17547240641848183,0.06008583690987135,0.10275229357798166,0.1442599460414995,131677.02714285714,11576.23272665866,226.28571428571428,32448.21285714286,1.094578858039008,1.091540404040404,1,0.22598651076787962,False,Normal
2023-04-14,242,561,135432.95,101332.88,34100.07,25.18,-0.06034750774105402,-0.020242914979757054,-0.06655574043261236,-0.024617070024341547,130567.18428571429,10620.09213156837,225.57142857142858,32387.889999999996,1.0372663754748528,1.0728309056364786,1,0.2340723377912881,False,Normal
2023-04-15,206,476,102448.64,76924.31,25524.33,24.91,-0.2435471574679574,-0.14876033057851235,-0.1515151515151515,-0.25148746028967095,129068.83857142857,13789.090570443183,226.14285714285714,31967.82,0.7937519321776761,0.9109286165508528,1,0.19205925598572338,False,Normal
2023-04-16,215,514,130920.65,97060.49,33860.16,25.86,0.2779149630488018,0.043689320388349495,0.07983193277310918,0.326583694851148,128834.06285714287,13733.540257523833,226.28571428571428,32277.167142857146,1.0161959275100314,0.9501262626262627,1,0.20682251958570325,False,Normal
2023-04-17,266,667,170300.3,134166.21,36134.09,21.22,0.3007902114754242,0.23720930232558146,0.2976653696498055,0.06715650487180191,133251.32714285716,20829.94172833977,231.28571428571428,32333.408571428572,1.278038302893772,1.1500926497838173,1,0.14006276389446298,False,Normal
2023-04-18,208,476,110644.92,84639.99,26004.93,23.5,-0.3502952138076092,-0.21804511278195493,-0.2863568215892054,-0.2803214360732482,130927.66285714286,22495.804672616825,231.0,31591.05571428571,0.8450843586868753,0.9004329004329005,1,0.15080303384753713,False,Normal
2023-04-19,250,567,144381.37,109297.64,35083.73,24.3,0.30490735589126006,0.20192307692307687,0.19117647058823528,0.349118417161669,134037.10285714286,22659.044334016628,233.42857142857142,32238.287142857145,1.0771746547960088,1.0709914320685434,1,0.20903894116531824,False,Normal
2023-04-20,276,714,188556.09,141627.57,46928.52,24.89,0.3059585873163553,0.10400000000000009,0.2592592592592593,0.33761490012606954,140383.56,30738.375941485232,237.57142857142858,33947.97571428571,1.343149368772241,1.1617558628983764,1,0.1477304282969093,False,Normal
2023-04-21,240,592,160877.63,122090.26,38787.37,24.11,-0.14679165228765612,-0.13043478260869568,-0.17086834733893552,-0.17347979437663907,144018.51428571428,31549.153845754867,237.28571428571428,34617.590000000004,1.1170621416135387,1.0114388922335942,1,0.19923745183734964,False,Normal
2023-04-22,271,708,172408.21,126649.62,45758.59,26.54,0.0716729852372886,0.12916666666666665,0.19594594594594605,0.17972912316560752,154012.73857142855,26928.372247520554,246.57142857142858,37508.19857142858,1.1194412332330546,1.0990730011587484,1,0.19804422789499265,False,Normal
2023-04-23,230,528,127134.87,97119.41,30015.46,23.61,-0.26259387531487044,-0.1512915129151291,-0.2542372881355932,-0.3440475329331607,153471.91285714283,27501.367264755725,248.71428571428572,36958.955714285716,0.8283917730167454,0.9247558874210223,1,0.17259964849596465,False,Normal
2023-04-24,257,638,157020.04,116088.86,40931.18,26.07,0.23506666581717517,0.11739130434782608,0.20833333333333326,0.3636699221001445,151574.73285714284,26589.94408077064,247.42857142857142,37644.25428571429,1.03592490014803,1.0386836027713626,1,0.20242715763141417,False,Normal
2023-04-25,239,562,140463.66,104525.94,35937.72,25.59,-0.10544119081870063,-0.07003891050583655,-0.11912225705329149,-0.12199648287686793,155834.55285714287,20669.359979610224,251.85714285714286,39063.224285714285,0.9013640263001639,0.9489506522972206,1,0.23627139433590194,False,Normal
2023-04-26,286,684,165763.7,126518.73,39244.97,23.68,0.18011804619073724,0.19665271966527187,0.2170818505338079,0.09202726272006134,158889.17142857143,20270.801476126657,257.0,39657.68714285714,1.0432661867993882,1.11284046692607,1,0.20714205073043762,False,Normal
2023-04-27,297,723,178255.97,134504.15,43751.82,24.54,0.07536191578735263,0.03846153846153855,0.05701754385964919,0.11483892075850743,157417.7257142857,18005.661687642914,260.0,39203.87285714286,1.1323754627451286,1.1423076923076922,1,0.22329873310652515,False,Normal
2023-04-28,259,632,161445.16,123078.06,38367.1,23.76,-0.09430713596857376,-0.12794612794612792,-0.12586445366528354,-0.12307419439922729,157498.80142857143,18025.10468401606,262.7142857142857,39143.83428571429,1.0250564355768657,0.9858618814573137,1,0.22517796841118853,False,Normal
2023-04-29,219,538,136821.55,101670.48,35151.07,25.69,-0.15251996405466728,-0.15444015444015446,-0.1487341772151899,-0.08382259800714675,152414.99285714288,18137.295318268305,255.28571428571428,37628.474285714285,0.8976908861468866,0.8578623391158366,1,0.21461198575150608,False,Normal
2023-04-30,219,583,131969.62,100429.65,31539.97,23.9,-0.035461738300728185,0.0,0.08364312267657992,-0.10273086992799929,153105.67142857143,17075.119766025113,253.71428571428572,37846.26142857143,0.8619512181922532,0.8631756756756757,1,0.21679294710020325,False,Normal
2023-05-01,254,613,152156.19,114900.65,37255.54,24.49,0.15296376544844192,0.15981735159817356,0.05145797598627788,0.18121672278064938,152410.83571428573,16988.024934866582,253.28571428571428,37321.17,0.9983292151565714,1.002820078962211,1,0.23937259278598005,False,Normal
2023-05-02,254,645,156299.29,118876.36,37422.93,23.94,0.027229256989150352,0.0,0.05220228384991854,0.004493023051068468,154673.06857142856,16166.42165008703,255.42857142857142,37533.34285714286,1.0105139274961785,0.9944071588366891,1,0.2468931243888146,False,Normal
2023-05-03,232,537,125354.01,95301.64,30052.37,23.97,-0.1979873357070273,-0.08661417322834641,-0.16744186046511633,-0.19695304456385432,148900.2557142857,18580.664886989725,247.71428571428572,36220.114285714284,0.8418656462251686,0.936562860438293,1,0.21692186936483887,False,Normal
2023-05-04,232,579,140139.32,106175.98,33963.34,24.24,0.11794844058040121,0.0,0.07821229050279332,0.13013848824568575,143455.02,13409.502447469129,238.42857142857142,34821.76,0.9768868318445741,0.9730377471539845,1,0.23743532492231406,False,Normal
2023-05-05,268,650,157579.43,119124.09,38455.34,24.4,0.1244483703788486,0.15517241379310343,0.12262521588946451,0.13226025473348613,142902.77285714287,12600.314266008232,239.71428571428572,34834.36571428571,1.1027037953807173,1.1179976162097736,1,0.23124957485825592,False,Normal
2023-05-06,263,634,153240.73,112324.82,40915.91,26.7,-0.027533416004868028,-0.018656716417910446,-0.024615384615384595,0.06398513184384824,145248.37,12806.162724552389,246.0,35657.91428571429,1.055025471198059,1.0691056910569106,1,0.22618702658159273,False,Normal
2023-05-07,197,519,149555.67,110891.96,38663.71,25.85,-0.024047523135657167,-0.25095057034220536,-0.1813880126182965,-0.055044602454155434,147760.66285714286,11416.604473991993,242.85714285714286,36675.59142857143,1.0121480718084799,0.8111764705882353,1,0.18649335641495335,False,Normal
2023-05-08,252,580,142471.76,106604.99,35866.77,25.17,-0.0473663753437098,0.2791878172588833,0.11753371868978801,-0.07234018670220743,146377.17285714284,11381.90573382037,242.57142857142858,36477.19571428571,0.9733195225668532,1.03886925795053,1,0.2173542820773215,False,Normal
2023-05-09,266,639,158492.82,119413.38,39079.44,24.66,0.11245077620996602,0.05555555555555558,0.10172413793103452,0.08957232558159012,146690.5342857143,11725.611556195181,244.28571428571428,36713.840000000004,1.0804570367935125,1.088888888888889,1,0.24015003015947323,False,Normal
2023-05-10,263,627,170420.78,128208.56,42212.22,24.77,0.0752586773331434,-0.011278195488721776,-0.018779342723004744,0.08016440358408405,153128.64428571428,10349.494904434483,248.71428571428572,38450.96142857143,1.1129255456740104,1.0574382538770821,1,0.23443893493021,False,Normal
2023-05-11,244,560,148867.76,113452.02,35415.74,23.79,-0.12646943641497232,-0.07224334600760451,-0.10685805422647532,-0.16100740496472354,154375.56428571427,8955.64246488861,250.42857142857142,38658.44714285714,0.964322045971469,0.9743297204791787,1,0.22211730603334562,False,Normal
2023-05-12,225,560,136402.3,102451.98,33950.32,24.89,-0.0837351216945833,-0.07786885245901642,0.0,-0.04137764733985505,151350.26,11029.712924447273,244.28571428571428,38014.87285714286,0.9012359806980178,0.9210526315789473,1,0.23109628039846847,False,Normal
2023-05-13,195,470,126273.12,96708.64,29564.48,23.41,-0.07425959826190609,-0.1333333333333333,-0.1607142857142857,-0.1291840548189237,147497.7442857143,14441.394990508323,234.57142857142858,36393.24,0.8561020415024071,0.8313032886723507,1,0.19568414221346891,False,Normal
2023-05-14,217,517,123887.68,93392.81,30494.87,24.61,-0.01889111475189653,0.11282051282051286,0.10000000000000009,0.03146985842470418,143830.88857142857,16883.93021562009,237.42857142857142,35226.26285714286,0.8613426589412713,0.9139590854392299,1,0.22778791037283685,False,Normal
2023-05-15,252,584,145386.87,108434.02,36952.85,25.42,0.1735377561352347,0.16129032258064524,0.12959381044487417,0.2117726686488579,144247.33285714284,16880.770440485594,237.42857142857142,35381.41714285714,1.0078998836254789,1.0613718411552346,1,0.23436690667586157,False,Normal
2023-05-16,290,755,216884.74,162314.01,54570.73,25.16,0.49177666456400093,0.1507936507936507,0.2928082191780821,0.4767664740338027,152589.0357142857,32393.24371580205,240.85714285714286,37594.45857142857,1.4213651654900312,1.2040332147093713,1,0.08787813406999834,False,Normal
2023-05-17,292,731,176334.52,133059.03,43275.49,24.54,-0.18696668101222802,0.006896551724137945,-0.03178807947019868,-0.20698348730170923,153433.85571428572,33007.10606433434,245.0,37746.35428571428,1.1492543101332104,1.1918367346938776,1,0.17775968101781808,False,Normal
2023-05-18,227,528,132190.65,99796.76,32393.89,24.51,-0.2503416234098689,-0.2226027397260274,-0.2777017783857729,-0.2514494925418522,151051.41142857142,33979.17641237302,242.57142857142858,37314.66142857143,0.8751368077252941,0.9358068315665489,1,0.17970238757700963,False,Normal
2023-05-19,248,581,134646.89,100733.6,33913.29,25.19,0.018581041851295943,0.09251101321585908,0.10037878787878785,0.04690390687873558,150800.63857142857,34111.52841892703,245.85714285714286,37309.37142857143,0.8928801049885665,1.0087158628704243,1,0.22267185352626984,False,Normal
2023-05-20,228,580,152543.31,115440.75,37102.56,24.32,0.13291372715701022,-0.08064516129032262,-0.0017211703958691649,0.09404189331085244,154553.52285714285,32363.629224934153,250.57142857142858,38386.24,0.9869934193670827,0.9099201824401368,1,0.2146532377764026,False,Normal
2023-05-21,181,442,99580.87,75178.09,24402.78,24.51,-0.34719608483649667,-0.20614035087719296,-0.23793103448275865,-0.34228851055021536,151081.12142857144,37151.99102313585,245.42857142857142,37515.94142857142,0.6591218615429733,0.7374854481955763,1,0.09659302153948368,False,Normal
2023-05-22,275,673,172626.08,130031.57,42594.51,24.67,0.7335265297441165,0.5193370165745856,0.5226244343891402,0.7454777693361168,154972.43714285715,37875.64520131214,248.71428571428572,38321.892857142855,1.1139147269192735,1.1056863871338312,1,0.05757207096290207,False,Normal
2023-05-23,285,678,167579.19,124572.48,43006.71,25.66,-0.02923596480902535,0.036363636363636376,0.007429420505200568,0.009677303483476951,147928.78714285715,27646.256322098558,248.0,36669.89,1.1328369091417356,1.1491935483870968,1,0.22064891374013973,False,Normal
2023-05-24,262,653,164678.22,123140.8,41537.42,25.22,-0.017311039634455794,-0.08070175438596494,-0.03687315634218291,-0.03416420367891426,146263.60142857142,25949.11966845306,243.71428571428572,36421.59428571428,1.1259002129823903,1.0750293083235638,1,0.22652507865046095,False,Normal
2023-05-25,299,755,200945.75,151048.79,49896.96,24.83,0.22023270594010547,0.14122137404580148,0.1562021439509953,0.2012532314236175,156085.75857142857,32033.59404154286,254.0,38922.032857142854,1.287406050616991,1.1771653543307086,1,0.1670404431744114,False,Normal
2023-05-26,232,562,137169.09,103531.0,33638.09,24.52,-0.3173824776090064,-0.2240802675585284,-0.2556291390728477,-0.3258489094325586,156446.07285714286,31765.320090829347,251.71428571428572,38882.718571428566,0.876781931913718,0.9216799091940976,1,0.16453137537350898,False,Normal
2023-05-27,253,584,141873.17,106084.25,35788.92,25.23,0.03429402352964517,0.09051724137931028,0.039145907473309594,0.06394031290123792,154921.76714285716,32236.332367965068,255.28571428571428,38695.055714285714,0.9157729905648138,0.991046446558478,1,0.22806589570383662,False,Normal
2023-05-28,210,542,118593.21,89881.51,28711.7,24.21,-0.1640899403319176,-0.1699604743083004,-0.07191780821917804,-0.1977489122331716,157637.8157142857,27204.771259947862,259.42857142857144,39310.61571428571,0.7523144713889401,0.8094713656387664,1,0.18026807293267466,False,Normal
2023-05-29,224,529,130369.72,95984.6,34385.12,26.38,0.09930172224868516,0.06666666666666665,-0.023985239852398532,0.1975995848382368,151601.19285714283,28001.22838015582,252.14285714285714,38137.845714285715,0.8599518087093831,0.888385269121813,1,0.19159575775287158,False,Normal
2023-05-30,251,610,148168.54,111431.5,36737.04,24.79,0.1365257208499029,0.12053571428571419,0.15311909262759915,0.06839935413923226,148828.24285714285,27101.89014259845,247.28571428571428,37242.17857142857,0.9955673543913566,1.0150202195262854,1,0.2366888265613959,False,Normal
2023-05-31,218,492,120848.96,91289.88,29559.08,24.46,-0.1843817857690978,-0.13147410358565736,-0.1934426229508197,-0.19538754347111253,142566.92,27881.487412887687,241.0,35530.98714285714,0.847664801904958,0.9045643153526971,1,0.2039033292820437,False,Normal
2023-06-01,277,631,152302.82,114300.13,38002.69,24.95,0.2602741471668437,0.27064220183486243,0.282520325203252,0.2856519891688103,135617.93,12993.233909939838,237.85714285714286,33831.805714285714,1.1230286437788868,1.1645645645645646,1,0.19002163042383424,False,Normal
2023-06-02,277,691,157503.63,117671.43,39832.2,25.29,0.034147824708695484,0.0,0.09508716323296351,0.04814159208203406,138522.86428571428,15440.488060856134,244.28571428571428,34716.67857142857,1.1370226194221367,1.1339181286549709,1,0.22681206009922356,False,Normal
2023-06-03,260,578,141543.94,105971.59,35572.35,25.13,-0.10132902968649038,-0.06137184115523464,-0.16353111432706224,-0.10694488378748845,138475.83142857143,15429.079119254866,245.28571428571428,34685.74,1.022156274779337,1.0599883517763542,1,0.23316477886034437,False,Normal
2023-06-04,241,556,142992.91,109304.86,33688.05,23.56,0.010236891809003001,-0.07307692307692304,-0.03806228373702425,-0.0529709170184145,141961.50285714286,12704.165469130123,249.71428571428572,35396.647142857146,1.0072654002817585,0.9651029748283753,1,0.23243334598539267,False,Normal
2023-06-05,284,677,161410.39,121261.66,40148.73,24.87,0.1287999523892478,0.17842323651452285,0.21762589928057552,0.19177957762470665,146395.8842857143,13382.940212027866,258.2857142857143,36220.020000000004,1.1025609824179385,1.0995575221238938,1,0.22488843558902077,False,Normal
2023-06-06,276,650,161717.41,121684.61,40032.8,24.75,0.0019021080365395626,-0.028169014084507005,-0.03988183161004433,-0.0028875135029178267,148331.43714285715,14605.939546435973,261.85714285714283,36690.84285714286,1.0902436672561253,1.054009819967267,1,0.24123061399384765,False,Normal
2023-06-07,264,604,142926.5,108898.59,34027.91,23.81,-0.11619596183243353,-0.04347826086956519,-0.0707692307692308,-0.14999925061449604,151485.37142857144,8984.213056478646,268.42857142857144,37329.247142857144,0.9435003436446857,0.9835018626929217,1,0.22106132064493206,False,Normal
2023-06-08,249,600,148021.04,110411.78,37609.26,25.41,0.035644474607578136,-0.05681818181818177,-0.0066225165562914245,0.10524742777326024,150873.6885714286,9064.682234926988,264.42857142857144,37273.04285714286,0.98109247146776,0.9416531604538086,1,0.2358973537147001,False,Normal
2023-06-09,230,551,136137.26,103705.28,32431.98,23.82,-0.08028439740728754,-0.07630522088353409,-0.08166666666666667,-0.13765971465538018,147821.35,10008.326471271366,257.7142857142857,36215.868571428575,0.9209580348170274,0.8924611973392461,1,0.21964352070530596,False,Normal
2023-06-10,226,578,138007.6,101357.54,36650.06,26.56,0.013738634081514434,-0.017391304347826098,0.04900181488203259,0.1300592809936365,147316.1585714286,10457.189525482703,252.85714285714286,36369.827142857146,0.936812372371798,0.8937853107344632,1,0.2193713958414248,False,Normal
2023-06-11,217,538,143490.65,106102.6,37388.05,26.06,0.03973005834461274,-0.03982300884955747,-0.0692041522491349,0.020136119831727584,147387.26428571428,10424.534538711045,249.42857142857142,36898.39857142857,0.9735620692561293,0.8699885452462772,1,0.21994782471424623,False,Normal
2023-06-12,246,616,146340.1,109095.52,37244.58,25.45,0.019858088314465228,0.13364055299539168,0.14498141263940512,-0.0038373223529978295,145234.36571428573,8406.636411423897,244.0,36483.520000000004,1.007613447962375,1.0081967213114753,1,0.23471870098035474,False,Normal
2023-06-13,256,602,152510.57,114521.11,37989.46,24.91,0.04216527117310975,0.04065040650406515,-0.022727272727272707,0.01999968854528622,143919.10285714286,5674.096106021859,241.14285714285714,36191.61428571429,1.0596965029123702,1.061611374407583,1,0.23618050627141135,False,Normal
2023-06-14,296,749,174643.36,131316.02,43327.34,24.81,0.14512299049174082,0.15625,0.2441860465116279,0.14050949921372924,148450.08285714284,12861.171913605252,245.71428571428572,37520.10428571428,1.1764450153124102,1.2046511627906977,1,0.19704204551165666,False,Normal
2023-06-15,271,655,172641.03,128724.23,43916.8,25.44,-0.011465251241157937,-0.08445945945945943,-0.12550066755674227,0.013604804726069286,151967.2242857143,15763.271218474367,248.85714285714286,38421.18142857143,1.1360412142253569,1.0889781859931114,1,0.22096192528300712,False,Normal
2023-06-16,229,560,137282.31,104545.3,32737.01,23.85,-0.20481064090036993,-0.15498154981549817,-0.14503816793893132,-0.2545675003643254,152130.80285714287,15576.45632405772,248.71428571428572,38464.75714285714,0.9023965391736858,0.9207352096496266,1,0.21300122980967845,False,Normal
2023-06-17,218,520,125078.59,93145.4,31933.19,25.53,-0.08889506594112528,-0.048034934497816595,-0.0714285714285714,-0.02455386121090475,150283.8014285714,18093.430719811924,247.57142857142858,37790.91857142857,0.8322825800986194,0.8805539526832082,1,0.21997887297571844,False,Normal
2023-06-18,229,574,155529.82,119137.99,36391.83,23.4,0.2434567738571407,0.050458715596330306,0.10384615384615392,0.13962400875077008,152003.68285714285,17911.36171492677,249.28571428571428,37648.601428571434,1.02319770861191,0.9186246418338109,1,0.21841489199098418,False,Normal
2023-06-19,271,620,154519.21,116973.07,37546.14,24.3,-0.006497853594892744,0.1834061135371179,0.08013937282229966,0.03171893251864488,153172.12714285712,17746.34301568763,252.85714285714286,37691.68142857142,1.0087945691051643,1.0717514124293785,1,0.24147327234979032,False,Normal
2023-06-20,267,630,153343.39,115143.98,38199.41,24.91,-0.007609539292881329,-0.014760147601476037,0.016129032258064502,0.017399125449380604,153291.10142857142,17743.960153298238,254.42857142857142,37721.67428571428,1.0003411063717418,1.0494104435710276,1,0.2531027536811908,False,Normal
2023-06-21,238,565,136472.99,102288.92,34184.07,25.05,-0.11001713213722497,-0.10861423220973787,-0.10317460317460314,-0.10511523607301798,147838.19142857142,15852.86023181619,246.14285714285714,36415.49285714286,0.9231240498902981,0.9669181659895532,1,0.24127687956581223,False,Normal
2023-06-22,244,596,141203.56,104756.62,36446.94,25.81,0.034663049442970495,0.025210084033613356,0.05486725663716818,0.06619662316394748,143347.1242857143,11514.692133661718,242.28571428571428,35348.37,0.9850463391128669,1.0070754716981132,1,0.24085516835557963,False,Normal
2023-06-23,257,637,164036.85,122551.24,41485.61,25.29,0.16170477571528652,0.05327868852459017,0.06879194630872476,0.1382467224957704,147169.20142857142,13444.662333733004,246.28571428571428,36598.17,1.114613984500115,1.0435034802784222,1,0.236832106281463,False,Normal
2023-06-24,221,513,124831.4,93497.18,31334.22,25.1,-0.2390039189365073,-0.1400778210116731,-0.19466248037676614,-0.24469665505701854,147133.88857142857,13512.507798317787,246.71428571428572,36512.602857142854,0.8484204503260888,0.8957730167921251,1,0.2032946749108513,False,Normal
2023-06-25,222,558,140090.0,102745.8,37344.2,26.66,0.12223366877244035,0.004524886877828038,0.08771929824561409,0.19180244473932961,144928.2,13169.386654485856,245.71428571428572,36648.65571428572,0.966616572896096,0.9034883720930232,1,0.2078593969356568,False,Normal
2023-06-26,246,569,136215.23,102510.3,33704.93,24.74,-0.02765914769077016,0.10810810810810811,0.019713261648745428,-0.09745208091216295,142313.3457142857,12758.412923663764,242.14285714285714,36099.91142857143,0.9571500783452275,1.015929203539823,1,0.23646919261283272,False,Normal
2023-06-27,244,601,143654.76,106594.83,37059.93,25.8,0.05461599264634365,-0.008130081300813052,0.05623901581722324,0.09954033430717701,140929.2557142857,11856.01240882067,238.85714285714286,35937.12857142857,1.019339520895788,1.0215311004784688,1,0.23883045826136773,False,Normal
2023-06-28,227,520,112555.58,85539.41,27016.17,24.0,-0.21648555188843033,-0.069672131147541,-0.13477537437603992,-0.2710140035342755,137512.48285714287,16056.55106984175,237.28571428571428,34913.142857142855,0.8185117282547377,0.9566526189042746,1,0.1968331018031133,False,Normal
2023-06-29,244,596,148661.01,111782.7,36878.31,24.81,0.3207786766324692,0.07488986784140961,0.14615384615384608,0.3650458225573796,138577.83285714287,16581.102728576396,237.28571428571428,34974.76714285714,1.072761833079405,1.0282962071041541,1,0.21499954391953824,False,Normal
2023-06-30,265,686,172215.88,127112.78,45103.1,26.19,0.15844685839279582,0.08606557377049184,0.15100671140939603,0.2230251332016029,139746.26571428572,18812.220409824276,238.42857142857142,35491.55142857142,1.2323469190375298,1.1114439784301977,1,0.20218217427719687,False,Normal
2023-07-01,216,492,127577.79,96476.37,31101.42,24.38,-0.25919845486955095,-0.18490566037735845,-0.282798833819242,-0.31043719833004824,140138.60714285713,18474.932926557667,237.71428571428572,35458.294285714284,0.9103686171930291,0.9086538461538461,1,0.18836074533668712,False,Normal
2023-07-02,227,562,129738.39,98378.13,31360.26,24.17,0.016935549675221706,0.05092592592592582,0.1422764227642277,0.008322449585903113,138659.80571428573,18889.11969959184,238.42857142857142,34603.445714285706,0.9356596840134864,0.9520671060515279,1,0.23583608708369164,False,Normal
2023-07-03,256,608,154520.59,115203.39,39317.2,25.44,0.1910167067743016,0.12775330396475781,0.08185053380782925,0.2537268504789183,141274.85714285713,19742.138216134004,239.85714285714286,35405.19857142857,1.0937586002564403,1.0673019654556284,1,0.23401207634078153,False,Normal
2023-07-04,250,581,138281.77,102948.62,35333.15,25.55,-0.10509162565325436,-0.0234375,-0.044407894736842146,-0.10133096965195887,140507.28714285715,19738.63645734185,240.71428571428572,35158.51571428571,0.9841608418459149,1.0385756676557862,1,0.24277979906428981,False,Normal
2023-07-05,267,644,158788.09,118802.09,39986.0,25.18,0.14829373387395894,0.06800000000000006,0.10843373493975905,0.1316851172340987,147111.93142857144,16254.34892106621,246.42857142857142,37011.34857142857,1.0793692153861618,1.0834782608695652,1,0.2410250549579197,False,Normal
2023-07-06,240,537,125267.3,94241.53,31025.77,24.77,-0.2111039310316032,-0.101123595505618,-0.16614906832298137,-0.224084179462812,143769.97285714286,18174.29788311065,245.85714285714286,36175.27142857143,0.8713036353180087,0.9761766414875073,1,0.2222102099349283,False,Normal
2023-07-07,250,621,149672.41,112404.68,37267.73,24.9,0.194824267785767,0.04166666666666674,0.15642458100558665,0.2011863041594133,140549.47714285713,13753.172990195315,243.71428571428572,35055.93285714286,1.064909048703683,1.0257913247362251,1,0.2314002786447127,False,Normal
2023-07-08,189,453,106192.55,80950.04,25242.51,23.77,-0.29050016632992015,-0.244,-0.27053140096618356,-0.3226711151980548,137494.44285714286,18626.59271824656,239.85714285714286,34218.94571428571,0.772340669144966,0.7879690291840381,1,0.13742455230329098,False,Normal
2023-07-09,178,456,112256.58,85345.35,26911.23,23.97,0.057104100052216555,-0.05820105820105825,0.0066225165562914245,0.0661075305110308,134997.04142857142,20875.95908437002,232.85714285714286,33583.37,0.8315484458923963,0.7644171779141105,1,0.17327562345890218,False,Normal
2023-07-10,219,545,127591.44,96022.55,31568.89,24.74,0.13660544442027356,0.2303370786516854,0.19517543859649122,0.17307495792648653,131150.02,19082.76260899893,227.57142857142858,32476.46857142857,0.9728663403940008,0.9623352165725046,1,0.2181788845058431,False,Normal
2023-07-11,221,513,127404.46,95787.62,31616.84,24.82,-0.001465458811343412,0.009132420091324311,-0.05871559633027523,0.0015189004111326732,129596.11857142857,18846.644559229127,223.42857142857142,31945.567142857144,0.9830885477467398,0.9891304347826088,1,0.24315612392099062,False,Normal
2023-07-12,243,609,143130.68,107367.7,35762.98,24.99,0.12343539621768329,0.09954751131221728,0.1871345029239766,0.1311370775827061,127359.34571428572,15422.749183849604,220.0,31342.278571428575,1.123833348838767,1.1045454545454545,1,0.22477680695931418,False,Normal
2023-07-13,217,529,135744.05,101630.53,34113.52,25.13,-0.05160759384361202,-0.10699588477366251,-0.1313628899835796,-0.04612199542655582,128856.02428571427,15691.895136198007,216.71428571428572,31783.385714285712,1.0534552090402292,1.001318391562294,1,0.2362112433319128,False,Normal
2023-07-14,249,604,154418.54,116404.25,38014.29,24.62,0.1375713336974993,0.14746543778801846,0.14177693761814747,0.11434674580635495,129534.04285714286,16804.343530505153,216.57142857142858,31890.03714285714,1.1921077779553373,1.1497361477572559,1,0.22183583926846767,False,Normal
2023-07-15,196,470,122306.19,88073.4,34232.79,27.99,-0.20795657049988947,-0.21285140562248994,-0.2218543046357616,-0.09947574977725482,131835.99142857143,13932.214268218668,217.57142857142858,33174.362857142856,0.9277147209551296,0.9008535784635587,1,0.1734467563729215,False,Normal
2023-07-16,218,534,122892.91,91854.53,31038.38,25.26,0.004797140684375867,0.11224489795918369,0.13617021276595742,-0.09331433400549594,133355.46714285715,11868.04726227809,223.28571428571428,33763.955714285716,0.9215438454304306,0.9763275751759437,1,0.2277647999652732,False,Normal
2023-07-17,240,572,134333.86,102034.23,32299.63,24.04,0.09309690851978347,0.10091743119266061,0.07116104868913853,0.040635174902813764,134318.66999999998,11592.685915332278,226.28571428571428,33868.34714285714,1.000113089267486,1.0606060606060606,1,0.23508370893523822,False,Normal
2023-07-18,287,705,171240.59,132186.19,39054.4,22.81,0.2747388484184108,0.1958333333333333,0.2325174825174825,0.20912840178045378,140580.9742857143,17546.361883989233,235.71428571428572,34930.85571428572,1.2180922124780103,1.2175757575757575,1,0.16171632204504383,False,Normal
2023-07-19,251,601,150631.58,113182.47,37449.11,24.86,-0.12035119710811559,-0.12543554006968638,-0.1475177304964539,-0.041103947314515166,141652.5314285714,17952.367184697305,236.85714285714286,35171.73142857143,1.0633878440496227,1.0597104945717732,1,0.23468429826827758,False,Normal
2023-07-20,195,473,117105.8,86443.53,30662.27,26.18,-0.22256806972349352,-0.22310756972111556,-0.21297836938435943,-0.18122833893782786,138989.92428571428,20214.394453208555,233.71428571428572,34678.69571428572,0.8425488437512331,0.8343520782396088,1,0.18431625824001252,False,Normal
2023-07-21,192,457,148071.83,115662.98,32408.85,21.89,0.2644278080163407,-0.01538461538461533,-0.03382663847780132,0.05696186224959865,138083.25142857144,19538.060708586043,225.57142857142858,33877.91857142857,1.0723373650901862,0.8511716276124128,1,0.16227486933923635,False,Normal
2023-07-22,190,448,107949.71,81212.9,26736.81,24.77,-0.27096389637380713,-0.01041666666666663,-0.01969365426695846,-0.17501515789668554,136032.3257142857,22060.845689525137,224.71428571428572,32807.06428571429,0.7935592472831144,0.8455181182453909,1,0.18503127652129803,False,Normal
2023-07-23,211,501,112111.78,82670.06,29441.72,26.26,0.03855563854687505,0.11052631578947358,0.1183035714285714,0.10116801518206553,134492.16428571427,23462.839614293036,223.71428571428572,32578.969999999998,0.8335933962801764,0.9431673052362707,1,0.19756750913852356,False,Normal
2023-07-24,237,631,146264.13,110854.71,35409.42,24.21,0.304627667137209,0.12322274881516582,0.25948103792415167,0.2026953588309377,136196.48857142858,23879.035869117335,223.28571428571428,33023.22571428571,1.0739199779243311,1.0614203454894433,1,0.20700517973465377,False,Normal
2023-07-25,269,660,165584.42,123475.7,42108.72,25.43,0.13209178490994344,0.1350210970464134,0.045958795562599075,0.1891954174906001,135388.4642857143,22554.53121592879,220.71428571428572,33459.55714285714,1.2230319685919644,1.218770226537217,1,0.19417495262869772,False,Normal
2023-07-26,231,568,139380.25,104706.52,34673.73,24.88,-0.1582526302897338,-0.1412639405204461,-0.1393939393939394,-0.17656651638900445,133781.13142857145,21670.788381043978,217.85714285714286,33063.07428571429,1.0418528271635827,1.0603278688524589,1,0.2217450133883888,False,Normal
2023-07-27,247,628,145347.1,109534.7,35812.4,24.64,0.04280986725163727,0.06926406926406936,0.10563380281690149,0.03283955893986601,137815.60285714286,20653.9126524202,225.28571428571428,33798.80714285714,1.0546490889762616,1.0963855421686748,1,0.23833249678077406,False,Normal
2023-07-28,198,465,109721.97,81396.07,28325.9,25.82,-0.24510382388090302,-0.19838056680161942,-0.25955414012738853,-0.2090477041471669,132337.05142857143,22485.050510432997,226.14285714285714,33215.52857142857,0.8291099795224177,0.8755527479469362,1,0.18018048962544542,False,Normal
2023-07-29,239,540,122181.68,91733.45,30448.23,24.92,0.11355711167052496,0.20707070707070696,0.16129032258064524,0.07492542161061078,134370.19,20465.08636061452,233.14285714285714,33745.73142857143,0.9092915623621578,1.0251225490196079,1,0.22182620220600546,False,Normal
2023-07-30,194,459,114499.92,85633.77,28866.15,25.21,-0.0628716187238545,-0.18828451882845187,-0.15000000000000002,-0.05195967056213113,134711.35285714286,20047.83707354157,230.71428571428572,33663.50714285715,0.8499648884190447,0.8408668730650154,1,0.20498014476546644,False,Normal
2023-07-31,228,551,138700.79,101839.88,36860.91,26.58,0.21136145771979598,0.17525773195876293,0.20043572984749458,0.2769596915418233,133630.8757142857,19518.24599775908,229.42857142857142,33870.862857142856,1.0379396921453559,0.9937733499377336,1,0.199139640560755,False,Normal
2023-08-01,217,516,139188.92,103439.44,35749.48,25.68,0.0035193022332460355,-0.04824561403508776,-0.06352087114337568,-0.030151995704935097,129860.09,14119.15159464644,222.0,32962.4,1.0718375445450563,0.9774774774774775,1,0.23496886810886491,False,Normal
2023-08-02,256,607,143209.29,108268.56,34940.73,24.4,0.02888426751209794,0.17972350230414746,0.1763565891472869,-0.022622706679929383,130407.09571428571,14614.922955492082,225.57142857142858,33000.54285714286,1.0981709945735096,1.134895503483217,1,0.22340717236878788,False,Normal
2023-08-03,261,613,161360.44,122310.29,39050.15,24.2,0.12674561824864838,0.01953125,0.009884678747940745,0.11761116610900801,132694.7157142857,18165.21031868255,227.57142857142858,33463.078571428574,1.216027624999299,1.1468926553672316,1,0.2171622085320296,False,Normal
2023-08-04,275,660,165417.54,124523.66,40893.88,24.72,0.02514308959494671,0.05363984674329503,0.07667210440456773,0.04721441530954418,140651.2257142857,18617.83651704131,238.57142857142858,35258.50428571429,1.1760831742485045,1.152694610778443,1,0.2264855990710648,False,Normal
2023-08-05,199,453,103568.95,77695.37,25873.58,24.98,-0.3738937841779052,-0.27636363636363637,-0.3136363636363636,-0.3672994589899514,137992.26428571428,22598.75933747783,232.85714285714286,34604.98285714286,0.7505417099726657,0.854601226993865,1,0.11604468230277032,False,Normal
2023-08-06,259,657,151514.25,116103.76,35410.49,23.37,0.4629312163539363,0.3015075376884422,0.45033112582781465,0.3685964601728866,143280.02571428573,20410.18721414984,242.14285714285714,35539.88857142857,1.0574694500832524,1.0696165191740412,1,0.1527133377780096,False,Normal
2023-08-07,257,609,149978.78,113068.9,36909.88,24.61,-0.010134162298265692,-0.007722007722007707,-0.0730593607305936,0.04234310228409721,144891.16714285716,20433.583162012364,246.28571428571428,35546.88428571429,1.0351133402916595,1.0435034802784222,1,0.24733293484538593,False,Normal
2023-08-08,274,670,167012.98,128399.65,38613.33,23.12,0.11357740074962619,0.06614785992217898,0.10016420361247946,0.046151599517527675,148866.03285714285,21800.03824352636,254.42857142857142,35956.00571428571,1.1219011939430912,1.0769230769230769,1,0.21804599722526485,False,Normal
2023-08-09,272,656,151926.79,112931.2,38995.59,25.67,-0.09032944625022554,-0.007299270072992692,-0.020895522388059695,0.009899690081119461,150111.38999999998,21671.652368005743,256.7142857142857,36535.27142857143,1.0120936858955207,1.0595436839176404,1,0.24151817383310242,False,Normal
2023-08-10,275,670,153185.0,114693.25,38491.75,25.13,0.008281686198990945,0.011029411764705843,0.021341463414634054,-0.012920435362049787,148943.47,21179.080837794198,258.7142857142857,36455.5,1.028477448524598,1.0629486471562672,1,0.24728389461042422,False,Normal
2023-08-11,261,624,149429.1,111609.42,37819.68,25.31,-0.024518719195743666,-0.050909090909090904,-0.06865671641791049,-0.01746010508745377,146659.40714285715,19931.729490886548,256.7142857142857,36016.32857142857,1.0188852042368135,1.01669449081803,1,0.24512312401770558,False,Normal
2023-08-12,233,527,118894.59,89028.35,29866.24,25.12,-0.2043411223115177,-0.10727969348659006,-0.15544871794871795,-0.21029897661746477,148848.7842857143,14515.4343790067,261.57142857142856,36586.70857142857,0.7987609073902988,0.8907700709994539,1,0.20688279011635435,False,Normal
2023-08-13,240,609,158794.26,121059.22,37735.04,23.76,0.3355886083630888,0.030042918454935563,0.15559772296015173,0.26346804954356484,149888.7857142857,14991.239498325362,258.85714285714283,36918.787142857145,1.059413879719392,0.9271523178807948,1,0.20701377924757408,False,Normal
2023-08-14,283,719,179941.64,137160.12,42781.52,23.78,0.1331747129902554,0.1791666666666667,0.180623973727422,0.133734587269551,154169.1942857143,18811.94761827053,262.57142857142856,37757.59285714286,1.1671698800379204,1.0778019586507073,1,0.21132173667316279,False,Normal
2023-08-15,209,489,121203.35,92085.94,29117.41,24.02,-0.32642966908604365,-0.2614840989399293,-0.3198887343532685,-0.3193928125975888,147624.96142857143,21390.540788438888,253.28571428571428,36401.032857142854,0.8210220604097799,0.8251551043429216,1,0.1479003211744992,False,Normal
2023-08-16,234,541,130226.29,98160.49,32065.8,24.62,0.07444464200040657,0.11961722488038284,0.10633946830265839,0.10125866277254736,144524.88999999998,22219.60976898899,247.85714285714286,35411.06285714286,0.9010647923689823,0.9440922190201729,1,0.23283167420882017,False,Normal
2023-08-17,227,573,140415.85,106308.03,34107.82,24.29,0.07824503024696483,-0.02991452991452992,0.05914972273567476,0.06368217852041735,142700.7257142857,21912.173278938913,241.0,34784.787142857145,0.9839883385116032,0.941908713692946,1,0.23886195781826053,False,Normal
2023-08-18,267,634,156167.61,114850.77,41316.84,26.46,0.11217935866926698,0.17621145374449343,0.10645724258289713,0.21135974096262955,143663.37000000002,22399.624961621943,241.85714285714286,35284.381428571425,1.0870384705579437,1.1039574719432959,1,0.21792638426560645,False,Normal
2023-08-19,234,560,124416.86,94907.02,29509.84,23.72,-0.20331200560730867,-0.1235955056179775,-0.11671924290220825,-0.2857672561599579,144452.26571428572,21459.41277498632,242.0,35233.46714285714,0.8613008552325926,0.9669421487603306,1,0.21031995100701995,False,Normal
2023-08-20,247,539,135175.62,101944.59,33231.03,24.58,0.08647348920395515,0.05555555555555558,-0.03749999999999998,0.12609997207711054,141078.17428571428,20670.8743756437,243.0,34590.037142857145,0.9581611095011741,1.0164609053497942,1,0.2374510683728342,False,Normal
2023-08-21,309,760,189391.24,142296.02,47095.22,24.87,0.4010754306138933,0.2510121457489878,0.41001855287569566,0.4172061473869453,142428.11714285714,23716.15910473432,246.71428571428572,35206.280000000006,1.3297321048626816,1.252460914881297,1,0.11402048584764068,False,Normal
2023-08-22,266,644,154980.65,117581.1,37399.55,24.13,-0.18169050479842674,-0.13915857605177995,-0.15263157894736845,-0.205873759587491,147253.44571428568,22056.08754286779,254.85714285714286,36389.44285714286,1.0524755413921336,1.0437219730941705,1,0.21666211110991745,False,Normal
2023-08-23,297,729,181676.7,134475.55,47201.15,25.98,0.17225408462282243,0.11654135338345872,0.13198757763975166,0.26207801965531674,154603.5042857143,23929.406118373547,263.85714285714283,38551.635714285716,1.1751137261691897,1.1256090958310776,1,0.20158863728154353,False,Normal
2023-08-24,288,661,155258.36,117830.82,37427.54,24.11,-0.14541402392271563,-0.030303030303030276,-0.09327846364883396,-0.20706296350830433,156723.86285714284,23106.156184171286,272.57142857142856,39025.88142857143,0.9906491402749644,1.0566037735849056,1,0.2201367110780234,False,Normal
2023-08-25,270,679,174946.88,132596.1,42350.78,24.21,0.1268113356343583,-0.0625,0.027231467473525006,0.1315405714615494,159406.61571428573,24099.63871770745,273.0,39173.58714285714,1.0974882015785847,0.989010989010989,1,0.22458381974690877,False,Normal
2023-08-26,223,530,127009.12,95142.27,31866.85,25.09,-0.27401323190216376,-0.17407407407407405,-0.21944035346097202,-0.24754986803076595,159776.93857142856,23484.428416954142,271.42857142857144,39510.30285714286,0.7949152182761365,0.821578947368421,1,0.17697558064263447,False,Normal
2023-08-27,245,623,154434.0,117804.01,36629.99,23.72,0.21592843096621728,0.09865470852017943,0.17547169811320762,0.1494700605801953,162528.13571428572,21132.316427371607,271.14285714285717,39995.86857142857,0.9501985568300944,0.9035827186512118,1,0.20814644543507893,False,Normal
2023-08-28,307,784,206400.24,155628.61,50771.63,24.6,0.33649481331831077,0.25306122448979584,0.2584269662921348,0.3860672634636264,164957.99285714285,25302.353342353825,270.85714285714283,40521.07,1.251229094298856,1.133438818565401,1,0.15470233124617472,False,Normal
2023-08-29,260,606,161344.45,122216.78,39127.67,24.25,-0.21829330237212896,-0.15309446254071657,-0.22704081632653061,-0.22933988922553794,165867.10714285713,24996.597795059854,270.0,40767.944285714286,0.9727332487992217,0.9629629629629629,1,0.19825278232513993,False,Normal
2023-08-30,296,729,180306.08,136024.03,44282.05,24.56,0.11752266656832622,0.1384615384615384,0.20297029702970293,0.13173235206696443,165671.30428571426,24857.09740200497,269.85714285714283,40350.93,1.0883362135487678,1.0968766543144521,1,0.21802412628905576,False,Normal
2023-08-31,285,689,152594.67,115235.04,37359.63,24.48,-0.15369093488139707,-0.03716216216216217,-0.054869684499314175,-0.15632564436379992,165290.77714285714,25062.611917343937,269.42857142857144,40341.22857142857,0.923189258576211,1.0577942735949097,1,0.22084471622448765,False,Normal
2023-09-01,339,816,199904.97,146976.16,52928.81,26.48,0.31003900726021416,0.18947368421052624,0.1843251088534108,0.41673806726672624,168856.2185714286,28239.223647898278,279.2857142857143,41852.375714285714,1.1838768609841712,1.2138107416879795,1,0.13106345286501625,False,Normal
2023-09-02,261,639,157871.68,118050.49,39821.19,25.22,-0.21026635806003224,-0.23008849557522126,-0.21691176470588236,-0.24764622518435608,173265.15571428573,22428.151413973806,284.7142857142857,42988.71,0.9111565412513201,0.916708479678876,1,0.19009589813221228,False,Normal
2023-09-03,311,742,199965.82,150340.36,49625.46,24.82,0.266635155843024,0.1915708812260537,0.16118935837245707,0.24620735844408448,179769.70142857145,22657.894496940648,294.14285714285717,44845.205714285716,1.1123443962521857,1.057309373482273,1,0.1945357196773697,False,Normal
2023-09-04,330,806,176499.31,132721.84,43777.47,24.8,-0.11735260556029026,0.06109324758842449,0.08625336927223715,-0.11784253486013019,175498.13999999998,19382.41176269632,297.42857142857144,43846.03999999999,1.0057047328250888,1.1095100864553313,1,0.20345095883739667,False,Normal
2023-09-05,411,983,248063.02,186588.19,61474.83,24.78,0.4054616984055064,0.24545454545454537,0.2196029776674937,0.4042572583568671,187886.50714285712,32262.20880009887,319.0,47038.491428571426,1.3202811834241424,1.2884012539184952,1,0.0687120417480338,False,Normal
2023-09-06,346,853,203663.89,155581.02,48082.87,23.61,-0.17898326804212883,-0.15815085158150854,-0.1322482197355036,-0.2178446040436387,191223.33714285717,32554.11544126047,326.14285714285717,47581.46571428572,1.0650577123222615,1.0608848007008322,1,0.1377487242422673,False,Normal
2023-09-07,310,743,165877.14,124464.43,41412.71,24.97,-0.18553485352754484,-0.10404624277456642,-0.12895662368112548,-0.1387221686226301,193120.83285714284,30231.536920486116,329.7142857142857,48160.47714285715,0.8589292907757093,0.9402079722703639,1,0.18576328845586737,False,Normal
2023-09-08,377,919,220191.1,163993.6,56197.5,25.52,0.32743487137528415,0.21612903225806446,0.23687752355316283,0.357010927321588,196018.85142857142,31915.670686927577,335.14285714285717,48627.43285714286,1.1233159382134064,1.1248934356351235,1,0.1222213914325338,False,Normal
2023-09-09,301,710,176520.86,133341.57,43179.29,24.46,-0.1983288152881748,-0.2015915119363395,-0.22742110990206743,-0.23165105209306458,198683.02000000002,28829.78967112368,340.85714285714283,49107.16142857143,0.8884546852569484,0.8830678960603521,1,0.1622177681214218,False,Normal
2023-09-10,296,683,169453.94,127449.06,42004.88,24.79,-0.04003447524558845,-0.01661129568106312,-0.038028169014084456,-0.02719845555589273,194324.18,30840.011277761,338.7142857142857,48018.50714285714,0.8720167505659873,0.8738928722058203,1,0.18840889487246348,False,Normal
2023-09-11,286,682,167282.16,125346.77,41935.39,25.07,-0.01281634407556409,-0.03378378378378377,-0.0014641288433382416,-0.001654331591948277,193007.4442857143,31906.232615402692,332.42857142857144,47755.35285714286,0.8667135126268372,0.8603351955307262,1,0.18974400320244306,False,Normal
2023-09-12,345,832,201238.08,151425.2,49812.88,24.75,0.20298590118635484,0.20629370629370625,0.21994134897360706,0.18784825895264112,186318.16714285716,21723.44365127706,323.0,46089.36,1.0800776064188264,1.068111455108359,1,0.1819241484615745,False,Normal
2023-09-13,329,802,195669.66,148035.85,47633.81,24.34,-0.027670806638584455,-0.04637681159420293,-0.03605769230769229,-0.04374511170604867,185176.13428571427,20852.236763770612,320.57142857142856,46025.20857142857,1.0566678084881873,1.0262923351158646,1,0.20353052379928976,False,Normal
2023-09-14,348,837,220997.3,168315.39,52681.91,23.84,0.1294408136652354,0.05775075987841949,0.043640897755610863,0.10597724599396963,193050.44285714286,22677.324403677976,326.0,47635.09428571428,1.1447645326746947,1.0674846625766872,1,0.17093725128907178,False,Normal
2023-09-15,300,731,185792.93,140074.41,45718.52,24.61,-0.1592977380266637,-0.13793103448275867,-0.12664277180406214,-0.13217800949130365,188136.41857142857,19289.846347319657,315.0,46138.09714285714,0.9875436739509377,0.9523809523809523,1,0.191107373030114,False,Normal
2023-09-16,203,452,102197.21,76708.17,25489.04,24.94,-0.4499402641424515,-0.32333333333333336,-0.38166894664842677,-0.4424788903927773,177518.75428571427,38065.889887114245,301.0,43610.91857142857,0.5756981024974682,0.6744186046511628,1,0.03483844220846388,False,Normal
2023-09-17,216,509,120769.69,91263.05,29506.64,24.43,0.1817317713467912,0.0640394088669951,0.12610619469026552,0.1576206871659347,170563.86142857143,43800.481661446225,289.57142857142856,41825.455714285716,0.7080614204467681,0.7459299457326098,1,0.1321790415295621,False,Normal
2023-09-18,298,703,176250.7,134702.02,41548.68,23.57,0.4593951512171639,0.37962962962962954,0.381139489194499,0.4081128857775742,171845.08142857143,43819.65513803999,291.2857142857143,41770.21142857143,1.0256371525725618,1.023050514958313,1,0.10963434912038261,False,Normal
2023-09-19,334,788,188453.08,141670.78,46782.3,24.82,0.06923308673383977,0.12080536912751683,0.12091038406827881,0.1259635685177003,170018.65285714282,42640.9416342701,289.7142857142857,41337.271428571425,1.1084259099402851,1.1528599605522682,1,0.18325549682836045,False,Normal
2023-09-20,298,681,170736.9,128819.68,41917.22,24.55,-0.09400843966041839,-0.10778443113772451,-0.1357868020304569,-0.10399403193087986,166456.83000000002,41156.68244201869,285.2857142857143,40520.61571428571,1.0257127929205427,1.044566850275413,1,0.1934837676070303,False,Normal
2023-09-21,305,762,202267.13,149997.19,52269.94,25.84,0.18467144477848674,0.02348993288590595,0.11894273127753308,0.24698011938768838,163781.0914285714,37462.94333015336,279.14285714285717,40461.76285714286,1.234984626343226,1.0926305015353122,1,0.16606682722489557,False,Normal
2023-09-22,267,658,155495.78,118021.49,37474.29,24.1,-0.2312355447966261,-0.12459016393442623,-0.13648293963254599,-0.28306231076599664,159452.92714285714,36225.74370834119,274.42857142857144,39284.01571428571,0.9751829758552387,0.9729307652264445,1,0.18643824854146612,False,Normal
2023-09-23,228,586,139478.06,106295.12,33182.94,23.79,-0.10301064118910497,-0.1460674157303371,-0.10942249240121582,-0.11451451114884359,164778.76285714284,28272.641465963625,278.0,40383.14428571429,0.8464565310574784,0.8201438848920863,1,0.19369496957235088,False,Normal
2023-09-24,245,595,143057.06,105285.44,37771.62,26.4,0.025659949672371507,0.07456140350877183,0.015358361774743923,0.13828431115506934,167962.67285714284,23309.963655876036,282.14285714285717,41563.85571428571,0.8517193586319873,0.8683544303797468,1,0.19975836371889033,False,Normal
2023-09-25,299,739,170768.88,129372.3,41396.58,24.24,0.19371165603431262,0.2204081632653061,0.2420168067226891,0.09597046671548637,167179.55571428573,23076.022661417035,282.2857142857143,41542.12714285714,1.021469875729593,1.0592105263157896,1,0.2076047399371081,False,Normal
2023-09-26,306,789,179622.71,133695.18,45927.53,25.57,0.05184685874850259,0.02341137123745818,0.06765899864682012,0.10945227842493255,165918.07428571428,21932.270123048478,278.2857142857143,41420.01714285714,1.0825988113307419,1.0995893223819302,1,0.2238291963307784,False,Normal
2023-09-27,273,641,149614.24,112473.99,37140.25,24.82,-0.16706389743256855,-0.10784313725490191,-0.18757921419518375,-0.1913292528468219,162900.55142857143,22601.632161932797,274.7142857142857,40737.59285714286,0.9184391255151938,0.9937597503900155,1,0.21929860823107267,False,Normal
2023-09-28,307,754,177249.81,133228.43,44021.38,24.84,0.1847121637619522,0.12454212454212454,0.17628705148205936,0.18527419713114468,159326.64857142858,16491.24464679705,275.0,39559.22714285714,1.1124931804520835,1.1163636363636364,1,0.2149930946858944,False,Normal
2023-09-29,301,731,173212.29,131539.89,41672.4,24.06,-0.02277869860622128,-0.019543973941368087,-0.0305039787798409,-0.053359980991054656,161857.57857142857,17151.594373022028,279.85714285714283,40158.95714285714,1.0701524854677136,1.0755487493619194,1,0.2238031291642935,False,Normal
2023-09-30,234,564,140346.34,104854.77,35491.57,25.29,-0.1897437531713253,-0.22259136212624586,-0.22845417236662102,-0.1483195112352541,161981.61857142858,16964.894975393974,280.7142857142857,40488.76142857143,0.8664337425305567,0.833587786259542,1,0.19230760189030377,False,Normal
2023-10-01,270,643,159993.9,121574.07,38419.83,24.01,0.13999339063633576,0.15384615384615374,0.1400709219858156,0.08250578940294839,164401.16714285713,14897.866570565026,284.2857142857143,40581.362857142856,0.97319199602137,0.949748743718593,1,0.22004820442004397,False,Normal
2023-10-02,279,661,163393.33,124060.8,39332.53,24.07,0.021247247551312798,0.03333333333333344,0.027993779160186527,0.023755961439704265,163347.51714285716,14630.876543256896,281.42857142857144,40286.49857142857,1.0002804625251986,0.9913705583756345,1,0.2387035645860549,False,Normal
2023-10-03,311,749,185981.57,138869.73,47111.84,25.33,0.13824456604195556,0.11469534050179209,0.13313161875945534,0.1977831072651568,164255.92571428572,15947.92198489813,282.14285714285717,40455.68571428571,1.1322670350627402,1.1022784810126582,1,0.211945496048968,False,Normal
2023-10-04,269,678,156746.94,117338.17,39408.77,25.14,-0.1571910055388822,-0.135048231511254,-0.09479305740987987,-0.16350603160479404,165274.8828571429,15059.633041716512,281.57142857142856,40779.76,0.9484014587714813,0.9553526128868595,1,0.22117216432280906,False,Normal
2023-10-05,276,647,158926.13,118808.24,40117.89,25.24,0.013902599948681704,0.026022304832713727,-0.04572271386430682,0.01799396428764477,162657.2142857143,14199.16514929884,277.14285714285717,40222.118571428575,0.9770616735193776,0.9958762886597937,1,0.24110070064864786,False,Normal
2023-10-06,274,644,163590.2,123078.66,40511.54,24.76,0.029347408132319064,-0.007246376811594235,-0.004636785162287493,0.00981233060861375,161282.62999999998,13453.20414697678,273.2857142857143,40056.28142857143,1.0143076163874563,1.002613695765813,1,0.24388675920800357,False,Normal
2023-10-07,205,494,114912.99,85846.35,29066.64,25.29,-0.2975557826813586,-0.25182481751824815,-0.23291925465838514,-0.28250962565234505,157649.2942857143,21234.168953198823,269.14285714285717,39138.434285714284,0.7289153466918695,0.7616772823779192,1,0.14742044319729036,False,Normal
2023-10-08,227,551,134432.81,101697.76,32735.05,24.35,0.16986608737619657,0.1073170731707318,0.11538461538461542,0.1262068818411759,153997.71,22896.539326797734,263.0,38326.32285714285,0.8729533056043496,0.8631178707224335,1,0.2023567414934373,False,Normal
2023-10-09,269,617,150225.93,114094.92,36131.01,24.05,0.11747965396245164,0.18502202643171817,0.11978221415607981,0.10374079159799665,152116.65285714288,22534.00798875153,261.57142857142856,37868.962857142855,0.9875705728358452,1.028399781540142,1,0.23572737956852063,False,Normal
2023-10-10,267,657,154996.38,116533.34,38463.04,24.82,0.031755170362400165,-0.0074349442379182396,0.06482982171799034,0.06454372573587053,147690.19714285713,17180.38969393928,255.28571428571428,36633.42,1.049469653358752,1.0458869613878008,1,0.2493351556630491,False,Normal
2023-10-11,272,656,153692.46,117024.19,36668.27,23.86,-0.008412583571306698,0.01872659176029967,-0.0015220700152207556,-0.04666219830777818,147253.84285714285,16949.25992976728,255.71428571428572,36241.92,1.0437246119892676,1.0636871508379888,1,0.24117062008296403,False,Normal
2023-10-12,240,614,148748.51,112781.31,35967.2,24.18,-0.0321678109648319,-0.11764705882352944,-0.06402439024390238,-0.019119254876218572,145799.89714285714,16201.123977175588,250.57142857142858,35648.96428571428,1.0202236964149143,0.9578107183580388,1,0.24236569880689257,False,Normal
2023-10-13,290,688,165551.5,123323.93,42227.57,25.51,0.11296240883354058,0.20833333333333326,0.12052117263843654,0.17405775261905299,146080.08285714287,16572.768427850162,252.85714285714286,35894.11142857143,1.133292758068182,1.1468926553672316,1,0.21660334952119192,False,Normal
2023-10-14,252,612,149954.0,112932.69,37021.31,24.69,-0.09421539520934574,-0.13103448275862073,-0.11046511627906974,-0.1232905421742242,151085.94142857142,9274.958551415428,259.57142857142856,37030.49285714286,0.9925079632302747,0.9708310401761145,1,0.23421535795184356,False,Normal
2023-10-15,260,577,142388.22,107525.95,34862.27,24.48,-0.05045400589514115,0.031746031746031855,-0.05718954248366015,-0.058318843930698305,152222.42857142858,7134.791368982575,264.2857142857143,37334.381428571425,0.9353957976907852,0.9837837837837838,1,0.23007356296303222,False,Normal
2023-10-16,283,657,162871.65,122088.58,40783.07,25.04,0.1438562122625031,0.08846153846153837,0.13864818024263426,0.16983403547732268,154028.96,8082.970855916465,266.2857142857143,37998.96142857143,1.0574092690101913,1.0627682403433476,1,0.22793132763700186,False,Normal
2023-10-17,218,544,122734.54,92681.43,30053.11,24.49,-0.2464339865163766,-0.22968197879858654,-0.17199391171993916,-0.2630983886205722,149420.1257142857,14269.558825890668,259.2857142857143,36797.54285714286,0.8214056802139715,0.840771349862259,1,0.1876053766667008,False,Normal
2023-10-18,310,734,171790.58,129813.87,41976.71,24.43,0.39969221378105946,0.4220183486238531,0.34926470588235303,0.39675095189815623,152005.57142857142,16618.837366189047,264.7142857142857,37555.89142857143,1.1301597591817594,1.1710739341608203,1,0.13570633741603438,False,Normal
2023-10-19,254,592,134486.38,101017.99,33468.39,24.89,-0.2171492755889175,-0.1806451612903226,-0.19346049046321523,-0.20269144485120438,149968.12428571426,17908.888926847318,266.7142857142857,37198.91857142857,0.8967664338041665,0.9523299410819496,1,0.21523329838916283,False,Normal
2023-10-20,257,596,147191.58,110349.36,36842.22,25.03,0.09447202014062683,0.011811023622047223,0.006756756756756799,0.10080646245606673,147345.27857142856,16538.2494921935,262.0,36429.58285714286,0.998956881598659,0.9809160305343512,1,0.24876446799950297,False,Normal
2023-10-21,230,552,131427.74,98370.13,33057.61,25.15,-0.10709743043725728,-0.10505836575875482,-0.0738255033557047,-0.10272480865702449,144698.66999999998,17505.299320323626,258.85714285714283,35863.340000000004,0.9082857499657737,0.8885209713024284,1,0.23245616653851858,False,Normal
2023-10-22,187,426,110342.29,82069.39,28272.9,25.62,-0.16043378665721553,-0.18695652173913047,-0.2282608695652174,-0.1447385337294499,140120.68,21859.131372593933,248.42857142857142,34922.00142857143,0.7874804061755909,0.7527314548591145,1,0.1731973825391251,False,Normal
2023-10-23,271,621,157578.35,119484.84,38093.51,24.17,0.4280866384049127,0.44919786096256686,0.4577464788732395,0.3473506431954274,139364.4942857143,21016.226406566948,246.71428571428572,34537.77857142857,1.1306922240678108,1.0984365952518818,1,0.14626389898107162,False,Normal
2023-10-24,288,735,177646.21,135095.09,42551.12,23.95,0.1273516317438277,0.0627306273062731,0.18357487922705307,0.11701757070955132,147209.01857142858,23833.69143262268,256.7142857142857,36323.20857142857,1.2067617305240217,1.1218697829716193,1,0.20424152699782783,False,Normal
2023-10-25,276,681,161319.85,122932.2,38387.65,23.8,-0.09190379012307659,-0.04166666666666663,-0.07346938775510203,-0.09784630815828121,145713.2,22313.931271671743,251.85714285714286,35810.485714285714,1.107105258823497,1.09585933068633,1,0.22475379556361152,False,Normal
2023-10-26,261,648,157787.97,118287.81,39500.16,25.03,-0.021893647929873472,-0.05434782608695654,-0.048458149779735726,0.028980935274756314,149041.99857142856,22096.988695739503,252.85714285714286,36672.16714285714,1.058681254360528,1.0322033898305085,1,0.24704292567739278,False,Normal
2023-10-27,280,664,161390.63,120897.63,40493.0,25.09,0.022832285629886817,0.07279693486590033,0.024691358024691468,0.025135088060402655,151070.4342857143,22545.968766271457,256.14285714285717,37193.70714285714,1.068313801857268,1.0931399888455102,1,0.24189476556437967,False,Normal
2023-10-28,283,688,179563.5,130719.19,48844.31,27.2,0.11260176628593621,0.010714285714285676,0.03614457831325302,0.20624083174869723,157946.97142857144,22894.454419921083,263.7142857142857,39448.950000000004,1.1368594052542769,1.0731310942578547,1,0.1904677261475351,False,Normal
2023-10-29,239,597,140683.29,106138.58,34544.71,24.55,-0.21652624280546984,-0.15547703180212014,-0.13226744186046513,-0.2927587676026132,162281.4,13198.828005930362,271.14285714285717,40344.92285714286,0.8669095164325672,0.88145416227608,1,0.19879048081558265,False,Normal
2023-10-30,262,640,146910.72,110872.98,36037.74,24.53,0.044265598281075125,0.09623430962343105,0.07202680067001666,0.04322022098318379,160757.45285714284,14394.07623805205,269.85714285714283,40051.241428571426,0.9138656864049237,0.9708840656431975,1,0.23548882456611558,False,Normal
2023-10-31,291,689,178611.02,134749.92,43861.1,24.56,0.215779352248767,0.11068702290076327,0.07656250000000009,0.21708797499510246,160895.28285714285,14586.08553046892,270.2857142857143,40238.381428571425,1.1101072500589513,1.0766384778012685,1,0.21841044139554966,False,Normal
2023-11-01,372,934,217862.84,163194.18,54668.66,25.09,0.21976146824535236,0.2783505154639174,0.3555878084179971,0.24640421694850345,168972.85285714286,26028.56026382224,284.0,42564.24,1.2893363419992139,1.3098591549295775,1,0.10853603718338489,False,Normal
2023-11-02,357,840,207665.52,154106.31,53559.21,25.79,-0.04680614647270731,-0.040322580645161255,-0.10064239828693788,-0.020294077081823514,176098.21714285715,29101.94973169204,297.7142857142857,44572.67571428571,1.1792596391338495,1.1991362763915547,1,0.15879666128193054,False,Normal
2023-11-03,381,903,214863.18,159257.87,55605.31,25.88,0.03465987035305629,0.0672268907563025,0.07499999999999996,0.03820257991109277,183737.15285714282,31515.807470055428,312.14285714285717,46731.57714285714,1.1694051892001283,1.2205949656750572,1,0.15045647479240792,False,Normal
2023-11-04,312,743,185044.65,139108.17,45936.48,24.82,-0.1387791523889761,-0.18110236220472442,-0.17718715393134,-0.17388321367149995,184520.17428571428,31462.87504250324,316.2857142857143,46316.17285714286,1.002842375996641,0.986449864498645,1,0.17607106939507816,False,Normal
2023-11-05,300,691,177508.18,135790.21,41717.97,23.5,-0.04072784595501677,-0.038461538461538436,-0.06998654104979807,-0.09183354928370657,189780.87285714288,25407.49898950056,325.0,47340.92428571428,0.9353322983903593,0.9230769230769231,1,0.193804331108334,False,Normal
2023-11-06,335,802,193086.09,144267.79,48818.3,25.28,0.08775882891706743,0.1166666666666667,0.16063675832127355,0.17019835816555795,196377.35428571427,17037.828075164027,335.42857142857144,49166.718571428566,0.9832401027211838,0.9987223168654173,1,0.18193766680942197,False,Normal
2023-11-07,377,920,235421.45,174884.18,60537.27,25.71,0.21925639490654159,0.12537313432835817,0.1471321695760599,0.24005280806582774,204493.12999999998,20369.354355647214,347.7142857142857,51549.02857142857,1.1512438095108626,1.0842235004108463,1,0.14761642122240648,False,Normal
2023-11-08,350,843,208272.73,155130.29,53142.44,25.52,-0.11531965332810579,-0.07161803713527848,-0.08369565217391306,-0.12215334454295668,203123.11428571428,19629.319951158566,344.57142857142856,51330.99714285714,1.0253521896431848,1.01575456053068,1,0.17194324543466083,False,Normal
2023-11-09,335,828,211889.79,158758.61,53131.18,25.07,0.017366939973370465,-0.042857142857142816,-0.017793594306049876,-0.00021188338360078607,203726.58142857143,19855.86880382568,341.42857142857144,51269.85,1.0400694328358455,0.9811715481171548,1,0.18517972525052206,False,Normal
2023-11-10,372,869,203868.55,152762.46,51106.09,25.07,-0.03785571735193105,0.11044776119402977,0.049516908212560384,-0.03811490729172595,202155.91999999998,19253.83356546663,340.14285714285717,50627.10428571429,1.0084718270926718,1.0936581268374632,1,0.17389745896369913,False,Normal
2023-11-11,317,766,188445.1,141824.61,46620.49,24.74,-0.07565389561067648,-0.14784946236559138,-0.11852704257767543,-0.08777036161443774,202641.69857142857,18787.40624335188,340.85714285714283,50724.82,0.9299423629415322,0.9300083822296732,1,0.18162209241836608,False,Normal
2023-11-12,315,753,180380.37,135357.76,45022.61,24.96,-0.042796177772730704,-0.006309148264984188,-0.016971279373368175,-0.034274200035220526,203052.01142857145,18168.169498769108,343.0,51196.91142857143,0.8883456446992806,0.9183673469387755,1,0.19082715240696024,False,Normal
2023-11-13,383,913,238808.96,179257.68,59551.28,24.94,0.32391878340198543,0.21587301587301577,0.21248339973439578,0.32269719592000556,209583.85000000003,21836.81781217583,349.85714285714283,52730.194285714286,1.139443521053745,1.0947325438954676,1,0.13224936302472506,False,Normal
2023-11-14,351,861,216000.2,162238.98,53761.22,24.89,-0.09551048670870632,-0.08355091383812008,-0.056955093099671394,-0.09722813682594222,206809.38571428572,19064.73219510536,346.14285714285717,51762.18714285714,1.044440992143421,1.0140321914981427,1,0.17461533568215526,False,Normal
2023-11-15,282,685,175100.98,129865.26,45235.72,25.83,-0.18934806541845794,-0.19658119658119655,-0.20441347270615562,-0.15858085065777894,202070.56428571427,22460.597716692326,336.42857142857144,50632.65571428571,0.8665338299962331,0.8382165605095541,1,0.15904395371404395,False,Normal
2023-11-16,338,788,188487.64,141787.63,46700.01,24.78,0.076451085539327,0.198581560283688,0.1503649635036497,0.03237021539615159,198727.4,22497.081681783107,336.85714285714283,49713.91714285714,0.9484733358359241,1.003392705682782,1,0.17933141128910735,False,Normal
2023-11-17,338,811,216808.02,161042.04,55765.98,25.72,0.15025059468090318,0.0,0.02918781725888331,0.1941320783443088,200575.89571428573,23499.187739872705,332.0,50379.61571428571,1.0809275921611061,1.0180722891566265,1,0.1716349739707816,False,Normal
2023-11-18,321,769,183270.17,137050.38,46219.79,25.22,-0.15468915771658254,-0.050295857988165715,-0.051787916152897684,-0.17118304026935427,199836.62000000002,24020.05129180941,332.57142857142856,50322.37285714286,0.9171000290137012,0.9652061855670103,1,0.18635518586756544,False,Normal
2023-11-19,309,817,201595.87,150544.86,51051.01,25.32,0.09999281388782455,-0.03738317757009346,0.062418725617685356,0.10452708677386902,202867.4057142857,22442.618855448178,331.7142857142857,51183.572857142855,0.9937321832957409,0.9315245478036176,1,0.1901786557316269,False,Normal
2023-11-20,550,1359,344258.71,259070.81,85187.9,24.75,0.7076674735449691,0.7799352750809061,0.6634026927784578,0.6686819712283849,217931.6557142857,57926.98141230699,355.57142857142856,54845.94714285714,1.5796636283593994,1.5468059461631178,-1,-0.08429185991149335,True,Unusually High Revenue
2023-11-21,597,1445,363806.41,271366.61,92439.8,25.41,0.056782005602704855,0.08545454545454545,0.0632818248712288,0.08512828699850572,239046.82857142857,79883.21767480609,390.7142857142857,60371.45857142857,1.5219043572932929,1.5279707495429615,-1,-0.03510614181342275,True,Unusually High Revenue
2023-11-22,611,1483,359946.24,270408.67,89537.57,24.88,-0.01061050573572897,0.02345058626465657,0.02629757785467124,-0.03139589224554784,265453.2942857143,85571.07855471133,437.7142857142857,66700.29428571429,1.3559682541086888,1.39588772845953,-1,-0.024430269424330575,True,Unusually High Revenue
2023-11-23,531,1224,280425.53,208037.25,72388.28,25.81,-0.22092385240640366,-0.1309328968903437,-0.174645987862441,-0.19153177822449285,278587.27857142856,78557.19997792885,465.2857142857143,70370.04714285715,1.006598475845695,1.1412342646607307,1,0.02094861076831256,False,Normal
2023-11-24,486,1163,300777.73,226198.38,74579.35,24.8,0.07257613099634663,-0.0847457627118644,-0.04983660130718959,0.030268297575242853,290582.9514285714,73819.4511224662,486.42857142857144,73057.67142857143,1.0350838840383054,0.9991189427312775,1,0.057343512836415034,False,Normal
2023-11-25,479,1191,268831.39,199102.11,69729.28,25.94,-0.10621245130083257,-0.014403292181069949,0.024075666380051652,-0.06503234474422215,302805.98285714287,58604.81787596585,509.0,76416.17000000001,0.8878007873669679,0.9410609037328095,1,0.06041527107785605,False,Normal
2023-11-26,506,1200,293513.79,220465.9,73047.89,24.89,0.09181368291850123,0.056367432150313146,0.007556675062972307,0.04759277594720612,315937.1142857143,39249.245608522266,537.1428571428571,79558.58142857144,0.9290259888066331,0.9420212765957447,1,0.08077343602557763,False,Normal
2023-11-27,539,1227,301006.56,223412.07,77594.49,25.78,0.025527829544226943,0.0652173913043479,0.022499999999999964,0.062241359743587577,309758.2357142857,37408.952960712064,535.5714285714286,78473.80857142857,0.9717467537413338,1.0064017071218991,1,0.07495842907974004,False,Normal
2023-11-28,531,1295,329754.76,244240.79,85513.97,25.93,0.09550688862063339,-0.014842300556586308,0.055419722901385526,0.10206240159578339,304893.71428571426,30847.985964747604,526.1428571428571,77484.40428571428,1.0815400401826212,1.009231604670106,1,0.06099740561497058,False,Normal
2023-11-29,566,1380,332456.15,248338.74,84117.41,25.3,0.008192118288148587,0.06591337099811678,0.06563706563706573,-0.01633136667611146,300966.5585714286,23560.34394004713,519.7142857142857,76710.09571428572,1.1046282071271982,1.0890599230346345,1,0.0617059760674008,False,Normal
2023-11-30,510,1189,287155.61,216311.98,70843.63,24.67,-0.13626019551751423,-0.09893992932862195,-0.1384057971014493,-0.15780062652903837,301927.9985714285,22704.172586388526,516.7142857142857,76489.43142857144,0.9510731411418482,0.9870058059165054,1,0.0652994842533271,False,Normal
2023-12-01,419,1022,272933.02,202925.05,70007.97,25.65,-0.04952920822267748,-0.17843137254901964,-0.1404541631623213,-0.01179583824261976,297950.1828571429,25237.212130002725,507.14285714285717,75836.37714285715,0.9160357526307082,0.8261971830985915,1,0.05918627589218717,False,Normal
2023-12-02,364,871,220689.36,166647.03,54042.33,24.49,-0.19141568140051368,-0.13126491646778038,-0.1477495107632094,-0.22805460578274162,291072.75,37885.21771690242,490.7142857142857,73595.38428571429,0.7581931321293387,0.7417758369723435,1,0.053904251747237675,False,Normal
2023-12-03,333,809,191582.39,143972.16,47610.23,24.85,-0.13189113421689191,-0.0851648351648352,-0.07118254879448904,-0.11901966477019033,276511.12142857147,53260.09168665413,466.0,69961.43285714286,0.692856001632794,0.7145922746781116,1,0.0599571142815325,False,Normal
2023-12-04,335,789,191782.35,143031.74,48750.61,25.42,0.0010437284971756,0.006006006006006093,-0.024721878862793534,0.02395241526873515,260907.66285714283,60407.62501550231,436.85714285714283,65840.87857142858,0.7350583263819598,0.7668410725964683,1,0.08426256780232544,False,Normal
2023-12-05,446,1043,252649.8,188135.98,64513.82,25.53,0.317377746179458,0.33134328358208953,0.3219264892268694,0.3233438514923197,249892.66857142857,52238.94744385386,424.7142857142857,62840.857142857145,1.0110332625776226,1.050117726202489,1,0.05251564466218739,False,Normal
2023-12-06,373,872,214354.46,159247.84,55106.62,25.71,-0.1515747885017127,-0.16367713004484308,-0.16395014381591566,-0.14581681878394426,233020.99857142856,38356.02699921769,397.14285714285717,58696.45857142857,0.919893319976025,0.9392086330935251,1,0.12425038291582025,False,Normal
2023-12-07,356,865,211915.33,158455.1,53460.23,25.23,-0.011378956145815744,-0.04557640750670244,-0.008027522935779796,-0.029876446786248123,222272.38714285713,30367.947468825107,375.14285714285717,56213.11571428572,0.9534037615918501,0.9489718202589489,1,0.16455224436948002,False,Normal
2023-12-08,385,940,217082.17,163470.11,53612.06,24.7,0.024381624491253362,0.0814606741573034,0.08670520231213863,0.0028400551213489944,214293.69428571427,20607.827215887857,370.2857142857143,53870.84285714286,1.0130124020848132,1.0397376543209877,1,0.1667216227927074,False,Normal
2023-12-09,341,824,187694.65,139773.05,47921.6,25.53,-0.1353750978258602,-0.11428571428571432,-0.12340425531914889,-0.10614141668870769,209580.1642857143,22580.147316162176,367.0,52996.45285714286,0.8955744959915269,0.9291553133514986,1,0.17093745652626396,False,Normal
2023-12-10,467,1151,292814.81,218858.12,73956.69,25.26,0.560059436963174,0.3695014662756597,0.39684466019417486,0.5432850739541251,224041.93857142856,36966.79653514325,386.14285714285717,56760.23285714286,1.3069642758275162,1.2093969663337032,-1,-0.0007128398547570081,True,Unusually High Revenue
2023-12-11,534,1319,336373.69,250630.81,85742.88,25.49,0.14875914233982912,0.14346895074946464,0.14596003475238928,0.1593661100841588,244697.8442857143,52899.81177423102,414.57142857142856,62044.84285714286,1.3746491759332504,1.2880771881461062,1,0.026172151513413455,False,Normal
2023-12-12,508,1191,284634.0,213888.73,70745.27,24.85,-0.1538161025614102,-0.048689138576779034,-0.09704321455648224,-0.17491376543451775,249267.01571428572,55039.17113481155,423.42857142857144,62935.05,1.141883931912807,1.1997300944669365,1,0.06342553835353126,False,Normal
2023-12-13,596,1394,319649.93,241560.13,78089.8,24.43,0.1230208970116009,0.17322834645669283,0.1704450041981529,0.10381655197584228,264309.22571428574,58204.88762452412,455.2857142857143,66218.36142857143,1.2093786326835851,1.3090680891120177,1,0.02106007577730329,False,Normal
2023-12-14,425,1014,243139.88,180385.24,62754.64,25.81,-0.23935575396497033,-0.28691275167785235,-0.27259684361549497,-0.19637852830971525,268769.8757142857,54605.54422583067,465.14285714285717,67546.13428571429,0.9046396265720957,0.9136977886977886,1,0.042088057217651076,False,Normal
2023-12-15,563,1342,334654.13,251358.68,83295.45,24.89,0.37638519028634865,0.3247058823529412,0.3234714003944774,0.32731938227993984,285565.87,54137.12656094209,490.57142857142856,71786.61857142857,1.1718982033812375,1.1476412347117064,1,0.00811832015810876,False,Normal
2023-12-16,443,1060,270761.72,203862.47,66899.25,24.71,-0.19092072761809342,-0.2131438721136767,-0.210134128166915,-0.19684388523022567,297432.59428571427,34736.20582253904,505.14285714285717,74497.71142857142,0.9103296854543984,0.8769796380090498,1,0.059799364930762655,False,Normal
2023-12-17,369,868,212774.94,159030.25,53744.69,25.26,-0.21416166214337817,-0.16704288939051914,-0.18113207547169807,-0.1966323987189692,285998.32714285713,47381.468268134326,491.14285714285717,71610.28285714285,0.7439726732867155,0.7513089005235601,1,0.05387346295286233,False,Normal
2023-12-18,607,1455,370310.08,275486.1,94823.98,25.61,0.7403839004724899,0.6449864498644986,0.6762672811059909,0.7643413702823478,290846.38285714283,54583.7127552086,501.57142857142856,72907.58285714286,1.27321535293732,1.210196525206494,-1,-0.07710060255967377,True,Unusually High Revenue
2023-12-19,508,1201,299893.38,220561.93,79331.45,26.45,-0.19015604436152533,-0.1630971993410214,-0.17457044673539523,-0.16338198417742011,293026.2942857143,54598.962976328534,501.57142857142856,74134.18000000001,1.0234350495098914,1.012816861293079,1,0.0274831004622067,False,Normal
2023-12-20,528,1254,305255.98,228507.48,76748.5,25.14,0.017881688485420932,0.03937007874015741,0.04412989175686932,-0.032558966210752494,290970.0157142857,53692.69008537221,491.85714285714283,73942.56571428571,1.0490977197449176,1.073482428115016,1,0.08560785609420962,False,Normal
2023-12-21,535,1177,283333.61,208533.26,74800.35,26.4,-0.07181634901959988,0.01325757575757569,-0.06140350877192979,-0.025383557984846483,296711.97714285715,49727.97967288092,507.57142857142856,75663.38142857142,0.9549112669071127,1.0540388404165495,1,0.060735741482621286,False,Normal
2023-12-22,581,1447,344705.62,259562.95,85142.67,24.7,0.21660688260739702,0.08598130841121487,0.2293967714528462,0.1382656631954262,298147.9042857143,51131.49935546219,510.14285714285717,75927.27,1.156156441299918,1.138896667600112,1,0.019705403105112373,False,Normal
2023-12-23,464,1152,275635.06,207779.58,67855.48,24.62,-0.20037549721411563,-0.2013769363166954,-0.20387007601935037,-0.2030379127175599,298844.0957142857,50728.055433837566,513.1428571428571,76063.87428571428,0.9223373121733848,0.9042316258351893,1,0.04772586020365421,False,Normal
2023-12-24,514,1211,286375.55,213918.26,72457.29,25.3,0.03896634194503412,0.10775862068965525,0.05121527777777768,0.06781780926168368,309358.4685714286,35151.37375076809,533.8571428571429,78737.10285714285,0.9257078085576247,0.9628043885469627,1,0.0752813593040047,False,Normal
2023-12-25,502,1246,302487.22,226269.41,76217.81,25.2,0.05626063398219561,-0.023346303501945553,0.028901734104046284,0.05189981573972746,299669.4885714286,22688.819737575195,518.8571428571429,76079.07857142856,1.0094027972016903,0.967511013215859,1,0.09180247603745373,False,Normal
2023-12-26,546,1288,307227.29,230931.19,76296.1,24.83,0.015670314930991136,0.08764940239043817,0.03370786516853941,0.0010271877399785634,300717.19,22869.491080123204,524.2857142857143,75645.45714285715,1.0216485795175194,1.04141689373297,1,0.07914703915017463,False,Normal
2023-12-27,525,1253,326918.27,245773.78,81144.49,24.82,0.0640925485493169,-0.038461538461538436,-0.02717391304347827,0.06354702271806811,303811.8028571429,24956.43307491465,523.8571428571429,76273.45571428572,1.0760551990592748,1.0021816198527407,1,0.08262296415020554,False,Normal
2023-12-28,509,1214,307132.99,230360.53,76772.46,25.0,-0.06052056986597909,-0.030476190476190435,-0.031125299281723917,-0.053879567177019694,307211.71428571426,23265.49457968748,520.1428571428571,76555.18571428572,0.9997437458207045,0.978577313924746,1,0.08319271078535595,False,Normal
2023-12-29,598,1466,352724.13,260897.81,91826.32,26.03,0.14844103852210733,0.1748526522593321,0.20757825370675453,0.19608411662202818,308357.2157142857,25508.49934173252,522.5714285714286,77509.99285714286,1.1438815504379938,1.1443411700382724,1,0.001598900280851745,False,Normal
2023-12-30,429,1013,254876.08,189174.17,65701.91,25.78,-0.2774067371007479,-0.28260869565217395,-0.30900409276944063,-0.2844980611223449,305391.64714285714,30637.753007359985,517.5714285714286,77202.34,0.8345875939454663,0.8288711012972675,1,0.021288726806590108,False,Normal
2023-12-31,513,1174,297334.72,220731.57,76603.15,25.76,0.16658542457181547,0.19580419580419584,0.15893385982231,0.16591968178702854,306957.2428571429,29771.843384016884,517.4285714285714,77794.60571428572,0.9686519113620616,0.9914411927112092,1,0.04797875002270502,False,Normal
2024-01-01,258,671,159816.43,118913.87,40902.56,25.59,-0.46250330267518036,-0.4970760233918129,-0.42844974446337314,-0.4660459785269927,286575.7014285714,63299.24043485812,482.57142857142856,72749.56999999999,0.5576761365437467,0.5346358792184724,-1,-0.049341184447814324,True,Unusually Low Revenue
2024-01-02,214,488,119014.7,89758.51,29256.19,24.58,-0.25530372565574144,-0.1705426356589147,-0.2727272727272727,-0.2847345007256269,259688.18857142856,88157.43085856951,435.14285714285717,66029.58285714286,0.4582984719278613,0.49179251477347335,-1,-0.001980071531145544,True,Unusually Low Revenue
2024-01-03,239,587,144332.77,107989.08,36343.69,25.18,0.21273061226890455,0.11682242990654212,0.2028688524590163,0.2422564250505621,233604.5457142857,91882.97762689322,394.2857142857143,59629.468571428566,0.6178508622710143,0.606159420289855,1,0.025543593023683808,False,Normal
2024-01-04,220,526,113591.05,86272.77,27318.28,24.05,-0.21299196294784606,-0.07949790794979084,-0.10391822827938668,-0.24833499295200911,205955.69714285713,95131.91254665793,353.0,52564.58571428572,0.5515314777682979,0.623229461756374,1,0.041837169093275284,False,Normal
2024-01-05,221,542,126748.83,94282.59,32466.24,25.61,0.11583465422671946,0.00454545454545463,0.03041825095057038,0.18844378196577538,173673.51142857145,72730.3960144506,299.14285714285717,44084.57428571429,0.7298109478953522,0.7387774594078318,1,0.1051609163463667,False,Normal
2024-01-06,163,402,91936.7,68850.31,23086.39,25.11,-0.2746544484868224,-0.2624434389140271,-0.2583025830258303,-0.28891088096434947,150396.45714285714,68352.71688441315,261.14285714285717,37996.642857142855,0.6112956498215384,0.62417943107221,1,0.04926909428498705,False,Normal
2024-01-07,198,469,119485.61,88639.97,30845.64,25.82,0.2996508467238872,0.2147239263803682,0.16666666666666674,0.3360962887658052,124989.44142857143,21903.48404537847,216.14285714285714,31459.855714285717,0.9559656290510208,0.91606080634501,1,0.18177816809666347,False,Normal
2024-01-08,230,554,134557.26,102394.16,32163.1,23.9,0.12613778345358928,0.16161616161616155,0.18123667377398722,0.04271138481808112,121380.98857142856,16663.598926315815,212.14285714285714,30211.36142857143,1.1085530080422574,1.0841750841750841,1,0.21736472139862284,False,Normal
2024-01-09,222,488,117885.43,88547.54,29337.89,24.89,-0.12390137849120897,-0.034782608695652195,-0.11913357400722024,-0.08784010247768403,121219.66428571427,16695.76096154134,213.28571428571428,30223.032857142858,0.9724942788337089,1.0408573342263898,1,0.2301952840015073,False,Normal
2024-01-10,195,452,111340.1,82733.82,28606.28,25.69,-0.05552280718660474,-0.1216216216216216,-0.07377049180327866,-0.02493737620530989,116506.42571428571,13418.758104527593,207.0,29117.688571428567,0.9556563023660573,0.9420289855072463,1,0.21862628362626785,False,Normal
2024-01-11,208,498,125630.58,94004.56,31626.02,25.17,0.12834980388916484,0.06666666666666665,0.10176991150442483,0.10556213530735215,118226.35857142857,13750.284888257593,205.28571428571428,29733.079999999998,1.062627501329139,1.0132219902574808,1,0.2294159076418194,False,Normal
2024-01-12,214,521,131375.55,100399.31,30976.24,23.58,0.04572907328772957,0.028846153846153744,0.0461847389558232,-0.020545740501017762,118887.31857142856,14327.320325010029,204.28571428571428,29520.222857142857,1.1050425863635607,1.0475524475524476,1,0.22760774556945507,False,Normal
2024-01-13,178,385,101165.77,76380.17,24785.6,24.5,-0.22994978898280527,-0.16822429906542058,-0.2610364683301344,-0.1998512408219979,120205.75714285714,11598.722104130944,206.42857142857142,29762.967142857146,0.8416050312779172,0.8622837370242215,1,0.17377306300319895,False,Normal
2024-01-14,182,436,100125.28,75071.06,25054.22,25.02,-0.010285000549098866,0.022471910112359605,0.1324675324675324,0.010837744496804635,117439.99571428572,13882.5011141854,204.14285714285714,28935.62142857143,0.8525654262078664,0.8915325402379286,1,0.20025303305084052,False,Normal
2024-01-15,241,597,157694.63,119729.64,37964.99,24.08,0.5749731736081038,0.32417582417582413,0.3692660550458715,0.5153131887562254,120745.33428571429,20030.397842859424,205.71428571428572,29764.462857142855,1.3060101322578168,1.1715277777777777,1,0.09560454929843398,False,Normal
2024-01-16,209,529,123008.01,92432.85,30575.16,24.86,-0.2199606923837547,-0.13278008298755184,-0.11390284757118929,-0.19464854330265857,121477.13142857142,20002.05400250968,203.85714285714286,29941.215714285714,1.012602195601966,1.025227750525578,1,0.21816501923884762,False,Normal
2024-01-17,216,506,127123.55,96318.1,30805.45,24.23,0.03345749597932701,0.03349282296650724,-0.04347826086956519,0.007531931149338256,123731.90999999999,19553.46276908775,206.85714285714286,30255.382857142857,1.0274111989380914,1.0441988950276242,1,0.23784144667124385,False,Normal
2024-01-18,234,529,124774.06,93712.37,31061.69,24.89,-0.018481941386942147,0.08333333333333326,0.045454545454545414,0.008318008664051302,123609.55,19542.2779405703,210.57142857142858,30174.764285714282,1.009420874034409,1.1112618724559022,1,0.23387049765187423,False,Normal
2024-01-19,244,587,150769.91,112869.34,37900.57,25.14,0.20834338483495696,0.042735042735042805,0.10964083175803396,0.2201708921826211,126380.17285714287,22041.792519563667,214.85714285714286,31163.954285714284,1.1929870532019822,1.1356382978723405,1,0.2099441999298305,False,Normal
2024-01-20,189,431,109900.71,81223.5,28677.21,26.09,-0.2710700032917709,-0.22540983606557374,-0.2657580919931857,-0.24335676218062152,127628.02142857143,20574.86495326318,216.42857142857142,31719.89857142857,0.8611017296190497,0.8732673267326733,1,0.17181522408234007,False,Normal
2024-01-21,200,537,130571.6,98728.75,31842.85,24.39,0.1880869559441427,0.05820105820105814,0.24593967517401394,0.11038870238771481,131977.4957142857,16632.241730320082,219.0,32689.702857142856,0.9893474587718403,0.91324200913242,1,0.20832393072559185,False,Normal
2024-01-22,195,434,105333.3,80945.22,24388.08,23.15,-0.19329088408199024,-0.025000000000000022,-0.1918063314711359,-0.23411126830669982,124497.30571428571,14813.6100832634,212.42857142857142,30750.144285714287,0.8460689120593017,0.917955615332885,1,0.1754404228576394,False,Normal
2024-01-23,218,589,149130.75,111424.02,37706.73,25.28,0.4157987075312366,0.11794871794871797,0.3571428571428572,0.5461131011543345,128229.12571428572,17434.455704436696,213.71428571428572,31768.94,1.1630021585913821,1.0200534759358288,1,0.15509195195407477,False,Normal
2024-01-24,194,488,121464.93,92475.5,28989.43,23.87,-0.18551385277684185,-0.11009174311926606,-0.1714770797962648,-0.23118684648602528,127420.75142857143,17624.411277923125,210.57142857142858,31509.50857142857,0.9532586226199576,0.9213025780189958,1,0.21036185507823313,False,Normal
2024-01-25,263,621,152304.69,113640.45,38664.24,25.39,0.25389847094136564,0.3556701030927836,0.2725409836065573,0.3337357788683668,131353.69857142857,19864.743257294303,214.71428571428572,32595.587142857144,1.159500582445941,1.2248835662009314,1,0.15613880506525535,False,Normal
2024-01-26,254,560,135914.2,100216.39,35697.81,26.26,-0.10761644963132777,-0.034220532319391594,-0.09822866344605474,-0.07672283226050736,129231.45428571428,18165.57921570626,216.14285714285714,32280.907142857144,1.0517114486656711,1.1751487111698613,1,0.21026856377318093,False,Normal
2024-01-27,180,462,117476.42,89060.17,28416.25,24.19,-0.1356574956847777,-0.2913385826771654,-0.17500000000000004,-0.2039777790290216,130313.69857142857,17010.9474408566,214.85714285714286,32243.627142857145,0.9014894158315052,0.8377659574468085,1,0.183253073150642,False,Normal
2024-01-28,166,395,96304.59,71908.72,24395.87,25.33,-0.18022195432921773,-0.07777777777777772,-0.14502164502164505,-0.1414817226059033,125418.41142857143,21311.34320892943,210.0,31179.772857142856,0.7678664472229231,0.7904761904761904,1,0.17358761374038356,False,Normal
2024-01-29,194,458,114317.1,86228.23,28088.87,24.57,0.187036879550601,0.16867469879518082,0.1594936708860759,0.1513780816179131,126701.81142857144,20138.428032117685,209.85714285714286,31708.457142857143,0.9022530831332798,0.9244383934649422,1,0.20274915022178347,False,Normal
2024-01-30,232,573,128695.5,96535.8,32159.7,24.99,0.12577645864004583,0.19587628865979378,0.25109170305676853,0.1449267984080529,123782.49,17675.775075341597,211.85714285714286,30916.024285714288,1.0396906703040147,1.0950775455158461,1,0.21581337308154785,False,Normal
2024-01-31,212,491,117409.5,88292.79,29116.71,24.8,-0.08769537396412463,-0.08620689655172409,-0.14310645724258286,-0.09462121848151572,123203.14285714286,17830.18303555025,214.42857142857142,30934.20714285714,0.9529748777280728,0.988674217188541,1,0.23314057077286665,False,Normal
2024-02-01,221,540,118869.49,88212.6,30656.89,25.79,0.012435024423066432,0.04245283018867929,0.09979633401221988,0.0528967730214025,118426.68571428572,12380.571228089286,208.42857142857142,29790.299999999996,1.0037390583299999,1.0603152844413983,1,0.22936339405045986,False,Normal
2024-02-02,226,577,137360.0,103604.54,33755.46,24.57,0.15555303551819732,0.02262443438914019,0.06851851851851842,0.10107254845484981,118633.22857142858,12728.117678905943,204.42857142857142,29512.821428571428,1.157854352056988,1.1055206149545773,1,0.22152431039231607,False,Normal
2024-02-03,231,542,132033.85,98831.7,33202.15,25.15,-0.038775116482236416,0.022123893805309658,-0.060658578856152556,-0.016391718554568557,120712.86142857143,13662.565746995668,211.71428571428572,30196.52142857143,1.0937844438235562,1.091093117408907,1,0.2317606195045654,False,Normal
2024-02-04,208,480,119090.68,92213.98,26876.7,22.57,-0.09802917963840341,-0.09956709956709953,-0.11439114391143912,-0.19051326495422738,123968.01714285716,8686.097168584449,217.71428571428572,30550.925714285713,0.960656488219565,0.9553805774278215,1,0.1843706540436127,False,Normal
2024-02-05,238,571,140575.42,105799.18,34776.24,24.74,0.1804065607820866,0.14423076923076916,0.18958333333333344,0.29391778008460845,127719.20571428571,9459.170349496722,224.0,31506.264285714282,1.1006599924718785,1.0625,1,0.21508789253130745,False,Normal
2024-02-06,232,507,130211.29,100086.6,30124.69,23.14,-0.07372647366090046,-0.025210084033613467,-0.11208406304728546,-0.13375655332491376,127935.74714285714,9502.495500547562,224.0,31215.548571428568,1.0177866070114234,1.0357142857142858,1,0.2064260786630513,False,Normal
2024-02-07,210,501,117267.03,87835.85,29431.18,25.1,-0.09940965948498015,-0.09482758620689657,-0.011834319526627168,-0.023021315738020798,127915.39428571428,9528.914517734856,223.71428571428572,31260.472857142857,0.9167546303150198,0.9386973180076628,1,0.22433500791448846,False,Normal
2024-02-08,218,478,105529.24,78401.67,27127.57,25.71,-0.1000945449032008,0.03809523809523818,-0.04590818363273452,-0.07827107170014935,126009.64428571428,12507.928213988793,223.28571428571428,30756.284285714286,0.8374695492411913,0.9763275751759437,1,0.20692012444245766,False,Normal
2024-02-09,251,583,136734.71,104541.86,32192.85,23.54,0.29570448910652614,0.15137614678899092,0.2196652719665273,0.18672074203476385,125920.31714285714,12415.247437482887,226.85714285714286,30533.054285714283,1.0858828273508387,1.1064231738035264,1,0.1957875302961537,False,Normal
2024-02-10,202,496,123555.87,92161.75,31394.12,25.41,-0.09638254982952021,-0.19521912350597614,-0.14922813036020588,-0.024810788731038036,124709.17714285714,12129.698534329887,222.71428571428572,30274.764285714282,0.9907520266809554,0.9069916613213598,1,0.21752051174997217,False,Normal
2024-02-11,210,503,122107.55,91572.2,30535.35,25.01,-0.011721984556460119,0.03960396039603964,0.014112903225806495,-0.02735448548963948,125140.15857142859,11949.046390863805,223.0,30797.428571428572,0.9757663039103661,0.9417040358744395,1,0.23826019194471088,False,Normal
2024-02-12,202,469,111320.61,84669.87,26650.74,23.94,-0.08833966450067998,-0.03809523809523807,-0.06759443339960236,-0.12721681591990908,120960.90000000001,10701.615686488574,217.85714285714286,29636.64285714286,0.9203024283053449,0.9272131147540983,1,0.21581950801899735,False,Normal
2024-02-13,258,646,163781.5,124171.46,39610.04,24.18,0.47125945501017297,0.27722772277227725,0.37739872068230285,0.48626417127629473,125756.64428571428,19468.72447558725,221.57142857142858,30991.692857142858,1.3023685621564034,1.1644100580270793,1,0.11874962262253574,False,Normal
2024-02-14,244,572,124073.19,94229.82,29843.37,24.05,-0.24244685755106654,-0.054263565891472854,-0.11455108359133126,-0.246570566452344,126728.95285714285,19141.273800104296,226.42857142857142,31050.57714285714,0.9790437560062806,1.077602523659306,1,0.20974078226118031,False,Normal
2024-02-15,227,559,158678.35,116741.43,41936.92,26.43,0.27890924703394826,-0.069672131147541,-0.022727272727272707,0.40523406036248577,134321.68285714285,19858.329430996055,227.71428571428572,33166.19857142858,1.1813308665047144,0.9968632371392723,1,0.17686099863038146,False,Normal
2024-02-16,219,543,138023.92,105347.43,32676.49,23.67,-0.13016539433388352,-0.03524229074889873,-0.028622540250447193,-0.22081807629172567,134505.85571428572,19890.390934319745,223.14285714285714,33235.29,1.0261554730612419,0.9814340588988476,1,0.21941060924356792,False,Normal
2024-02-17,205,495,115674.5,87555.66,28118.84,24.31,-0.1619242519702383,-0.0639269406392694,-0.08839779005524862,-0.13947795494558934,133379.9457142857,20815.098553368298,223.57142857142858,32767.39285714286,0.8672555636496307,0.9169329073482427,1,0.22474170677169353,False,Normal
2024-02-18,205,465,114927.34,86697.19,28230.15,24.56,-0.006459159105939527,0.0,-0.06060606060606055,0.0039585559005990145,132354.20142857142,21624.356097728938,222.85714285714286,32438.07857142857,0.868331634051101,0.9198717948717948,1,0.22296172690667293,False,Normal
2024-02-19,267,649,150150.04,112186.06,37963.98,25.28,0.3064779886143716,0.30243902439024395,0.39569892473118284,0.34480263122937704,137901.26285714286,20267.24503757314,232.14285714285714,34054.25571428572,1.0888228061808696,1.150153846153846,1,0.17575248851249103,False,Normal
2024-02-20,221,505,120967.66,90183.19,30784.47,25.45,-0.19435479337867645,-0.17228464419475653,-0.2218798151001541,-0.18911373359695172,131785.0,17414.873242276906,226.85714285714286,32793.46,0.9179167583564138,0.9741813602015114,1,0.21372625170910603,False,Normal
2024-02-21,219,515,121378.45,90721.94,30656.51,25.26,0.0033958663001334433,-0.009049773755656076,0.01980198019801982,-0.004156641319470578,131400.03714285715,17642.060324142858,223.28571428571428,32909.62285714286,0.9237322350832994,0.980806142034549,1,0.2431302986269559,False,Normal
2024-02-22,258,595,148838.39,111069.37,37769.02,25.38,0.22623406378974198,0.17808219178082196,0.15533980582524265,0.23200651346157786,129994.32857142857,15349.32917539456,227.71428571428572,32314.20857142857,1.1449606427884822,1.1329987452948556,1,0.21563133691341546,False,Normal
2024-02-23,253,603,144036.22,109823.98,34212.24,23.75,-0.032264323740669454,-0.019379844961240345,0.013445378151260456,-0.09417189008345994,130853.22857142858,16026.789285025843,232.57142857142858,32533.601428571426,1.1007463978726,1.0878378378378377,1,0.2283158442008449,False,Normal
2024-02-24,200,516,125536.59,94234.17,31302.42,24.93,-0.12843734721724853,-0.20948616600790515,-0.14427860696517414,-0.08505201647129801,132262.0985714286,14861.170269281849,231.85714285714286,32988.39857142857,0.9491501447196797,0.862600123228589,1,0.2142555419016171,False,Normal
2024-02-25,183,442,111251.71,84119.04,27132.67,24.39,-0.11379056894886175,-0.08499999999999996,-0.14341085271317833,-0.13320855064879966,131737.00857142857,15621.239959701867,228.71428571428572,32831.61571428571,0.8444985293534936,0.8001249219237976,1,0.19996544331325855,False,Normal
2024-02-26,230,536,130107.38,99527.02,30580.36,23.5,0.16948656339754242,0.25683060109289624,0.21266968325791846,0.12706784846460017,128873.77142857143,13356.446019364004,223.42857142857142,31776.812857142857,1.0095722237174716,1.0294117647058825,1,0.2087962708863566,False,Normal
2024-02-27,192,424,112734.77,85058.08,27676.69,24.55,-0.13352516974824946,-0.16521739130434787,-0.20895522388059706,-0.09495211959571448,127697.64428571428,14483.586948717668,219.28571428571428,31332.844285714287,0.8828257610435167,0.8755700325732899,1,0.2058865087010297,False,Normal
2024-02-28,228,540,141454.81,107735.02,33719.79,23.84,0.2547576049518705,0.1875,0.2735849056603774,0.21834619674534794,130565.69571428573,15002.183754916032,220.57142857142858,31770.455714285716,1.0833995041817317,1.0336787564766838,1,0.2008488522121054,False,Normal
2024-02-29,246,558,134938.96,101422.76,33516.2,24.84,-0.04606312079454922,0.07894736842105265,0.03333333333333344,-0.006037700709286886,128580.06285714285,12961.661568175858,218.85714285714286,31162.91,1.0494547677264874,1.1240208877284594,1,0.22942886247080624,False,Normal
2024-03-01,243,561,144141.29,108860.52,35280.77,24.48,0.06819624221203435,-0.012195121951219523,0.005376344086021501,0.052648271582100614,128595.07285714286,12982.587332742796,217.42857142857142,31315.557142857142,1.1208927900381342,1.1176084099868595,1,0.23134182920291602,False,Normal
2024-03-02,230,562,140125.15,106025.83,34099.32,24.33,-0.027862522945368506,-0.053497942386831254,0.0017825311942958333,-0.03348708092255348,130679.15285714286,13567.547546269921,221.71428571428572,31715.114285714284,1.072283887187296,1.0373711340206184,1,0.23751358287544783,False,Normal
2024-03-03,216,518,129850.27,95894.81,33955.46,26.15,-0.07332645139006089,-0.060869565217391286,-0.07829181494661919,-0.004218852458054867,133336.09,10632.625769123986,226.42857142857142,32689.79857142857,0.9738568905087888,0.9539432176656152,1,0.2270598600110022,False,Normal
2024-03-04,284,654,160303.63,121587.82,38715.81,24.15,0.23452673606300545,0.3148148148148149,0.26254826254826247,0.1401939481897756,137649.84000000003,14519.417782332348,234.14285714285714,33852.00571428571,1.1645754909704216,1.212934716290421,1,0.17389458064598762,False,Normal
2024-03-05,267,668,170034.46,129162.63,40871.83,24.04,0.06070249313755394,-0.059859154929577496,0.021406727828746197,0.05568836090475715,145835.51,14281.967082214096,244.85714285714286,35737.025714285715,1.1659331804716149,1.090431738623104,1,0.22264635911729186,False,Normal
2024-03-06,233,606,144419.16,111045.8,33373.36,23.11,-0.15064769811954581,-0.12734082397003743,-0.09281437125748504,-0.1834630355430623,146258.98857142855,14173.964856700997,245.57142857142858,35687.53571428572,0.9874207487047538,0.9488074461896451,1,0.21074821709264602,False,Normal
2024-03-07,252,599,143513.81,110529.34,32984.47,22.98,-0.006268905040023864,0.0815450643776825,-0.011551155115511524,-0.011652707428919329,147483.96714285715,13380.935627363222,246.42857142857142,35611.57428571428,0.9730807543371034,1.022608695652174,1,0.22310824438339777,False,Normal
2024-03-08,251,628,141275.66,105880.31,35395.35,25.05,-0.015595363261556416,-0.003968253968253954,0.048414023372287174,0.07309136693722817,147074.59142857144,13543.098472114692,247.57142857142858,35627.94285714286,0.9605714938777324,1.0138488170802076,1,0.2448157314666114,False,Normal
2024-03-09,236,569,131614.04,97698.47,33915.57,25.77,-0.06838842586189298,-0.05976095617529875,-0.0939490445859873,-0.0418071865372146,145858.7185714286,14610.946718274667,248.42857142857142,35601.69285714286,0.9023392039163377,0.9499712478435883,1,0.23680140136912925,False,Normal
2024-03-10,224,545,142495.76,106839.18,35656.58,25.02,0.08267902117433668,-0.05084745762711862,-0.04217926186291743,0.05133365000204937,147665.21714285715,12994.060111544753,249.57142857142858,35844.71,0.9649920459070872,0.8975386376645678,1,0.23335838453485763,False,Normal
2024-03-11,267,654,154124.65,115477.75,38646.9,25.08,0.08160867383001413,0.1919642857142858,0.19999999999999996,0.08386446484772225,146782.5057142857,12176.576736505598,247.14285714285714,35834.86571428571,1.0500205678461838,1.0803468208092486,1,0.23282766461636173,False,Normal
2024-03-12,259,629,153951.86,116290.29,37661.57,24.46,-0.0011211055467117426,-0.029962546816479363,-0.03822629969418956,-0.025495705994529994,144484.99142857143,7782.570115732576,246.0,35376.25714285714,1.0655214668169093,1.0528455284552845,1,0.23719524481458515,False,Normal
2024-03-13,264,636,167304.23,126682.53,40621.7,24.28,0.08673081312560971,0.019305019305019266,0.0111287758346581,0.07859815721968033,147754.28714285715,11613.968884985232,250.42857142857142,36411.73428571429,1.1323138789078984,1.0541928123217341,1,0.23715019670736293,False,Normal
2024-03-14,276,656,168582.48,127151.18,41431.3,24.58,0.007640273052271329,0.045454545454545414,0.03144654088050314,0.019930234332881325,151335.5257142857,13755.972781094464,253.85714285714286,37618.42428571429,1.113965007253325,1.0872256612267868,1,0.23769291440703993,False,Normal
2024-03-15,263,645,159849.47,118235.46,41614.01,26.03,-0.05180259538239096,-0.047101449275362306,-0.01676829268292679,0.004409950930817974,153988.92714285714,13275.059937391685,255.57142857142858,38506.80428571429,1.0380582095471447,1.029066517607602,1,0.23461223474041115,False,Normal
2024-03-16,242,557,127862.99,93617.22,34245.77,26.78,-0.2001037601188168,-0.07984790874524716,-0.13643410852713178,-0.1770615232706486,153453.06285714285,14360.143112425498,256.42857142857144,38553.97571428572,0.8332384353842065,0.9437325905292479,1,0.20522510693411156,False,Normal
2024-03-17,253,577,136250.09,104188.18,32061.91,23.53,0.06559443041336666,0.045454545454545414,0.03590664272890476,-0.06377021162029639,152560.82428571428,15316.600051349924,260.57142857142856,38040.45142857143,0.8930870073488347,0.9709429824561404,1,0.22576876287304803,False,Normal
2024-03-18,237,546,122911.61,91154.37,31757.24,25.84,-0.09789703625149893,-0.06324110671936756,-0.05372616984402079,-0.009502553029435812,148101.8185714286,18907.84958676059,256.2857142857143,37056.21428571428,0.8299129017157915,0.9247491638795987,1,0.22421405067324746,False,Normal
2024-03-19,251,607,157865.01,116043.56,41821.45,26.49,0.28437834310363375,0.05907172995780585,0.11172161172161177,0.3169107264989022,148660.84000000003,19165.724803344,255.14285714285714,37650.48285714286,1.0619138839791298,0.9837625979843225,1,0.20521210745994417,False,Normal
2024-03-20,260,570,131792.01,100414.22,31377.79,23.81,-0.16516009469102744,0.03585657370517925,-0.060955518945634224,-0.24972017947727776,143587.66571428574,18077.480452067284,254.57142857142858,36329.92428571429,0.9178504946395812,1.021324354657688,1,0.21670240884145614,False,Normal
2024-03-21,228,544,121301.68,89415.62,31886.06,26.29,-0.07959761748834404,-0.12307692307692308,-0.04561403508771933,0.016198400206005603,136833.26571428572,15881.55523203584,247.71428571428572,34966.31857142857,0.8864926183467958,0.9204152249134948,1,0.22112775413307417,False,Normal
2024-03-22,241,594,169421.55,126971.03,42450.52,25.06,0.39669582482287136,0.05701754385964919,0.09191176470588225,0.3313190779920754,138200.7057142857,18405.1810976277,244.57142857142858,35085.82,1.2259094418103758,0.9853971962616822,1,0.19424248233058816,False,Normal
2024-03-23,229,556,134963.6,102640.07,32323.53,23.95,-0.20338587387495854,-0.049792531120331995,-0.06397306397306401,-0.23855985745286512,139215.07857142857,17930.011938003787,242.71428571428572,34811.21428571428,0.969461076953333,0.9434961742201294,1,0.2239266264618351,False,Normal
2024-03-24,220,586,146684.0,111645.21,35038.79,23.89,0.08684119273641189,-0.0393013100436681,0.05395683453237421,0.08400258263871563,140705.63714285713,18075.550912190804,238.0,35236.48285714286,1.0424884388325757,0.9243697478991597,1,0.23449543024836383,False,Normal
2024-03-25,258,646,156885.08,120006.51,36878.57,23.51,0.06954459927463108,0.17272727272727262,0.10238907849829348,0.052506950154386,145558.99,17032.39548718109,241.0,35968.101428571434,1.0778109960779474,1.070539419087137,1,0.23194442717044106,False,Normal
2024-03-26,279,668,160532.18,121569.08,38963.1,24.27,0.023246952482670835,0.08139534883720922,0.034055727554179516,0.056524154814028726,145940.01428571428,17379.859081621136,245.0,35559.76571428571,1.0999874214464436,1.1387755102040817,1,0.2373037072946072,False,Normal
2024-03-27,263,676,151404.92,113946.22,37458.7,24.74,-0.05685626395903909,-0.05734767025089604,0.011976047904191711,-0.03861089081720914,148741.85857142854,16263.98813109182,245.42857142857142,36428.46714285714,1.0179039138958494,1.071594877764843,1,0.24664898166540677,False,Normal
2024-03-28,249,577,139663.21,104990.51,34672.7,24.83,-0.07755170703831826,-0.05323193916349811,-0.14644970414201186,-0.07437524527012418,151364.9342857143,12030.507304357989,248.42857142857142,36826.55857142857,0.9226919739308558,1.0023001725129386,1,0.23831584203181394,False,Normal
2024-03-29,239,548,133581.15,100984.17,32596.98,24.4,-0.04354804676192103,-0.04016064257028118,-0.05025996533795496,-0.059866119454210276,146244.87714285712,10607.507973489233,248.14285714285714,35418.909999999996,0.9134073795249131,0.9631548647092689,1,0.23826563250862226,False,Normal
2024-03-30,208,518,125163.56,94913.17,30250.39,24.17,-0.06301480410971161,-0.12970711297071125,-0.054744525547445244,-0.07198795716658413,144844.87142857144,12770.734506084382,245.14285714285714,35122.74714285714,0.8641214477636714,0.8484848484848485,1,0.21479042561967565,False,Normal
2024-03-31,211,491,128609.56,96786.88,31822.68,24.74,0.027531974961402472,0.014423076923076872,-0.05212355212355213,0.05197585882363831,142262.80857142856,14095.410376207332,243.85714285714286,34663.30285714286,0.9040279837820479,0.8652606912712361,1,0.21951810362663782,False,Normal
2024-04-01,290,680,175496.61,132811.09,42685.52,24.32,0.3645689325117043,0.3744075829383886,0.384928716904277,0.34135528497285583,144921.59857142856,18408.66710663017,248.42857142857142,35492.86714285714,1.2109762225228402,1.1673375503162737,1,0.14862389091717498,False,Normal
2024-04-02,252,575,129934.68,97098.23,32836.45,25.27,-0.2596171515791672,-0.13103448275862073,-0.15441176470588236,-0.23073562182210738,140550.52714285714,17703.33191590975,244.57142857142858,34617.631428571425,0.9244695316434702,1.030373831775701,1,0.21296822650731123,False,Normal
2024-04-03,266,625,152720.37,115029.76,37690.61,24.68,0.1753626514491744,0.05555555555555558,0.08695652173913038,0.14782840410580333,140738.44857142857,17844.176431805212,245.0,34650.76142857143,1.085136091453291,1.0857142857142856,1,0.2369016207466929,False,Normal
2024-04-04,262,623,143399.11,107620.59,35778.52,24.95,-0.06103481807960531,-0.015037593984962405,-0.0031999999999999806,-0.05073120334215875,141272.14857142855,17862.51627756831,246.85714285714286,34808.735714285714,1.0150557732014391,1.0613425925925926,1,0.2435937682694213,False,Normal
2024-04-05,227,514,119287.12,90043.92,29243.2,24.51,-0.16814602266359946,-0.13358778625954193,-0.1749598715890851,-0.1826604342493764,139230.14428571428,19618.946957550324,245.14285714285714,34329.624285714286,0.8567621660666443,0.925990675990676,1,0.22252168717487925,False,Normal
2024-04-06,232,589,144857.55,107998.21,36859.34,25.45,0.21436036011264248,0.022026431718061623,0.14591439688715946,0.2604414017617769,142043.57142857142,18653.90832117119,248.57142857142858,35273.76,1.019810671775763,0.9333333333333332,1,0.22641848219889127,False,Normal
2024-04-07,236,610,145368.12,109401.1,35967.02,24.74,0.0035246350638955537,0.01724137931034475,0.035653650254668934,-0.024208789414026377,144437.6514285714,17693.070210037808,252.14285714285714,35865.80857142857,1.0064420084529604,0.9359773371104816,1,0.25139138160166624,False,Normal
2024-04-08,252,633,153097.68,117949.24,35148.44,22.96,0.05317231866244132,0.06779661016949157,0.03770491803278686,-0.022759183274010275,141237.8042857143,12362.122497752587,246.71428571428572,34789.08285714286,1.0839709720373025,1.0214244354371742,1,0.2189122722559072,False,Normal
2024-04-09,252,598,156545.08,115766.24,40778.84,26.05,0.02251765016948659,0.0,-0.05529225908372826,0.16018918620570344,145039.28999999998,12398.423633807111,246.71428571428572,35923.71,1.0793287804980292,1.0214244354371742,1,0.2325041150562534,False,Normal
2024-04-10,260,637,151607.38,113996.68,37610.7,24.81,-0.031541713096316926,0.031746031746031855,0.0652173913043479,-0.07769078276871044,144880.29142857142,12290.167506871538,245.85714285714286,35912.294285714284,1.0464320474862183,1.0575246949447996,1,0.24407333400471148,False,Normal
2024-04-11,292,738,187117.99,140741.4,46376.59,24.78,0.23422744987743993,0.12307692307692308,0.15855572998430145,0.23306904684039376,151125.8457142857,20062.693188759014,250.14285714285714,37426.30428571429,1.2381600851634607,1.1673329525985152,1,0.19987104315069137,False,Normal
2024-04-12,259,634,172692.74,129206.62,43486.12,25.18,-0.07709173233423472,-0.113013698630137,-0.14092140921409213,-0.06232605717669182,158755.22,15594.042441472688,254.71428571428572,39461.00714285714,1.0877925147910097,1.0168255748738082,1,0.22169175789978002,False,Normal
2024-04-13,259,629,153272.49,115785.68,37486.81,24.46,-0.11245550913142033,0.0,-0.007886435331230235,-0.13795919249636446,159957.35428571427,14639.240456939031,258.57142857142856,39550.64571428572,0.9582084592761277,1.001657458563536,1,0.23598557148586558,False,Normal
2024-04-14,232,539,141383.54,106742.54,34641.0,24.5,-0.07756740952012975,-0.10424710424710426,-0.14308426073131952,-0.07591496849158408,159388.12857142856,15360.755524043489,258.0,39361.21428571428,0.8870393376671091,0.8992248062015504,1,0.2280469338990913,False,Normal
2024-04-15,259,614,147337.46,110039.66,37297.8,25.31,0.04211183282014286,0.11637931034482762,0.13914656771799638,0.07669524551831652,158565.24,15898.772029092414,259.0,39668.26571428571,0.9291914167316873,1.0,1,0.23663261421399973,False,Normal
2024-04-16,260,604,149017.08,112344.53,36672.55,24.61,0.011399816448580014,0.0038610038610038533,-0.016286644951140072,-0.016763723329526137,157489.8114285714,16307.54528264238,260.14285714285717,39081.65285714286,0.9462013996225135,0.9994508511806699,1,0.24804666005482368,False,Normal
2024-04-17,247,589,140534.36,107350.89,33183.47,23.61,-0.056924481408439864,-0.050000000000000044,-0.024834437086092676,-0.09514146139278568,155907.95142857142,17468.94656760097,258.2857142857143,38449.19142857142,0.9013931535389663,0.9563053097345133,1,0.23314466726812144,False,Normal
2024-04-18,284,666,156493.82,118652.54,37841.28,24.18,0.11356269029154165,0.1497975708502024,0.1307300509337861,0.14036536866096272,151533.07,10979.406380770994,257.14285714285717,37229.86142857143,1.0327370784476286,1.1044444444444443,1,0.22674270734532753,False,Normal
2024-04-19,258,644,160045.06,118373.6,41671.46,26.04,0.022692525493977822,-0.09154929577464788,-0.033033033033033066,0.10121697786121397,149726.25857142857,7361.550485766907,257.0,36970.624285714286,1.0689177805351273,1.0038910505836576,1,0.22188565287952106,False,Normal
2024-04-20,267,612,141294.87,105929.67,35365.2,25.03,-0.1171556935278103,0.03488372093023262,-0.0496894409937888,-0.15133283067115966,148015.16999999998,7780.020785420823,258.14285714285717,36667.537142857145,0.954597221352379,1.0343110127282789,1,0.2236657786759485,False,Normal
2024-04-21,265,629,149926.17,111235.48,38690.69,25.81,0.06108714350351163,-0.0074906367041198685,0.02777777777777768,0.09403283453790756,149235.54571428572,7215.9606300253445,262.85714285714283,37246.06428571429,1.0046277465761173,1.0081521739130437,1,0.23218263760443636,False,Normal
2024-04-22,251,587,140715.88,104597.79,36118.09,25.67,-0.06143217024752923,-0.05283018867924527,-0.06677265500794916,-0.06649144794264472,148289.60571428572,7907.157980838756,261.7142857142857,37077.53428571429,0.9489261187403907,0.959061135371179,1,0.22868970554866103,False,Normal
2024-04-23,272,650,161427.44,122052.34,39375.1,24.39,0.14718708364684918,0.08366533864541825,0.10732538330494035,0.0901766953900387,150062.5142857143,9356.013407319524,263.42857142857144,37463.612857142856,1.075734608129031,1.0325379609544467,1,0.23248051601387743,False,Normal
2024-04-24,267,638,149400.97,111144.78,38256.19,25.61,-0.07450077880191874,-0.018382352941176516,-0.018461538461538418,-0.02841668973539102,151329.17285714284,8402.686777267832,266.2857142857143,38188.287142857145,0.9872582211298869,1.0026824034334765,1,0.2321295677309375,False,Normal
2024-04-25,290,691,178401.42,132369.63,46031.79,25.8,0.19411152417551247,0.08614232209737827,0.08307210031347956,0.20325076804564168,154458.83000000002,13299.752998283426,267.14285714285717,39358.36,1.155009525839345,1.085561497326203,1,0.2071249476429482,False,Normal
2024-04-26,249,591,142806.71,108786.92,34019.79,23.82,-0.1995203289301174,-0.14137931034482754,-0.1447178002894356,-0.2609500955752535,151996.20857142858,13683.414435429819,265.85714285714283,38265.264285714286,0.9395412644973306,0.9365932294465342,1,0.2126728763842785,False,Normal
2024-04-27,274,634,165546.72,123715.31,41831.41,25.27,0.15923628518575916,0.10040160642570273,0.07275803722504226,0.2296198771362199,155460.75857142857,13592.221731002268,266.85714285714283,39189.008571428574,1.064877860633475,1.0267665952890794,1,0.2336635994588469,False,Normal
2024-04-28,248,629,173250.14,128254.36,44995.78,25.97,0.046533208268940696,-0.0948905109489051,-0.007886435331230235,0.07564578865498417,158792.7542857143,14813.316095012142,264.42857142857144,40089.735714285714,1.0910456259753054,0.9378714208535925,1,0.21774932378220807,False,Normal
2024-04-29,309,721,176280.55,133368.25,42912.3,24.34,0.01749152987697422,0.24596774193548376,0.1462639109697934,-0.04630389783219657,163873.42142857143,13631.846090876066,272.7142857142857,41060.33714285714,1.0757116588112279,1.1330539549502356,1,0.20266291731341934,False,Normal
2024-04-30,330,751,175668.06,130874.22,44793.84,25.5,-0.003474518317534092,0.06796116504854366,0.04160887656033285,0.043846169979236516,165907.79571428572,14254.375292128665,281.0,41834.442857142865,1.0588294494763988,1.1743772241992882,1,0.20833238148057137,False,Normal
2024-05-01,285,683,179895.12,132238.29,47656.83,26.49,0.024062769293404784,-0.13636363636363635,-0.0905459387483355,0.06391481507278685,170264.10285714286,12970.809226006104,283.57142857142856,43177.39142857143,1.0565651654179735,1.005037783375315,1,0.19422529266914046,False,Normal
2024-05-02,265,646,160467.46,120213.07,40254.39,25.09,-0.10799436916354377,-0.07017543859649122,-0.05417276720351394,-0.15532799810646247,167702.10857142857,12866.383393760443,280.0,42352.048571428575,0.9568601215986073,0.9464285714285714,1,0.22611065660727508,False,Normal
2024-05-03,285,700,170741.21,129315.62,41425.59,24.26,0.06402388372072454,0.07547169811320753,0.08359133126934992,0.02909496330710759,171692.75142857144,6723.609947806017,285.14285714285717,43410.020000000004,0.9944578823470756,0.9994989979959918,1,0.21676002823677654,False,Normal
2024-05-04,254,619,149989.65,113792.18,36197.47,24.13,-0.12153808679228639,-0.10877192982456141,-0.11571428571428577,-0.12620508241403428,169470.31285714285,10566.597223111996,282.2857142857143,42605.17142857143,0.8850497026369195,0.8997975708502025,1,0.21659922522273983,False,Normal
2024-05-05,246,587,142868.29,108626.45,34241.84,23.97,-0.04747900938498084,-0.03149606299212604,-0.05169628432956386,-0.05402670407627952,165130.04857142855,14326.159811256717,282.0,41068.89428571429,0.8651865074587015,0.8723404255319149,1,0.21817259873776795,False,Normal
2024-05-06,301,713,192695.37,142461.29,50234.08,26.07,0.3487623460741358,0.22357723577235777,0.2146507666098807,0.46703798627643867,167475.02285714285,17456.870959468764,280.85714285714283,42114.86285714286,1.1505916924959625,1.0717192268565616,1,0.16185718642704022,False,Normal
2024-05-07,281,705,182729.1,135996.44,46732.66,25.57,-0.05172033972585843,-0.06644518272425248,-0.011220196353436185,-0.06970208272949352,168483.74285714285,18197.492784082766,273.85714285714283,42391.83714285714,1.0845503364377167,1.0260824204486176,1,0.22180745411338276,False,Normal
2024-05-08,283,639,158958.42,119206.56,39751.86,25.01,-0.13008699763748632,0.007117437722419906,-0.09361702127659577,-0.14937733054356428,165492.7857142857,17723.731438309336,273.57142857142856,41262.555714285714,0.9605157065543212,1.0344647519582246,1,0.22659438583810276,False,Normal
2024-05-09,255,620,156393.09,118053.1,38339.99,24.52,-0.01613837127973472,-0.09893992932862195,-0.029733959311424085,-0.035517080207064566,164910.73285714287,17981.30047874856,272.14285714285717,40989.07,0.9483499787456439,0.9370078740157479,1,0.23614452689238413,False,Normal
2024-05-10,288,671,163889.53,123545.4,40344.13,24.62,0.04793331981611204,0.12941176470588234,0.08225806451612905,0.05227283575191333,163931.92142857146,17796.55814249579,272.57142857142856,40834.57571428572,0.9997414083346182,1.0566037735849056,1,0.23473188922727767,False,Normal
2024-05-11,246,588,140578.05,105596.03,34982.02,24.88,-0.1422389825634378,-0.14583333333333337,-0.1236959761549925,-0.13290929808128227,162587.40714285715,19316.086723153207,271.42857142857144,40660.939999999995,0.8646306160506104,0.9063157894736842,1,0.22319101961031657,False,Normal
2024-05-12,200,454,113239.95,81819.23,31420.72,27.75,-0.19446919344805247,-0.1869918699186992,-0.22789115646258506,-0.10180372660012194,158354.78714285715,26329.924923616993,264.85714285714283,40257.92285714286,0.7151027893955769,0.7551240560949299,1,0.1307817702519034,False,Normal
2024-05-13,246,554,124695.24,92959.12,31736.12,25.45,0.1011594406391032,0.22999999999999998,0.22026431718061668,0.010037962210923235,148640.48285714287,23988.55702032958,257.0,37615.357142857145,0.8389049712644137,0.9571984435797666,1,0.19724016075091355,False,Normal
2024-05-14,241,584,147446.79,110179.8,37266.99,25.27,0.18245724536076913,-0.020325203252032575,0.054151624548736566,0.17427681770802472,143600.15285714288,18771.70657251763,251.28571428571428,36263.11857142857,1.026787138219023,0.9590676520750426,1,0.23600020864310006,False,Normal
2024-05-15,252,638,160402.11,122173.22,38228.89,23.83,0.08786437466695607,0.045643153526971014,0.09246575342465757,0.025811046183230824,143806.39428571428,18975.393941361875,246.85714285714286,36045.55142857142,1.1154031835421265,1.0208333333333333,1,0.23963443120678496,False,Normal
2024-05-16,275,603,163332.37,123912.47,39419.9,24.13,0.018268213554048618,0.09126984126984117,-0.054858934169279006,0.031154710482046433,144797.72,19901.22769775552,249.71428571428572,36199.82428571428,1.128003742047872,1.1012585812356979,1,0.22920744289463657,False,Normal
2024-05-17,289,713,171772.38,126343.76,45428.62,26.45,0.05167383538241688,0.050909090909091015,0.18242122719734666,0.1524285957092737,145923.84142857144,21333.11670464397,249.85714285714286,36926.18,1.1771371855234583,1.1566609491137794,1,0.1950480752009795,False,Normal
2024-05-18,238,582,147458.59,112105.75,35352.84,23.97,-0.1415465629573276,-0.17647058823529416,-0.1837307152875175,-0.2217936622331914,146906.77571428573,21203.87566190532,248.71428571428572,36979.154285714285,1.003756220793978,0.9569213095921884,1,0.21646129883627507,False,Normal
2024-05-19,247,602,153763.41,116825.15,36938.26,24.02,0.04275654609202495,0.037815126050420256,0.03436426116838498,0.0448456191921216,152695.8414285714,15147.009416905654,255.42857142857142,37767.374285714286,1.0069914711588788,0.9670022371364654,1,0.24631640565509777,False,Normal
2024-05-20,260,642,150194.87,114102.27,36092.6,24.03,-0.02320799207041524,0.05263157894736836,0.06644518272425248,-0.022893877513450955,156338.64571428573,9182.613842943141,257.42857142857144,38389.72857142857,0.9607021303899889,1.0099889012208656,1,0.23493689027447445,False,Normal
2024-05-21,303,715,167837.0,127684.78,40152.22,23.92,0.1174616017178216,0.16538461538461546,0.11370716510903423,0.1124779040578956,159251.53285714285,9125.742477726077,266.2857142857143,38801.904285714285,1.053911362665242,1.1378755364806867,1,0.2070551531783481,False,Normal
2024-05-22,268,632,150052.78,113506.72,36546.06,24.36,-0.10596126003205497,-0.11551155115511547,-0.1160839160839161,-0.08981221959831864,157773.05714285714,9726.827573945859,268.57142857142856,38561.5,0.9510672019502877,0.997872340425532,1,0.22837777030421225,False,Normal
2024-05-23,239,606,148788.44,110450.59,38337.85,25.77,-0.00842596851587818,-0.10820895522388063,-0.04113924050632911,0.049028267342635656,155695.35285714286,9893.318014259556,263.42857142857144,38406.92142857143,0.9556382850843324,0.9072668112798264,1,0.22761962769320632,False,Normal
2024-05-24,274,654,153448.29,115569.19,37879.1,24.69,0.03131862932362228,0.14644351464435146,0.07920792079207928,-0.011965981399582937,153077.6257142857,6902.625949089446,261.2857142857143,37328.41857142857,1.0024214138675376,1.0486604702022964,1,0.23030081128536523,False,Normal
2024-05-25,217,543,127719.44,95753.32,31966.12,25.03,-0.1676711418550184,-0.208029197080292,-0.16972477064220182,-0.15610138572458165,150257.74714285714,11843.982186584755,258.2857142857143,36844.60142857143,0.8500023621315917,0.8401548672566372,1,0.20372320696643015,False,Normal
2024-05-26,204,499,120086.4,90240.87,29845.53,24.85,-0.05976412048158064,-0.05990783410138245,-0.08103130755064458,-0.06633867357064294,145446.7457142857,16215.629586624334,252.14285714285714,35831.35428571428,0.8256382733780558,0.8090651558073655,1,0.20549737910275745,False,Normal
2024-05-27,296,683,173515.03,129822.4,43692.63,25.18,0.44491824219895015,0.4509803921568627,0.3687374749498997,0.46395892450226217,148778.19714285716,19430.53342683545,257.2857142857143,36917.072857142855,1.1662665184293803,1.15047196002221,1,0.1360162784293975,False,Normal
2024-05-28,293,699,174538.1,132056.58,42481.52,24.34,0.005896146287730941,-0.010135135135135087,0.02342606149341142,-0.027718862425997304,149735.49714285714,20652.656977332732,255.85714285714286,37249.829999999994,1.165642772291193,1.1451702959240648,1,0.219766540660982,False,Normal
2024-05-29,284,682,166422.87,125683.88,40738.99,24.48,-0.04649546431409535,-0.030716723549488067,-0.024320457796852657,-0.04101854170943031,152074.0814285714,21599.684992195183,258.14285714285717,37848.82,1.0943539387950745,1.1001660210293303,1,0.235096163583221,False,Normal
2024-05-30,277,664,162423.64,119222.64,43201.0,26.6,-0.024030531380692888,-0.02464788732394363,-0.02639296187683282,0.060433751548577996,154021.96714285715,21867.16130909251,263.57142857142856,38543.555714285714,1.05454853624451,1.050948509485095,1,0.22630169079890294,False,Normal
2024-05-31,275,659,165736.42,124911.1,40825.32,24.63,0.02039592266248924,-0.0072202166064981865,-0.0075301204819276935,-0.05499131964537862,155777.41428571427,22302.33395815211,263.7142857142857,38964.444285714286,1.063930998983073,1.042795232936078,1,0.24463830549622245,False,Normal
2024-06-01,284,676,166925.56,126079.97,40845.59,24.47,0.0071748864854206396,0.032727272727272716,0.025796661608497695,0.0004965055999559542,161378.28857142857,18716.335478151166,273.2857142857143,40232.94,1.034374335467786,1.039205436487193,1,0.23993520280809,False,Normal
2024-06-02,253,604,147790.49,111311.64,36478.85,24.68,-0.11463235468552568,-0.10915492957746475,-0.10650887573964496,-0.10690848142969656,165336.01571428572,8867.264343692266,280.2857142857143,41180.55714285715,0.8938795903694338,0.9026503567787971,1,0.21848139053704113,False,Normal
2024-06-03,304,783,199416.81,146354.2,53062.61,26.61,0.3493209881095869,0.20158102766798414,0.29635761589403975,0.45461301548705624,169036.27,15655.304498540505,281.42857142857144,42519.125714285714,1.1797279364955227,1.0802030456852791,1,0.13064570061946762,False,Normal
2024-06-04,326,766,191052.77,143065.85,47986.92,25.12,-0.04194250223940499,0.07236842105263164,-0.02171136653895278,-0.0956547369230425,171395.50857142857,17729.567799276378,286.14285714285717,43305.611428571436,1.1146894781106782,1.1392910634048925,1,0.2007826662092504,False,Normal
2024-06-05,289,676,178135.07,130040.59,48094.48,27.0,-0.06761325679810859,-0.11349693251533743,-0.11749347258485643,0.0022414441268578944,173068.68,17734.728085391038,286.85714285714283,44356.39571428572,1.0292738697723933,1.0074701195219125,1,0.1891488315536452,False,Normal
2024-06-06,222,572,143582.35,107743.45,35838.9,24.96,-0.19396921672975453,-0.23183391003460208,-0.15384615384615385,-0.2548230067151158,170377.06714285718,20786.761826679827,279.0,43304.66714285715,0.8427328419710944,0.7956989247311828,1,0.1806285207211354,False,Normal
2024-06-07,273,654,162837.46,123007.36,39830.1,24.46,0.1341049927097584,0.22972972972972983,0.14335664335664333,0.11136502515423174,169962.93,20923.058676920453,278.7142857142857,43162.49285714286,0.958076328761807,0.9794976934905176,1,0.21574401597655984,False,Normal
2024-06-08,239,544,131577.49,99019.01,32558.48,24.74,-0.19197038568398206,-0.12454212454212454,-0.16819571865443428,-0.18256594886781607,164913.2057142857,25535.48082678849,272.2857142857143,41978.62,0.7978590279056228,0.8777544596012592,1,0.19723453218017079,False,Normal
2024-06-09,231,600,147471.18,111585.3,35885.88,24.33,0.120793381907498,-0.03347280334728031,0.10294117647058831,0.10219764559033462,164867.59,25571.42607274613,269.14285714285717,41893.909999999996,0.8944825359550654,0.85828025477707,1,0.21103195989177626,False,Normal
2024-06-10,264,698,166739.0,125858.27,40880.73,24.52,0.13065481675809476,0.1428571428571428,0.16333333333333333,0.13918705630181027,160199.3314285714,20739.222480263477,263.42857142857144,40153.64142857143,1.0408220715599208,1.002169197396963,1,0.23194044830148614,False,Normal
2024-06-11,244,580,141585.56,106333.95,35251.61,24.9,-0.15085516885671624,-0.0757575757575758,-0.16905444126074498,-0.13769617127678502,153132.5871428571,16460.345207151815,251.71428571428572,38334.311428571425,0.9245945793883511,0.9693530079455164,1,0.23460971794928875,False,Normal
2024-06-12,285,652,159332.64,120220.78,39111.86,24.55,0.12534526826040748,0.1680327868852458,0.12413793103448278,0.1095056367638243,150446.5257142857,12835.301648545019,251.14285714285714,37051.08,1.0590649351556978,1.13481228668942,1,0.22965722052984172,False,Normal
2024-06-13,285,643,163358.82,122549.7,40809.12,24.98,0.025269022091142013,0.0,-0.013803680981595123,0.043395021356693375,153271.7357142857,13242.655606854083,260.14285714285717,37761.111428571436,1.0658117704396437,1.0955518945634266,1,0.24066207069892304,False,Normal
2024-06-14,254,601,149624.01,111975.27,37648.74,25.16,-0.08407755393923633,-0.10877192982456141,-0.06531881804043549,-0.07744298333313737,151384.10000000003,12576.884926840235,257.42857142857144,37449.48857142857,0.9883733496450419,0.9866814650388457,1,0.2410417233581385,False,Normal
2024-06-15,240,624,149076.13,112881.45,36194.68,24.28,-0.003661711780081345,-0.055118110236220486,0.038269550748752046,-0.038621744047742324,153883.90571428573,9294.711151531863,257.57142857142856,37968.94571428571,0.9687571244571068,0.9317803660565724,1,0.24009809114618957,False,Normal
2024-06-16,255,597,139712.02,105154.35,34557.67,24.73,-0.06281428153521307,0.0625,-0.043269230769230727,-0.045227917472954626,152775.45428571428,10563.053330422203,261.0,37779.20142857143,0.9144925842518943,0.9770114942528736,1,0.23515137145237874,False,Normal
2024-06-17,236,534,130352.38,96322.92,34029.46,26.11,-0.06699237474341857,-0.07450980392156858,-0.10552763819095479,-0.015284884658022357,147577.36571428573,11461.103436557683,257.0,36800.44857142857,0.8832816561610551,0.9182879377431906,1,0.22230364537577785,False,Normal
2024-06-18,275,606,166028.76,124290.3,41738.46,25.14,0.27369181905232565,0.1652542372881356,0.1348314606741574,0.22653900473295785,151069.25142857144,12957.241902880485,261.42857142857144,37727.14142857143,1.0990241788449036,1.0519125683060109,1,0.22302958429080305,False,Normal
2024-06-19,284,712,170048.82,128484.56,41564.26,24.44,0.024213033934602723,0.032727272727272716,0.17491749174917492,-0.004173608705256404,152600.1342857143,14622.334073815886,261.2857142857143,38077.48428571429,1.1143425318461149,1.0869327501366868,1,0.2284169372442577,False,Normal
2024-06-20,276,636,164365.34,122190.36,42174.98,25.66,-0.033422637099157826,-0.028169014084507005,-0.1067415730337079,0.014693392833169616,152743.92285714284,14750.152223651987,260.0,38272.607142857145,1.0760843176309303,1.0615384615384615,1,0.23302645060827543,False,Normal
2024-06-21,334,819,202704.65,151471.37,51233.28,25.27,0.23325665861184608,0.21014492753623193,0.28773584905660377,0.21477899930242983,160326.87142857144,23767.045044465107,271.42857142857144,40213.25571428572,1.264321122178877,1.2305263157894737,1,0.1490602982150363,False,Normal
2024-06-22,267,636,158217.54,120408.71,37808.83,23.9,-0.21946763431425964,-0.20059880239520955,-0.22344322344322343,-0.26202597218058254,161632.78714285715,23292.22605036232,275.2857142857143,40443.84857142857,0.9788703319219595,0.969901401141671,1,0.1924062308605473,False,Normal
2024-06-23,242,589,142630.82,104354.96,38275.86,26.84,-0.09851448834307497,-0.09363295880149813,-0.07389937106918243,0.012352405509506559,162049.75857142857,22856.45216435323,273.42857142857144,40975.01857142857,0.8801668157816536,0.8850574712643677,1,0.20588072080508918,False,Normal
2024-06-24,247,588,144719.05,108719.74,35999.31,24.88,0.014640804841478117,0.02066115702479343,-0.001697792869269965,-0.05947743564742902,164102.13999999998,20002.700641984684,275.0,41256.42571428571,0.8818839900564368,0.8981818181818182,1,0.23486862419059706,False,Normal
2024-06-25,263,629,160865.8,122184.62,38681.18,24.05,0.11157307901067615,0.06477732793522262,0.0697278911564625,0.07449781676371026,163364.57428571428,20015.00357035565,273.2857142857143,40819.67142857143,0.984704307548685,0.9623627809722949,1,0.23364208543275244,False,Normal
2024-06-26,290,694,169663.86,128250.53,41413.33,24.41,0.054691923329881265,0.102661596958175,0.10333863275039756,0.07063254016552767,163309.58000000002,19994.094530923892,274.14285714285717,40798.11,1.0389094136424817,1.0578426263679,1,0.234786419845258,False,Normal
2024-06-27,302,750,189856.0,140377.64,49478.36,26.06,0.11901261706529609,0.04137931034482767,0.08069164265129691,0.19474478386548477,166951.10285714286,22395.519869214455,277.85714285714283,41841.450000000004,1.1371952431033443,1.0868894601542418,1,0.2044270177863089,False,Normal
2024-06-28,267,664,144176.88,107563.11,36613.77,25.4,-0.24059876959379733,-0.11589403973509937,-0.1146666666666667,-0.2600043736291988,158589.99285714285,17128.66910426228,268.2857142857143,39752.94857142858,0.9091171353407771,0.9952076677316294,1,0.2103642706844412,False,Normal
2024-06-29,261,655,159183.32,120835.17,38348.15,24.09,0.10408353960773731,-0.022471910112359605,-0.013554216867469826,0.047369609848972205,158727.96142857143,17129.05864498785,267.42857142857144,39829.99428571428,1.0028687987127807,0.9759615384615384,1,0.23843926439651092,False,Normal
2024-06-30,237,577,128904.03,96440.37,32463.66,25.18,-0.19021647494222393,-0.09195402298850575,-0.11908396946564881,-0.15344912336057936,156766.99142857143,19848.841278854685,266.7142857142857,38999.68,0.8222651262573552,0.8885913229780396,1,0.21671290257620712,False,Normal
2024-07-01,231,545,139034.9,105617.69,33417.21,24.04,0.07859234501822776,-0.025316455696202556,-0.0554592720970537,0.029372843357772904,155954.97,20528.506695327786,264.42857142857144,38630.80857142858,0.8915066958109766,0.8735818476499189,1,0.22444949231988637,False,Normal
2024-07-02,227,567,145943.42,111194.34,34749.08,23.81,0.049689106835765884,-0.017316017316017285,0.04036697247706411,0.039855810823225646,153823.20142857142,20707.57246459769,259.2857142857143,38069.08,0.948773778237671,0.8754820936639118,1,0.22717869450380695,False,Normal
2024-07-03,290,721,185909.03,138617.23,47291.8,25.44,0.27384317840434313,0.27753303964757703,0.27160493827160503,0.36095113885029484,156143.94,23500.68964512711,259.2857142857143,38908.861428571436,1.1906259698583244,1.118457300275482,1,0.17053276988856242,False,Normal
2024-07-04,285,652,149941.59,112089.49,37852.1,25.24,-0.1934679558061273,-0.017241379310344862,-0.09570041608876556,-0.19960542842522389,150441.88142857145,18202.867609227484,256.85714285714283,37247.967142857146,0.9966745202611084,1.1095661846496108,1,0.21880097680486083,False,Normal
2024-07-05,228,583,140130.11,104274.35,35855.76,25.59,-0.06543534719086286,-0.19999999999999996,-0.10582822085889576,-0.052740534871248745,149863.7714285714,18496.88822516181,251.28571428571428,37139.68,0.9350499367806802,0.9073337123365549,1,0.22762548746273326,False,Normal
2024-07-06,239,596,137194.9,103553.83,33641.07,24.52,-0.020946319103010702,0.04824561403508776,0.022298456260720467,-0.06176664502439777,146722.56857142856,18517.49386415977,248.14285714285714,36467.24,0.9350633739294835,0.9631548647092689,1,0.2450989491486652,False,Normal
2024-07-07,210,501,123829.31,91750.74,32078.57,25.91,-0.0974204580490966,-0.12133891213389125,-0.15939597315436238,-0.04644620400005117,145997.60857142857,19409.222362237866,244.28571428571428,36412.22714285714,0.8481598514637119,0.8596491228070176,1,0.20851856572187621,False,Normal
2024-07-08,265,671,173118.61,131300.44,41818.17,24.16,0.3980422728673849,0.26190476190476186,0.3393213572854292,0.3036170253225128,150866.71,21530.675183044827,249.14285714285714,37612.364285714284,1.1474937711573348,1.0636467889908257,1,0.17685946714680478,False,Normal
2024-07-09,253,569,145088.63,108383.86,36704.77,25.3,-0.16191199779157184,-0.04528301886792452,-0.15201192250372575,-0.12227699107828016,150744.59714285712,21565.64739827301,252.85714285714286,37891.74857142857,0.9624798019295041,1.0005649717514125,1,0.23348147900741545,False,Normal
2024-07-10,280,710,178997.21,134864.7,44132.51,24.66,0.23370942299200137,0.10671936758893286,0.24780316344463982,0.20236443383244218,149757.19428571427,19770.815741537077,251.42857142857142,37440.42142857143,1.1952494893734464,1.1136363636363638,1,0.20658881432374154,False,Normal
2024-07-11,301,710,161141.14,122500.1,38641.04,23.98,-0.0997561358637935,0.07499999999999996,0.0,-0.12443139989091945,151357.12999999998,20235.91110185181,253.71428571428572,37553.12714285714,1.0646418837355072,1.1863738738738738,1,0.20806820282414545,False,Normal
2024-07-12,262,624,156170.25,117527.46,38642.79,24.74,-0.030848050348905365,-0.12956810631229232,-0.12112676056338023,4.5288636123741455e-05,153648.57857142857,19652.470493120316,258.57142857142856,37951.27428571428,1.0164119411452879,1.0132596685082873,1,0.2412673538659772,False,Normal
2024-07-13,215,554,136483.9,103637.48,32846.42,24.07,-0.12605697948232786,-0.17938931297709926,-0.11217948717948723,-0.14999874491464005,153547.00714285715,19753.261391226195,255.14285714285714,37837.75285714286,0.8888737236865712,0.8426651735722285,1,0.21344102510123597,False,Normal
2024-07-14,225,540,131283.48,100370.47,30913.01,23.55,-0.03810280919580977,0.04651162790697683,-0.02527075812274371,-0.058862122569217634,154611.88857142857,18008.02285884632,257.2857142857143,37671.24428571429,0.8491163338927126,0.8745141588006663,1,0.21068418471071404,False,Normal
2024-07-15,282,681,173606.22,130383.79,43222.43,24.9,0.3223767377281588,0.2533333333333334,0.26111111111111107,0.39819545233544074,154681.54714285716,18092.287702573012,259.7142857142857,37871.85285714286,1.122346027737005,1.0858085808580857,1,0.18876336105609604,False,Normal
2024-07-16,244,609,143777.55,107776.29,36001.26,25.04,-0.17181797979358115,-0.13475177304964536,-0.10572687224669608,-0.16706996806981922,154494.25,18214.521581784247,258.42857142857144,37771.351428571434,0.9306336643596768,0.9441680486456605,1,0.23458166365542998,False,Normal
2024-07-17,242,620,152839.2,115397.14,37442.06,24.5,0.06302548624594051,-0.008196721311475419,0.01806239737274229,0.04002082149346986,150757.39142857143,14692.447813874642,253.0,36815.572857142855,1.013808998362876,0.9565217391304348,1,0.2494443297722722,False,Normal
2024-07-18,260,625,145746.77,108472.13,37274.64,25.57,-0.046404521876586724,0.07438016528925617,0.008064516129032251,-0.004471442009333804,148558.1957142857,14015.687619938932,247.14285714285714,36620.37285714286,0.9810752567317605,1.0520231213872833,1,0.24468189251014838,False,Normal
2024-07-19,254,616,147192.85,110763.53,36429.32,24.75,0.00992186653604743,-0.023076923076923106,-0.014399999999999968,-0.02267815329671863,147275.71,13607.867871061953,246.0,36304.16285714286,0.9994373817651262,1.032520325203252,1,0.25218046012875056,False,Normal
2024-07-20,205,493,126723.66,95479.61,31244.05,24.66,-0.13906375207763155,-0.19291338582677164,-0.19967532467532467,-0.1423378201953811,145881.39,15293.566764423509,244.57142857142858,36075.25285714286,0.8686759839620393,0.8382009345794392,1,0.20539393218135465,False,Normal
2024-07-21,218,529,132925.96,100423.37,32502.59,24.45,0.04894350431482164,0.06341463414634152,0.0730223123732252,0.04028094949278338,146116.03,15042.8161419157,243.57142857142858,36302.33571428571,0.909728795670126,0.8950146627565982,1,0.2331684203469035,False,Normal
2024-07-22,256,676,155600.06,117991.15,37608.91,24.17,0.17057691364425742,0.17431192660550465,0.277882797731569,0.15710501840007218,143543.72142857144,10373.337489088339,239.85714285714286,35500.404285714285,1.0839907064651928,1.0673019654556284,1,0.21070839203751718,False,Normal
2024-07-23,262,600,144958.84,109595.41,35363.43,24.4,-0.06838827697110139,0.0234375,-0.1124260355029586,-0.059706064334222986,143712.47714285713,10387.374702876976,242.42857142857142,35409.28571428572,1.008672614110631,1.080730701237478,1,0.23423820906608517,False,Normal
2024-07-24,252,595,140956.71,105759.25,35197.46,24.97,-0.027608733623972204,-0.03816793893129766,-0.008333333333333304,-0.004693266461991974,142014.97857142857,9587.4222460328,243.85714285714286,35088.62857142858,0.9925481904650199,1.0333919156414764,1,0.2443303075491972,False,Normal
2024-07-25,264,608,147259.38,109886.48,37372.9,25.38,0.04471351523457101,0.04761904761904767,0.02184873949579824,0.06180673264491254,142231.0657142857,9701.912315336209,244.42857142857142,35102.665714285715,1.0353531365349902,1.0800701344243133,1,0.2393009815968531,False,Normal
2024-07-26,281,703,177295.01,134305.16,42989.85,24.25,0.20396412099521277,0.06439393939393945,0.15625,0.15029473227927181,146531.3742857143,16533.677370516874,248.28571428571428,36039.88428571429,1.2099457257140114,1.1317606444188724,1,0.21010168959704273,False,Normal
2024-07-27,239,573,131871.41,99175.92,32695.49,24.79,-0.25620348818615934,-0.14946619217081847,-0.18492176386913228,-0.23946024468566407,147266.76714285713,15593.579412734935,253.14285714285714,36247.23285714286,0.8954593935784387,0.9441309255079007,1,0.213120686873298,False,Normal
2024-07-28,221,533,130738.94,97262.36,33476.58,25.61,-0.008587684017331787,-0.07531380753138073,-0.06980802792321117,0.023889839240824884,146954.3357142857,15946.709901942426,253.57142857142858,36386.374285714286,0.8896569084847398,0.8715492957746478,1,0.2235836391401066,False,Normal
2024-07-29,259,642,149094.75,111892.19,37202.56,24.95,0.14040048053013132,0.17194570135746612,0.2045028142589118,0.11130109467574045,146025.0057142857,15543.340403142907,254.0,36328.32428571429,1.0210220453044911,1.0196850393700787,1,0.23564785050003662,False,Normal
2024-07-30,246,635,167348.32,126739.63,40608.69,24.27,0.12242932765908932,-0.050193050193050204,-0.010903426791277204,0.09155633375767702,149223.50285714286,17471.438217439492,251.71428571428572,37077.647142857146,1.121460874432151,0.9772985244040863,1,0.23280727907093973,False,Normal
2024-07-31,210,485,123478.7,89060.07,34418.63,27.87,-0.2621455656083074,-0.14634146341463417,-0.2362204724409449,-0.15243190558474073,146726.64428571428,19926.204736665448,245.71428571428572,36966.38571428571,0.8415560827490568,0.8546511627906976,1,0.16044419159519463,False,Normal
2024-08-01,252,590,146124.42,111740.52,34383.9,23.53,0.1833977843952035,0.19999999999999996,0.21649484536082464,-0.0010090465541480187,146564.50714285715,19925.764974116726,244.0,36539.385714285716,0.9969973143468617,1.0327868852459017,1,0.2182964292714651,False,Normal
2024-08-02,256,604,158271.18,118716.47,39554.71,24.99,0.0831261468822253,0.015873015873015817,0.023728813559322104,0.15038462768912186,143846.81714285715,15933.184290451858,240.42857142857142,36048.65142857143,1.100275856940357,1.0647653000594177,1,0.24709027257362376,False,Normal
2024-08-03,218,513,131449.91,98544.26,32905.65,25.03,-0.16946401739091088,-0.1484375,-0.1506622516556292,-0.16809780680985897,143786.60285714286,15986.690922717615,237.42857142857142,36078.67428571429,0.9142013747316932,0.9181708784596871,1,0.22578527445004892,False,Normal
2024-08-04,220,546,133540.56,98875.07,34665.49,25.96,0.015904537325282186,0.00917431192660545,0.06432748538011701,0.05348139301305399,144186.83428571429,15636.838511310616,237.28571428571428,36248.51857142857,0.9261633398190982,0.9271523178807948,1,0.23446734118813733,False,Normal
2024-08-05,267,642,157859.68,119020.85,38838.83,24.6,0.18211036407215908,0.21363636363636362,0.17582417582417587,0.12038889396918973,145438.96714285715,16426.34331491855,238.42857142857142,36482.27142857143,1.085401547474843,1.1198322348711804,1,0.2297942377986784,False,Normal
2024-08-06,290,724,173717.78,128966.36,44751.42,25.76,0.10045693745229944,0.08614232209737827,0.12772585669781922,0.15223398851098224,146348.88999999998,17948.186189446722,244.71428571428572,37074.090000000004,1.1870112578236842,1.1850554582603618,1,0.20646893107215458,False,Normal
2024-08-07,276,662,157275.64,117920.39,39355.25,25.02,-0.09464857310518238,-0.0482758620689655,-0.08563535911602205,-0.12058097821253488,151177.0242857143,15088.607375027821,254.14285714285714,37779.32142857143,1.0403408900466236,1.0860033726812817,1,0.234797930107699,False,Normal
2024-08-08,268,651,164273.16,123455.68,40817.48,24.85,0.044492077730537316,-0.02898550724637683,-0.0166163141993958,0.037154636293760035,153769.70142857142,15625.420380029176,256.42857142857144,38698.40428571428,1.0683064249578946,1.045125348189415,1,0.2453302484231843,False,Normal
2024-08-09,213,511,131646.69,100629.94,31016.75,23.56,-0.1986110816885729,-0.2052238805970149,-0.21505376344086025,-0.24011109946032927,149966.20285714287,17477.703357780505,250.28571428571428,37478.69571428571,0.8778423904311696,0.851027397260274,1,0.18951142664649773,False,Normal
2024-08-10,222,524,125438.24,95338.06,30100.18,24.0,-0.047159939987856836,0.04225352112676051,0.02544031311154593,-0.029550807225128373,149107.39285714287,18647.724018463257,250.85714285714286,37077.91428571429,0.8412610374066438,0.8849658314350797,1,0.2172488326706397,False,Normal
2024-08-11,246,624,143305.03,108924.7,34380.33,23.99,0.14243495444451382,0.10810810810810811,0.19083969465648853,0.1421968240721485,150502.31714285715,17626.429490948307,254.57142857142858,37037.177142857145,0.9521782303456134,0.9663299663299663,1,0.22434250907097675,False,Normal
2024-08-12,254,604,152928.1,115166.0,37762.1,24.69,0.06715095764607848,0.03252032520325199,-0.03205128205128205,0.09836351192673232,149797.80571428573,17380.186896691972,252.71428571428572,36883.35857142857,1.020896796657254,1.005087620124364,1,0.24926435999364477,False,Normal
2024-08-13,273,643,153675.65,115569.41,38106.24,24.8,0.004888244868012981,0.0748031496062993,0.064569536423841,0.009113370283961864,146934.64428571428,14129.838594833347,250.28571428571428,35934.04714285715,1.0458775787497592,1.0907534246575343,1,0.24291901869586774,False,Normal
2024-08-14,302,733,192493.24,145152.02,47341.22,24.59,0.25259427892447506,0.1062271062271063,0.13996889580093308,0.24234823482978118,151965.72999999998,22321.06896760583,254.0,37074.9,1.266688482988895,1.188976377952756,1,0.17977632871989713,False,Normal
2024-08-15,284,714,164492.41,124692.31,39800.1,24.2,-0.14546396538392714,-0.05960264900662249,-0.02592087312414737,-0.15929289528237767,151997.0514285714,22341.361979275054,256.2857142857143,36929.56,1.082207901100638,1.1081382385730212,1,0.2171661617366321,False,Normal
2024-08-16,258,611,145634.04,109890.59,35743.45,24.54,-0.11464583685046625,-0.09154929577464788,-0.14425770308123254,-0.10192562330245403,153995.2442857143,20789.500602629018,262.7142857142857,37604.80285714286,0.9457047889725648,0.9820554649265905,1,0.2387677816896655,False,Normal
2024-08-17,247,606,140120.43,103931.53,36188.9,25.83,-0.03785934936639823,-0.04263565891472865,-0.008183306055646433,0.012462423185227056,156092.69999999998,17978.842872551195,266.2857142857143,38474.62,0.8976744588311946,0.9275751072961373,1,0.23900507138562044,False,Normal
2024-08-18,228,550,120494.71,90445.83,30048.88,24.94,-0.14006322989445574,-0.07692307692307687,-0.09240924092409242,-0.16966583676210112,152834.08285714287,22244.08173889721,263.7142857142857,37855.84142857143,0.7884020877242994,0.8645720476706392,1,0.21158496320049625,False,Normal
2024-08-19,275,626,141467.61,105886.58,35581.03,25.15,0.17405660381273158,0.20614035087719307,0.13818181818181818,0.184105031535285,151196.87000000002,22653.990225610345,266.7142857142857,37544.26,0.9356517102503509,1.031065881092662,1,0.21953800842811133,False,Normal
2024-08-20,293,724,165579.84,124695.75,40884.09,24.69,0.17044346758950701,0.06545454545454543,0.1565495207667731,0.14904177872310043,152897.4685714286,23308.442197612956,269.57142857142856,37941.095714285715,1.0829469025685448,1.0869104398516163,1,0.22886285520575445,False,Normal
2024-08-21,299,719,180030.8,135157.32,44873.48,24.93,0.08727487597523953,0.020477815699658786,-0.006906077348066253,0.09757805542449405,151117.12000000002,20024.592955560474,269.14285714285717,37588.561428571425,1.1913329211144308,1.1109341825902335,1,0.216927022093016,False,Normal
2024-08-22,269,615,158850.86,119596.92,39253.94,24.71,-0.11764620276086091,-0.10033444816053516,-0.14464534075104307,-0.1252307599054051,150311.1842857143,19503.297000720424,267.0,37510.53857142857,1.0568133087026532,1.0074906367041199,1,0.23443410931763176,False,Normal
2024-08-23,295,756,196679.07,147504.2,49174.87,25.0,0.2381366396127791,0.09665427509293689,0.2292682926829268,0.2527371774654976,157603.3314285714,25942.721653230597,272.2857142857143,39429.31285714286,1.2479372626024623,1.0834207764952781,1,0.18684958441523086,False,Normal
2024-08-24,297,752,194499.13,147163.95,47335.18,24.34,-0.011083741650801948,0.006779661016949046,-0.005291005291005346,-0.03741118176824876,165371.71714285715,27902.69471539406,279.42857142857144,41021.63857142858,1.1761329770312599,1.062883435582822,1,0.2044478479683331,False,Normal
2024-08-25,275,643,157875.18,117398.18,40477.0,25.64,-0.18829878570665082,-0.07407407407407407,-0.14494680851063835,-0.1448854741864296,170711.7842857143,20469.49076750373,286.14285714285717,42511.37,0.9248054002866601,0.9610584123814278,1,0.2183103799218724,False,Normal
2024-08-26,309,731,169206.48,127227.98,41978.5,24.81,0.07177378990161731,0.12363636363636354,0.1368584758942457,0.03709514045013207,174674.47999999998,16078.576967281455,291.0,43425.294285714284,0.9686960568023447,1.0618556701030928,1,0.21920802662546468,False,Normal
2024-08-27,319,743,175912.39,132324.2,43588.19,24.78,0.039631520022164635,0.032362459546925626,0.01641586867305067,0.038345581666805684,176150.55857142858,15570.763803530708,294.7142857142857,43811.59428571428,0.9986479261073021,1.0824042656325739,1,0.2230343722862243,False,Normal
2024-08-28,313,778,200118.7,150826.49,49292.21,24.63,0.13760434952876266,-0.018808777429467072,0.0471063257065949,0.1308615934729107,179020.25857142857,18057.599489402706,296.7142857142857,44442.84142857143,1.1178550494616408,1.0548868560423688,1,0.20446934499137825,False,Normal
2024-08-29,302,679,174591.41,129811.72,44779.69,25.65,-0.12756074269920803,-0.03514376996805113,-0.12724935732647813,-0.09154631127311996,181268.90857142856,15988.936117912222,301.42857142857144,45232.23428571429,0.9631624715785316,1.0018957345971564,1,0.202592629698726,False,Normal
2024-08-30,307,687,166569.99,125613.13,40956.86,24.59,-0.0459439556619653,0.01655629139072845,0.01178203240058906,-0.08536972899991047,176967.61142857143,15181.971222653392,303.14285714285717,44058.23285714286,0.9412456248652699,1.0127238454288405,1,0.2185762262521937,False,Normal
2024-08-31,277,699,182675.95,137788.9,44887.05,24.57,0.09669184707281309,-0.09771986970684043,0.017467248908296984,0.09595926054878245,175278.58571428573,13467.335990053456,300.2857142857143,43708.5,1.0422034685844193,0.922454804947669,1,0.21111301469313076,False,Normal
2024-09-01,315,784,196311.06,147095.23,49215.83,25.07,0.0746409694324841,0.13718411552346566,0.12160228898426317,0.09643716840380456,180769.42571428572,13017.014562986105,306.0,44956.904285714285,1.085974905459281,1.0294117647058822,1,0.20268436177051402,False,Normal
2024-09-02,337,846,207542.21,157322.56,50219.65,24.2,0.05721098953874537,0.06984126984126982,0.07908163265306123,0.02039628306583463,186245.95857142858,15219.44692746908,310.0,46134.211428571434,1.1143447707103074,1.0870967741935484,1,0.18461437805807168,False,Normal
2024-09-03,361,845,201901.8,150051.44,51850.36,25.68,-0.027177170369343195,0.07121661721068251,-0.0011820330969266601,0.03247155246999922,189958.73142857142,15446.786850686785,316.0,47314.52142857143,1.0628719116073873,1.1424050632911393,1,0.17419990339171987,False,Normal
2024-09-04,395,943,240211.32,178306.68,61904.64,25.77,0.18974333066867177,0.09418282548476453,0.11597633136094676,0.19390955048335234,195686.24857142856,24576.702628262,327.7142857142857,49116.29714285715,1.227532960305686,1.2053182214472538,1,0.13038064284665069,False,Normal
2024-09-05,398,928,225096.94,167169.97,57926.97,25.73,-0.06292118123325752,0.0075949367088608,-0.01590668080593849,-0.06425479576329007,202901.32428571428,24764.494763942566,341.42857142857144,50994.479999999996,1.1093911821050073,1.1656903765690376,1,0.14661007224649864,False,Normal
2024-09-06,372,906,231438.19,175549.93,55888.26,24.15,0.028171195930073445,-0.0653266331658291,-0.023706896551724088,-0.03519448712749862,212168.21000000002,20708.05746323353,350.7142857142857,53127.537142857145,1.090824068318246,1.060692464358452,1,0.16522767253607323,False,Normal
2024-09-07,354,823,215610.39,164282.4,51327.99,23.81,-0.06838888603475501,-0.048387096774193505,-0.0916114790286976,-0.08159620643047405,216873.12999999998,16124.738557071802,361.7142857142857,54047.67142857143,0.9941775175191138,0.9786729857819905,1,0.16321867380198518,False,Normal
2024-09-08,333,842,194931.72,142913.99,52017.73,26.69,-0.09590757662467009,-0.05932203389830504,0.023086269744835963,0.01343789226891623,216676.08142857143,16423.55074443502,364.2857142857143,54447.94285714285,0.8996457694582243,0.9141176470588236,1,0.14538912158058098,False,Normal
2024-09-09,400,895,233086.04,176550.29,56535.75,24.26,0.19573171570024628,0.20120120120120122,0.06294536817102148,0.08685538565408368,220325.19999999998,16887.099528605264,373.2857142857143,55350.24285714285,1.0579182045449183,1.0715652506697284,1,0.13352358501980738,False,Normal
2024-09-10,340,852,193792.4,145888.48,47903.92,24.72,-0.16857998016526432,-0.15000000000000002,-0.04804469273743017,-0.1526791454964337,219166.7142857143,18557.199713151258,370.2857142857143,54786.46571428572,0.8842236862088677,0.9182098765432098,1,0.1563590231097428,False,Normal
2024-09-11,349,808,194904.42,145712.63,49191.79,25.24,0.005738202323723796,0.026470588235294024,-0.05164319248826288,0.02688443868476731,212694.30000000002,17882.749763846394,363.7142857142857,52970.34428571428,0.9163593946805344,0.9595443833464258,1,0.18261559187334608,False,Normal
2024-09-12,410,1043,244130.87,182744.52,61386.35,25.14,0.2525671300835557,0.17478510028653305,0.29084158415841577,0.2478982773344902,215413.43285714285,21218.83245543073,365.42857142857144,53464.541428571436,1.1333131214797634,1.1219702892885066,1,0.11774840870209646,False,Normal
2024-09-13,401,996,236393.12,178409.75,57983.37,24.53,-0.031695090424246675,-0.02195121951219514,-0.04506232023010548,-0.05543545104082581,216121.28,21913.77117518762,369.57142857142856,53763.84285714286,1.09379844502124,1.0850405875531504,1,0.14860476534915035,False,Normal
2024-09-14,317,767,180996.54,137179.11,43817.43,24.21,-0.23434091482865482,-0.20947630922693272,-0.2299196787148594,-0.24431039451484104,211176.4442857143,25637.234485858826,364.2857142857143,52690.90571428572,0.8570867864178926,0.8701960784313726,1,0.1428695858334681,False,Normal
2024-09-15,358,864,211262.37,159113.65,52148.72,24.68,0.16721772692450365,0.12933753943217674,0.1264667535853976,0.19013643657329982,213509.39428571428,24636.099795115915,367.85714285714283,52709.61857142857,0.989475759166328,0.9732038834951457,1,0.16033129013739456,False,Normal
2024-09-16,336,757,182934.09,138613.26,44320.83,24.23,-0.13409051503114355,-0.06145251396648044,-0.12384259259259256,-0.15010704001939068,206344.83000000002,25278.15850229161,358.7142857142857,50964.63,0.8865455461132706,0.9366786140979689,1,0.1710616315250147,False,Normal
2024-09-17,379,942,228596.58,171564.22,57032.36,24.95,0.24961170441222835,0.12797619047619047,0.24438573315719947,0.28680712883761417,211316.85571428572,25814.858075776356,364.2857142857143,52268.69285714285,1.0817716325908122,1.0403921568627452,1,0.14023753334549544,False,Normal
2024-09-18,322,792,184877.25,139134.67,45742.58,24.74,-0.19125102396545035,-0.1503957783641161,-0.15923566878980888,-0.19795393352125001,209884.40285714282,27122.446548847754,360.42857142857144,51775.94857142858,0.8808527336156377,0.893380895759017,1,0.16640227724751483,False,Normal
2024-09-19,302,717,179672.75,135305.1,44367.65,24.69,-0.028151111075051194,-0.06211180124223603,-0.09469696969696972,-0.030057989732979684,200676.1,24358.90051843557,345.0,49344.70571428572,0.8953370630583313,0.8753623188405797,1,0.1866687886011621,False,Normal
2024-09-20,299,741,174975.52,132045.88,42929.64,24.53,-0.026143252106955672,-0.009933774834437137,0.03347280334728042,-0.032411227549802635,191902.15714285712,20025.300616284378,330.42857142857144,47194.172857142854,0.9117954826831025,0.904885430177259,1,0.20088175523796692,False,Normal
2024-09-21,255,627,162903.96,122485.98,40417.98,24.81,-0.06898999357167224,-0.14715719063545152,-0.15384615384615385,-0.05850643052212867,189317.50285714283,22661.552890553594,321.57142857142856,46708.537142857145,0.8604801856219589,0.7929808973789427,1,0.18051240526086004,False,Normal
2024-09-22,267,639,151770.2,113831.77,37938.43,25.0,-0.0683455454367099,0.04705882352941182,0.019138755980861344,-0.061347697237714605,180818.62142857144,24165.684125904856,308.57142857142856,44678.49571428572,0.8393504983111134,0.8652777777777778,1,0.1969750277692262,False,Normal
2024-09-23,296,713,166709.5,123793.39,42916.11,25.74,0.09843368461002222,0.10861423220973787,0.11580594679186218,0.1312041642208177,178500.82285714286,24701.1082893174,302.85714285714283,44477.82142857143,0.9339424733824356,0.9773584905660379,1,0.20669648236080634,False,Normal
2024-09-24,345,846,214361.19,161332.67,53028.52,24.74,0.2858366799732468,0.16554054054054057,0.1865357643758765,0.23563202722707155,176467.19571428568,20034.553803927236,298.0,43905.84428571429,1.2147367624465892,1.157718120805369,1,0.16738960423153354,False,Normal
2024-09-25,266,645,170134.55,129032.04,41102.51,24.16,-0.20631831722897231,-0.22898550724637678,-0.23758865248226946,-0.22489803600025038,174361.0957142857,19776.348942270764,290.0,43242.97714285715,0.9757598121474788,0.9172413793103448,1,0.1860913970478555,False,Normal
2024-09-26,324,758,183106.87,137209.3,45897.57,25.07,0.0762474171178047,0.21804511278195493,0.17519379844961236,0.11666100196800633,174851.6842857143,19971.70507451115,293.14285714285717,43461.537142857145,1.0472125032595991,1.1052631578947367,1,0.2055393131870462,False,Normal
2024-09-27,359,830,209966.56,158130.71,51835.85,24.69,0.14668859775714593,0.10802469135802473,0.0949868073878628,0.1293811415288435,179850.40428571426,23983.823615013043,301.7142857142857,44733.852857142854,1.167451142708818,1.1898674242424243,1,0.18034878465211768,False,Normal
2024-09-28,301,725,178646.89,135111.61,43535.28,24.37,-0.1491650384708879,-0.1615598885793872,-0.12650602409638556,-0.16013183925796526,182099.39428571428,22840.76601073452,308.2857142857143,45179.18142857143,0.9810405504133788,0.9763670064874884,1,0.19448113736207928,False,Normal
2024-09-29,318,759,194709.11,142979.98,51729.13,26.57,0.08991043728776904,0.056478405315614655,0.04689655172413798,0.18821172161979893,188233.5242857143,18734.79650329379,315.57142857142856,47149.281428571434,1.0344018725615347,1.0076957899502037,1,0.17818115079276947,False,Normal
2024-09-30,321,751,184869.04,138985.32,45883.72,24.82,-0.05053728610849273,0.009433962264151052,-0.010540184453227908,-0.11300035395917152,190827.7442857143,16365.012940808532,319.14285714285717,47573.225714285705,0.9687744341997111,1.005819158460161,1,0.20212528877922853,False,Normal
2024-10-01,294,694,174205.82,131525.86,42679.96,24.5,-0.057679858130923356,-0.08411214953271029,-0.07589880159786955,-0.06982345808055668,185091.26285714286,13533.88744859445,311.85714285714283,46094.86,0.9411887806635991,0.9427393495190106,1,0.2052964466206379,False,Normal
2024-10-02,262,641,157126.33,118236.06,38890.27,24.75,-0.09804201719552208,-0.108843537414966,-0.07636887608069165,-0.08879319474526226,183232.94571428574,16498.2699538303,311.2857142857143,45778.82571428572,0.857522261553369,0.8416704910509408,1,0.19672027354415123,False,Normal
2024-10-03,359,871,213943.68,160361.94,53581.74,25.04,0.36160298531761037,0.3702290076335877,0.358814352574103,0.3777672410091264,187638.20428571428,20167.823599861455,316.2857142857143,46876.56428571429,1.140192536026569,1.1350496838301716,1,0.10940804443235985,False,Normal
2024-10-04,290,694,167242.89,127192.92,40049.97,23.95,-0.21828543848549287,-0.19220055710306405,-0.20321469575200923,-0.25254443024806583,181534.82285714286,18695.370079254575,306.42857142857144,45192.86714285715,0.9212716732128593,0.9463869463869463,1,0.17547768863149954,False,Normal
2024-10-05,239,564,132954.4,98810.63,34143.77,25.68,-0.20502210886214667,-0.17586206896551726,-0.18731988472622474,-0.14747077213790682,175007.32428571428,26301.333426251513,297.57142857142856,43851.22285714286,0.7597076324813736,0.8031685069611139,1,0.16284640559279506,False,Normal
2024-10-06,236,555,148333.3,110792.97,37540.33,25.31,0.11567048551984738,-0.012552301255230103,-0.015957446808510634,0.09947817713158225,168382.20857142858,26352.289412442027,285.85714285714283,41824.25142857143,0.8809321439508038,0.8255872063968017,1,0.2029751699027827,False,Normal
2024-10-07,283,663,156236.43,117495.06,38741.37,24.8,0.0532795400628181,0.19915254237288127,0.1945945945945946,0.03199332557811818,164291.8357142857,25577.481044340213,280.42857142857144,40803.91571428572,0.9509689225927539,1.0091696383087112,1,0.21703054373374897,False,Normal
2024-10-08,318,799,192803.71,143568.5,49235.21,25.54,0.2340509188542006,0.12367491166077738,0.20512820512820507,0.2708690993632903,166948.67714285714,27660.059850720005,283.85714285714283,41740.38,1.1548681504976457,1.1202818319073982,1,0.187368648058295,False,Normal
2024-10-09,316,710,173383.13,130884.41,42498.72,24.51,-0.10072721111020111,-0.0062893081761006275,-0.11138923654568211,-0.1368226112978902,169271.07714285716,27378.952845596817,291.57142857142856,42255.87285714286,1.024292708042925,1.083782459578638,1,0.20763487809808728,False,Normal
2024-10-10,303,729,176173.01,132945.42,43227.59,24.54,0.01609083882613027,-0.04113924050632911,0.026760563380281654,0.017150398882601614,163875.26714285713,19773.02129067224,283.57142857142856,40776.70857142857,1.0750433123408574,1.0685138539042822,1,0.23412221022397378,False,Normal
2024-10-11,313,693,170922.7,128084.49,42838.21,25.06,-0.029802011102608716,0.03300330033003296,-0.04938271604938271,-0.009007673108771486,164400.95428571428,19925.800791649912,286.85714285714283,41175.02857142857,1.0396697558272776,1.0911354581673307,1,0.2308112668034752,False,Normal
2024-10-12,253,623,144862.24,110377.68,34484.56,23.81,-0.1524692741221617,-0.19169329073482433,-0.101010101010101,-0.19500464655269212,166102.07428571428,17101.87191432906,288.85714285714283,41223.712857142855,0.8721278203354681,0.8758654797230465,1,0.19774856529991103,False,Normal
2024-10-13,270,660,166855.83,124313.65,42542.18,25.5,0.15182417447086283,0.06719367588932812,0.05939004815409299,0.2336587736656639,168748.15,15224.272993615272,293.7142857142857,41938.26285714285,0.9887861289145984,0.919260700389105,1,0.2136207805251329,False,Normal
2024-10-14,354,826,199953.98,149273.17,50680.81,25.35,0.19836376109842857,0.3111111111111111,0.25151515151515147,0.19130730959250308,174993.5142857143,17957.819059796453,303.85714285714283,43643.897142857146,1.14263651893711,1.1650211565585333,1,0.1560031851833808,False,Normal
2024-10-15,329,807,198663.33,149284.26,49379.07,24.86,-0.006454735234577624,-0.07062146892655363,-0.02300242130750607,-0.025685066990839278,175830.60285714286,19030.903271339605,305.42857142857144,43664.44857142856,1.1298563888870246,1.0771749298409727,1,0.2020547331041369,False,Normal
2024-10-16,273,684,180322.64,135836.66,44485.98,24.67,-0.09232045994597982,-0.17021276595744683,-0.15241635687732347,-0.09909238873879145,176821.96142857143,19062.880193038567,299.2857142857143,43948.34285714286,1.019797758961308,0.9121718377088306,1,0.2036077279143691,False,Normal
2024-10-17,286,707,185142.85,137628.75,47514.1,25.66,0.02673103055722792,0.04761904761904767,0.033625730994152114,0.06806908603564521,178103.36714285714,19311.837699340933,296.85714285714283,44560.701428571425,1.0395247039405857,0.9634263715110685,1,0.22013552155648686,False,Normal
2024-10-18,346,819,197463.16,146776.26,50686.9,25.67,0.06654488682657744,0.2097902097902098,0.15841584158415833,0.06677596755489423,181894.8614285714,20249.666863016413,301.57142857142856,45681.942857142865,1.0855895457912215,1.1473235433443867,1,0.18827592357075784,False,Normal
2024-10-19,240,562,143946.61,108967.45,34979.16,24.3,-0.27102042730400955,-0.3063583815028902,-0.3137973137973138,-0.3098974291187664,181764.05714285714,20529.771133100527,299.7142857142857,45752.6,0.7919421048511555,0.8007626310772163,1,0.12108659014807582,False,Normal
2024-10-20,282,680,158357.05,119908.55,38448.5,24.28,0.10010961703092569,0.17500000000000004,0.209964412811388,0.09918305642559733,180549.94571428574,21772.089539824265,301.42857142857144,45167.78857142857,0.8770816816006953,0.9355450236966825,1,0.19553073991364878,False,Normal
2024-10-21,324,835,209765.16,156562.93,53202.23,25.36,0.32463417321805377,0.14893617021276606,0.2279411764705883,0.383727063474518,181951.54285714286,23478.37364797559,297.14285714285717,45527.991428571426,1.15286277162648,1.0903846153846153,1,0.15774027540375302,False,Normal
2024-10-22,297,756,170582.98,128369.88,42213.1,24.75,-0.18679069488946587,-0.08333333333333337,-0.09461077844311372,-0.20655393580306702,177940.06428571427,22526.727993464203,292.57142857142856,44504.281428571434,0.9586541439374713,1.01513671875,1,0.2091189188372553,False,Normal
2024-10-23,291,659,155857.82,117469.17,38388.65,24.63,-0.08632256277853745,-0.02020202020202022,-0.12830687830687826,-0.09059865302477188,174445.09000000003,23948.43687802386,295.14285714285717,43633.23428571429,0.8934491650065931,0.9859632139399805,1,0.21648824617622242,False,Normal
2024-10-24,290,689,163005.52,124139.99,38865.53,23.84,0.0458603873710024,-0.0034364261168384758,0.04552352048558417,0.01242242173142305,171282.61428571428,23761.238385471825,295.7142857142857,42397.724285714285,0.9516758059758045,0.9806763285024155,1,0.22431879317899334,False,Normal
2024-10-25,312,717,177120.74,133793.61,43327.13,24.46,0.08659350922594533,0.07586206896551717,0.04063860667634245,0.11479581006614348,168376.55428571426,21123.151369055184,290.85714285714283,41346.32857142857,1.0519323236621645,1.0726915520628684,1,0.2305853323295386,False,Normal
2024-10-26,256,630,142165.51,109138.73,33026.78,23.23,-0.19735255171133537,-0.17948717948717952,-0.12133891213389125,-0.23773441721157162,168122.11142857143,21474.28159113369,293.14285714285717,41067.41714285715,0.8456086400056939,0.8732943469785575,1,0.17866165002656637,False,Normal
2024-10-27,237,563,133016.13,100783.43,32232.7,24.23,-0.06435724107767071,-0.07421875,-0.1063492063492063,-0.024043518623371618,164501.97999999998,25206.496072673817,286.7142857142857,40179.44571428571,0.8085989603286236,0.8266068759342302,1,0.2016369546249876,False,Normal
2024-10-28,307,744,197277.91,147124.38,50153.53,25.42,0.4831126871605722,0.2953586497890295,0.32149200710479575,0.5559828993537619,162718.08714285717,21661.928481179682,284.2857142857143,39743.91714285714,1.2123907886576941,1.0798994974874372,1,0.11789377613904678,False,Normal
2024-10-29,340,791,204446.35,153758.09,50688.26,24.79,0.03633675965038363,0.10749185667752448,0.06317204301075274,0.010661861687502494,167555.71142857143,26866.980953873535,290.42857142857144,40954.654285714285,1.2201693887776244,1.1706837186424004,1,0.18658255769853926,False,Normal
2024-10-30,261,619,154555.52,116086.22,38469.3,24.89,-0.24402895918660328,-0.23235294117647054,-0.21744627054361565,-0.24106094784078202,167369.66857142857,26965.811759667155,286.14285714285717,40966.17571428571,0.9234380477609665,0.9121318022965551,1,0.1913721601349535,False,Normal
2024-10-31,255,627,143313.61,107705.39,35608.22,24.85,-0.07273703326804504,-0.02298850574712641,0.01292407108239102,-0.0743730715141685,164556.53857142857,28481.52114853597,281.14285714285717,40500.845714285715,0.8709080249509032,0.9070121951219512,1,0.22275968783203898,False,Normal
2024-11-01,365,853,206277.02,154361.59,51915.43,25.17,0.4393400598868453,0.43137254901960786,0.3604465709728868,0.45796195372866144,168721.72142857144,32476.864732367627,288.7142857142857,41727.74571428571,1.2225872178961121,1.264225630875804,1,0.07824765352335672,False,Normal
2024-11-02,363,875,206861.7,154485.96,52375.74,25.32,0.002834440792290005,-0.005479452054794498,0.02579132473622514,0.008866535440426926,177964.0342857143,32863.26122083227,304.0,44491.88285714285,1.162379246066605,1.194078947368421,1,0.16177063627319532,False,Normal
2024-11-03,350,842,199013.76,149709.03,49304.73,24.77,-0.03793810067305836,-0.03581267217630857,-0.0377142857142857,-0.058634207363943536,187392.26714285716,26709.859158874144,320.14285714285717,46930.74428571428,1.0620169286296284,1.0932619366354306,1,0.18806402026233499,False,Normal
2024-11-04,420,992,249192.13,185996.39,63195.74,25.36,0.2521351789946584,0.19999999999999996,0.178147268408551,0.2817378778871722,194808.58428571426,35630.00667143733,336.2857142857143,48793.91714285715,1.2791640107323228,1.2489379779099405,1,0.09289943034663661,False,Normal
2024-11-05,367,857,206375.27,153050.63,53324.64,25.84,-0.17182268155900438,-0.1261904761904762,-0.13608870967741937,-0.15619881973057048,195084.14428571428,35724.301741938485,340.14285714285717,49170.54285714286,1.0578782338033021,1.0789584208315832,1,0.14347308820297033,False,Normal
2024-11-06,296,703,184943.53,137264.21,47679.32,25.78,-0.10384839230010456,-0.19346049046321523,-0.17969661610268373,-0.1058670063220305,199425.28857142857,31585.065947183924,345.14285714285717,50486.26,0.9273825367125312,0.857615894039735,1,0.16027679555024688,False,Normal
2024-11-07,398,930,231933.32,174338.9,57594.42,24.83,0.2540764199753298,0.3445945945945945,0.32290184921763876,0.2079538886041159,212085.24714285714,21494.294294740357,365.57142857142856,53627.14571428572,1.0935853536468452,1.0887065259867137,1,0.10715922739601402,False,Normal
2024-11-08,345,856,200214.77,149550.15,50664.62,25.31,-0.13675719383484886,-0.1331658291457286,-0.0795698924731183,-0.12032068384402506,211219.21142857143,21885.881002069906,362.7142857142857,53448.45857142857,0.9479003763239934,0.9511618747538401,1,0.16777209571995183,False,Normal
2024-11-09,389,910,222690.08,168621.89,54068.19,24.28,0.1122560038902225,0.12753623188405805,0.06308411214953269,0.06717843733950835,213480.40857142856,22176.38592332467,366.42857142857144,53690.23714285715,1.043140593041773,1.061598440545809,1,0.15788682878250926,False,Normal
2024-11-10,280,643,148259.91,110379.34,37880.57,25.55,-0.33423208613513444,-0.2802056555269923,-0.29340659340659336,-0.299392674324774,206229.85857142857,33234.4919765103,356.42857142857144,52058.21428571428,0.7189061323467356,0.7855711422845691,1,0.08964977087579407,False,Normal
2024-11-11,383,936,230782.6,174450.72,56331.88,24.41,0.5566082564059294,0.3678571428571429,0.4556765163297045,0.4870916673112362,203599.92571428572,29821.282274981735,351.14285714285717,51077.66285714285,1.1335102367564713,1.0907241659886084,1,0.05609125561494155,False,Normal
2024-11-12,432,1020,247300.3,184605.6,62694.7,25.35,0.07157255356339687,0.1279373368146215,0.08974358974358965,0.11295238149339237,209446.35857142857,34153.10624204036,360.42857142857144,52416.24285714286,1.1807333471288874,1.1985731272294886,1,0.12650373593363284,False,Normal
2024-11-13,386,956,240860.17,181154.82,59705.35,24.79,-0.026041739536911135,-0.10648148148148151,-0.06274509803921569,-0.04768106394958427,217434.44999999998,34005.832106789974,373.2857142857143,54134.24714285714,1.107736929451612,1.0340604668962878,1,0.1409175463082773,False,Normal
2024-11-14,374,914,219178.01,165974.07,53203.94,24.27,-0.0900196989813633,-0.031088082901554404,-0.043933054393305415,-0.10889158174267455,215612.26285714284,33436.4070836034,369.85714285714283,53507.03571428572,1.0165377752434226,1.011201235998455,1,0.16181435670084288,False,Normal
2024-11-15,392,928,221617.02,165588.51,56028.51,25.28,0.011127986790280486,0.048128342245989275,0.015317286652078765,0.05308948923707524,218669.72714285713,32765.57547948933,376.57142857142856,54273.30571428571,1.0134782847889017,1.0409711684370258,1,0.1567071718355209,False,Normal
2024-11-16,365,848,206533.43,153928.18,52605.25,25.47,-0.06806151440895647,-0.06887755102040816,-0.08620689655172409,-0.061098537155458876,216361.6342857143,33003.36609548611,373.14285714285717,54064.31428571428,0.9545751060803332,0.978177641653905,1,0.16237777508966,False,Normal
2024-11-17,294,705,172875.99,130072.33,42803.66,24.76,-0.1629636422539441,-0.19452054794520546,-0.16863207547169812,-0.18632341828999954,219878.21714285715,24839.232962909973,375.14285714285717,54767.61285714286,0.7862351816673167,0.7837014470677837,1,0.14424963588596612,False,Normal
2024-11-18,328,873,233809.16,176384.94,57424.22,24.56,0.3524675115381841,0.11564625850340127,0.23829787234042543,0.3415726599080544,220310.58285714287,25085.792751183162,367.2857142857143,54923.66142857143,1.0612706705587995,0.8930377285103073,1,0.10950989609817885,False,Normal
2024-11-19,349,845,210344.53,158266.22,52078.31,24.76,-0.10035804414164096,0.06402439024390238,-0.032073310423825885,-0.09309503899225802,215031.18714285715,22179.40197599137,355.42857142857144,53407.03428571428,0.9782047562256933,0.9819131832797428,1,0.17123976375183508,False,Normal
2024-11-20,586,1461,350727.39,261566.14,89161.25,25.42,0.6673948687897899,0.6790830945558739,0.7289940828402366,0.7120611248713717,230726.50428571433,56233.85321581056,384.0,57615.020000000004,1.5201001336443152,1.5260416666666667,-1,-0.09050735127614185,True,Unusually High Revenue
2024-11-21,568,1376,341387.65,256406.13,84981.52,24.89,-0.026629628213524992,-0.030716723549488067,-0.05817932922655711,-0.04687832438419148,248185.0242857143,69465.09854042105,411.7142857142857,62154.67428571428,1.3755368640091252,1.3795975017349063,-1,-2.6175920078141957e-06,True,Unusually High Revenue
2024-11-22,581,1372,315446.65,236543.02,78903.63,25.01,-0.07598693157177772,0.022887323943661997,-0.0029069767441860517,-0.07152013755461184,261589.25714285718,72471.77924770198,438.7142857142857,65422.548571428575,1.2058853388911557,1.3243243243243243,1,0.014232022091190788,False,Normal
2024-11-23,532,1325,317020.9,235598.08,81422.82,25.68,0.004990542774824247,-0.08433734939759041,-0.034256559766763894,0.03192742843390106,277373.1814285714,70487.05530145648,462.57142857142856,69539.3442857143,1.1429399856439928,1.1500926497838173,1,0.04341577482519132,False,Normal
2024-11-24,479,1136,274462.2,205015.36,69446.84,25.3,-0.13424572323149675,-0.09962406015037595,-0.14264150943396225,-0.14708382735945535,291885.4971428571,53890.4899388625,489.0,73345.51285714286,0.9403077668695213,0.9795501022494888,1,0.07058025092657794,False,Normal
2024-11-25,629,1475,353441.28,264816.41,88624.87,25.07,0.2877594073063614,0.313152400835073,0.2984154929577465,0.27615410578796684,308975.8,51310.83988802429,532.0,77802.74857142857,1.1439125005906612,1.1823308270676691,-1,-0.01246955345787193,True,Unusually High Revenue
2024-11-26,615,1497,369431.79,267976.54,101455.25,27.46,0.04524233841615777,-0.022257551669316422,0.014915254237288122,0.14477177794449814,331702.55142857146,31906.311893003207,570.0,84856.59714285715,1.1137441916226958,1.0789473684210527,-1,-0.01881106737212812,True,Unusually High Revenue
2024-11-27,624,1526,365635.14,272955.74,92679.4,25.35,-0.010276998630789125,0.014634146341463428,0.019372077488309936,-0.08649971292762082,333832.23,33827.512965157315,575.4285714285714,85359.19000000002,1.095266146111776,1.0844091360476662,1,0.0021949306321270567,False,Normal
2024-11-28,611,1478,334074.12,252388.55,81685.57,24.45,-0.08631834456611587,-0.02083333333333337,-0.03145478374836175,-0.1186221533587829,332787.44,33667.83043409616,581.5714285714286,84888.34,1.0038663718799004,1.0506018177352001,1,0.01693011057819327,False,Normal
2024-11-29,604,1513,371854.59,280137.78,91716.81,24.66,0.11309008312287117,-0.011456628477905073,0.023680649526387043,0.12280308504917081,340845.71714285715,35524.93310937898,584.8571428571429,86718.79428571429,1.0909762725407703,1.0327308255984367,1,0.002715743485837696,False,Normal
2024-11-30,527,1288,316698.67,237092.08,79606.59,25.14,-0.1483265810971972,-0.1274834437086093,-0.14871116986120292,-0.13203926303149882,340799.6842857143,35561.1407185248,584.1428571428571,86459.33285714286,0.9292809958547119,0.9021765712888237,1,0.017379251321149036,False,Normal
2024-12-01,350,831,223868.03,168307.07,55560.96,24.82,-0.2931197658645045,-0.3358633776091081,-0.3548136645962733,-0.3020557720158594,333571.94571428566,52431.2834318315,565.7142857142857,84475.6357142857,0.6711236747461661,0.6186868686868687,-1,-0.038262277651966214,True,Unusually Low Revenue
2024-12-02,438,1083,258199.08,193415.42,64783.66,25.09,0.1533539648336566,0.25142857142857133,0.3032490974729243,0.16599245225424486,319965.91714285716,58430.367732990184,538.4285714285714,81069.74857142857,0.8069580732397827,0.8134783762271159,1,0.011390929181524068,False,Normal
2024-12-03,434,1041,244544.42,183117.66,61426.76,25.12,-0.05288423181058577,-0.0091324200913242,-0.03878116343490301,-0.05181707856579887,302124.8642857143,59858.24187871718,512.5714285714286,75351.39285714286,0.8094150760419989,0.846711259754738,1,0.0589597852666095,False,Normal
2024-12-04,406,942,232256.06,174168.44,58087.62,25.01,-0.0502500118383401,-0.06451612903225812,-0.09510086455331412,-0.054359696002198366,283070.71,57452.47869191568,481.42857142857144,70409.71,0.8204877855430538,0.8433234421364985,1,0.07219695479114685,False,Normal
2024-12-05,404,1002,244478.88,183240.13,61238.75,25.05,0.052626484751356006,-0.0049261083743842304,0.06369426751592355,0.05424787588129787,270271.39,54077.02409673641,451.85714285714283,67488.73571428572,0.904568108374327,0.8940878912424913,1,0.09663319528223258,False,Normal
2024-12-06,426,1028,226496.45,169100.84,57395.61,25.34,-0.07355412459350263,0.054455445544554504,0.02594810379241519,-0.06275666959237414,249505.94142857142,31949.488989416288,426.42857142857144,62585.70714285714,0.9077797855360548,0.9989949748743718,1,0.1318723111017815,False,Normal
2024-12-07,397,978,241618.58,178503.0,63115.58,26.12,0.06676541729461971,-0.068075117370892,-0.048638132295719894,0.09965866727437867,238780.2142857143,12018.584347716162,407.85714285714283,60229.84857142857,1.011886938466725,0.9733800350262698,1,0.11734234331380733,False,Normal
2024-12-08,403,949,249602.63,186813.27,62789.36,25.16,0.03304402335283996,0.015113350125944613,-0.029652351738241323,-0.00516861288448911,242456.58571428573,10542.135393229037,415.42857142857144,61262.47714285715,1.0294735004399314,0.9700825309491059,1,0.13659161688855176,False,Normal
2024-12-09,391,931,239601.58,178886.06,60715.52,25.34,-0.04006788710519604,-0.02977667493796521,-0.018967334035827177,-0.03302852585215077,239799.8,7934.4719512017555,408.7142857142857,60681.31428571429,0.9991733938059998,0.9566585110101363,1,0.1351328619444076,False,Normal
2024-12-10,601,1486,375698.63,280141.32,95557.31,25.43,0.568013992228265,0.537084398976982,0.5961331901181526,0.5738531103744151,258536.11571428573,52227.6570434244,432.57142857142856,65557.10714285714,1.4531765860333157,1.3893659180977544,-1,-0.07520269455034734,True,Unusually High Revenue
2024-12-11,551,1357,341987.63,255279.98,86707.65,25.35,-0.08972883398589981,-0.08319467554076543,-0.08681022880215339,-0.09261102054882042,274212.0542857143,59047.63263535615,453.2857142857143,69645.68285714285,1.2471648297549573,1.215568862275449,1,0.02422408571454482,False,Normal
2024-12-12,606,1470,358775.3,269100.49,89674.81,24.99,0.04908852989799661,0.09981851179673318,0.08327192336035383,0.03422027929484894,290540.1142857143,64962.014013479165,482.14285714285717,73707.97714285714,1.2348563325998554,1.2568888888888887,-1,-0.0006044917497358693,True,Unusually High Revenue
2024-12-13,586,1418,353828.68,265711.09,88117.59,24.9,-0.013787515472776457,-0.03300330033003296,-0.03537414965986396,-0.01736518873025772,308730.4328571429,61789.99025603404,505.0,78096.83142857142,1.14607645487196,1.1603960396039603,1,0.019712535309542756,False,Normal
2024-12-14,516,1247,303660.19,231089.4,72570.79,23.9,-0.14178751705486392,-0.11945392491467577,-0.1205923836389281,-0.17643242399162307,317593.52,54589.13772879976,522.0,79447.57571428572,0.956128418489143,0.9885057471264368,1,0.03724493107426696,False,Normal
2024-12-15,494,1234,295770.34,223531.86,72238.48,24.42,-0.025982497080041966,-0.04263565891472865,-0.010425020048115519,-0.004579115095756814,324188.90714285715,47308.984152439116,535.0,80797.45,0.9123394831941791,0.9233644859813084,1,0.0627385912348809,False,Normal
2024-12-16,529,1303,310547.98,230608.46,79939.52,25.74,0.04996322484533078,0.07085020242914974,0.05591572123176669,0.10660578683272415,334324.10714285716,30932.299505205694,554.7142857142857,83543.7357142857,0.9288830011510429,0.9536440896214268,1,0.05651897407511808,False,Normal
2024-12-17,556,1372,320058.71,237703.12,82355.59,25.73,0.03062563794489992,0.051039697542533125,0.05295471987720646,0.030223724135446384,326375.54714285716,25133.762444006228,548.2857142857143,81657.7757142857,0.980645495049627,1.014069828035435,1,0.05664015562432212,False,Normal
2024-12-18,532,1309,322967.43,242354.39,80613.04,24.96,0.009088082620841487,-0.043165467625899234,-0.04591836734693877,-0.021158855154823186,323658.3757142857,24174.480604092387,545.5714285714286,80787.11714285714,0.9978652005752644,0.9751243781094527,1,0.07016582609153454,False,Normal
2024-12-19,644,1555,378038.24,284208.76,93829.48,24.82,0.17051505781867848,0.21052631578947367,0.187929717341482,0.16394915760527096,326410.22428571427,29375.147231941537,551.0,81380.64142857143,1.1581691131987781,1.1687840290381126,-1,-0.012411066817975214,True,Unusually High Revenue
2024-12-20,515,1250,309688.82,232604.1,77084.72,24.89,-0.18080028094512335,-0.2003105590062112,-0.1961414790996785,-0.17845947776754167,320104.52999999997,27162.771194980694,540.8571428571429,79804.51714285715,0.9674615351429111,0.9521922873745378,1,0.04386848920079567,False,Normal
2024-12-21,443,1053,260849.38,194435.11,66414.27,25.46,-0.15770488582700537,-0.13980582524271845,-0.15759999999999996,-0.13842496930649806,313988.7,35132.676341049875,530.4285714285714,78925.01428571428,0.8307604063458335,0.8351737139779154,1,0.05692684586538921,False,Normal
2024-12-22,449,1110,271284.39,203539.06,67745.33,24.97,0.040003967040289634,0.013544018058690765,0.054131054131054235,0.020041777166262653,310490.7071428572,38323.02931353398,524.0,78283.1357142857,0.8737278886584573,0.8568702290076335,1,0.07308459048311078,False,Normal
2024-12-23,561,1416,347149.58,254907.45,92242.13,26.57,0.2796518811863815,0.24944320712694878,0.27567567567567575,0.3616013089020307,315719.5071428571,40752.12609482674,528.5714285714286,80040.65142857144,1.0995506205542167,1.0613513513513513,-1,-0.013696463087772948,True,Unusually High Revenue
2024-12-24,541,1332,337960.02,251163.52,86796.5,25.68,-0.026471470885835457,-0.035650623885918,-0.05932203389830504,-0.05903625599278772,318276.8371428572,41622.203331681376,526.4285714285714,80675.06714285714,1.0618429636094069,1.0276797829036635,1,0.049748847309101896,False,Normal
2024-12-25,556,1381,344486.34,257056.45,87429.89,25.38,0.0193109232269546,0.02772643253234741,0.03678678678678682,0.007297414066235408,321350.96714285715,42804.266362462426,529.8571428571429,81648.90285714285,1.07199409749048,1.0493394445942301,1,0.05659764609753015,False,Normal
2024-12-26,621,1526,365675.51,271561.57,94113.94,25.74,0.061509463626337135,0.11690647482014382,0.1049963794351918,0.0764503992856449,319584.86285714287,40254.63873487166,526.5714285714286,81689.54000000001,1.1442203699224016,1.1793271839392296,1,0.0010496743095891325,False,Normal
2024-12-27,573,1358,329324.12,247410.13,81913.99,24.87,-0.0994088720899029,-0.07729468599033817,-0.11009174311926606,-0.129629574534867,322389.90571428573,40134.06542556591,534.8571428571429,82379.43571428572,1.0215087822627413,1.0713141025641024,1,0.03729648923484452,False,Normal
2024-12-28,498,1300,309444.9,230339.97,79104.93,25.56,-0.060363692765655785,-0.13089005235602091,-0.04270986745213545,-0.03429279906887717,329332.1228571428,30842.16664796171,542.7142857142857,84192.38714285714,0.9396134738251165,0.9176098973414057,1,0.05383639547157515,False,Normal
2024-12-29,547,1288,312504.22,234406.01,78098.21,24.99,0.009886477366406687,0.09839357429718865,-0.009230769230769265,-0.012726387596828537,335220.67,19909.58552131591,556.7142857142857,85671.37,0.9322343398454516,0.9825506800102644,1,0.04605449637154324,False,Normal
2024-12-30,564,1404,341197.78,254800.66,86397.12,25.32,0.09181815208767441,0.031078610603290757,0.09006211180124213,0.10626248668183291,334370.41285714286,19436.7176733654,557.1428571428571,84836.36857142857,1.0204185743724106,1.0123076923076924,1,0.03824950355737988,False,Normal
2024-12-31,573,1447,333041.87,247089.47,85952.4,25.81,-0.02390376045236875,0.015957446808510634,0.030626780626780592,-0.005147393802015676,333667.82,19374.124724778074,561.7142857142857,84715.78285714285,0.9981240324583893,1.020091556459817,1,0.02489540502719101,False,Normal
2025-01-01,216,519,133449.46,99138.01,34311.45,25.71,-0.5993012530226305,-0.6230366492146597,-0.6413268832066343,-0.600808703421894,303519.69428571424,77309.03911209859,513.1428571428571,77127.43428571429,0.43967314975738975,0.4209354120267261,-1,-0.07876883178526817,True,Unusually Low Revenue
2025-01-02,289,681,166024.8,123214.25,42810.55,25.79,0.2441024489720678,0.337962962962963,0.3121387283236994,0.24770448348874807,274998.1642857143,86801.76839919118,465.7142857142857,69798.37857142856,0.6037305755521537,0.6205521472392638,-1,-0.018703640796897014,True,Unusually Low Revenue
2025-01-03,226,528,122583.86,91758.2,30825.66,25.15,-0.26165331926314617,-0.2179930795847751,-0.22466960352422904,-0.27995178758506967,245463.84142857144,99482.12493004197,416.14285714285717,62500.04571428571,0.4993968125267493,0.5430827325780981,1,0.009630725422103414,False,Normal
2025-01-04,211,490,112234.89,84380.06,27854.83,24.82,-0.08442359377490638,-0.0663716814159292,-0.07196969696969702,-0.09637522765124895,217290.98285714284,106050.7480767382,375.14285714285717,55178.602857142854,0.516518856531605,0.5624523990860624,1,0.045246227426021135,False,Normal
2025-01-05,233,561,135218.64,102068.7,33149.94,24.52,0.20478257696871283,0.10426540284360186,0.14489795918367343,0.1900966546914844,191964.47142857144,100549.20078636637,330.2857142857143,48757.42142857142,0.7043940943536203,0.7054498269896194,1,0.057100690605398796,False,Normal
2025-01-06,230,544,141112.71,106119.85,34992.86,24.8,0.043589182674814486,-0.012875536480686733,-0.030303030303030276,0.05559346412090038,163380.88999999998,76656.18482863234,282.57142857142856,41413.955714285716,0.8637038885025048,0.813953488372093,1,0.14931546205851443,False,Normal
2025-01-07,223,530,124407.2,93681.82,30725.38,24.7,-0.11838416256055173,-0.0304347826086957,-0.02573529411764708,-0.12195287838719093,133575.93714285715,17189.03676198197,232.57142857142858,33524.38142857143,0.9313593650250692,0.9588452088452087,1,0.2394476041025208,False,Normal
2025-01-08,213,492,117914.31,88360.72,29553.59,25.06,-0.052190628838202247,-0.04484304932735428,-0.07169811320754715,-0.0381375266961711,131356.62999999998,18182.277120694795,232.14285714285714,32844.68714285714,0.8976654623371505,0.9175384615384615,1,0.2327795061310562,False,Normal
2025-01-09,238,562,142353.78,105718.78,36635.0,25.74,0.20726466533196852,0.11737089201877926,0.1422764227642277,0.23961251408035378,127975.05571428571,11708.8370628584,224.85714285714286,31962.465714285714,1.1123556790458908,1.0584498094027954,1,0.21667941949956243,False,Normal
2025-01-10,259,645,156261.33,119352.37,36908.96,23.62,0.09769708960309997,0.08823529411764697,0.14768683274021344,0.007478094718165629,132786.12285714285,15446.709167072886,229.57142857142858,32831.508571428574,1.1767896120298111,1.1281891723708775,1,0.2180620365926918,False,Normal
2025-01-11,217,568,141812.16,105962.77,35849.39,25.28,-0.0924679829616194,-0.16216216216216217,-0.11937984496124032,-0.02870766339663866,137011.44714285716,12686.919522828945,230.42857142857142,33973.58857142857,1.0350387719949947,0.9417234965902046,1,0.22713838382577117,False,Normal
2025-01-12,237,586,148149.35,112214.36,35934.99,24.26,0.044687211590317855,0.09216589861751157,0.03169014084507049,0.002387767267448604,138858.69142857142,13308.51922841396,231.0,34371.45285714285,1.0669072888117175,1.025974025974026,1,0.24401412822950364,False,Normal
2025-01-13,261,660,160457.56,123286.1,37171.46,23.17,0.08307974351558056,0.10126582278481022,0.12627986348122877,0.03440852495019486,141622.24142857143,15656.043390899687,235.42857142857142,34682.68142857143,1.1329968964015327,1.108616504854369,1,0.21624167456273274,False,Normal
2025-01-14,238,568,126442.35,95777.76,30664.59,24.25,-0.2119888274506978,-0.08812260536398464,-0.1393939393939394,-0.1750501594502879,141912.97714285713,15297.875285766873,237.57142857142858,34673.997142857144,0.8909851131705625,1.0018039687312086,1,0.2255441608698185,False,Normal
2025-01-15,189,439,101915.45,78176.15,23739.3,23.29,-0.19397693889745016,-0.20588235294117652,-0.227112676056338,-0.22583996720647503,139627.42571428572,19964.342651899307,234.14285714285714,33843.38428571429,0.7299099691814536,0.8071995118974985,1,0.14445120099594438,False,Normal
2025-01-16,242,537,131124.9,99612.02,31512.88,24.03,0.28660472970486817,0.28042328042328046,0.22323462414578588,0.32745615919593263,138023.3,20158.940389708376,234.71428571428572,33111.65285714286,0.9500200328495262,1.03104077906269,1,0.18454044439048656,False,Normal
2025-01-17,244,588,148120.28,110076.54,38043.74,25.68,0.12961214841727253,0.008264462809917328,0.0949720670391061,0.2072441490590513,136860.29285714286,19140.49996453432,232.57142857142858,33273.764285714286,1.0822735865004358,1.049140049140049,1,0.23430473994401552,False,Normal
2025-01-18,168,385,88773.86,65672.58,23101.28,26.02,-0.40066370384933114,-0.3114754098360656,-0.34523809523809523,-0.392770532024454,129283.39285714286,26089.81466271203,225.57142857142858,31452.605714285713,0.6866609704317895,0.7447751741608613,1,0.0588474602768444,False,Normal
2025-01-19,172,417,99117.16,75369.62,23747.54,23.96,0.11651290143292181,0.023809523809523725,0.08311688311688314,0.02797507324269488,122278.79428571429,26754.11816479588,216.28571428571428,29711.54142857143,0.8105833932938915,0.7952443857331573,1,0.15996037324008217,False,Normal
2025-01-20,260,637,152248.56,113945.69,38302.87,25.16,0.5360464323231213,0.5116279069767442,0.5275779376498801,0.6129194855551354,121106.07999999999,24918.66411141987,216.14285714285714,29873.17142857143,1.2571504254782255,1.2029081295439525,1,0.06879547606950809,False,Normal
2025-01-21,239,632,148757.51,110967.69,37789.82,25.4,-0.022929937728146554,-0.08076923076923082,-0.00784929356357933,-0.013394557640197813,124293.95999999999,27051.268232308466,216.28571428571428,30891.06142857143,1.1968201029237464,1.1050198150594452,1,0.20387655325555315,False,Normal
2025-01-22,244,582,145016.26,108631.39,36384.87,25.09,-0.02514999074668567,0.02092050209205021,-0.07911392405063289,-0.03717800190633347,130451.21857142857,25993.139651068617,224.14285714285714,32697.571428571428,1.1116512485515522,1.0885914595283621,1,0.22349458791079002,False,Normal
2025-01-23,223,554,129244.16,97118.55,32125.61,24.86,-0.10876090722516218,-0.08606557377049184,-0.04810996563573888,-0.11706129498332696,130182.54142857144,25994.73563819455,221.42857142857142,32785.10428571429,0.9927918028156925,1.0070967741935484,1,0.2298359114603185,False,Normal
2025-01-24,218,582,128466.32,95623.52,32842.8,25.57,-0.0060183763815711,-0.022421524663677084,0.05054151624548742,0.022324556638768867,127374.83285714286,24766.77224420578,217.71428571428572,32042.112857142853,1.008569095781121,1.0013123359580052,1,0.23607395039995477,False,Normal
2025-01-25,187,491,115935.91,88298.51,27637.4,23.84,-0.09753848323825265,-0.14220183486238536,-0.1563573883161512,-0.15849440364402556,131255.1257142857,19217.07221193187,220.42857142857142,32690.130000000005,0.8832867239971081,0.848347375243033,1,0.20599115984883848,False,Normal
2025-01-26,203,537,137065.9,101808.67,35257.23,25.72,0.18225578252674257,0.0855614973262031,0.09368635437881867,0.27570719387496667,136676.3742857143,12980.510335538047,224.85714285714286,34334.37142857143,1.0028499857149518,0.9027954256670901,1,0.21256788595100734,False,Normal
2025-01-27,227,565,139227.77,104019.08,35208.69,25.29,0.015772486081512493,0.11822660098522175,0.05214152700186214,-0.0013767388986599682,134816.26142857145,11185.991274115755,220.14285714285714,33892.34571428572,1.0327223772910055,1.0311486048020766,1,0.23870254184255862,False,Normal
2025-01-28,272,636,155893.83,118775.16,37118.67,23.81,0.11970356201208987,0.19823788546255505,0.12566371681415922,0.054247403126898464,135835.73571428572,12867.197280461241,224.85714285714286,33796.467142857146,1.147664340169689,1.2096569250317661,1,0.19876649902374038,False,Normal
2025-01-29,209,500,124010.89,93441.79,30569.1,24.65,-0.20451701007025092,-0.23161764705882348,-0.21383647798742134,-0.176449479466802,132834.9685714286,12818.614856348226,219.85714285714286,32965.64285714286,0.9335711171062334,0.9506172839506173,1,0.21048168802670741,False,Normal
2025-01-30,257,616,148387.61,111844.2,36543.41,24.63,0.19656918839950266,0.22966507177033502,0.23199999999999998,0.19543624117164082,135569.74714285714,13919.644232631708,224.71428571428572,33596.75714285715,1.0945481062499582,1.143674507310871,1,0.21129608496277463,False,Normal
2025-01-31,222,607,140746.77,105992.68,34754.09,24.69,-0.051492439294628434,-0.13618677042801552,-0.01461038961038963,-0.04896423185466292,137324.09714285712,13646.352714249539,225.28571428571428,33869.79857142857,1.0249240514108917,0.9854153455928979,1,0.23347773231613195,False,Normal
2025-02-01,222,525,124370.16,93534.29,30835.87,24.79,-0.11635513909129136,0.0,-0.13509060955518948,-0.11274126297077547,138528.99,11672.797615775313,230.28571428571428,34326.72285714286,0.8977915741679775,0.9640198511166254,1,0.23060555941179584,False,Normal
2025-02-02,220,523,136394.11,101725.5,34668.61,25.42,0.0966787370861304,-0.009009009009009028,-0.003809523809523818,0.1242948553097416,138433.02,11689.58107071634,232.71428571428572,34242.63428571429,0.9852715053099326,0.9453652547575199,1,0.2358806276447325,False,Normal
2025-02-03,275,655,163175.53,123791.07,39384.46,24.14,0.19635320029581926,0.25,0.25239005736137665,0.13602650928318138,141854.12857142856,14997.278198549933,239.57142857142858,34839.17285714286,1.1503051172587857,1.1478831246273107,1,0.20472877893005004,False,Normal
2025-02-04,233,589,147392.75,108399.07,38993.68,26.46,-0.09672271326466653,-0.1527272727272727,-0.10076335877862597,-0.009922187583630726,140639.68857142856,13980.6364883637,234.0,35107.03142857143,1.0480167547096186,0.9957264957264957,1,0.2179334126343378,False,Normal
2025-02-05,266,654,155173.09,118260.32,36912.77,23.79,0.052786449808420066,0.14163090128755362,0.11035653650254673,-0.05336531458431226,145091.4314285714,12706.467471400989,242.14285714285714,36013.27,1.0694848653167488,1.0985250737463128,1,0.22853351747605294,False,Normal
2025-02-06,237,605,156732.52,117813.12,38919.4,24.83,0.010049616206005751,-0.10902255639097747,-0.07492354740061158,0.05436140392606692,146283.5614285714,13437.682253061328,239.28571428571428,36352.69714285714,1.0714294789475076,0.9904477611940299,1,0.24130750511440024,False,Normal
2025-02-07,280,674,178928.7,133984.37,44944.33,25.12,0.1416182168193303,0.18143459915611815,0.11404958677685961,0.1548053156009599,151738.12285714288,17842.88446591213,247.57142857142858,37808.44571428571,1.179194105152179,1.1309867282169648,1,0.21814849085112448,False,Normal
2025-02-08,230,563,145680.24,110602.55,35077.69,24.08,-0.18581960300387823,-0.1785714285714286,-0.16468842729970323,-0.21953024997813964,154782.41999999998,13741.843001614985,248.71428571428572,38414.42,0.9411937092080612,0.9247558874210223,1,0.21255643850619754,False,Normal
2025-02-09,237,540,133350.35,100386.24,32964.11,24.72,-0.08463666726523777,0.0304347826086957,-0.04085257548845467,-0.06025425277434182,154347.59714285712,14450.54599830832,251.14285714285714,38170.92,0.8639612955981232,0.9436860068259386,1,0.23429071182423494,False,Normal
2025-02-10,261,613,157676.95,119833.05,37843.9,24.0,0.18242621785394642,0.10126582278481022,0.13518518518518507,0.1480334218032886,153562.08571428573,14034.140944981107,249.14285714285714,37950.840000000004,1.0267960953159383,1.047591743119266,1,0.23245089396985547,False,Normal
2025-02-11,272,660,162090.72,121272.97,40817.75,25.18,0.027992487170762637,0.04214559386973171,0.07667210440456773,0.07858201718110447,155661.79571428572,14056.778302161943,254.71428571428572,38211.42142857143,1.0413005918132567,1.0678631519910262,1,0.2419865056354774,False,Normal
2025-02-12,273,676,167798.32,126602.67,41195.65,24.55,0.03521237983272574,0.003676470588235281,0.024242424242424176,0.009258227119329332,157465.4,14775.224572141171,255.71428571428572,38823.26142857143,1.0656202568945305,1.0675977653631286,1,0.24044738883832495,False,Normal
2025-02-13,272,630,167621.94,127969.69,39652.25,23.66,-0.0010511428243143994,-0.00366300366300365,-0.06804733727810652,-0.03746512071056052,159021.0314285714,15250.802353917436,260.7142857142857,38927.95428571429,1.0540866103946251,1.0432876712328767,1,0.23379036924355473,False,Normal
2025-02-14,251,576,128193.92,96264.65,31929.27,24.91,-0.2352199240743783,-0.07720588235294112,-0.08571428571428574,-0.19476776223291237,151773.2057142857,16236.792184298376,256.57142857142856,37068.659999999996,0.844641314629185,0.9782850779510023,1,0.22155148385675433,False,Normal
2025-02-15,244,577,150141.16,113793.84,36347.32,24.21,0.17120343928947657,-0.027888446215139417,0.0017361111111111605,0.13836990322672582,152410.48,16044.194355113783,258.57142857142856,37250.03571428572,0.985110472718149,0.943646408839779,1,0.23560323428247226,False,Normal
2025-02-16,248,605,148105.72,112385.25,35720.47,24.12,-0.01355684210778707,0.016393442622950838,0.048526863084922045,-0.017246113331051638,154518.38999999998,13956.100494598555,260.14285714285717,37643.80142857142,0.9584989851369796,0.9533223503569467,1,0.24340936530660512,False,Normal
2025-02-17,233,551,131417.2,99324.12,32093.08,24.42,-0.11267978036229787,-0.06048387096774188,-0.08925619834710741,-0.10154933571702718,150766.99714285714,16298.33470866538,256.14285714285717,36822.25571428571,0.8716576073706469,0.9096486335750139,1,0.23633202970314116,False,Normal
2025-02-18,217,528,134884.29,101601.58,33282.71,24.68,0.02638231525249357,-0.06866952789699576,-0.04174228675136116,0.03706811561869405,146880.36428571428,16391.596260131384,248.28571428571428,35745.82142857143,0.9183275835129378,0.8739930955120829,1,0.23089731433038846,False,Normal
2025-02-19,262,645,159227.56,121459.33,37768.23,23.72,0.18047520582270904,0.20737327188940102,0.22159090909090917,0.1347702756175806,145655.97,14812.74760077019,246.71428571428572,35256.19,1.0931756521891962,1.0619571511291257,1,0.2193001439034361,False,Normal
2025-02-20,264,624,161052.41,122274.87,38777.54,24.08,0.011460641612544897,0.007633587786259444,-0.032558139534883734,0.02672378345503601,144717.4657142857,13322.199164535501,245.57142857142858,35131.23142857143,1.1128747259709773,1.075043630017452,1,0.23891547696712934,False,Normal
2025-02-21,255,630,158416.05,119106.72,39309.33,24.81,-0.016369578077099378,-0.03409090909090906,0.009615384615384581,0.013713866325713253,149034.91285714286,11895.5674035787,246.14285714285714,36185.525714285715,1.062945902829154,1.0359837492745212,1,0.24837392593638868,False,Normal
2025-02-22,228,576,132081.92,98937.38,33144.54,25.09,-0.166233976923424,-0.10588235294117643,-0.08571428571428574,-0.15682765389285447,146455.0214285714,13469.820889116207,243.85714285714286,35727.985714285714,0.9018599615884021,0.9349736379613357,1,0.2295764534942042,False,Normal
2025-02-23,250,584,138996.22,104793.81,34202.41,24.61,0.05234857276453875,0.09649122807017552,0.01388888888888884,0.03191687077268246,145153.6642857143,13721.459159491165,244.14285714285714,35511.12,0.9575798219355024,1.023990637799883,1,0.24338367471787387,False,Normal
2025-02-24,251,575,148440.28,110859.91,37580.37,25.32,0.06794472540332386,0.0040000000000000036,-0.015410958904109595,0.09876380056259193,147585.53285714285,12317.901250708892,246.71428571428572,36295.01857142857,1.005791537465156,1.0173711638679792,1,0.24605910894513278,False,Normal
2025-02-25,233,525,134163.87,100204.96,33958.91,25.31,-0.09617611877315246,-0.07171314741035861,-0.08695652173913049,-0.0963657356220814,147482.61571428573,12444.07132935146,249.0,36391.618571428575,0.9096927753160563,0.9357429718875502,1,0.2335990689016239,False,Normal
2025-02-26,260,667,146531.73,110336.55,36195.18,24.7,0.09218472901832664,0.11587982832618016,0.27047619047619054,0.06585223141732155,145668.92571428572,11321.54019965414,248.71428571428572,36166.897142857146,1.0059230496928808,1.045376220562895,1,0.22576226501946134,False,Normal
2025-02-27,269,681,176473.03,132593.3,43879.73,24.86,0.2043332184776634,0.034615384615384714,0.020989505247376306,0.21230865546185984,147871.87142857144,15531.334447336023,249.42857142857142,36895.781428571434,1.1934185203386984,1.0784650630011454,1,0.2147383407288796,False,Normal
2025-02-28,242,647,148579.66,112973.54,35606.12,23.96,-0.15806024297310473,-0.1003717472118959,-0.04992657856093985,-0.18855198060699097,146466.67285714284,14848.30674987155,247.57142857142858,36366.75142857143,1.014426402277316,0.9774956722446624,1,0.22953837671873967,False,Normal
2025-03-01,260,614,154648.56,116176.23,38472.33,24.88,0.04084610235344455,0.07438016528925617,-0.051004636785162316,0.08049767848897882,149690.4785714286,13602.113680741273,252.14285714285714,37127.86428571429,1.0331222231092376,1.0311614730878187,1,0.2469146954023787,False,Normal
2025-03-02,222,503,107908.77,81471.05,26437.72,24.5,-0.30223230012616986,-0.1461538461538462,-0.1807817589576547,-0.31281209118345576,145249.4142857143,20830.21691489356,248.14285714285714,36018.62285714286,0.742920517309192,0.8946459412780656,1,0.17145956106658916,False,Normal
2025-03-03,283,671,156876.03,118985.74,37890.29,24.15,0.4537838768804425,0.27477477477477485,0.3339960238568589,0.4331905323151921,146454.52142857146,21284.65099044313,252.71428571428572,36062.897142857146,1.071158667344465,1.1198417184850198,1,0.16746690877870107,False,Normal
2025-03-04,261,616,143908.45,109168.56,34739.89,24.14,-0.08266132180932928,-0.07773851590106007,-0.08196721311475408,-0.08314531242700973,147846.60428571427,20656.215009541822,256.7142857142857,36174.46571428572,0.9733632415520092,1.01669449081803,1,0.24024144437644135,False,Normal
2025-03-05,263,634,146819.22,110437.96,36381.26,24.78,0.020226539859195203,0.00766283524904221,0.02922077922077926,0.047247415003329074,147887.67428571428,20653.450591412584,257.14285714285717,36201.048571428575,0.9927752309928813,1.0227777777777778,1,0.25078045578431096,False,Normal
2025-03-06,318,780,199076.38,147218.5,51857.88,26.05,0.3559286038980456,0.209125475285171,0.2302839116719242,0.4254008794637678,151116.7242857143,26738.124504365012,264.14285714285717,37340.78428571428,1.3173682856148274,1.2038939967550026,1,0.12230025239714787,False,Normal
2025-03-07,312,752,193356.3,143860.57,49495.73,25.6,-0.028733092293520834,-0.018867924528301883,-0.03589743589743588,-0.045550454434311494,157513.38714285713,31039.995176768745,274.14285714285717,39325.014285714286,1.227554708252417,1.1380927566440853,1,0.18381879276783114,False,Normal
2025-03-08,238,567,151415.53,113243.37,38172.16,25.21,-0.21690924991841487,-0.23717948717948723,-0.24601063829787229,-0.2287787249526373,157051.5257142857,31113.692641570706,271.0,39282.13285714285,0.9641137156187904,0.8782287822878229,1,0.17940874239408344,False,Normal
2025-03-09,233,560,147506.3,106804.28,40702.02,27.59,-0.025817893316491425,-0.021008403361344574,-0.012345679012345734,0.06627500251492169,162708.3157142857,23311.217620775144,272.57142857142856,41319.89000000001,0.9065689073877433,0.8548218029350105,1,0.19325923347520008,False,Normal
2025-03-10,298,691,166881.62,125374.82,41506.8,24.87,0.13135249138511385,0.27896995708154515,0.23392857142857149,0.019772483036468502,164137.68571428568,23200.49002215483,274.7142857142857,41836.53428571428,1.0167172716842778,1.0847633905356213,1,0.199573635869622,False,Normal
2025-03-11,280,691,159478.83,120044.23,39434.6,24.73,-0.044359528628737044,-0.06040268456375841,0.0,-0.04992434974510207,166362.0257142857,21631.094761715336,277.42857142857144,42507.20714285714,0.9586251989615281,1.0092687950566426,1,0.2331947323435301,False,Normal
2025-03-12,304,716,173046.79,130354.04,42692.75,24.67,0.08507687195849134,0.08571428571428563,0.0361794500723589,0.0826216064065568,170108.82142857142,19882.660096337684,283.2857142857143,43408.84857142857,1.0172711123782738,1.0731215330307615,1,0.2317358025373718,False,Normal
2025-03-13,268,656,153714.18,115301.55,38412.63,24.99,-0.1117189749662505,-0.11842105263157898,-0.08379888268156421,-0.10025402439524278,163628.50714285715,15851.52222096142,276.14285714285717,41488.09857142857,0.9394095361745165,0.9705121572684945,1,0.2326775640433396,False,Normal
2025-03-14,286,683,168536.81,127132.33,41404.48,24.57,0.09642981538853479,0.0671641791044777,0.041158536585365946,0.07788714284858922,160082.86571428573,9660.687493910602,272.42857142857144,40332.205714285716,1.0528098010239446,1.049816465652858,1,0.2307283376683948,False,Normal
2025-03-15,245,573,141410.52,105732.07,35678.45,25.23,-0.16095172324669016,-0.14335664335664333,-0.16105417276720346,-0.13829493813229887,158653.57857142854,11684.798180132086,273.42857142857144,39975.96142857143,0.8913162960035885,0.8960292580982235,1,0.21820934837163464,False,Normal
2025-03-16,226,509,122417.6,92536.88,29880.72,24.41,-0.13431051664331606,-0.07755102040816331,-0.11169284467713791,-0.16249949199026292,155069.4785714286,17879.55519987602,272.42857142857144,38430.061428571425,0.7894371034697948,0.8295752490823283,1,0.20339999310716167,False,Normal
2025-03-17,252,588,141735.37,106283.71,35451.66,25.01,0.15780222778424013,0.11504424778761058,0.15520628683693527,0.18643928258756826,151477.15714285715,17635.236121731366,265.85714285714283,37565.04142857143,0.9356880778157876,0.9478774852229985,1,0.22689505409968108,False,Normal
2025-03-18,287,701,170422.38,129824.65,40597.73,23.82,0.2023983851031681,0.13888888888888884,0.19217687074829937,0.14515737767991688,153040.5214285714,18902.359922244574,266.85714285714283,37731.20285714286,1.1135768384031626,1.0754817987152034,1,0.2183900641989145,False,Normal
2025-03-19,267,637,165674.14,124598.85,41075.29,24.79,-0.02786159892849749,-0.06968641114982577,-0.09129814550641935,0.01176321927358992,151987.2857142857,17773.51804205602,261.57142857142856,37500.137142857144,1.0900526265824868,1.020753686510104,1,0.24111746285247365,False,Normal
2025-03-20,251,575,142349.31,106112.92,36236.39,25.46,-0.1407873914420199,-0.05992509363295884,-0.09733124018838302,-0.11780561987511229,150363.73285714287,18105.453167408363,259.14285714285717,37189.24571428572,0.9466997612731709,0.9685777287761851,1,0.2376392698383153,False,Normal
2025-03-21,247,587,137619.49,103209.62,34409.87,25.0,-0.03322685582388851,-0.015936254980079667,0.02086956521739136,-0.0504056833475961,145946.97285714286,16645.546037212047,253.57142857142858,36190.01571428571,0.9429417226399478,0.9740845070422535,1,0.24695034408773608,False,Normal
2025-03-22,216,512,125272.8,94461.9,30810.9,24.6,-0.08971614413045703,-0.1255060728744939,-0.12776831345826234,-0.10459121176569397,143641.58428571429,18403.27652351924,249.42857142857142,35494.65142857143,0.8721207067085995,0.865979381443299,1,0.22370535439580397,False,Normal
2025-03-23,216,511,140197.62,106673.75,33523.87,23.91,0.11913855202406265,0.0,-0.001953125,0.08805228019953981,146181.58714285714,16064.067564223762,248.0,36015.101428571434,0.9590648366882947,0.8709677419354839,1,0.21610480466434467,False,Normal
2025-03-24,291,659,155428.76,117267.9,38160.86,24.55,0.10864050331239583,0.3472222222222223,0.2896281800391389,0.1383190544528421,148137.7857142857,16264.890455928467,253.57142857142858,36402.13,1.04921751901825,1.1476056338028169,1,0.18965213081695792,False,Normal
2025-03-25,313,760,182221.1,137088.95,45132.15,24.77,0.17237697836616594,0.07560137457044669,0.1532625189681336,0.1826816796057531,149823.31714285715,19289.297663484707,257.2857142857143,37049.904285714285,1.216239924966095,1.2165463631315936,1,0.1922994564171029,False,Normal
2025-03-26,281,680,187294.74,137488.25,49806.49,26.59,0.027843317815554824,-0.10223642172523961,-0.10526315789473684,0.10357007144574304,152911.9742857143,23517.873880556424,259.2857142857143,38297.21857142857,1.2248533241094768,1.0837465564738293,1,0.179838940337269,False,Normal
2025-03-27,271,670,172638.14,126571.0,46067.14,26.68,-0.07825419977090642,-0.03558718861209964,-0.014705882352941124,-0.07507756519280917,157238.94999999998,24031.351246240836,262.14285714285717,39701.61142857142,1.0979349582275895,1.0337874659400543,1,0.2113490767126176,False,Normal
2025-03-28,310,719,175493.04,132509.16,42983.88,24.49,0.016536901984694596,0.1439114391143912,0.07313432835820888,-0.06692970303778356,162649.45714285714,23124.33254733127,271.14285714285717,40926.469999999994,1.0789648061712385,1.1433087460484719,1,0.21807342823931736,False,Normal
2025-03-29,214,503,127559.87,98265.98,29293.89,22.96,-0.27313430777653636,-0.3096774193548387,-0.30041724617524335,-0.3184912576528689,162976.18142857144,22516.386329096455,270.85714285714283,40709.75428571429,0.7826902611281664,0.7900843881856541,1,0.11139183605281933,False,Normal
2025-03-30,246,632,154495.83,116479.34,38016.49,24.61,0.21116327572299975,0.14953271028037385,0.2564612326043738,0.2977617516826887,165018.78285714285,20679.19193840192,275.14285714285717,41351.55714285715,0.9362317872247754,0.8940809968847351,1,0.19577549939585753,False,Normal
2025-03-31,297,715,167710.41,124870.85,42839.56,25.54,0.0855335707119087,0.20731707317073167,0.13132911392405067,0.12686784077120228,166773.30428571426,20246.40616473305,276.0,42019.94285714285,1.0056190390800215,1.076086956521739,1,0.22018108945975462,False,Normal
2025-04-01,307,711,169235.89,126542.48,42693.41,25.23,0.009095917182481372,0.03367003367003374,-0.005594405594405605,-0.0034115663186081724,164918.2742857143,19160.91402389958,275.14285714285717,41671.55142857142,1.0261803352781005,1.1157840083073727,1,0.2296130229561254,False,Normal
2025-04-02,267,683,165537.68,124238.49,41299.19,24.95,-0.02185239785721582,-0.13029315960912047,-0.039381153305203975,-0.03265656221885305,161810.12285714288,16507.05387525476,273.14285714285717,40456.22285714286,1.0230366127720456,0.9775104602510459,1,0.2317592494873031,False,Normal
2025-04-03,271,641,149355.9,112004.16,37351.74,25.01,-0.09775284998557432,0.014981273408239737,-0.061493411420204924,-0.09558177775399479,158484.08857142858,16306.037476368989,273.14285714285717,39211.16571428571,0.9424031229020539,0.992154811715481,1,0.24024070430067485,False,Normal
2025-04-04,288,675,176926.15,133152.17,43773.98,24.74,0.18459431465379006,0.0627306273062731,0.05304212168486733,0.171939513393486,158688.81857142856,16562.170497401097,270.0,39324.037142857145,1.114925119442883,1.0666666666666667,1,0.22368643479949085,False,Normal
2025-04-05,256,600,154668.66,116813.93,37854.73,24.47,-0.12580101923881792,-0.11111111111111116,-0.11111111111111116,-0.1352230251852813,162561.50285714286,9899.489887943575,276.0,40547.014285714286,0.9514470356239325,0.927536231884058,1,0.22375023426818968,False,Normal
2025-04-06,270,695,173966.35,130368.09,43598.26,25.06,0.12476793941319464,0.0546875,0.15833333333333344,0.1517255571496614,165343.0057142857,9990.475071723986,279.42857142857144,41344.409999999996,1.0521542731636047,0.9662576687116564,1,0.22015903666580328,False,Normal
2025-04-07,288,685,159439.65,119469.01,39970.64,25.07,-0.08350293030807399,0.06666666666666665,-0.014388489208633115,-0.08320561416900585,164161.4685714286,10151.603719364872,278.14285714285717,40934.56428571429,0.97123674262591,1.0354391371340523,1,0.2245495973911258,False,Normal
2025-04-08,292,732,170970.64,127716.56,43254.08,25.3,0.07232197260844475,0.01388888888888884,0.06861313868613128,0.08214629538080964,164409.29,10315.97065182471,276.0,41014.659999999996,1.0399086329002456,1.0579710144927537,1,0.22647811379082328,False,Normal
2025-04-09,275,696,193424.62,148479.47,44945.15,23.24,0.13133237379236573,-0.05821917808219179,-0.049180327868852514,0.03909619624322147,168393.13857142857,15099.857989796717,277.14285714285717,41535.51142857143,1.1486490580372053,0.9922680412371133,1,0.19048150705369132,False,Normal
2025-04-10,283,645,153970.42,115537.53,38432.89,24.96,-0.20397713589924582,0.029090909090909056,-0.07327586206896552,-0.14489349796362905,169052.35571428572,14204.40457362467,278.85714285714283,41689.961428571434,0.9107854152604914,1.0148565573770492,1,0.21934452504338797,False,Normal
2025-04-11,285,710,160966.59,123351.61,37614.98,23.37,0.04543840303871338,0.007067137809187329,0.10077519379844957,-0.021281511746839676,166772.41857142857,14009.44224949822,278.42857142857144,40810.10428571429,0.9651871177430821,1.0236018471010775,1,0.21873188098823826,False,Normal
2025-04-12,230,539,126136.63,93401.95,32734.68,25.95,-0.21638005750137335,-0.19298245614035092,-0.24084507042253522,-0.12974352239453546,162696.41428571427,20680.330822460306,274.7142857142857,40078.66857142857,0.775288321834119,0.8372334893395735,1,0.17564878283076812,False,Normal
2025-04-13,244,585,135586.37,103148.91,32437.46,23.92,0.07491669945518598,0.0608695652173914,0.08534322820037099,-0.00907966719088138,157213.56,22224.489907528434,271.0,38484.26857142857,0.8624343218231303,0.9003690036900369,1,0.21907775883575892,False,Normal
2025-04-14,309,708,189074.2,139406.78,49667.42,26.27,0.39449267651313336,0.26639344262295084,0.21025641025641018,0.5311747590594331,161447.06714285715,25325.397447753818,274.0,39869.52285714286,1.1711219246410767,1.1277372262773722,1,0.1408222605363344,False,Normal
2025-04-15,301,724,172243.09,131932.72,40310.37,23.4,-0.08901854404249765,-0.02588996763754048,0.02259887005649719,-0.1883941223441845,161628.8457142857,25409.57464140766,275.2857142857143,39448.99285714286,1.0656704825107597,1.0934094447327452,1,0.20232257987106528,False,Normal
2025-04-16,265,642,150108.9,112744.66,37364.24,24.89,-0.12850553250060714,-0.11960132890365449,-0.11325966850828728,-0.07308615624217796,155440.88571428572,21321.27593447587,273.85714285714283,38366.00571428571,0.9656976625565143,0.9676577986437143,1,0.23804275998600172,False,Normal
2025-04-17,316,767,209072.62,160083.32,48989.3,23.43,0.3928062893006343,0.1924528301886792,0.19470404984423673,0.3111279662051203,163312.6285714286,29348.569382107107,278.57142857142856,39874.06428571429,1.2801987318975594,1.1343589743589744,1,0.14065748031148634,False,Normal
2025-04-18,274,634,160521.64,120291.57,40230.07,25.06,-0.2322206513698445,-0.13291139240506333,-0.17340286831812257,-0.17879883974663857,163249.06428571427,29354.978527092622,277.0,40247.64857142857,0.9832928642032472,0.9891696750902527,1,0.20827161238144648,False,Normal
2025-04-19,260,654,170986.42,129705.86,41280.56,24.14,0.06519233170057315,-0.051094890510948954,0.03154574132492116,0.02611205995913002,169656.17714285714,24377.123205460583,281.2857142857143,41468.48857142858,1.0078408159345873,0.9243270695784662,1,0.22990627673336378,False,Normal
2025-04-20,253,617,142426.55,105580.25,36846.3,25.87,-0.16703004835120838,-0.02692307692307694,-0.05657492354740057,-0.10741763193134968,170633.34571428574,22874.5915858399,282.57142857142856,42098.322857142855,0.8346935319341615,0.8953488372093024,1,0.21115060949807168,False,Normal
2025-04-21,285,641,156527.32,119092.48,37434.84,23.92,0.09900380231073513,0.1264822134387351,0.03889789303079416,0.01597283852109954,165983.79142857142,21783.28109119602,279.14285714285717,40350.811428571425,0.9430277417621175,1.0209825997952917,1,0.2239505207758412,False,Normal
2025-04-22,311,781,180882.34,136927.95,43954.39,24.3,0.15559596880595672,0.09122807017543866,0.218408736349454,0.17415728236049643,167217.97,22432.0959204071,280.57142857142856,40871.385714285716,1.0817159184506306,1.1084521384928718,1,0.21252264529730674,False,Normal
2025-04-23,291,702,176988.74,134618.99,42369.75,23.94,-0.021525595035977618,-0.06430868167202575,-0.1011523687580026,-0.036051916543489715,171057.94714285716,21286.628287959076,284.2857142857143,41586.458571428564,1.034671250042477,1.0236180904522614,1,0.22410160651117483,False,Normal
2025-04-24,291,705,172833.98,130319.49,42514.49,24.6,-0.023474713702125838,0.0,0.004273504273504258,0.003416116451005591,165880.99857142856,13473.162384990565,280.7142857142857,40661.485714285714,1.041915478496336,1.0366412213740457,1,0.23407318022335816,False,Normal
2025-04-25,286,685,170560.58,129520.79,41039.79,24.06,-0.013153663417344363,-0.01718213058419249,-0.028368794326241176,-0.034686997303742695,167315.13285714286,13341.259297864988,282.42857142857144,40777.159999999996,1.0193972122391832,1.0126454223571066,1,0.23168004430074213,False,Normal
2025-04-26,281,707,195974.58,150737.98,45236.6,23.08,0.14900277660875694,-0.0174825174825175,0.03211678832116793,0.10226197551205796,170884.86999999997,17256.011494947164,285.42857142857144,41342.30857142857,1.1468223020563495,0.9844844844844844,1,0.1940022082021804,False,Normal
2025-04-27,292,720,178774.14,134141.39,44632.75,24.97,-0.08776873000569752,0.039145907473309594,0.018387553041018467,-0.013348704367702191,176077.38285714286,11904.123037781676,291.0,42454.65857142857,1.015315749808964,1.0034364261168385,1,0.223311425470964,False,Normal
2025-04-28,305,707,180219.84,134822.74,45397.1,25.19,0.00808674006206922,0.044520547945205546,-0.018055555555555602,0.017125317171807763,179462.02857142856,8215.971021689304,293.85714285714283,43592.124285714286,1.0042226839549504,1.0379192999513855,1,0.21686230056822758,False,Normal
2025-04-29,283,681,170139.99,131210.0,38929.99,22.88,-0.05593085644732565,-0.0721311475409836,-0.036775106082036824,-0.1424564564696864,177927.40714285715,8882.668114979851,289.85714285714283,42874.352857142854,0.9562326160544526,0.976343026121242,1,0.18747783594912776,False,Normal
2025-04-30,304,758,172695.04,128891.7,43803.34,25.36,0.015017339544924235,0.07420494699646651,0.11306901615271658,0.12518241078407666,177314.0214285714,9103.78705737725,291.7142857142857,43079.15142857143,0.973950275385119,1.0421155729676788,1,0.21276321839522883,False,Normal
2025-05-01,307,705,176749.47,132656.65,44092.82,24.95,0.023477396918869298,0.009868421052631637,-0.06992084432717682,0.0066086284744497625,177873.37714285715,8900.668777536495,294.0,43304.62714285714,0.9936814201151952,1.0442176870748299,1,0.21755010414884118,False,Normal
2025-05-02,307,721,164190.93,123806.51,40384.42,24.6,-0.0710527731709748,0.0,0.02269503546099294,-0.08410439613524379,176963.42714285714,10027.194048116293,297.0,43211.00285714286,0.9278240857499539,1.0336700336700337,1,0.21467242072415577,False,Normal
2025-05-03,251,598,159442.01,116368.1,43073.91,27.02,-0.028923156717609144,-0.1824104234527687,-0.1705963938973648,0.06659721744177594,171744.48857142855,7726.389949618399,292.7142857142857,42902.04714285714,0.9283675495280191,0.8574914592484139,1,0.17154132197026384,False,Normal
2025-05-04,273,631,159920.45,118109.65,41810.8,26.14,0.003000714805339033,0.08764940239043817,0.05518394648829439,-0.029324247554958438,169051.10428571427,8142.422515024361,290.0,42498.91142857143,0.9459887924169813,0.9413793103448276,1,0.21081504453639144,False,Normal
2025-05-05,289,690,177478.02,134790.09,42687.93,24.05,0.10978939841652502,0.05860805860805862,0.09350237717908083,0.02097855099639312,168659.41571428574,7560.782344002187,287.7142857142857,42111.887142857144,1.0522864629191722,1.0044687189672294,1,0.21561736234560613,False,Normal
2025-05-06,318,816,208505.73,157730.39,50775.34,24.35,0.17482564883245844,0.10034602076124566,0.18260869565217397,0.1894542555706027,174140.23571428572,16922.635357974857,292.7142857142857,43804.08,1.1973437910242537,1.0863836017569546,1,0.1866305968447644,False,Normal
2025-05-07,279,691,175751.11,128741.9,47009.21,26.75,-0.1570921815913645,-0.12264150943396224,-0.15318627450980393,-0.07417242306993899,174576.81714285715,16918.55798947445,289.14285714285717,44262.06142857143,1.0067265108641654,0.9649209486166007,1,0.1883164253976613,False,Normal
2025-05-08,293,728,182601.82,137722.55,44879.27,24.58,0.03897961156546903,0.05017921146953408,0.05354558610709126,-0.04530899370570152,175412.86714285714,17186.297933049573,287.14285714285717,44374.41142857143,1.0409830417473773,1.0203980099502488,1,0.22245796036508464,False,Normal
2025-05-09,272,707,155691.72,117952.89,37738.83,24.24,-0.14737038217910425,-0.07167235494880542,-0.028846153846153855,-0.15910330092267533,174198.6942857143,18370.652688296468,282.14285714285717,43996.469999999994,0.8937593972124737,0.9640506329113924,1,0.21555526820819304,False,Normal
2025-05-10,230,554,126706.97,94776.68,31930.29,25.2,-0.18616757525705285,-0.15441176470588236,-0.21640735502121644,-0.15391415155159816,169522.26,25526.15052022105,279.14285714285717,42404.52428571428,0.7474355875151735,0.8239508700102354,1,0.1744469811594302,False,Normal
2025-05-11,250,592,147138.15,111715.15,35423.0,24.07,0.1612474830705839,0.08695652173913038,0.06859205776173294,0.10938547692488854,167696.21714285715,26755.120257279796,275.85714285714283,41491.98142857143,0.8774088796210344,0.9062661833247023,1,0.20645412756690362,False,Normal
2025-05-12,347,812,206063.32,154242.06,51821.26,25.15,0.40047513170445614,0.3879999999999999,0.3716216216216217,0.46292691189340274,171779.83142857143,30426.518956775708,284.14285714285717,42796.74285714286,1.1995780778588327,1.221216691804927,1,0.10432610618272997,False,Normal
2025-05-13,304,756,182242.23,137561.89,44680.34,24.52,-0.11560082599853283,-0.12391930835734866,-0.06896551724137934,-0.1377990423235561,168027.90285714288,26510.28013467928,282.14285714285717,41926.02857142857,1.0845950398782405,1.0774683544303796,1,0.2002857519475872,False,Normal
2025-05-14,312,763,193857.36,146243.24,47614.12,24.56,0.06373456909520892,0.026315789473684292,0.0092592592592593,0.06566154151915593,170614.51,28217.751177399827,286.85714285714283,42012.444285714286,1.136230206914992,1.0876494023904384,1,0.2083058891146603,False,Normal
2025-05-15,283,626,155504.68,116226.43,39278.25,25.26,-0.19783968996585943,-0.09294871794871795,-0.17955439056356493,-0.17507138638706343,166743.49,28157.789566914616,285.42857142857144,41212.298571428575,0.9325982081819206,0.9914914914914914,1,0.21013871620752395,False,Normal
2025-05-16,316,758,189764.11,143922.07,45842.04,24.16,0.22031124722419926,0.11660777385159005,0.21086261980830678,0.16711004181703615,171610.9742857143,28864.993740739752,291.7142857142857,42369.9,1.1057807391971484,1.0832517140058766,1,0.19678284603370472,False,Normal
2025-05-17,252,581,138589.3,104887.06,33702.24,24.32,-0.2696759150083754,-0.20253164556962022,-0.23350923482849606,-0.2648180578351226,173308.44999999998,25990.44243260046,294.85714285714283,42623.03571428572,0.7996684524037923,0.8546511627906977,1,0.16001935256060346,False,Normal
2025-05-18,253,591,145655.02,111067.74,34587.28,23.75,0.05098315670834608,0.003968253968253954,0.01721170395869187,0.026260569030426506,173096.57428571428,26244.148352539723,295.2857142857143,42503.647142857146,0.841466797370472,0.8567972907595549,1,0.20114327072178984,False,Normal
2025-05-19,326,786,189054.58,141917.99,47136.59,24.93,0.2979613061053439,0.28853754940711474,0.3299492385786802,0.3628302080996251,170666.7542857143,23306.134325754476,292.2857142857143,41834.40857142857,1.107741110981126,1.1153470185728251,1,0.16248868362884522,False,Normal
2025-05-20,319,753,184747.89,141388.25,43359.64,23.47,-0.02278014105767745,-0.021472392638036797,-0.041984732824427495,-0.08012777334974797,171024.7057142857,23531.699271678437,294.42857142857144,41645.73714285715,1.0802409466421787,1.0834546336729742,1,0.20588311551074268,False,Normal
2025-05-21,298,715,170708.22,126975.59,43732.63,25.62,-0.07599366899400051,-0.0658307210031348,-0.050464807436918946,0.00860223931748516,167717.68571428568,21309.85928386925,292.42857142857144,41091.23857142857,1.017830762885727,1.0190522716170005,1,0.22671457172377818,False,Normal
2025-05-22,283,661,168843.54,125954.7,42888.84,25.4,-0.010923199831853414,-0.05033557046979864,-0.0755244755244755,-0.0192942889554093,169623.23714285714,20620.995658781172,292.42857142857144,41607.037142857145,0.9954033589029995,0.9677576941866145,1,0.23028649451205996,False,Normal
2025-05-23,297,691,170450.61,129226.16,41224.45,24.19,0.009518101788199784,0.04946996466431086,0.0453857791225416,-0.03880706496142117,166864.16571428571,18677.505330023094,289.7142857142857,40947.381428571425,1.0214931963993705,1.0251479289940828,1,0.23442593513017101,False,Normal
2025-05-24,267,607,146632.13,111376.11,35256.02,24.04,-0.13973830894474348,-0.101010101010101,-0.12156295224312585,-0.14477888728654964,168013.14142857143,16801.396041982967,291.85714285714283,41169.35,0.8727420293033371,0.9148311306901616,1,0.21874798751075053,False,Normal
2025-05-25,260,620,161896.44,124245.08,37651.36,23.26,0.10409935394104952,-0.02621722846441943,0.021416803953871577,0.06794130477575178,170333.34428571427,14104.174956497003,292.85714285714283,41607.07571428571,0.9504682754800943,0.8878048780487806,1,0.20371376260450796,False,Normal
2025-05-26,287,646,157379.0,118403.91,38975.09,24.77,-0.027903269522171148,0.10384615384615392,0.041935483870967794,0.03515756137361303,165808.26142857145,12024.712417737583,287.2857142857143,40441.147142857146,0.9491625968697422,0.999005469915465,1,0.22766165080181167,False,Normal
2025-05-27,284,674,163107.06,124573.98,38533.08,23.62,0.03639659675051954,-0.010452961672473893,0.04334365325077405,-0.011340833337395662,162716.7142857143,8652.99143797703,282.2857142857143,39751.638571428564,1.0023989281986134,1.0060728744939271,1,0.22403877245031023,False,Normal
2025-05-28,342,845,212140.13,160165.98,51974.15,24.5,0.3006189309034202,0.204225352112676,0.2537091988130564,0.3488189887753588,168635.55857142856,20747.79666410456,288.57142857142856,40928.99857142857,1.257979822269479,1.1851485148514853,1,0.14582992265895883,False,Normal
2025-05-29,298,722,177776.37,133995.72,43780.65,24.63,-0.16198613623928682,-0.1286549707602339,-0.14556213017751485,-0.15764567578305755,169911.67714285714,21035.43924559153,290.7142857142857,41056.4,1.0462869473681342,1.025061425061425,1,0.20946133908687858,False,Normal
2025-05-30,279,664,175375.1,133443.88,41931.22,23.91,-0.013507250710541485,-0.06375838926174493,-0.08033240997229918,-0.04224309141138838,170615.17571428572,21138.560320503013,288.14285714285717,41157.36714285715,1.0278985985026636,0.9682697074863658,1,0.22657006132039081,False,Normal
2025-05-31,237,569,141247.27,107324.87,33922.4,24.02,-0.19459906223859613,-0.15053763440860213,-0.1430722891566265,-0.19099897403414445,169845.90999999997,22226.77593458204,283.85714285714283,40966.85,0.8316200843458639,0.8349270256668345,1,0.19345383130869853,False,Normal
2025-06-01,272,665,159293.87,119977.72,39316.15,24.68,0.12776600921207182,0.14767932489451474,0.1687170474516695,0.15900260594769233,169474.11428571428,22402.980684071415,285.57142857142856,41204.677142857145,0.9399303880204882,0.9524762381190596,1,0.21908555703730903,False,Normal
2025-06-02,324,718,182625.56,135474.49,47151.07,25.82,0.14646947807847233,0.19117647058823528,0.07969924812030071,0.1992799396685585,173080.76571428572,22162.184212023876,290.85714285714283,42372.67428571429,1.055146475960653,1.113948919449902,1,0.20610170212813417,False,Normal
2025-06-03,304,689,162016.68,120557.48,41459.2,25.59,-0.11284773062434417,-0.06172839506172845,-0.04038997214484674,-0.12071560624180966,172924.99714285714,22247.63580836195,293.7142857142857,42790.69142857142,0.9369187952980242,1.0350194552529182,1,0.21792267187349573,False,Normal
2025-06-04,291,679,165580.75,125146.16,40434.59,24.42,0.021998167102300847,-0.042763157894736836,-0.014513788098693747,-0.024713694427292432,166273.65714285712,14001.028824648401,286.42857142857144,41142.182857142856,0.995832730483207,1.0159600997506233,1,0.23431755004298455,False,Normal
2025-06-05,249,571,146259.82,110441.55,35818.27,24.49,-0.11668584663374215,-0.14432989690721654,-0.15905743740795286,-0.11416759759404016,161771.29285714286,14733.83370494469,279.42857142857144,40004.700000000004,0.9041147994604906,0.8911042944785276,1,0.22436932518864366,False,Normal
2025-06-06,311,745,192961.58,147341.34,45620.24,23.64,0.3193068335514153,0.24899598393574296,0.3047285464098073,0.27365838718620417,164283.64714285714,18466.646098416637,284.0,40531.70285714285,1.174563526899334,1.0950704225352113,1,0.16539767546614265,False,Normal
2025-06-07,274,617,154049.13,118994.22,35054.91,22.76,-0.2016590556524257,-0.11897106109324762,-0.17181208053691277,-0.23159303852851265,166112.48428571428,16313.3905169896,289.2857142857143,40693.49,0.9273784006205985,0.9471604938271605,1,0.1825280182169396,False,Normal
2025-06-08,262,672,159639.2,119774.05,39865.15,24.97,0.036287579163868156,-0.04379562043795615,0.08914100486223653,0.1372201497593346,166161.81714285715,16289.839028822073,287.85714285714283,40771.91857142857,0.9607453911192525,0.9101736972704716,1,0.22635289354370663,False,Normal
2025-06-09,292,783,185800.31,138524.5,47275.81,25.44,0.16387647896005486,0.11450381679389321,0.1651785714285714,0.1858931924249625,166615.35285714286,16858.869296973488,283.2857142857143,40789.73857142857,1.1151451940884851,1.0307614725163894,1,0.2143051835036645,False,Normal
2025-06-10,286,733,176260.4,132353.85,43906.55,24.91,-0.051344962772128855,-0.020547945205479423,-0.0638569604086845,-0.07126816018593851,168650.16999999998,17069.586113618767,280.7142857142857,41139.36,1.0451243541586706,1.01882951653944,1,0.2308905701783171,False,Normal
2025-06-11,269,666,169290.86,127965.01,41325.85,24.41,-0.03954115615305542,-0.05944055944055948,-0.09140518417462484,-0.0587771072880926,169180.18571428573,17015.91092908563,277.57142857142856,41266.682857142856,1.000654179951671,0.9691199176531138,1,0.2307985970170885,False,Normal
2025-06-12,319,736,190299.44,143020.68,47278.76,24.84,0.12409754430924402,0.18587360594795532,0.10510510510510507,0.1440480958044421,175471.56,15170.46117057158,287.57142857142856,42903.89571428572,1.0845030385550798,1.109289617486339,1,0.21048094510236443,False,Normal
2025-06-13,314,766,171867.24,131575.42,40291.82,23.44,-0.0968589292748313,-0.01567398119122254,0.040760869565217295,-0.14778179461559482,172458.08285714284,13066.371368231541,288.0,42142.692857142865,0.9965739915035917,1.0902777777777777,1,0.20023061650322055,False,Normal
2025-06-14,255,627,148132.17,111484.73,36647.44,24.74,-0.1381011878703584,-0.18789808917197448,-0.18146214099216706,-0.09044962476254481,171612.80285714287,14561.589699635822,285.2857142857143,42370.19714285714,0.8631766834046231,0.8938407611417126,1,0.20586967751236784,False,Normal
2025-06-15,285,724,163498.3,124731.4,38766.9,23.71,0.10373256531650066,0.11764705882352944,0.15470494417862835,0.05783378047689003,172164.10285714286,14098.403200902128,288.57142857142856,42213.30428571429,0.9496654487588884,0.9876237623762377,1,0.21123194248071075,False,Normal
2025-06-16,339,792,189651.98,142582.95,47069.03,24.82,0.15996300878969394,0.18947368421052624,0.09392265193370175,0.21415511686516076,172714.3414285714,14778.081749749022,295.2857142857143,42183.764285714286,1.098067354635014,1.1480406386066764,1,0.1986132797140419,False,Normal
2025-06-17,299,717,187976.42,139871.81,48104.61,25.59,-0.008834919624883364,-0.11799410029498525,-0.09469696969696972,0.022001303192353827,174388.05857142858,15869.768999694568,297.14285714285717,42783.48714285715,1.0779202517642898,1.0062499999999999,1,0.2067472442955387,False,Normal
2025-06-18,322,757,194319.06,144449.83,49869.23,25.66,0.033741678876531456,0.07692307692307687,0.05578800557880048,0.03668297071735949,177963.5157142857,17286.18685939878,304.7142857142857,44003.969999999994,1.0919039176095653,1.056727613689639,1,0.2049215742898251,False,Normal
2025-06-19,315,739,173596.77,130929.34,42667.43,24.58,-0.10664054262098632,-0.021739130434782594,-0.023778071334214057,-0.14441369958990746,175577.41999999998,16431.23452287604,304.14285714285717,43345.208571428564,0.9887192214124118,1.035697510568342,1,0.21573187454042703,False,Normal
2025-06-20,269,618,158790.66,120272.07,38518.59,24.26,-0.08529023898313304,-0.14603174603174607,-0.16373477672530445,-0.09723669787470213,173709.3371428571,17623.44342257235,297.7142857142857,43091.89,0.9141170107016866,0.9035508637236084,1,0.2123446293266814,False,Normal
2025-06-21,260,656,170199.68,127568.06,42631.62,25.05,0.07184944001114424,-0.03345724907063197,0.06148867313915862,0.1067803883787024,176861.83857142858,13856.844913967096,298.42857142857144,43946.77285714285,0.9623312828519649,0.871230253709909,1,0.2158589220881868,False,Normal
2025-06-22,281,674,168675.81,126779.78,41896.03,24.84,-0.008953424589282388,0.0807692307692307,0.027439024390243816,-0.017254563631407982,177601.48285714284,13144.51907802181,297.85714285714283,44393.791428571436,0.9497432526263174,0.9434052757793766,1,0.22205365471244087,False,Normal
2025-06-23,284,703,186889.04,139526.02,47363.02,25.34,0.10797772365818203,0.01067615658362997,0.04302670623145399,0.13048945210321827,177206.77714285714,12758.160648780016,290.0,44435.78999999999,1.0546382198991036,0.9793103448275862,1,0.21550196427641088,False,Normal
2025-06-24,273,670,167038.74,123918.77,43119.97,25.81,-0.10621436120598626,-0.03873239436619713,-0.04694167852062592,-0.0895857147622765,174215.68,12256.978393841002,286.2857142857143,43723.69857142858,0.9588042821403906,0.9535928143712575,1,0.21378663786009433,False,Normal
2025-06-25,299,691,174101.65,129890.33,44211.32,25.39,0.04228306559304751,0.09523809523809534,0.03134328358208949,0.02530961872190529,171327.4785714286,8552.546200352439,283.0,42915.42571428571,1.0161922153509941,1.0565371024734982,1,0.21719847574091294,False,Normal
2025-06-26,281,706,172465.81,129537.82,42927.99,24.89,-0.009395890274445984,-0.06020066889632103,0.02170767004341534,-0.02902718127393622,171165.9128571429,8513.123883630436,278.14285714285717,42952.648571428566,1.0075943692360174,1.0102722136620441,1,0.22294195746680628,False,Normal
2025-06-27,309,736,164254.59,123056.7,41197.89,25.08,-0.04761071194342814,0.0996441281138789,0.04249291784702547,-0.04030237614199961,171946.4742857143,7361.999693236293,283.85714285714283,43335.40571428571,0.9552658214268871,1.0885757423251132,1,0.2052903521475377,False,Normal
2025-06-28,291,720,159533.99,120140.73,39393.26,24.69,-0.02873953172328403,-0.058252427184465994,-0.021739130434782594,-0.043803942386369754,170422.80428571432,8755.586034864238,288.2857142857143,42872.782857142854,0.9361070583754789,1.0094152626362736,1,0.2176178593666841,False,Normal
2025-06-29,229,579,143446.09,107266.16,36179.93,25.22,-0.10084308679297749,-0.21305841924398627,-0.1958333333333333,-0.08157055293215143,166818.55857142856,13501.350150506853,280.85714285714283,42056.19714285714,0.8598928753995863,0.8153611393692778,1,0.18817289361215628,False,Normal
2025-06-30,324,784,201819.99,152108.73,49711.26,24.63,0.40693963843838477,0.41484716157205237,0.3540587219343696,0.3740010000019349,168951.5514285714,17720.736924544835,286.57142857142856,42391.659999999996,1.1945435735482108,1.1306081754735793,1,0.12300626838111645,False,Normal
2025-07-01,299,712,176913.47,134171.76,42741.71,24.16,-0.12340957900156468,-0.0771604938271605,-0.09183673469387754,-0.14020063060159815,170362.22714285713,17934.837425497837,290.2857142857143,42337.62285714286,1.038454785236221,1.0300196850393701,1,0.2161479389237574,False,Normal
2025-07-02,276,699,169192.91,125140.57,44052.34,26.04,-0.04364031749532693,-0.07692307692307687,-0.018258426966292096,0.030663957993257496,169660.9785714286,17860.06781079776,287.0,42314.91142857143,0.9972411536502395,0.9616724738675958,1,0.22342113697265403,False,Normal
2025-07-03,263,589,142575.06,107539.89,35035.17,24.57,-0.15732249064100856,-0.047101449275362306,-0.15736766809728187,-0.20469219115261528,165390.87142857144,20461.48957461609,284.42857142857144,41187.36571428571,0.8620491491972997,0.9246609743847313,1,0.22001506781704816,False,Normal
2025-07-04,301,766,223355.57,169279.5,54076.07,24.21,0.5665823321413999,0.14448669201520903,0.30050933786078105,0.5434795949327491,173833.86857142858,29921.17720886104,283.2857142857143,43027.10571428571,1.2848794762237192,1.0625315179021684,1,0.0930959434581008,False,Normal
2025-07-05,275,672,166368.13,123847.61,42520.52,25.56,-0.2551422380019446,-0.08637873754152825,-0.12271540469973885,-0.2136906398708338,174810.17428571428,29485.136336549538,281.0,43473.857142857145,0.9517073630284449,0.9786476868327402,1,0.19243458642085193,False,Normal
2025-07-06,240,564,135917.33,102369.71,33547.62,24.68,-0.18303265174646144,-0.12727272727272732,-0.1607142857142857,-0.21102517090571782,173734.63714285713,30922.18642884439,282.57142857142856,43097.81285714286,0.78232718722772,0.8493427704752275,1,0.18053275120955736,False,Normal
2025-07-07,288,714,185455.64,138147.37,47308.27,25.51,0.3644738312619886,0.19999999999999996,0.26595744680851063,0.41018260013676056,171396.87285714285,29004.104741453506,277.42857142857144,42754.528571428564,1.082024642039852,1.0381050463439752,1,0.16918673482829322,False,Normal
2025-07-08,262,617,141790.76,106911.71,34879.05,24.6,-0.23544649275697416,-0.09027777777777779,-0.13585434173669464,-0.2627282713994825,166379.34285714285,30868.77703680048,272.14285714285717,41631.29142857143,0.852213727768746,0.9627296587926508,1,0.19905376034576688,False,Normal
2025-07-09,274,711,185020.67,138701.9,46318.77,25.03,0.3048852407589888,0.04580152671755733,0.1523500810372771,0.32798255686436395,168640.45142857145,31678.28648633887,271.85714285714283,41955.06714285714,1.0971310170998119,1.0078822911192855,1,0.19159036081367264,False,Normal
2025-07-10,278,691,182535.08,135926.71,46608.37,25.53,-0.013434120630954505,0.014598540145985384,-0.02812939521800284,0.006252324921408814,174349.0257142857,29739.492089498548,274.0,43608.38142857143,1.0469521080039137,1.0145985401459854,1,0.2212172455269747,False,Normal
2025-07-11,270,647,172899.45,131251.44,41648.01,24.09,-0.05278782577025731,-0.02877697841726623,-0.06367583212735162,-0.10642637792310694,167141.00857142857,20588.81430716587,269.57142857142856,41832.944285714286,1.034452594715022,1.001589825119237,1,0.2304588295808786,False,Normal
2025-07-12,233,555,146912.31,109564.16,37348.15,25.42,-0.15030203971152023,-0.13703703703703707,-0.14219474497681606,-0.10324286802658755,164361.60571428572,21976.968968904763,263.57142857142856,41094.03428571428,0.8938359379098649,0.8840108401084011,1,0.21750980424255512,False,Normal
2025-07-13,210,494,121529.63,90845.51,30684.12,25.25,-0.17277435771039196,-0.09871244635193133,-0.1099099099099099,-0.17842998916947694,162306.22,25474.99440627558,259.2857142857143,40684.962857142855,0.748767545692334,0.8099173553719009,1,0.18463731712977444,False,Normal
2025-07-14,259,614,144495.58,108904.8,35590.78,24.63,0.18897407981905312,0.2333333333333334,0.2429149797570851,0.15990877365881762,156454.78285714285,23928.7138337122,255.14285714285714,39011.03571428572,0.923561283082904,1.0151175811870101,1,0.2057404470314284,False,Normal
2025-07-15,299,694,175363.48,130369.21,44994.27,25.66,0.21362521953958757,0.15444015444015435,0.13029315960912058,0.2642114053133986,161250.88571428572,23864.154141674488,260.42857142857144,40456.067142857144,1.0875194838353934,1.1481075150850246,1,0.2073026482836705,False,Normal
2025-07-16,276,641,155644.41,115371.93,40272.48,25.87,-0.11244684469081023,-0.07692307692307687,-0.07636887608069165,-0.10494202928506213,157054.27714285714,21448.140470363014,260.7142857142857,39592.311428571425,0.9910230579611995,1.0586301369863014,1,0.23008520110733116,False,Normal
2025-07-17,272,634,161033.69,122882.75,38150.94,23.69,0.0346255930424999,-0.01449275362318836,-0.010920436817472678,-0.05267964624974675,153982.65,18532.20861603019,259.85714285714283,38384.107142857145,1.0457911329620577,1.046728971962617,1,0.23985049682998438,False,Normal
2025-07-18,314,762,177751.3,132707.85,45043.45,25.34,0.10381436331739025,0.15441176470588225,0.20189274447949535,0.18066422478712174,154675.7714285714,19426.772834191437,266.14285714285717,38869.17,1.1491864456747498,1.1798174986580783,1,0.20161639263042852,False,Normal
2025-07-19,211,512,130370.82,97476.44,32894.38,25.23,-0.2665549000204217,-0.3280254777070064,-0.32808398950131235,-0.26971890474641713,152312.70142857142,21431.1597458998,263.0,38232.91714285714,0.8559418799432083,0.8022813688212928,1,0.14485028414849294,False,Normal
2025-07-20,226,542,130764.75,96718.36,34046.39,26.04,0.003021611737964003,0.07109004739336489,0.05859375,0.035021483913057594,153632.0042857143,19409.192205048745,265.2857142857143,38713.241428571426,0.8511556599679104,0.8519116855142703,1,0.21328423751660014,False,Normal
2025-07-21,254,590,173479.07,129823.83,43655.24,25.16,0.32665011021701185,0.12389380530973448,0.088560885608856,0.2822281598724563,157772.50285714286,20210.253676924105,264.57142857142856,39865.30714285715,1.0995519932714692,0.9600431965442765,1,0.21007593764456728,False,Normal
2025-07-22,274,676,161106.21,121292.09,39814.12,24.71,-0.071321917969701,0.07874015748031504,0.1457627118644067,-0.0879876046953354,155735.75,18812.047173641993,261.0,39125.28571428572,1.0344844391862498,1.049808429118774,1,0.23349470325156862,False,Normal
2025-07-23,289,719,176823.49,132049.89,44773.6,25.32,0.09755849883129897,0.054744525547445244,0.06360946745562135,0.12456585753998817,158761.33285714287,20428.59143094122,262.85714285714283,39768.30285714286,1.113769246061381,1.0994565217391306,1,0.22872809964087276,False,Normal
2025-07-24,242,598,150113.76,113086.95,37026.81,24.67,-0.15105306427330434,-0.16262975778546718,-0.1682892906815021,-0.17302137866957312,157201.34285714288,20641.97186498156,258.57142857142856,39607.712857142855,0.9549139801968248,0.9359116022099448,1,0.22561166418439843,False,Normal
2025-07-25,211,500,113593.36,84311.55,29281.81,25.78,-0.24328482612120306,-0.12809917355371903,-0.16387959866220736,-0.20917275887390774,148035.92285714284,23971.74370903131,243.85714285714286,37356.049999999996,0.7673364532581697,0.8652606912712361,1,0.18836375626881258,False,Normal
2025-07-26,247,588,145942.59,109728.44,36214.15,24.81,0.2847809942412127,0.17061611374407581,0.17599999999999993,0.23674561101243397,150260.46142857143,22750.652588500434,249.0,37830.30285714286,0.971264087787831,0.9919678714859438,1,0.22016962398523776,False,Normal
2025-07-27,259,592,142510.24,106941.88,35568.36,24.96,-0.023518494498418918,0.04858299595141702,0.006802721088435382,-0.017832532311265137,151938.38857142857,21470.243946853738,253.71428571428572,38047.72714285714,0.9379475545313141,1.0208333333333333,1,0.2443984437986481,False,Normal
2025-07-28,275,677,174135.58,132062.9,42072.68,24.16,0.22191626370147155,0.061776061776061875,0.14358108108108114,0.18286814460942247,152032.17571428572,21581.168602652724,256.7142857142857,37821.647142857146,1.1453863577355705,1.0712298274902614,1,0.2234513365643248,False,Normal
2025-07-29,259,611,143379.96,109128.36,34251.6,23.89,-0.17661881621205733,-0.05818181818181822,-0.0974889217134417,-0.18589450446227818,149499.85428571427,21378.00741167478,254.57142857142858,37027.00142857143,0.9590642123702787,1.0173961840628507,1,0.2288698257687075,False,Normal
2025-07-30,297,742,174750.47,131367.88,43382.59,24.83,0.21879284943307287,0.14671814671814665,0.21440261865793775,0.2665857945322261,149203.70857142858,20946.415026111445,255.71428571428572,36828.28571428572,1.1712206866248327,1.1614525139664804,1,0.2042877472704771,False,Normal
2025-07-31,290,704,154654.36,116572.95,38081.41,24.62,-0.114998889559496,-0.023569023569023573,-0.05121293800539084,-0.12219602379664274,149852.36571428573,21049.34650389782,262.57142857142856,36978.94285714286,1.0320448346799538,1.1044613710554951,1,0.23057809780958516,False,Normal
2025-08-01,275,684,175448.58,137034.83,38413.75,21.89,0.13445608646274176,-0.051724137931034475,-0.02840909090909094,0.008727092825606908,158688.82571428572,15558.060303785634,271.7142857142857,38283.50571428572,1.1056139536623057,1.012092534174553,1,0.19142335736537802,False,Normal
2025-08-02,268,650,139016.8,104569.29,34447.51,24.78,-0.20764932950725512,-0.025454545454545507,-0.049707602339181256,-0.10325052878201157,157699.4271428571,16683.2707953444,274.7142857142857,38031.12857142857,0.8815301521296405,0.9755590223608944,1,0.23055851495261187,False,Normal
2025-08-03,263,607,142187.97,107570.14,34617.83,24.35,0.022811415598690266,-0.018656716417910446,-0.06615384615384612,0.0049443341478092595,157653.38857142857,16732.544169812165,275.2857142857143,37895.33857142857,0.9019024030401884,0.9553710430721328,1,0.24053271412425187,False,Normal
2025-08-04,297,697,163751.35,123158.98,40592.37,24.79,0.1516540393677468,0.12927756653992395,0.1482701812191103,0.17258563000627136,156169.92714285714,15437.973209989603,278.42857142857144,37683.86571428571,1.04854598446606,1.0667008722421754,1,0.23131535131739017,False,Normal
2025-08-05,250,599,146516.68,111085.36,35431.32,24.18,-0.10524902542788206,-0.1582491582491582,-0.14060258249641322,-0.1271433523098061,156618.03,15045.38937507545,277.14285714285717,37852.397142857146,0.9355032750699265,0.902061855670103,1,0.22500249441514786,False,Normal
2025-08-06,269,624,152620.99,115149.86,37471.13,24.55,0.041662901452585555,0.07600000000000007,0.04173622704507518,0.05757081587702628,153456.67571428572,12750.256668365237,273.14285714285717,37007.90285714286,0.9945542563697805,0.9848326359832635,1,0.24545435612218408,False,Normal
2025-08-07,292,686,157168.05,118131.64,39036.41,24.84,0.02979314968406377,0.08550185873605942,0.09935897435897445,0.04177295960917138,153815.7742857143,12824.790184167765,273.42857142857144,37144.33142857143,1.0217940957606781,1.0679205851619644,1,0.23732155190629156,False,Normal
2025-08-08,284,682,168528.03,125248.24,43279.79,25.68,0.0722791941491927,-0.0273972602739726,-0.005830903790087438,0.10870313125617836,152827.12428571426,11018.784286999406,274.7142857142857,37839.479999999996,1.1027363813044895,1.033801352054082,1,0.2263977760586809,False,Normal
2025-08-09,273,677,165800.42,122675.75,43124.67,26.01,-0.01618490407797435,-0.03873239436619713,-0.007331378299120228,-0.003584120902619947,156653.35571428572,10029.811058201873,275.42857142857144,39079.07428571429,1.0583904777781925,0.9911825726141078,1,0.22921523517606573,False,Normal
2025-08-10,230,536,125991.59,96646.32,29345.27,23.29,-0.24010089962377668,-0.1575091575091575,-0.2082717872968981,-0.31952476389964257,154339.58714285717,14702.632853898027,270.7142857142857,38325.851428571434,0.8163271156309484,0.8496042216358839,1,0.15732527461804113,False,Normal
2025-08-11,292,691,170659.55,128257.39,42402.16,24.85,0.3545312826038627,0.26956521739130435,0.28917910447761197,0.44494018967963167,155326.47285714283,15641.54074202802,270.0,38584.392857142855,1.0987151569260143,1.0814814814814815,1,0.17251427217064103,False,Normal
2025-08-12,307,759,184013.08,141523.89,42489.19,23.09,0.07824660266595096,0.051369863013698724,0.09840810419681612,0.0020524897788225527,160683.10142857142,18313.935824595006,278.14285714285717,39592.659999999996,1.145192483615332,1.103749357986646,1,0.1976447091859938,False,Normal
2025-08-13,281,675,167611.98,127148.67,40463.31,24.14,-0.0891300770575656,-0.08469055374592838,-0.11067193675889331,-0.04767989222670532,162824.67142857143,18089.17233891091,279.85714285714283,40020.114285714284,1.0294016166556719,1.0040837161817255,1,0.22570456019747975,False,Normal
2025-08-14,261,674,157178.59,118870.12,38308.47,24.37,-0.062247280892451795,-0.07117437722419928,-0.001481481481481528,-0.05325417025942758,162826.17714285714,18088.62344625564,275.42857142857144,39916.12285714286,0.9653152383605851,0.9476141078838174,1,0.23524888410705402,False,Normal
2025-08-15,278,687,162490.99,123546.86,38944.13,23.97,0.03379849634737142,0.06513409961685834,0.01928783382789323,0.016593197274649585,161963.74285714285,17914.540012787424,274.57142857142856,39296.74285714286,1.003255340569168,1.012486992715921,1,0.23885102498062633,False,Normal
2025-08-16,209,493,116767.2,89992.38,26774.82,22.93,-0.28139277137766217,-0.24820143884892087,-0.28238719068413387,-0.3124812391495201,154958.99714285714,24529.324696183998,265.42857142857144,36961.05,0.7535361105386607,0.7874058127018299,1,0.12209332411081653,False,Normal
2025-08-17,259,615,148052.15,111423.18,36628.97,24.74,0.2679258387629402,0.23923444976076547,0.24746450304259637,0.36803795506375026,158110.5057142857,21405.59287214901,269.57142857142856,38001.57857142857,0.9363840140233204,0.9607843137254902,1,0.1907380872206949,False,Normal
2025-08-18,242,621,150207.52,113397.07,36810.45,24.51,0.014558181019323158,-0.06563706563706562,0.009756097560975618,0.004954548271490999,155188.78714285715,20794.310247798297,262.42857142857144,37202.76285714286,0.9679018875360388,0.9221556886227544,1,0.24675153181180493,False,Normal
2025-08-19,271,626,145456.27,109328.6,36127.67,24.84,-0.031631239234893194,0.11983471074380159,0.008051529790660261,-0.018548537168113888,149680.67142857143,16562.642161694548,257.2857142857143,36293.974285714285,0.9717772415886887,1.0533037201554691,1,0.24205315574129316,False,Normal
2025-08-20,328,806,199735.21,150887.2,48848.01,24.46,0.37316328818276445,0.21033210332103325,0.2875399361022364,0.35209411512007294,154269.70428571428,24773.7668338418,264.0,37491.78857142857,1.2947144154116066,1.2424242424242424,1,0.12557426473030253,False,Normal
2025-08-21,314,766,183780.59,138023.52,45757.07,24.9,-0.07987885561088603,-0.04268292682926833,-0.04962779156327546,-0.0632766821002535,158069.99,27214.495824213514,271.57142857142856,38555.874285714286,1.162653265177027,1.156233561283535,1,0.19795550421109526,False,Normal
2025-08-22,320,792,200524.63,152433.01,48091.62,23.98,0.09110885975499383,0.019108280254777066,0.03394255874673635,0.051020530816330734,163503.3671428571,31675.365833432723,277.57142857142856,39862.65857142857,1.226425079214402,1.152856407617087,1,0.17536533361370604,False,Normal
2025-08-23,260,621,145376.14,112382.87,32993.27,22.7,-0.27502102858885713,-0.1875,-0.21590909090909094,-0.3139497068304209,167590.35857142857,25972.342200290503,284.85714285714283,40751.008571428574,0.8674493045973128,0.9127382146439319,1,0.148141326800036,False,Normal
2025-08-24,320,795,185659.36,139909.26,45750.1,24.64,0.27709650290618515,0.23076923076923084,0.28019323671497576,0.38664945911696535,172962.81714285715,25133.242916328403,293.57142857142856,42054.02714285714,1.073406198319817,1.0900243309002433,1,0.17422075727456204,False,Normal
2025-08-25,359,865,206975.29,156458.14,50517.15,24.41,0.11481204071801177,0.12187499999999996,0.08805031446540879,0.10419758645336308,181072.49857142856,25718.85050773336,310.2857142857143,44012.12714285714,1.1430520461855418,1.1569981583793738,1,0.17897598985225494,False,Normal
2025-08-26,282,663,151835.91,115144.0,36691.91,24.17,-0.26640561779137983,-0.21448467966573814,-0.23352601156069364,-0.2736741878748108,181983.8757142857,24321.471118478523,311.85714285714283,44092.73285714286,0.8343371598392709,0.9042601923957857,1,0.15721262603364383,False,Normal
2025-08-27,308,810,212928.98,157734.37,55194.61,25.92,0.4023624582616854,0.09219858156028371,0.22171945701357476,0.5042719226118235,183868.7,26352.815840741918,309.0,44999.39,1.1580490861141672,0.9967637540453075,1,0.13779775549629397,False,Normal
2025-08-28,345,863,222448.84,168897.22,53551.62,24.07,0.04470908563033538,0.12012987012987009,0.06543209876543199,-0.02976721821206818,189392.7357142857,30115.444712680102,313.42857142857144,46112.89714285714,1.1745373398881682,1.100729261622607,1,0.16343832856903023,False,Normal
2025-08-29,304,740,178340.43,135392.72,42947.71,24.08,-0.1982856372728219,-0.11884057971014494,-0.14252607184241017,-0.19801287057235617,186223.56428571432,29915.349794219168,311.14285714285717,45378.05285714286,0.9576684383850607,0.9770431588613406,1,0.187599662081384,False,Normal
2025-08-30,286,666,158565.36,120349.74,38215.62,24.1,-0.11088383043598138,-0.05921052631578949,-0.09999999999999998,-0.1101825918075724,188107.73857142855,27206.56270162116,314.85714285714283,46124.102857142854,0.8429496904498127,0.9083484573502723,1,0.19111442398462902,False,Normal
2025-08-31,294,698,177008.21,133892.76,43115.45,24.36,0.1163107125036642,0.027972027972027913,0.048048048048048075,0.1282153737136802,186871.86000000002,27530.878210351275,311.14285714285717,45747.724285714285,0.9472170395264433,0.9449035812672175,1,0.2053794936697526,False,Normal
2025-09-01,406,1043,256457.74,187432.86,69024.88,26.91,0.4488465817489482,0.38095238095238093,0.49426934097421205,0.6009314526463254,193940.7814285714,37938.44746574266,317.85714285714283,48391.68571428572,1.3223507614588716,1.277303370786517,-1,-0.004580445857571225,True,Unusually High Revenue
2025-09-02,397,948,221185.0,166895.96,54289.04,24.54,-0.13753821584796,-0.022167487684729092,-0.09108341323106428,-0.21348591985962162,203847.7942857143,33956.687357955576,334.2857142857143,50905.561428571425,1.0850497586939094,1.1876068376068376,1,0.13293609660110478,False,Normal
2025-09-03,391,978,234969.7,176729.83,58239.87,24.79,0.06232203811289194,-0.015113350125944613,0.03164556962025311,0.0727739890040422,206996.46857142853,35905.073297433824,346.14285714285717,51340.59857142858,1.135138689184539,1.1295914156004951,1,0.1480279723950359,False,Normal
2025-09-04,388,964,238333.7,183003.37,55330.33,23.22,0.014316739562590497,-0.007672634271099765,-0.014314928425357865,-0.04995787250211925,209265.7342857143,37510.54308153836,352.2857142857143,51594.700000000004,1.1389045646364573,1.1013787510137876,1,0.1277281987335398,False,Normal
2025-09-05,444,1013,244765.78,186957.32,57808.46,23.62,0.0269877067321993,0.14432989690721643,0.05082987551867224,0.044787912886115055,218755.06999999998,36778.14434347106,372.2857142857143,53717.66428571429,1.118903347017283,1.192632386799693,1,0.11027666995796603,False,Normal
2025-09-06,379,913,236416.82,177443.88,58972.94,24.94,-0.03410999691215,-0.14639639639639634,-0.09871668311944715,0.020143764424791932,229876.70714285714,25622.554979652716,385.57142857142856,56682.99571428572,1.0284505243633864,0.9829566506113375,1,0.1426920966947835,False,Normal
2025-09-07,369,883,217066.94,165806.67,51260.27,23.61,-0.08184646083979985,-0.02638522427440637,-0.03285870755750275,-0.13078320327933468,235599.3828571429,13409.331110000663,396.2857142857143,57846.541428571436,0.9213391706192195,0.9311463590483057,1,0.1311264179883746,False,Normal
2025-09-08,380,921,223442.64,165220.8,58221.84,26.06,0.02937204532389881,0.02981029810298108,0.04303510758776907,0.13580829753725454,230882.94,10294.516878162378,392.57142857142856,56303.25,0.9677745787540648,0.9679767103347889,1,0.13093021017321405,False,Normal
2025-09-09,422,1041,258880.46,195416.63,63463.83,24.51,0.15859918232258607,0.11052631578947358,0.13029315960912058,0.0900347704572717,236268.0057142857,13678.943814035387,396.14285714285717,57613.93428571429,1.0957067979532493,1.0652722683014786,1,0.11684938379229559,False,Normal
2025-09-10,388,940,235631.54,176373.13,59258.41,25.15,-0.08980561916492258,-0.08056872037914697,-0.09702209414024976,-0.06626483147960027,236362.55428571432,13670.759172143187,395.7142857142857,57759.44,0.9969072330939923,0.9805054151624548,1,0.13868655857671014,False,Normal
2025-09-11,404,988,251479.24,188413.9,63065.34,25.08,0.06725627647300514,0.04123711340206193,0.051063829787234116,0.06424286443055083,238240.48857142855,14839.588097067402,398.0,58864.44142857143,1.0555688561081935,1.015075376884422,1,0.1392454355973834,False,Normal
2025-09-12,361,872,226069.07,170010.36,56058.71,24.8,-0.10104281371297286,-0.10643564356435642,-0.11740890688259109,-0.11110112147179418,235569.53000000003,15148.740945068923,386.14285714285717,58614.47714285714,0.9596702510719446,0.9348871624121347,1,0.14460088422051698,False,Normal
2025-09-13,369,865,217277.5,162249.46,55028.04,25.33,-0.038888867017500495,0.02216066481994461,-0.008027522935779796,-0.018385546153309562,232835.34142857144,16625.562970381467,384.7142857142857,58050.92,0.933180928062228,0.9591533605644262,1,0.15414093594522715,False,Normal
2025-09-14,389,988,244866.3,186027.75,58838.55,24.03,0.12697495138705106,0.05420054200542013,0.1421965317919076,0.06924669677495321,236806.67857142858,15514.277908386728,387.57142857142856,59133.531428571434,1.0340346035728059,1.0036859565057132,1,0.12508897283759096,False,Normal
2025-09-15,370,864,214370.46,161653.64,52716.82,24.59,-0.12454078000933566,-0.04884318766066842,-0.1255060728744939,-0.10404284266012676,235510.65285714288,17113.277069737353,386.14285714285717,58347.1,0.9102367871657755,0.9581945985941546,1,0.14661001559719927,False,Normal
2025-09-16,322,783,189625.92,144710.91,44915.01,23.69,-0.11542887019041703,-0.12972972972972974,-0.09375,-0.14799470074257126,225617.14714285714,20941.49050983214,371.85714285714283,55697.26857142857,0.840476543566664,0.8659239339223973,1,0.14753598651808042,False,Normal
2025-09-17,330,775,199513.69,152901.64,46612.05,23.36,0.05214355716771202,0.024844720496894457,-0.010217113665389577,0.03778336017291317,220457.45428571428,22457.446970109708,363.57142857142856,53890.64571428572,0.9049986113938746,0.9076620825147348,1,0.15917079556047004,False,Normal
2025-09-18,329,776,193025.92,147495.34,45530.58,23.59,-0.032517918945812685,-0.00303030303030305,0.001290322580645098,-0.02320151119721192,212106.98,19697.912263665243,352.85714285714283,51385.68,0.9100403956531746,0.9323886639676114,1,0.1772646398011763,False,Normal
2025-09-19,352,863,217246.7,165636.93,51609.77,23.76,0.12547941747926905,0.06990881458966558,0.11211340206185572,0.13351883503350925,210846.64142857143,18922.66752068446,351.57142857142856,50750.11714285715,1.030354093041585,1.0012190166598944,1,0.16321215541037987,False,Normal
2025-09-20,285,688,171297.02,129884.4,41412.62,24.18,-0.21150921970276193,-0.19034090909090906,-0.20278099652375436,-0.19758177569867086,204278.00142857144,23696.664567053045,339.57142857142856,48805.05714285715,0.8385485407242752,0.8392932267564157,1,0.16026460536428067,False,Normal
2025-09-21,268,640,161528.01,120340.64,41187.37,25.5,-0.05702965527362924,-0.05964912280701751,-0.06976744186046513,-0.005439163230918531,192372.5314285714,20644.457466003227,322.2857142857143,46283.46000000001,0.8396625484963061,0.8315602836879433,1,0.1900132367502902,False,Normal
2025-09-22,346,862,213676.41,161241.97,52434.44,24.54,0.3228443165987125,0.29104477611940305,0.34687500000000004,0.2730708467183023,192273.38142857142,20522.505167452542,318.85714285714283,46243.12,1.1113156091207546,1.0851254480286738,1,0.13684008503555695,False,Normal
2025-09-23,327,803,203271.04,152355.07,50915.97,25.05,-0.048696858956026046,-0.054913294797687806,-0.06844547563805103,-0.028959401492606784,194222.6842857143,20874.147809849204,319.57142857142856,47100.4,1.0465875330039975,1.0232454179704962,1,0.19732616672536768,False,Normal
2025-09-24,340,771,179796.17,135146.92,44649.25,24.83,-0.1154855605599302,0.039755351681957096,-0.03985056039850565,-0.12307965457596115,191405.89571428573,21365.742707657733,321.0,46820.0,0.9393449942021863,1.0591900311526479,1,0.1958128460814857,False,Normal
2025-09-25,361,863,219360.86,166477.86,52883.0,24.11,0.22005301892693252,0.061764705882352944,0.11932555123216604,0.18440959254634737,195168.03,23870.308396073797,325.57142857142856,47870.345714285715,1.123958980371939,1.108819657744625,1,0.16965618889066564,False,Normal
2025-09-26,321,771,233752.58,181463.66,52288.92,22.37,0.06560751083853344,-0.11080332409972304,-0.10660486674391656,-0.011233855870506626,197526.01285714284,27021.994082578924,321.14285714285717,47967.36714285715,1.1834015004851912,0.9995551601423487,1,0.1319581641315467,False,Normal
2025-09-27,309,740,177637.83,132988.79,44649.04,25.13,-0.24006045195308645,-0.03738317757009346,-0.04020752269779504,-0.14610896534103202,198431.84285714285,26086.283242125504,324.57142857142856,48429.712857142855,0.8952082863428673,0.952024647887324,1,0.18838816941180464,False,Normal
2025-09-28,254,605,147882.26,110105.05,37777.21,25.55,-0.16750694376304853,-0.1779935275080906,-0.18243243243243246,-0.15390767640244896,196482.44999999998,29579.64266246082,322.57142857142856,47942.54714285714,0.752648697122822,0.7874224977856511,1,0.15404354512798668,False,Normal
2025-09-29,354,850,210951.66,160407.69,50543.97,23.96,0.426483879810871,0.39370078740157477,0.4049586776859504,0.33794872622938543,196093.19999999998,29332.566454478063,323.7142857142857,47672.479999999996,1.0757724388199081,1.0935569285083848,1,0.08925207912956601,False,Normal
2025-09-30,317,797,217384.91,164681.68,52703.23,24.24,0.030496323186079755,-0.10451977401129942,-0.06235294117647061,0.04272042738233672,198109.46714285715,30374.756306723917,322.2857142857143,47927.80285714286,1.0972969294962733,0.9835992907801419,1,0.1716465176710621,False,Normal
2025-10-01,324,767,181440.78,136172.13,45268.65,24.95,-0.16534786154199943,0.02208201892744488,-0.03764115432873272,-0.1410649783703959,198344.41142857145,30215.439792870053,320.0,48016.28857142857,0.9147763664888595,1.0125,1,0.191173462101918,False,Normal
2025-10-02,335,833,211132.78,161356.7,49776.08,23.58,0.1636456809764597,0.033950617283950546,0.0860495436766624,0.09957067418621945,197168.97142857144,29410.92896942485,316.2857142857143,47572.442857142865,1.070821531756518,1.0591689250225835,1,0.17312581729257437,False,Normal
2025-10-03,350,815,196242.98,146501.62,49741.36,25.35,-0.07052339290942877,0.04477611940298498,-0.021608643457383003,-0.0006975237905435527,191810.45714285717,24669.54186047426,320.42857142857144,47208.50571428572,1.023108869678787,1.0922871154703522,1,0.19061956583526357,False,Normal
2025-10-04,275,640,160486.07,119354.64,41131.43,25.63,-0.18220733297058578,-0.2142857142857143,-0.21472392638036808,-0.17309398054255054,189360.2057142857,27048.86171029742,315.57142857142856,46705.99,0.8475174041696377,0.8714350384789498,1,0.17433856177375173,False,Normal
2025-10-05,251,606,150948.15,112444.97,38503.18,25.51,-0.059431450966429766,-0.08727272727272728,-0.05312499999999998,-0.06389882384346957,189798.19,26279.17030278035,315.14285714285717,46809.700000000004,0.7953086907730784,0.7964641885766092,1,0.17709193349154218,False,Normal
2025-10-06,348,808,193919.17,145641.37,48277.8,24.9,0.2846740420468885,0.38645418326693237,0.33333333333333326,0.2538652651547224,187364.97714285713,24737.41518522608,314.2857142857143,46485.96142857143,1.0349808857401648,1.1072727272727274,1,0.13339957972135374,False,Normal
2025-10-07,295,721,181133.55,137960.37,43173.18,23.83,-0.0659327285693313,-0.1522988505747126,-0.10767326732673266,-0.10573431266544875,182186.21142857143,20902.69231264494,311.14285714285717,45124.52571428572,0.9942220576391746,0.9481175390266299,1,0.19862092292579703,False,Normal
2025-10-08,266,613,150056.32,114302.79,35753.53,23.83,-0.17157081059803658,-0.09830508474576272,-0.14979195561719838,-0.17185785249082886,177702.71714285715,24195.720984055097,302.85714285714283,43765.22285714286,0.8444233291006356,0.8783018867924529,1,0.196921516572024,False,Normal
2025-10-09,330,763,189914.42,141571.98,48342.44,25.45,0.2656209348596581,0.24060150375939848,0.24469820554649258,0.35210257560582137,174671.52285714287,20329.933169605876,302.14285714285717,43560.41714285715,1.0872660688675837,1.0921985815602837,1,0.17742329510818622,False,Normal
2025-10-10,339,778,192280.85,143994.45,48286.4,25.11,0.012460507211616623,0.027272727272727337,0.019659239842725995,-0.0011592298609669482,174105.5042857143,19673.819727747636,300.57142857142856,43352.565714285716,1.1043927117000232,1.127851711026616,1,0.2070621362764542,False,Normal
2025-10-11,223,544,125345.36,95256.96,30088.4,24.0,-0.34811313763175067,-0.3421828908554573,-0.30077120822622105,-0.3768763047151993,169085.40285714288,26888.683642343585,293.14285714285717,41774.99,0.7413139034000585,0.7607212475633528,1,0.09200879453901578,False,Normal
2025-10-12,294,672,150981.95,116310.52,34671.43,22.96,0.20452763468867152,0.3183856502242153,0.23529411764705888,0.15231883383629574,169090.23142857145,26884.88655065442,299.2857142857143,41227.59714285714,0.8929075838646486,0.9823389021479714,1,0.15082707150424274,False,Normal
2025-10-13,304,700,170554.67,127540.77,43013.9,25.22,0.12963615849444254,0.03401360544217691,0.04166666666666674,0.2406151116351416,165752.44571428574,24645.707687389906,293.0,40475.611428571436,1.028972268041173,1.0375426621160408,1,0.2239215824302545,False,Normal
2025-10-14,283,716,185681.84,142213.32,43468.52,23.41,0.08869396540124042,-0.06907894736842102,0.02285714285714291,0.010569141603063104,166402.20142857145,25173.109179583338,291.2857142857143,40517.80285714286,1.1158616797488967,0.971554683668465,1,0.20976194038699464,False,Normal
2025-10-15,291,697,177903.46,132486.14,45417.32,25.53,-0.04189090327842515,0.028268551236749095,-0.026536312849162025,0.04483244426081234,170380.36428571428,24346.194793805895,294.85714285714283,41898.34428571429,1.044154710819083,0.9869186046511629,1,0.22867463528055132,False,Normal
2025-10-16,312,768,177111.46,132349.39,44762.07,25.27,-0.004451852707080595,0.07216494845360821,0.10186513629842175,-0.014427315394215268,168551.37000000002,23082.22614124507,292.2857142857143,41386.862857142856,1.0507862380471897,1.067448680351906,1,0.22195591277694127,False,Normal
2025-10-17,338,793,192652.73,146975.4,45677.33,23.71,0.08774852852548354,0.08333333333333326,0.03255208333333326,0.020447222391636544,168604.4957142857,23146.283208476605,292.14285714285717,41014.13857142858,1.1426310382996314,1.156968215158924,1,0.19288948266595068,False,Normal
2025-10-18,288,716,167313.09,126063.39,41249.7,24.65,-0.13153013715403883,-0.14792899408284022,-0.09709962168978559,-0.09693276730491918,174599.88571428575,13498.176144756708,301.42857142857144,42608.60999999999,0.9582657475148075,0.9554502369668246,1,0.2126046428088919,False,Normal
2025-10-19,289,744,182806.66,139159.86,43646.8,23.88,0.09260225843656356,0.003472222222222321,0.03910614525139655,0.05811193778378998,179146.27285714285,8737.48018417091,300.7142857142857,43890.805714285714,1.0204323935099453,0.9610451306413301,1,0.2075355114099805,False,Normal
2025-10-20,322,824,203309.76,153528.34,49781.42,24.49,0.11215729229996318,0.11418685121107264,0.10752688172043001,0.14055142645050722,183825.57142857142,11653.675995273268,303.2857142857143,44857.59428571428,1.1059928083998884,1.0617051342439945,1,0.19684501813605704,False,Normal
2025-10-21,326,808,207596.72,156563.75,51032.97,24.58,0.021085854412498328,0.012422360248447228,-0.01941747572815533,0.02514090598460239,186956.26857142858,14764.043621867688,309.42857142857144,45938.229999999996,1.1104025641198843,1.0535549399815327,1,0.19654274848355663,False,Normal
2025-10-22,379,945,216704.28,163081.69,53622.59,24.74,0.043871406060750795,0.16257668711656437,0.1695544554455446,0.050744058203941345,192499.24285714285,17775.36121437652,322.0,47110.41142857143,1.1257409472556739,1.1770186335403727,1,0.16071188891710597,False,Normal
2025-10-23,298,689,158227.14,119745.52,38481.62,24.32,-0.2698476467562153,-0.2137203166226913,-0.27089947089947086,-0.28236178073457463,189801.48285714284,21535.35313416115,320.0,46213.20428571429,0.8336454363693894,0.93125,1,0.14649324282405013,False,Normal
2025-10-24,321,813,195703.93,149898.56,45805.37,23.41,0.23685437277068888,0.07718120805369133,0.17997097242380256,0.19031813109739137,190237.36857142858,21633.3381042289,317.57142857142856,46231.49571428571,1.028735476471432,1.0107962213225372,1,0.1778121941189456,False,Normal
2025-10-25,292,705,162389.46,122977.42,39412.04,24.27,-0.17022892693059355,-0.09034267912772587,-0.1328413284132841,-0.13957599294580525,189533.99285714288,22562.979292066553,318.14285714285717,45968.972857142864,0.856782773116575,0.9178266726537943,1,0.19288023102802698,False,Normal
2025-10-26,264,643,153230.72,115366.2,37864.52,24.71,-0.05639984269915055,-0.09589041095890416,-0.08794326241134753,-0.039265158565758185,185308.85857142857,26464.556491807594,314.57142857142856,45142.932857142856,0.8268936584104865,0.8392370572207085,1,0.19293729811382349,False,Normal
2025-10-27,310,750,186819.61,141501.97,45317.64,24.26,0.21920467384085907,0.1742424242424243,0.16640746500777603,0.196836510802197,182953.12285714285,25303.622876962665,312.85714285714283,44505.25,1.0211337586507132,0.9908675799086759,1,0.19195651392083612,False,Normal
2025-10-28,317,703,161769.36,122280.95,39488.41,24.41,-0.13408790436935392,0.022580645161290214,-0.06266666666666665,-0.12863048472956662,176406.35714285713,23745.39928639243,311.57142857142856,42856.02714285714,0.9170268159270256,1.0174232003668042,1,0.2086640353566791,False,Normal
2025-10-29,384,889,210293.04,158414.66,51878.38,24.67,0.29995593726772496,0.21135646687697163,0.26458036984352784,0.31376218996915783,175490.4657142857,21990.81858533639,312.2857142857143,42606.85428571428,1.1983160403846442,1.2296431838975297,1,0.13400209760056048,False,Normal
2025-10-30,356,796,201136.9,150050.02,51086.88,25.4,-0.04353990983248901,-0.07291666666666663,-0.10461192350956128,-0.015256837241255372,181620.43142857144,22354.188390414383,320.57142857142856,44407.60571428571,1.107457450783031,1.1105169340463459,1,0.18409304479613836,False,Normal
2025-10-31,358,919,209319.18,156225.44,53093.74,25.36,0.04068015366648292,0.00561797752808979,0.15452261306532655,0.039283275862608935,183565.46714285712,24292.152451864287,325.85714285714283,45448.80142857142,1.1402971553309666,1.098640946953091,1,0.17510933779890536,False,Normal
2025-11-01,341,801,194506.82,145011.75,49495.07,25.45,-0.07076446601787756,-0.04748603351955305,-0.12840043525571276,-0.06777955367242916,188153.66142857142,22600.078394678483,332.85714285714283,46889.23428571428,1.0337657982480475,1.0244635193133047,1,0.18751250108609202,False,Normal
2025-11-02,299,674,159164.09,117844.18,41319.91,25.96,-0.1817043227584514,-0.12316715542521994,-0.15855181023720355,-0.16517119785869572,189001.2857142857,21135.8124430013,337.85714285714283,47382.861428571436,0.8421323135367937,0.8849894291754757,1,0.18017470683201975,False,Normal
2025-11-03,345,845,225363.87,167689.3,57674.57,25.59,0.41592158130643675,0.15384615384615374,0.2537091988130564,0.3958057991897852,194507.60857142857,25118.30704525463,342.85714285714283,49148.13714285714,1.1586378119354654,1.00625,1,0.11936133907612645,False,Normal
2025-11-04,371,874,221847.56,166055.06,55792.5,25.15,-0.01560281157756116,0.07536231884057965,0.03431952662721893,-0.032632579662059014,203090.20857142858,22157.124355348245,350.57142857142856,51477.292857142864,1.0923597034072388,1.0582722086389569,1,0.17608563892464152,False,Normal
2025-11-05,432,991,236883.61,174225.5,62658.11,26.45,0.0677764948147277,0.16442048517520225,0.13386727688787192,0.12305614553927491,206888.8614285714,25608.37692699672,357.42857142857144,53017.25428571429,1.1449800069675782,1.20863309352518,1,0.11527291571079445,False,Normal
2025-11-06,379,896,206789.93,156762.56,50027.37,24.19,-0.127039941682753,-0.12268518518518523,-0.09586276488395562,-0.20158188620754758,207696.43714285715,25485.59491955698,360.7142857142857,52865.89571428572,0.9956354227577161,1.0506930693069307,1,0.15483648382613047,False,Normal
2025-11-07,426,999,236903.27,177310.36,59592.91,25.15,0.1456228550394112,0.12401055408970985,0.1149553571428572,0.1912061337623785,211637.02142857146,27805.280223959457,370.42857142857144,53794.34857142857,1.1193848240769917,1.1500192826841495,1,0.14344390473269908,False,Normal
2025-11-08,376,895,229364.51,171136.4,58228.11,25.39,-0.03182210190682455,-0.11737089201877937,-0.10410410410410409,-0.022902053281170565,216616.69142857144,27343.62176359082,375.42857142857144,55041.92571428572,1.0588496596793056,1.0015220700152208,1,0.15689102124579568,False,Normal
2025-11-09,369,864,196394.99,147388.72,49006.27,24.95,-0.1437429007652492,-0.018617021276595702,-0.03463687150837991,-0.15837436592051513,221935.39142857143,15254.16728213391,385.42857142857144,56139.97714285714,0.8849196549312349,0.9573758339510748,1,0.15236296204844896,False,Normal
2025-11-10,453,1064,257738.53,195678.34,62060.19,24.08,0.3123477844317719,0.22764227642276413,0.2314814814814814,0.26637244581152597,226560.34285714285,20479.732880181986,400.85714285714283,56766.49428571429,1.1376153776502558,1.1300784034212403,1,0.09249066601897993,False,Normal
2025-11-11,379,888,201764.96,149806.12,51958.84,25.75,-0.21717191449799922,-0.16335540838852092,-0.16541353383458646,-0.16276698476108442,223691.4,22551.798191469035,402.0,56218.82857142857,0.9019790658022615,0.9427860696517413,1,0.1339653051212258,False,Normal
2025-11-12,431,1047,248178.99,185121.69,63057.3,25.41,0.2300400921944028,0.13720316622691286,0.17905405405405395,0.213600996481061,225305.0257142857,24010.007475064296,401.85714285714283,56275.85571428571,1.1015244298843172,1.0725204408105227,1,0.1223700882425271,False,Normal
2025-11-13,367,840,199979.51,149403.79,50575.72,25.29,-0.19421257214399967,-0.14849187935034802,-0.19770773638968486,-0.19794028605728442,224332.10857142857,25002.765701128497,400.14285714285717,56354.19142857142,0.8914439902227613,0.9171724384148517,1,0.13980426644872096,False,Normal
2025-11-14,415,1029,253648.87,188952.8,64696.07,25.51,0.2683742949465171,0.13079019073569476,0.2250000000000001,0.27919226854308743,226724.3371428571,27117.67214217831,398.57142857142856,57083.21428571428,1.118754489246463,1.0412186379928317,1,0.11163277971491936,False,Normal
2025-11-15,372,901,221187.65,165964.96,55222.69,24.97,-0.12797699433866982,-0.10361445783132528,-0.12439261418853254,-0.1464289871084905,225556.2142857143,27161.06793801458,398.0,56653.86857142857,0.9806320375630149,0.9346733668341709,1,0.14711522874780802,False,Normal
2025-11-16,331,758,183155.81,136845.45,46310.36,25.28,-0.1719437771503065,-0.11021505376344087,-0.1587125416204217,-0.1613889145928965,223664.90285714282,29857.21447855894,392.57142857142856,56268.73857142858,0.8188848928031573,0.8431586608442504,1,0.1387064147997828,False,Normal
2025-11-17,368,992,228610.28,173561.93,55048.35,24.08,0.24817378165617576,0.1117824773413898,0.3087071240105541,0.18868326655201995,219503.7242857143,26111.799303518623,380.42857142857144,55267.04714285715,1.0414870214340066,0.9673300788584303,1,0.1159967487572916,False,Normal
2025-11-18,495,1248,315237.68,237101.38,78136.3,24.79,0.37893046629399163,0.34510869565217384,0.25806451612903225,0.41941220763201814,235714.11285714287,43015.2027622547,397.0,59006.684285714284,1.3373729564977437,1.2468513853904282,1,0.016471018250299396,False,Normal
2025-11-19,466,1075,269499.8,201534.9,67964.9,25.22,-0.14509014277734822,-0.05858585858585863,-0.13862179487179482,-0.13017509147476924,238759.94285714283,44764.20806640339,402.0,59707.770000000004,1.1287479665768296,1.1592039800995024,1,0.09166253631732957,False,Normal
2025-11-20,627,1490,364057.03,271275.78,92781.25,25.49,0.3508619672445028,0.34549356223175964,0.38604651162790704,0.36513479752048505,262199.58857142855,61063.525772063054,439.14285714285717,65737.13142857143,1.38847292622972,1.4277813923227065,-1,-0.05094866192743441,True,Unusually High Revenue
2025-11-21,610,1562,387062.16,293349.23,93712.93,24.21,0.06319100609044681,-0.027113237639553422,0.04832214765100673,0.010041684068709866,281258.63,76754.30781909238,467.0,69882.39714285715,1.376178786051827,1.3062098501070665,-1,-0.033312583868748025,True,Unusually High Revenue
2025-11-22,524,1251,295168.93,221134.94,74033.99,25.08,-0.23741207355428384,-0.14098360655737707,-0.19910371318822018,-0.20999172686202416,291827.3842857143,72053.71428154019,488.7142857142857,72569.72571428571,1.0114504186180628,1.0722011107863199,1,0.020375067272333736,False,Normal
2025-11-23,541,1254,319888.85,238521.03,81367.82,25.44,0.08374838096950099,0.03244274809160297,0.0023980815347721673,0.09906031000085225,311360.6757142857,53940.57676842039,518.7142857142857,77577.93428571429,1.0273900172722519,1.0429633709721842,1,0.0674505897010349,False,Normal
2025-11-24,662,1557,399166.97,303127.77,96039.2,24.06,0.24783020727355765,0.22365988909426981,0.2416267942583732,0.18030936554524857,335725.91714285716,48586.99642371728,560.7142857142857,83433.77,1.1889668018395718,1.1806369426751593,-1,-0.042342583144776014,True,Unusually High Revenue
2025-11-25,505,1156,276440.02,207902.7,68537.32,24.79,-0.3074576786751668,-0.23716012084592142,-0.25754656390494546,-0.2863609859307449,330183.39428571425,53298.20220596513,562.1428571428571,82062.48714285715,0.8372317469145374,0.8983481575603558,-1,-0.001432639488407439,True,Unusually Low Revenue
2025-11-26,548,1371,336838.86,250377.11,86461.75,25.67,0.21848804670177624,0.08514851485148522,0.1859861591695502,0.26152802589888235,339803.25999999995,46112.532722031196,573.8571428571429,84704.89428571428,0.9912761284279616,0.954941498630819,1,0.011119753413355471,False,Normal
2025-11-27,717,1706,388787.61,292117.63,96669.98,24.86,0.1542243374176009,0.30839416058394153,0.24434719183078046,0.11806642821825841,343336.2,49129.155591235256,586.7142857142857,85260.42714285714,1.1323816422503656,1.2220598977355734,-1,-0.03937540633717718,True,Unusually High Revenue
2025-11-28,651,1585,398200.5,296605.13,101595.37,25.51,0.024210879559664944,-0.09205020920502094,-0.07092614302461897,0.05095056397032449,344927.39142857137,50928.793722344526,592.5714285714286,86386.48999999999,1.1544473123772212,1.0986017357762778,-1,-0.032917308225695274,True,Unusually High Revenue
2025-11-29,584,1354,325227.72,243721.45,81506.27,25.06,-0.18325637461530064,-0.10291858678955457,-0.14574132492113567,-0.1977363732225198,349221.5042857143,47162.04143539703,601.1428571428571,87453.95857142856,0.9312935085862184,0.9714828897338403,1,4.270808012685201e-06,False,Normal
2025-11-30,592,1419,354159.41,261442.16,92717.25,26.18,0.0889582536199558,0.013698630136986356,0.0480059084194977,0.13754745493812925,354117.2985714286,45353.69446124979,608.4285714285714,89075.3057142857,1.0001189194335924,0.9729983564216952,-1,-0.0029844760898912748,True,Unusually High Revenue
2025-12-01,439,1097,281588.13,213398.17,68189.96,24.22,-0.20491134204227401,-0.25844594594594594,-0.22692036645525016,-0.26453858370475825,337320.3214285714,47605.643778833335,576.5714285714286,85096.84285714287,0.8347796207695335,0.7613974231912786,-1,-0.015009167074422791,True,Unusually Low Revenue
2025-12-02,408,995,246197.11,183766.65,62430.46,25.36,-0.1256836358833734,-0.07061503416856496,-0.09298085688240654,-0.08446258070836243,332999.9057142857,54869.770871576286,562.7142857142857,84224.43428571429,0.7393308699950125,0.7250571210967252,1,0.01759679483949461,False,Normal
2025-12-03,464,1141,284560.44,210500.36,74060.08,26.03,0.15582364065930765,0.13725490196078427,0.14673366834170865,0.18628118389645065,325531.56,57742.765041340375,550.7142857142857,82452.76714285715,0.8741408667104351,0.8425421530479897,1,0.016039504127866255,False,Normal
2025-12-04,450,1027,260832.05,192731.1,68100.95,26.11,-0.08338611649602456,-0.030172413793103425,-0.0999123575810692,-0.08046345615613704,307252.19428571424,54545.2621589597,512.5714285714286,78371.47714285714,0.8489184287401765,0.8779264214046824,1,0.04745882306645943,False,Normal
2025-12-05,471,1123,275325.71,206790.83,68534.88,24.89,0.05556702100067845,0.046666666666666634,0.09347614410905547,0.006371864122306725,289698.65285714285,37509.84784847051,486.85714285714283,73648.55,0.9503865733741245,0.9674295774647887,1,0.09877278911706833,False,Normal
2025-12-06,390,955,232526.97,175507.25,57019.72,24.52,-0.1554476695983097,-0.1719745222929936,-0.1495992876224399,-0.16801897077809147,276455.6885714286,39201.58606667906,459.14285714285717,70150.47142857143,0.8411003267886145,0.8494088363410081,1,0.07704707860137039,False,Normal
2025-12-07,390,977,243141.7,180925.51,62216.19,25.59,0.04564945735111925,0.0,0.023036649214659644,0.09113461097318609,260596.01571428572,20541.969434949613,430.2857142857143,65793.17714285714,0.9330215557346725,0.9063745019920318,1,0.11950598776243804,False,Normal
2025-12-08,518,1245,306028.72,225387.52,80641.2,26.35,0.2586434988321622,0.32820512820512815,0.2743091095189356,0.2961449423373561,264087.52857142856,26044.712105358252,441.57142857142856,67571.92571428572,1.158815494451596,1.1730831446133938,1,0.02716685611742975,False,Normal
2025-12-09,453,1073,274290.66,203604.46,70686.2,25.77,-0.10370941655410648,-0.12548262548262545,-0.13815261044176708,-0.12344806376889228,268100.89285714284,24970.814083528465,448.0,68751.31714285715,1.023087454416481,1.0111607142857142,1,0.09224694808588352,False,Normal
2025-12-10,643,1574,392364.78,292182.88,100181.9,25.53,0.4304708005733775,0.41942604856512133,0.4669151910531222,0.41727663957038286,283501.51285714284,53621.501621673815,473.57142857142856,72483.00571428571,1.3839953658297184,1.3577677224736049,-1,-0.06164714302444596,True,Unusually High Revenue
2025-12-11,577,1447,359492.09,267187.69,92304.4,25.68,-0.0837809397673257,-0.10264385692068434,-0.08068614993646761,-0.07863196844939058,297595.8042857143,59331.99323740069,491.7142857142857,75940.64142857143,1.2079877633451468,1.173445671121441,-1,-0.001267951739767792,True,Unusually High Revenue
2025-12-12,624,1461,356528.11,266158.34,90369.77,25.35,-0.008244910200944977,0.08145580589254764,0.009675190048376026,-0.020959239212865133,309196.14714285714,62124.60114643587,513.5714285714286,79059.91142857143,1.1530807006960349,1.2150208623087622,-1,-0.002297834981468516,True,Unusually High Revenue
2025-12-13,518,1213,299856.05,222019.8,77836.25,25.96,-0.15895537661812975,-0.16987179487179482,-0.16974674880219032,-0.13869151155303372,318814.58714285714,52786.15724515682,531.8571428571429,82033.70142857144,0.94053428573404,0.9739457426806338,1,0.029371593258025297,False,Normal
2025-12-14,535,1278,306659.17,230604.28,76054.89,24.8,0.02268795310283056,0.032818532818532864,0.053586150041220026,-0.022885994636175355,327888.5114285714,41958.88063339266,552.5714285714286,84010.65857142858,0.9352543907803366,0.9682006204756981,1,0.06029230406571551,False,Normal
2025-12-15,555,1283,312850.61,235696.84,77153.77,24.66,0.020189971817897945,0.03738317757009346,0.00391236306729259,0.0144485121206539,328863.0671428571,41442.582107129114,557.8571428571429,83512.45428571428,0.9513096521236866,0.9948783610755442,1,0.061531096131898444,False,Normal
2025-12-16,567,1381,343406.4,260182.42,83223.98,24.23,0.09766894812830973,0.021621621621621623,0.07638347622759167,0.0786767775573376,338736.7442857143,33803.007946076694,574.1428571428571,85303.56571428571,1.0137855009622074,0.9875590943020652,1,0.03893094022377186,False,Normal
2025-12-17,565,1413,363785.25,272017.25,91768.0,25.23,0.059343244622115376,-0.003527336860670194,0.023171614771904325,0.10266295844058404,334653.9542857143,27357.623196811477,563.0,84101.58,1.087049010899822,1.0035523978685612,1,0.032940044769335985,False,Normal
2025-12-18,585,1391,331625.16,248349.04,83276.12,25.11,-0.08840405156613695,0.03539823008849563,-0.01556970983722572,-0.09253639612936981,330672.96428571426,25073.026413776042,564.1428571428571,82811.82571428572,1.0028795692939172,1.0369713851608002,1,0.03635812631587143,False,Normal
2025-12-19,604,1468,361695.68,268258.88,93436.8,25.83,0.09067623216525567,0.032478632478632585,0.05535585909417695,0.12201192850963771,331411.1885714286,26019.369150646824,561.2857142857143,83249.97285714284,1.0913804134347873,1.0761007890048357,1,0.01265654997893928,False,Normal
2025-12-20,561,1345,315742.0,236155.74,79586.26,25.21,-0.1270506742021359,-0.07119205298013243,-0.08378746594005448,-0.14823431453131963,333680.61,23365.89470028031,567.4285714285714,83499.97428571428,0.9462401785947346,0.9886706948640483,1,0.02757201241332663,False,Normal
2025-12-21,530,1267,321299.56,240560.18,80739.38,25.13,0.01760158610511109,-0.05525846702317294,-0.05799256505576211,0.014488933139966687,335772.0942857143,21088.31526649578,566.7142857142857,84169.18714285715,0.9568977454290785,0.9352155281068819,1,0.04985605617165134,False,Normal
2025-12-22,609,1461,359016.99,269451.96,89565.03,24.95,0.11739023234267743,0.14905660377358498,0.15311760063141278,0.10931035140472956,342367.29142857145,19911.289101539387,574.4285714285714,85942.22428571428,1.0486311017093821,1.0601840338224322,1,0.004132103394302589,False,Normal
2025-12-23,564,1335,324219.78,241886.28,82333.5,25.39,-0.09692357456397804,-0.07389162561576357,-0.08624229979466114,-0.08074055242319467,339626.3457142857,21033.384347574483,574.0,85815.01285714285,0.9546367179440002,0.9825783972125436,1,0.02466632027645388,False,Normal
2025-12-24,612,1432,360764.06,267331.96,93432.1,25.9,0.11271452963172068,0.0851063829787233,0.07265917602996264,0.13480053684101856,339194.7471428571,20478.712159731935,580.7142857142857,86052.74142857143,1.0635897608640108,1.0538745387453876,1,0.000703383780692679,False,Normal
2025-12-25,656,1567,392181.69,290801.87,101379.82,25.85,0.08708636331457198,0.07189542483660127,0.09427374301675973,0.08506412678297925,347845.68,28114.980879323182,590.8571428571429,88638.9842857143,1.1274588489930362,1.1102514506769825,-1,-0.023086640912706957,True,Unusually High Revenue
2025-12-26,754,1721,431333.32,323782.8,107550.52,24.93,0.09983033629132465,0.14939024390243905,0.09827696234843653,0.06086714298762819,357793.9142857143,42481.96651524368,612.2857142857143,90655.23,1.2055356527265058,1.2314512365842276,-1,-0.04194656656989282,True,Unusually High Revenue
2025-12-27,479,1195,283970.2,212656.09,71314.11,25.11,-0.34164557470310897,-0.3647214854111406,-0.30563625798954097,-0.33692454485575707,353255.0857142857,48931.37271773885,600.5714285714286,89473.49428571427,0.8038672661309577,0.7975737392959087,-1,-0.04030876115370641,True,Unusually Low Revenue
2025-12-28,499,1245,295061.03,220963.4,74097.63,25.11,0.03905631647264407,0.04175365344467652,0.04184100418410042,0.039031826941400505,349506.72428571427,52650.92025036256,596.1428571428571,88524.67285714285,0.8442213253636687,0.8370476875149773,1,0.029510341730495382,False,Normal
2025-12-29,595,1418,339770.21,253672.83,86097.38,25.34,0.15152519463515723,0.19238476953907813,0.1389558232931727,0.16194512564032082,346757.1842857143,52573.997350177146,594.1428571428571,88029.29428571429,0.9798505276823413,1.0014426544842512,1,0.002952163036337163,False,Normal
2025-12-30,566,1346,318173.32,238797.86,79375.46,24.95,-0.06356322409783954,-0.04873949579831938,-0.05077574047954869,-0.07807345589377979,345893.4042857143,53053.48100204515,594.4285714285714,87606.71714285715,0.9198594597576744,0.9521749579428022,1,0.02621598196497521,False,Normal
2025-12-31,552,1281,332026.31,242373.05,89653.26,27.0,0.043539131439430445,-0.02473498233215543,-0.048291233283803914,0.1294833440965253,341788.0114285714,52822.36146996503,585.8571428571429,87066.88285714286,0.9714393100338118,0.9422092172640819,1,0.007617297804690781,False,Normal
