product_id,product_name,category_id,supplier_id,cost,price
1,Category 24 Product 1,24,232,11.12,25.37
2,Jewelry Product 2,15,416,78.41,192.23
3,Travel Product 3,20,382,4.72,7.71
4,Category 30 Product 4,30,486,10.35,22.63
5,Category 44 Product 5,44,487,37.13,86.51
6,Shoes Product 6,7,313,32.33,78.61
7,Computers Product 7,2,6,46.17,60.25
8,Travel Product 8,20,41,9.49,23.15
9,Category 35 Product 9,35,355,35.63,84.46
10,Automotive Product 10,13,90,139.0,337.18
11,Category 40 Product 11,40,455,49.48,121.14
12,Toys Product 12,11,382,78.43,117.67
13,Shoes Product 13,7,179,10.97,16.0
14,Travel Product 14,20,22,25.99,38.94
15,Home Appliances Product 15,4,3,243.73,350.71
16,Category 50 Product 16,50,297,18.79,26.34
17,Category 47 Product 17,47,109,12.56,29.81
18,Category 50 Product 18,50,377,115.77,201.9
19,Category 44 Product 19,44,356,56.3,132.21
20,Category 30 Product 20,30,339,5.61,6.84
21,Category 31 Product 21,31,62,15.02,20.46
22,Travel Product 22,20,381,31.76,60.67
23,Home Appliances Product 23,4,385,8.23,16.9
24,Garden Product 24,12,141,65.01,95.08
25,Pet Supplies Product 25,16,256,58.17,127.5
26,Jewelry Product 26,15,355,40.8,70.39
27,Category 30 Product 27,30,368,6.23,9.31
28,Category 45 Product 28,45,272,110.13,188.09
29,Category 30 Product 29,30,293,3.64,4.48
30,Gaming Product 30,18,359,39.98,52.99
31,Home Appliances Product 31,4,218,29.24,55.06
32,Travel Product 32,20,56,91.52,225.26
33,Category 35 Product 33,35,360,17.99,44.09
34,Category 41 Product 34,41,4,182.36,275.6
35,Category 24 Product 35,24,1,46.64,70.83
36,Category 35 Product 36,35,378,8.29,14.07
37,Category 25 Product 37,25,332,260.01,500.14
38,Travel Product 38,20,474,88.49,113.48
39,Category 28 Product 39,28,101,90.88,160.28
40,Jewelry Product 40,15,253,70.82,110.57
41,Furniture Product 41,5,40,27.62,52.49
42,Shoes Product 42,7,2,57.29,87.45
43,Toys Product 43,11,52,102.68,161.98
44,Garden Product 44,12,394,40.41,72.58
45,Toys Product 45,11,97,82.55,126.0
46,Category 31 Product 46,31,106,25.92,53.38
47,Music Product 47,19,490,51.11,115.96
48,Office Product 48,14,72,23.59,51.22
49,Category 23 Product 49,23,187,57.53,91.31
50,Garden Product 50,12,82,7.17,11.41
51,Category 50 Product 51,50,19,10.61,24.91
52,Category 41 Product 52,41,403,14.97,37.18
53,Jewelry Product 53,15,144,51.05,76.31
54,Electronics Product 54,1,473,32.41,63.81
55,Category 24 Product 55,24,302,207.3,290.51
56,Office Product 56,14,214,117.7,250.83
57,Category 48 Product 57,48,80,53.67,92.45
58,Category 37 Product 58,37,436,178.79,402.61
59,Category 42 Product 59,42,321,5.17,10.64
60,Category 37 Product 60,37,423,110.19,138.78
61,Furniture Product 61,5,187,30.84,56.34
62,Category 42 Product 62,42,213,15.23,29.5
63,Category 27 Product 63,27,294,22.28,45.05
64,Category 42 Product 64,42,7,27.39,66.86
65,Category 44 Product 65,44,232,31.77,47.86
66,Category 24 Product 66,24,292,84.31,127.3
67,Books Product 67,10,496,23.43,49.13
68,Furniture Product 68,5,373,136.92,198.49
69,Category 36 Product 69,36,330,937.35,1402.58
70,Category 37 Product 70,37,186,121.01,174.44
71,Travel Product 71,20,126,45.69,91.03
72,Category 45 Product 72,45,52,42.97,89.55
73,Category 48 Product 73,48,335,29.89,55.32
74,Category 28 Product 74,28,205,68.94,167.66
75,Category 47 Product 75,47,231,30.08,53.82
76,Category 48 Product 76,48,40,30.81,66.64
77,Music Product 77,19,87,28.06,34.36
78,Automotive Product 78,13,55,48.23,61.34
79,Category 33 Product 79,33,159,12.15,21.21
80,Automotive Product 80,13,406,15.86,29.54
81,Category 30 Product 81,30,423,26.34,49.65
82,Office Product 82,14,154,55.79,109.24
83,Category 36 Product 83,36,474,74.71,136.51
84,Category 28 Product 84,28,272,34.98,48.62
85,Category 49 Product 85,49,13,22.31,37.26
86,Category 44 Product 86,44,288,40.96,79.61
87,Category 25 Product 87,25,169,23.85,58.4
88,Travel Product 88,20,353,26.95,37.6
89,Category 43 Product 89,43,162,142.38,322.83
90,Beauty Product 90,9,46,22.4,46.2
91,Category 24 Product 91,24,312,30.71,52.66
92,Category 50 Product 92,50,130,48.22,59.46
93,Shoes Product 93,7,155,48.89,120.28
94,Category 26 Product 94,26,466,103.83,244.98
95,Computers Product 95,2,206,68.59,91.48
96,Category 24 Product 96,24,316,14.96,34.22
97,Jewelry Product 97,15,165,46.35,104.83
98,Category 28 Product 98,28,180,11.14,15.02
99,Category 35 Product 99,35,322,69.7,140.53
100,Category 22 Product 100,22,285,39.35,77.73
101,Toys Product 101,11,154,26.42,47.41
102,Beauty Product 102,9,135,40.95,59.72
103,Clothing Product 103,6,198,14.68,21.66
104,Category 23 Product 104,23,209,41.59,82.51
105,Category 32 Product 105,32,229,39.18,72.18
106,Category 41 Product 106,41,179,17.83,28.86
107,Category 30 Product 107,30,433,5.2,9.1
108,Category 36 Product 108,36,10,7.8,12.4
109,Category 21 Product 109,21,357,445.21,862.61
110,Beauty Product 110,9,30,31.11,68.44
111,Garden Product 111,12,317,5.31,12.98
112,Health Product 112,17,415,11.22,23.96
113,Category 26 Product 113,26,483,49.22,100.73
114,Toys Product 114,11,267,10.82,24.7
115,Category 25 Product 115,25,250,23.48,47.39
116,Beauty Product 116,9,68,5.12,7.33
117,Category 25 Product 117,25,498,163.1,267.79
118,Home Appliances Product 118,4,58,120.02,163.37
119,Category 26 Product 119,26,458,47.66,98.31
120,Category 34 Product 120,34,304,12.76,16.06
121,Category 31 Product 121,31,186,45.33,113.23
122,Category 49 Product 122,49,216,78.49,196.16
123,Category 35 Product 123,35,31,95.43,178.79
124,Category 34 Product 124,34,231,112.71,252.27
125,Office Product 125,14,341,241.73,301.23
126,Category 29 Product 126,29,374,17.97,39.26
127,Health Product 127,17,416,9.83,13.85
128,Category 44 Product 128,44,222,26.15,43.98
129,Category 41 Product 129,41,178,89.27,128.28
130,Category 33 Product 130,33,282,30.41,38.1
131,Category 42 Product 131,42,96,116.1,147.64
132,Category 35 Product 132,35,111,153.48,300.74
133,Books Product 133,10,451,182.05,383.88
134,Gaming Product 134,18,388,61.41,96.49
135,Home Appliances Product 135,4,115,5.9,13.6
136,Category 24 Product 136,24,276,81.9,127.69
137,Category 38 Product 137,38,152,24.92,47.62
138,Category 25 Product 138,25,480,88.04,207.74
139,Furniture Product 139,5,273,10.47,16.29
140,Category 40 Product 140,40,83,213.42,290.0
141,Home Appliances Product 141,4,390,25.4,40.88
142,Category 25 Product 142,25,128,7.02,17.35
143,Category 25 Product 143,25,371,40.49,69.68
144,Category 46 Product 144,46,444,34.86,53.47
145,Category 33 Product 145,33,173,39.35,70.26
146,Category 24 Product 146,24,215,56.52,124.05
147,Jewelry Product 147,15,368,60.75,149.46
148,Category 36 Product 148,36,299,73.48,176.81
149,Category 43 Product 149,43,242,88.33,129.6
150,Category 46 Product 150,46,382,9.73,19.0
151,Category 45 Product 151,45,153,42.34,55.18
152,Category 32 Product 152,32,322,15.71,24.25
153,Category 44 Product 153,44,187,50.88,80.51
154,Garden Product 154,12,172,12.69,28.88
155,Category 30 Product 155,30,366,68.08,113.13
156,Category 35 Product 156,35,324,75.76,96.1
157,Category 24 Product 157,24,107,10.2,19.32
158,Category 32 Product 158,32,157,80.93,135.82
159,Category 41 Product 159,41,462,17.75,28.25
160,Shoes Product 160,7,228,64.69,97.45
161,Beauty Product 161,9,54,29.85,48.47
162,Music Product 162,19,220,32.27,69.92
163,Category 43 Product 163,43,411,19.69,48.89
164,Category 32 Product 164,32,213,53.96,79.72
165,Pet Supplies Product 165,16,11,34.54,85.68
166,Category 36 Product 166,36,96,20.83,40.02
167,Category 38 Product 167,38,384,26.86,41.0
168,Shoes Product 168,7,439,30.0,72.02
169,Category 50 Product 169,50,340,82.33,121.46
170,Category 50 Product 170,50,49,20.21,44.42
171,Jewelry Product 171,15,376,38.19,94.96
172,Category 22 Product 172,22,393,24.97,38.52
173,Smartphones Product 173,3,70,126.28,297.04
174,Music Product 174,19,176,88.95,206.33
175,Category 23 Product 175,23,389,224.61,464.16
176,Music Product 176,19,453,19.39,36.06
177,Category 24 Product 177,24,361,24.57,55.21
178,Category 47 Product 178,47,399,64.97,142.47
179,Category 50 Product 179,50,247,144.38,195.2
180,Category 38 Product 180,38,52,23.01,28.27
181,Category 22 Product 181,22,119,38.55,66.2
182,Music Product 182,19,186,31.72,56.01
183,Category 50 Product 183,50,194,120.67,260.75
184,Pet Supplies Product 184,16,345,8.34,17.53
185,Smartphones Product 185,3,98,20.7,31.49
186,Category 21 Product 186,21,148,106.75,137.93
187,Category 27 Product 187,27,44,239.05,553.3
188,Music Product 188,19,90,11.22,13.87
189,Category 41 Product 189,41,323,33.57,63.42
190,Home Appliances Product 190,4,57,92.33,156.91
191,Category 25 Product 191,25,367,78.07,153.94
192,Toys Product 192,11,462,62.18,147.37
193,Jewelry Product 193,15,430,150.74,344.17
194,Category 40 Product 194,40,44,36.54,49.85
195,Gaming Product 195,18,465,60.02,134.85
196,Office Product 196,14,357,5.86,7.34
197,Category 24 Product 197,24,373,178.2,414.56
198,Sports Product 198,8,39,62.08,146.47
199,Category 31 Product 199,31,339,14.34,18.4
200,Category 36 Product 200,36,143,73.43,111.15
201,Category 38 Product 201,38,326,32.0,72.13
202,Category 48 Product 202,48,343,109.07,183.93
203,Category 21 Product 203,21,57,95.58,173.99
204,Health Product 204,17,466,10.95,19.29
205,Home Appliances Product 205,4,30,54.33,132.9
206,Jewelry Product 206,15,79,34.54,70.57
207,Category 35 Product 207,35,235,113.89,153.17
208,Category 22 Product 208,22,166,25.77,47.09
209,Smartphones Product 209,3,253,24.6,39.97
210,Category 41 Product 210,41,211,60.74,105.65
211,Category 49 Product 211,49,142,138.47,260.73
212,Office Product 212,14,343,19.28,31.34
213,Category 36 Product 213,36,108,15.75,29.79
214,Category 32 Product 214,32,451,89.35,137.41
215,Category 32 Product 215,32,453,14.93,33.28
216,Category 25 Product 216,25,251,14.9,25.33
217,Category 28 Product 217,28,416,14.45,18.72
218,Music Product 218,19,190,6.97,9.47
219,Computers Product 219,2,389,98.19,174.04
220,Category 24 Product 220,24,439,7.83,10.87
221,Category 21 Product 221,21,24,53.36,100.35
222,Category 44 Product 222,44,204,17.09,24.34
223,Category 34 Product 223,34,271,48.81,119.85
224,Office Product 224,14,193,51.95,98.74
225,Category 50 Product 225,50,239,43.93,106.22
226,Category 33 Product 226,33,476,62.87,103.65
227,Category 36 Product 227,36,434,42.78,81.73
228,Category 30 Product 228,30,160,8.15,19.27
229,Category 21 Product 229,21,69,33.07,40.53
230,Category 31 Product 230,31,239,31.99,64.87
231,Gaming Product 231,18,439,130.13,219.5
232,Garden Product 232,12,93,123.4,266.5
233,Pet Supplies Product 233,16,128,2.79,5.3
234,Health Product 234,17,284,80.6,171.41
235,Category 47 Product 235,47,72,41.33,50.38
236,Category 48 Product 236,48,159,74.76,149.25
237,Shoes Product 237,7,113,96.63,193.0
238,Category 49 Product 238,49,471,100.92,197.86
239,Category 40 Product 239,40,180,19.88,28.44
240,Beauty Product 240,9,158,19.37,26.98
241,Home Appliances Product 241,4,473,67.3,94.62
242,Category 37 Product 242,37,312,12.93,21.81
243,Electronics Product 243,1,103,139.79,170.0
244,Beauty Product 244,9,136,18.53,28.39
245,Category 22 Product 245,22,497,27.19,59.06
246,Category 46 Product 246,46,81,130.87,253.34
247,Category 45 Product 247,45,397,19.69,39.41
248,Category 33 Product 248,33,374,39.49,63.34
249,Category 27 Product 249,27,121,66.16,134.56
250,Category 34 Product 250,34,377,20.77,27.38
251,Category 48 Product 251,48,3,10.29,21.43
252,Shoes Product 252,7,446,80.05,127.75
253,Category 38 Product 253,38,164,17.97,31.19
254,Category 42 Product 254,42,27,117.44,187.35
255,Music Product 255,19,96,41.76,102.07
256,Garden Product 256,12,350,33.23,46.85
257,Category 30 Product 257,30,481,51.98,79.51
258,Furniture Product 258,5,2,26.93,56.65
259,Category 39 Product 259,39,191,145.52,263.63
260,Electronics Product 260,1,134,35.31,75.36
261,Category 36 Product 261,36,392,7.06,15.47
262,Category 40 Product 262,40,258,67.44,104.32
263,Category 33 Product 263,33,14,20.31,31.8
264,Category 50 Product 264,50,476,107.67,188.6
265,Travel Product 265,20,198,4.95,7.66
266,Category 44 Product 266,44,466,7.85,15.5
267,Music Product 267,19,57,159.37,388.02
268,Category 34 Product 268,34,77,14.4,19.5
269,Category 40 Product 269,40,479,15.15,29.76
270,Category 42 Product 270,42,276,1.44,3.49
271,Toys Product 271,11,383,49.58,108.71
272,Furniture Product 272,5,7,8.32,18.88
273,Category 39 Product 273,39,405,3.0,6.3
274,Garden Product 274,12,121,8.62,17.14
275,Music Product 275,19,3,132.79,305.55
276,Category 29 Product 276,29,202,20.4,24.87
277,Beauty Product 277,9,40,7.71,14.25
278,Category 49 Product 278,49,180,33.55,59.2
279,Category 49 Product 279,49,446,26.83,42.48
280,Shoes Product 280,7,119,365.11,727.92
281,Home Appliances Product 281,4,349,592.72,1361.23
282,Category 33 Product 282,33,95,119.87,229.59
283,Category 38 Product 283,38,366,23.45,58.45
284,Category 43 Product 284,43,458,130.81,248.22
285,Music Product 285,19,28,70.73,157.91
286,Category 46 Product 286,46,235,29.73,49.35
287,Beauty Product 287,9,82,22.13,44.9
288,Category 36 Product 288,36,452,29.51,41.31
289,Category 35 Product 289,35,127,56.89,111.38
290,Category 36 Product 290,36,443,39.2,92.93
291,Category 48 Product 291,48,249,7.24,15.16
292,Category 47 Product 292,47,124,78.78,109.79
293,Furniture Product 293,5,149,93.11,127.29
294,Toys Product 294,11,191,174.09,387.02
295,Category 46 Product 295,46,34,57.91,76.56
296,Jewelry Product 296,15,221,38.29,84.05
297,Category 43 Product 297,43,278,37.56,68.67
298,Category 47 Product 298,47,402,52.52,79.35
299,Category 35 Product 299,35,460,62.65,132.64
300,Category 27 Product 300,27,156,9.72,17.36
301,Gaming Product 301,18,449,32.85,58.56
302,Electronics Product 302,1,55,19.65,27.98
303,Jewelry Product 303,15,149,33.46,61.63
304,Office Product 304,14,35,86.25,174.84
305,Category 35 Product 305,35,416,9.95,15.61
306,Pet Supplies Product 306,16,414,62.27,111.64
307,Category 45 Product 307,45,279,29.89,63.1
308,Category 40 Product 308,40,99,90.9,116.29
309,Home Appliances Product 309,4,447,98.01,242.11
310,Category 49 Product 310,49,357,55.1,131.81
311,Music Product 311,19,460,21.83,35.25
312,Category 28 Product 312,28,380,5.82,10.48
313,Category 36 Product 313,36,141,111.23,148.03
314,Category 22 Product 314,22,449,31.57,70.39
315,Travel Product 315,20,164,113.55,240.74
316,Health Product 316,17,250,100.55,172.75
317,Electronics Product 317,1,148,16.22,26.51
318,Category 35 Product 318,35,466,35.57,67.29
319,Furniture Product 319,5,75,38.4,92.23
320,Pet Supplies Product 320,16,121,101.4,192.18
321,Category 47 Product 321,47,447,55.88,134.7
322,Health Product 322,17,155,46.91,87.2
323,Smartphones Product 323,3,26,91.94,177.63
324,Category 48 Product 324,48,102,86.85,176.35
325,Category 32 Product 325,32,184,42.57,91.36
326,Category 38 Product 326,38,195,74.83,179.22
327,Office Product 327,14,286,45.14,107.93
328,Category 25 Product 328,25,368,37.43,52.98
329,Category 48 Product 329,48,74,234.78,309.84
330,Category 48 Product 330,48,441,4.4,8.36
331,Category 43 Product 331,43,377,27.74,47.84
332,Category 45 Product 332,45,217,3.12,5.86
333,Category 39 Product 333,39,281,41.83,89.7
334,Category 31 Product 334,31,147,22.96,51.19
335,Jewelry Product 335,15,294,33.14,65.19
336,Pet Supplies Product 336,16,161,12.26,16.98
337,Office Product 337,14,47,14.24,29.29
338,Category 42 Product 338,42,98,13.78,16.73
339,Smartphones Product 339,3,222,124.34,170.89
340,Computers Product 340,2,196,7.95,15.44
341,Category 38 Product 341,38,188,47.38,97.45
342,Category 38 Product 342,38,182,133.8,265.19
343,Office Product 343,14,274,35.49,47.76
344,Category 38 Product 344,38,134,76.94,128.71
345,Category 42 Product 345,42,484,51.91,116.6
346,Category 41 Product 346,41,170,70.26,106.39
347,Category 21 Product 347,21,312,67.21,141.79
348,Category 35 Product 348,35,339,42.0,91.44
349,Category 22 Product 349,22,40,15.07,19.01
350,Category 30 Product 350,30,223,36.93,49.36
351,Toys Product 351,11,121,106.79,174.33
352,Category 43 Product 352,43,186,16.44,36.24
353,Category 37 Product 353,37,276,53.25,132.35
354,Sports Product 354,8,302,51.23,86.16
355,Travel Product 355,20,72,112.88,152.54
356,Garden Product 356,12,392,13.71,21.26
357,Health Product 357,17,154,49.24,114.0
358,Office Product 358,14,210,7.46,8.99
359,Category 34 Product 359,34,360,6.86,16.51
360,Office Product 360,14,66,42.27,103.42
361,Jewelry Product 361,15,31,46.92,102.62
362,Category 39 Product 362,39,111,42.33,76.77
363,Category 45 Product 363,45,360,17.74,32.78
364,Pet Supplies Product 364,16,208,117.97,145.91
365,Music Product 365,19,83,54.58,89.02
366,Furniture Product 366,5,201,23.91,54.54
367,Category 42 Product 367,42,409,13.8,31.27
368,Category 33 Product 368,33,282,57.66,131.97
369,Category 21 Product 369,21,493,210.28,359.13
370,Category 46 Product 370,46,434,20.27,27.92
371,Smartphones Product 371,3,259,21.02,33.8
372,Category 48 Product 372,48,211,141.99,254.4
373,Category 27 Product 373,27,350,46.31,71.97
374,Gaming Product 374,18,12,34.52,43.19
375,Category 32 Product 375,32,386,23.14,34.7
376,Category 27 Product 376,27,410,68.02,99.26
377,Health Product 377,17,193,39.78,65.91
378,Health Product 378,17,110,82.0,153.41
379,Books Product 379,10,51,73.08,161.73
380,Category 33 Product 380,33,273,19.98,29.64
381,Category 49 Product 381,49,364,27.97,56.18
382,Electronics Product 382,1,383,40.61,77.9
383,Books Product 383,10,287,4.98,9.9
384,Category 48 Product 384,48,321,97.66,153.46
385,Category 49 Product 385,49,371,11.78,27.08
386,Beauty Product 386,9,341,23.33,48.3
387,Category 32 Product 387,32,264,26.23,52.05
388,Category 23 Product 388,23,9,173.53,301.26
389,Category 26 Product 389,26,491,35.54,44.51
390,Category 21 Product 390,21,89,18.22,32.03
391,Category 22 Product 391,22,61,21.66,51.57
392,Category 22 Product 392,22,400,22.36,49.12
393,Category 45 Product 393,45,23,13.44,20.42
394,Category 38 Product 394,38,249,50.78,104.31
395,Health Product 395,17,243,25.08,47.05
396,Jewelry Product 396,15,207,5.96,9.82
397,Category 45 Product 397,45,247,77.59,139.29
398,Category 26 Product 398,26,419,60.35,130.68
399,Category 26 Product 399,26,274,34.67,79.49
400,Category 47 Product 400,47,369,19.65,44.91
401,Electronics Product 401,1,281,83.47,173.63
402,Category 37 Product 402,37,487,110.99,134.69
403,Category 45 Product 403,45,435,94.14,133.39
404,Gaming Product 404,18,116,172.06,260.28
405,Category 29 Product 405,29,276,55.02,130.09
406,Garden Product 406,12,473,11.94,23.26
407,Sports Product 407,8,314,51.31,68.63
408,Office Product 408,14,228,70.13,145.42
409,Beauty Product 409,9,112,31.18,48.69
410,Category 48 Product 410,48,423,103.5,159.73
411,Category 28 Product 411,28,308,21.35,29.11
412,Category 24 Product 412,24,291,67.46,120.33
413,Category 30 Product 413,30,115,103.35,133.24
414,Sports Product 414,8,189,21.59,49.25
415,Books Product 415,10,168,21.29,39.16
416,Category 26 Product 416,26,54,15.96,19.57
417,Category 46 Product 417,46,421,46.28,56.28
418,Travel Product 418,20,149,88.7,211.0
419,Jewelry Product 419,15,342,51.02,126.49
420,Category 37 Product 420,37,54,4.99,10.66
421,Category 21 Product 421,21,311,75.51,154.59
422,Category 26 Product 422,26,164,36.99,52.35
423,Category 46 Product 423,46,97,16.18,31.49
424,Office Product 424,14,300,19.59,36.0
425,Category 31 Product 425,31,404,14.91,23.97
426,Category 37 Product 426,37,239,15.33,27.12
427,Automotive Product 427,13,46,89.75,111.66
428,Home Appliances Product 428,4,55,40.16,74.68
429,Category 33 Product 429,33,398,16.05,29.84
430,Category 37 Product 430,37,96,92.43,129.25
431,Category 41 Product 431,41,205,69.21,93.1
432,Beauty Product 432,9,397,52.68,100.31
433,Books Product 433,10,495,13.23,16.11
434,Music Product 434,19,117,77.91,185.57
435,Shoes Product 435,7,119,31.41,59.13
436,Category 21 Product 436,21,86,48.27,102.98
437,Furniture Product 437,5,445,22.1,36.08
438,Category 27 Product 438,27,239,30.31,41.56
439,Clothing Product 439,6,263,40.55,53.04
440,Clothing Product 440,6,255,16.53,24.07
441,Category 37 Product 441,37,230,84.65,106.08
442,Sports Product 442,8,412,58.74,95.23
443,Category 35 Product 443,35,239,63.35,142.29
444,Category 28 Product 444,28,302,105.9,247.52
445,Smartphones Product 445,3,487,12.03,15.06
446,Category 39 Product 446,39,214,73.85,135.94
447,Category 35 Product 447,35,303,37.42,65.0
448,Sports Product 448,8,91,16.77,38.93
449,Category 36 Product 449,36,133,23.59,39.69
450,Category 50 Product 450,50,330,78.85,118.29
451,Category 34 Product 451,34,163,27.6,65.19
452,Category 23 Product 452,23,357,43.7,85.2
453,Electronics Product 453,1,73,30.05,50.5
454,Clothing Product 454,6,206,34.98,44.49
455,Category 36 Product 455,36,24,26.69,50.22
456,Category 40 Product 456,40,304,132.46,285.76
457,Category 43 Product 457,43,55,27.64,35.51
458,Category 26 Product 458,26,205,11.62,19.7
459,Beauty Product 459,9,312,19.33,41.37
460,Category 32 Product 460,32,68,10.95,20.28
461,Home Appliances Product 461,4,333,20.42,26.4
462,Home Appliances Product 462,4,154,17.45,27.09
463,Toys Product 463,11,133,44.76,67.5
464,Category 40 Product 464,40,348,62.64,124.05
465,Music Product 465,19,118,138.81,320.44
466,Gaming Product 466,18,336,135.11,291.28
467,Beauty Product 467,9,492,66.04,86.12
468,Category 34 Product 468,34,410,106.68,138.68
469,Office Product 469,14,205,9.56,20.27
470,Category 35 Product 470,35,460,44.0,77.64
471,Garden Product 471,12,90,91.94,121.96
472,Category 48 Product 472,48,352,101.0,208.44
473,Category 35 Product 473,35,250,304.72,519.4
474,Smartphones Product 474,3,395,7.49,17.61
475,Category 24 Product 475,24,171,48.4,93.56
476,Computers Product 476,2,286,52.75,107.98
477,Category 47 Product 477,47,74,30.23,57.77
478,Music Product 478,19,310,111.43,159.8
479,Category 23 Product 479,23,211,64.77,146.29
480,Home Appliances Product 480,4,86,41.14,77.41
481,Category 36 Product 481,36,441,67.89,158.24
482,Category 37 Product 482,37,237,43.04,78.95
483,Category 22 Product 483,22,325,18.34,22.88
484,Category 37 Product 484,37,283,1.9,3.39
485,Category 29 Product 485,29,381,23.52,31.45
486,Sports Product 486,8,95,116.21,241.2
487,Jewelry Product 487,15,182,15.88,19.33
488,Category 49 Product 488,49,317,577.47,1443.49
489,Category 29 Product 489,29,234,33.7,82.41
490,Category 46 Product 490,46,278,85.06,126.41
491,Travel Product 491,20,261,37.75,57.67
492,Smartphones Product 492,3,320,40.37,83.39
493,Category 22 Product 493,22,170,277.33,519.98
494,Jewelry Product 494,15,69,50.92,84.13
495,Category 31 Product 495,31,457,79.82,134.66
496,Category 41 Product 496,41,205,96.69,236.41
497,Category 36 Product 497,36,464,123.78,246.58
498,Electronics Product 498,1,76,21.99,46.78
499,Category 22 Product 499,22,188,17.19,31.47
500,Computers Product 500,2,429,43.34,77.22
501,Furniture Product 501,5,192,17.98,39.82
502,Category 29 Product 502,29,90,27.53,61.9
503,Office Product 503,14,292,47.48,106.07
504,Sports Product 504,8,310,14.92,28.5
505,Furniture Product 505,5,265,26.6,39.45
506,Category 44 Product 506,44,95,52.9,76.58
507,Category 28 Product 507,28,286,10.16,13.08
508,Toys Product 508,11,362,34.84,48.0
509,Category 30 Product 509,30,204,22.45,43.09
510,Category 37 Product 510,37,483,15.91,38.15
511,Category 42 Product 511,42,201,27.42,43.14
512,Shoes Product 512,7,489,25.54,37.59
513,Category 32 Product 513,32,371,17.07,22.79
514,Category 33 Product 514,33,147,22.04,38.75
515,Category 49 Product 515,49,480,71.16,158.31
516,Category 36 Product 516,36,53,8.17,12.64
517,Books Product 517,10,300,44.84,94.16
518,Category 23 Product 518,23,135,46.03,103.66
519,Automotive Product 519,13,457,6.82,12.82
520,Category 47 Product 520,47,266,13.11,16.6
521,Category 47 Product 521,47,428,56.65,109.72
522,Category 43 Product 522,43,460,59.45,81.74
523,Electronics Product 523,1,58,11.51,24.65
524,Category 23 Product 524,23,244,22.14,46.84
525,Category 26 Product 525,26,449,25.34,37.67
526,Gaming Product 526,18,289,26.94,41.31
527,Category 32 Product 527,32,496,22.64,38.34
528,Category 43 Product 528,43,157,13.34,24.39
529,Category 44 Product 529,44,300,74.25,96.64
530,Category 34 Product 530,34,464,169.06,417.95
531,Computers Product 531,2,370,10.71,24.53
532,Category 28 Product 532,28,284,25.93,34.66
533,Category 33 Product 533,33,85,46.47,63.47
534,Furniture Product 534,5,496,31.67,66.9
535,Category 22 Product 535,22,215,8.7,16.83
536,Computers Product 536,2,185,113.07,190.71
537,Smartphones Product 537,3,40,111.82,206.17
538,Home Appliances Product 538,4,209,20.86,51.57
539,Category 47 Product 539,47,423,17.41,38.44
540,Home Appliances Product 540,4,145,30.16,51.99
541,Category 41 Product 541,41,156,123.69,198.94
542,Category 39 Product 542,39,145,60.5,121.81
543,Category 50 Product 543,50,307,30.33,51.36
544,Category 39 Product 544,39,268,36.3,63.23
545,Music Product 545,19,224,61.98,101.91
546,Smartphones Product 546,3,264,19.99,47.15
547,Category 24 Product 547,24,49,59.06,100.9
548,Jewelry Product 548,15,160,309.49,723.35
549,Home Appliances Product 549,4,157,27.1,66.63
550,Category 21 Product 550,21,80,39.05,48.1
551,Category 35 Product 551,35,441,91.08,149.46
552,Health Product 552,17,194,89.18,204.7
553,Automotive Product 553,13,389,148.84,345.44
554,Category 46 Product 554,46,72,7.33,9.1
555,Gaming Product 555,18,500,33.02,58.36
556,Automotive Product 556,13,150,27.41,57.25
557,Category 21 Product 557,21,63,20.7,25.08
558,Electronics Product 558,1,73,9.01,15.31
559,Category 28 Product 559,28,146,92.02,175.07
560,Category 34 Product 560,34,88,6.96,14.01
561,Computers Product 561,2,198,200.75,384.19
562,Category 21 Product 562,21,446,28.36,67.03
563,Smartphones Product 563,3,259,29.45,57.29
564,Category 39 Product 564,39,404,88.67,137.91
565,Category 43 Product 565,43,474,17.49,29.03
566,Category 41 Product 566,41,377,26.63,49.9
567,Automotive Product 567,13,265,28.63,68.39
568,Category 28 Product 568,28,284,45.19,78.5
569,Category 30 Product 569,30,139,38.52,58.73
570,Books Product 570,10,119,50.69,121.41
571,Category 36 Product 571,36,333,25.76,39.22
572,Category 39 Product 572,39,346,25.72,44.99
573,Gaming Product 573,18,446,2.89,7.01
574,Furniture Product 574,5,71,169.03,319.37
575,Books Product 575,10,51,1.81,2.78
576,Category 43 Product 576,43,211,17.1,35.46
577,Health Product 577,17,150,7.96,10.4
578,Category 26 Product 578,26,31,22.26,47.93
579,Category 43 Product 579,43,326,63.97,91.57
580,Furniture Product 580,5,4,139.41,290.71
581,Computers Product 581,2,433,12.16,24.12
582,Travel Product 582,20,280,7.07,13.58
583,Health Product 583,17,325,162.66,282.89
584,Travel Product 584,20,461,19.13,34.82
585,Beauty Product 585,9,244,36.11,49.66
586,Clothing Product 586,6,212,5.13,6.9
587,Category 41 Product 587,41,499,52.65,69.81
588,Furniture Product 588,5,197,93.23,186.47
589,Category 42 Product 589,42,393,16.03,30.75
590,Category 24 Product 590,24,380,51.56,107.39
591,Category 49 Product 591,49,256,40.32,69.32
592,Category 40 Product 592,40,337,21.86,37.31
593,Category 45 Product 593,45,145,11.9,22.7
594,Category 35 Product 594,35,192,33.22,43.94
595,Category 37 Product 595,37,464,105.5,252.56
596,Pet Supplies Product 596,16,297,10.96,18.77
597,Category 43 Product 597,43,427,19.16,40.86
598,Category 27 Product 598,27,9,58.78,135.43
599,Category 38 Product 599,38,420,3.52,8.7
600,Category 50 Product 600,50,218,33.05,58.03
601,Home Appliances Product 601,4,307,20.87,47.47
602,Jewelry Product 602,15,111,80.13,102.22
603,Office Product 603,14,72,5.24,8.82
604,Category 40 Product 604,40,171,8.38,20.82
605,Furniture Product 605,5,500,61.53,77.37
606,Books Product 606,10,29,46.37,82.22
607,Music Product 607,19,371,49.43,121.17
608,Category 34 Product 608,34,46,34.12,66.73
609,Category 48 Product 609,48,376,45.64,89.54
610,Gaming Product 610,18,159,110.5,200.42
611,Category 49 Product 611,49,300,14.48,19.59
612,Travel Product 612,20,139,90.39,114.21
613,Category 21 Product 613,21,145,44.89,63.48
614,Electronics Product 614,1,316,9.53,16.56
615,Sports Product 615,8,402,55.01,85.88
616,Category 22 Product 616,22,394,59.76,99.89
617,Category 48 Product 617,48,487,18.69,42.94
618,Music Product 618,19,354,43.33,61.8
619,Category 27 Product 619,27,339,27.56,45.1
620,Category 47 Product 620,47,418,28.39,40.59
621,Pet Supplies Product 621,16,214,13.34,28.39
622,Category 36 Product 622,36,113,8.58,18.77
623,Clothing Product 623,6,456,12.81,27.09
624,Home Appliances Product 624,4,176,4.72,10.99
625,Category 24 Product 625,24,365,20.38,37.83
626,Category 25 Product 626,25,382,36.66,59.9
627,Category 23 Product 627,23,363,11.74,20.22
628,Jewelry Product 628,15,295,10.84,15.4
629,Category 34 Product 629,34,111,104.43,245.15
630,Beauty Product 630,9,169,23.04,39.53
631,Category 38 Product 631,38,494,51.54,89.05
632,Category 23 Product 632,23,140,12.85,24.82
633,Category 32 Product 633,32,62,51.35,118.0
634,Category 36 Product 634,36,13,106.09,170.66
635,Toys Product 635,11,412,44.47,71.99
636,Category 25 Product 636,25,493,40.33,83.76
637,Toys Product 637,11,370,20.6,38.64
638,Category 22 Product 638,22,445,45.18,110.0
639,Category 25 Product 639,25,489,56.07,121.63
640,Sports Product 640,8,195,46.98,69.55
641,Health Product 641,17,449,39.53,78.51
642,Category 44 Product 642,44,121,44.45,92.56
643,Category 37 Product 643,37,153,74.34,185.22
644,Category 35 Product 644,35,476,44.16,72.99
645,Travel Product 645,20,28,72.13,99.69
646,Pet Supplies Product 646,16,38,77.91,148.92
647,Category 50 Product 647,50,364,56.12,123.62
648,Category 43 Product 648,43,270,67.07,115.24
649,Category 45 Product 649,45,427,17.52,32.68
650,Category 50 Product 650,50,125,25.45,51.08
651,Category 34 Product 651,34,217,13.56,25.72
652,Category 45 Product 652,45,25,21.84,26.75
653,Category 22 Product 653,22,67,70.5,166.53
654,Health Product 654,17,433,12.74,23.98
655,Travel Product 655,20,90,21.74,35.91
656,Health Product 656,17,232,43.47,72.46
657,Category 31 Product 657,31,80,29.93,57.54
658,Category 24 Product 658,24,80,14.45,32.76
659,Travel Product 659,20,74,53.69,133.33
660,Category 49 Product 660,49,20,83.3,121.78
661,Books Product 661,10,9,54.96,135.51
662,Category 29 Product 662,29,22,42.64,74.55
663,Category 26 Product 663,26,305,82.54,123.16
664,Health Product 664,17,142,21.0,40.6
665,Category 30 Product 665,30,397,74.13,93.97
666,Category 23 Product 666,23,290,14.67,34.73
667,Garden Product 667,12,215,45.31,79.43
668,Category 42 Product 668,42,400,61.65,90.03
669,Travel Product 669,20,54,94.01,181.44
670,Category 33 Product 670,33,114,31.42,55.43
671,Electronics Product 671,1,105,23.98,42.46
672,Category 41 Product 672,41,200,50.79,72.87
673,Electronics Product 673,1,194,36.56,84.45
674,Books Product 674,10,152,54.31,71.28
675,Music Product 675,19,51,76.43,97.85
676,Computers Product 676,2,264,7.4,15.2
677,Category 50 Product 677,50,351,5.72,14.17
678,Sports Product 678,8,378,53.53,89.11
679,Category 23 Product 679,23,299,12.4,22.1
680,Category 34 Product 680,34,56,78.21,119.69
681,Toys Product 681,11,27,69.97,93.14
682,Category 28 Product 682,28,468,29.15,46.28
683,Category 29 Product 683,29,452,23.21,47.48
684,Category 24 Product 684,24,101,146.2,292.6
685,Category 47 Product 685,47,17,164.29,345.44
686,Furniture Product 686,5,254,14.34,30.71
687,Category 25 Product 687,25,163,107.61,202.1
688,Category 42 Product 688,42,333,4.84,11.53
689,Books Product 689,10,336,30.63,52.43
690,Category 25 Product 690,25,317,7.24,17.11
691,Health Product 691,17,450,190.5,240.97
692,Gaming Product 692,18,14,30.46,68.23
693,Clothing Product 693,6,348,58.34,107.46
694,Category 38 Product 694,38,4,52.94,105.66
695,Category 49 Product 695,49,444,6.51,14.73
696,Music Product 696,19,145,88.82,208.4
697,Home Appliances Product 697,4,443,299.51,435.31
698,Jewelry Product 698,15,421,119.87,195.11
699,Category 33 Product 699,33,358,61.31,75.31
700,Category 42 Product 700,42,496,68.09,138.46
701,Category 21 Product 701,21,450,42.32,101.78
702,Category 23 Product 702,23,422,37.82,63.57
703,Sports Product 703,8,484,14.88,34.51
704,Category 50 Product 704,50,439,20.7,33.27
705,Category 43 Product 705,43,126,219.46,333.73
706,Gaming Product 706,18,219,302.11,524.51
707,Health Product 707,17,301,20.24,46.16
708,Category 40 Product 708,40,273,6.85,9.42
709,Category 30 Product 709,30,334,44.31,85.62
710,Pet Supplies Product 710,16,305,51.82,82.61
711,Category 26 Product 711,26,179,40.37,99.93
712,Smartphones Product 712,3,438,11.73,24.94
713,Smartphones Product 713,3,265,25.57,48.96
714,Category 37 Product 714,37,360,130.86,274.05
715,Category 41 Product 715,41,213,10.64,21.33
716,Category 47 Product 716,47,317,6.42,12.06
717,Computers Product 717,2,151,21.35,48.14
718,Category 36 Product 718,36,484,8.01,16.33
719,Smartphones Product 719,3,112,10.1,12.5
720,Electronics Product 720,1,131,49.0,65.69
721,Category 32 Product 721,32,77,7.01,13.74
722,Automotive Product 722,13,410,26.52,49.0
723,Sports Product 723,8,360,58.33,144.56
724,Category 38 Product 724,38,263,7.61,13.9
725,Travel Product 725,20,104,54.08,122.94
726,Jewelry Product 726,15,34,11.48,24.31
727,Furniture Product 727,5,312,42.75,94.17
728,Clothing Product 728,6,500,35.55,45.97
729,Office Product 729,14,425,14.8,24.38
730,Category 45 Product 730,45,340,11.82,18.27
731,Category 46 Product 731,46,387,4.53,11.06
732,Toys Product 732,11,15,299.99,395.82
733,Category 27 Product 733,27,216,54.82,113.65
734,Category 22 Product 734,22,305,37.91,79.22
735,Health Product 735,17,11,25.57,36.04
736,Category 30 Product 736,30,372,104.81,189.63
737,Pet Supplies Product 737,16,112,56.28,132.08
738,Category 35 Product 738,35,492,114.7,185.37
739,Beauty Product 739,9,291,54.89,70.85
740,Music Product 740,19,428,165.93,231.76
741,Category 45 Product 741,45,416,11.13,16.95
742,Travel Product 742,20,240,37.9,79.83
743,Home Appliances Product 743,4,202,23.37,45.94
744,Shoes Product 744,7,150,56.09,122.15
745,Category 24 Product 745,24,276,61.11,132.54
746,Category 33 Product 746,33,161,7.93,16.9
747,Beauty Product 747,9,42,48.7,70.86
748,Category 46 Product 748,46,231,126.51,289.44
749,Sports Product 749,8,124,207.92,482.93
750,Category 50 Product 750,50,431,68.13,105.77
751,Category 39 Product 751,39,324,53.6,67.65
752,Category 38 Product 752,38,36,7.66,15.56
753,Category 45 Product 753,45,243,39.48,78.56
754,Smartphones Product 754,3,306,28.54,53.67
755,Category 43 Product 755,43,157,16.65,29.92
756,Category 40 Product 756,40,192,14.69,26.46
757,Category 29 Product 757,29,19,5.02,8.84
758,Category 40 Product 758,40,265,6.37,14.16
759,Category 44 Product 759,44,205,17.64,29.08
760,Category 50 Product 760,50,318,20.64,43.6
761,Category 21 Product 761,21,103,32.49,55.99
762,Shoes Product 762,7,402,35.73,44.34
763,Category 26 Product 763,26,17,19.91,43.54
764,Category 47 Product 764,47,304,275.95,513.74
765,Category 48 Product 765,48,458,76.45,169.54
766,Category 33 Product 766,33,351,20.47,31.27
767,Travel Product 767,20,431,35.87,79.54
768,Category 27 Product 768,27,274,22.07,29.44
769,Beauty Product 769,9,322,37.82,84.09
770,Category 29 Product 770,29,482,78.17,95.97
771,Category 46 Product 771,46,9,33.01,58.91
772,Computers Product 772,2,257,48.08,97.58
773,Category 23 Product 773,23,310,9.24,18.83
774,Travel Product 774,20,395,9.26,22.59
775,Pet Supplies Product 775,16,141,94.51,168.7
776,Gaming Product 776,18,427,15.0,30.55
777,Office Product 777,14,249,14.52,25.66
778,Smartphones Product 778,3,238,13.6,26.57
779,Category 39 Product 779,39,307,115.42,240.22
780,Category 46 Product 780,46,40,38.83,83.13
781,Category 40 Product 781,40,145,37.72,75.18
782,Category 21 Product 782,21,322,27.48,42.32
783,Toys Product 783,11,463,22.43,43.69
784,Category 41 Product 784,41,369,105.55,206.95
785,Clothing Product 785,6,208,22.19,40.48
786,Category 47 Product 786,47,61,27.6,47.08
787,Category 28 Product 787,28,185,69.51,121.32
788,Category 26 Product 788,26,445,21.27,44.81
789,Health Product 789,17,282,42.8,53.26
790,Home Appliances Product 790,4,257,9.75,17.39
791,Category 38 Product 791,38,285,62.78,126.38
792,Category 38 Product 792,38,42,15.91,34.06
793,Office Product 793,14,382,14.48,25.27
794,Category 39 Product 794,39,171,26.58,37.25
795,Category 49 Product 795,49,85,17.42,37.17
796,Category 26 Product 796,26,259,68.02,121.45
797,Category 48 Product 797,48,370,40.55,64.41
798,Category 21 Product 798,21,346,69.06,121.56
799,Category 43 Product 799,43,484,54.36,106.83
800,Category 29 Product 800,29,494,54.05,93.7
801,Electronics Product 801,1,404,22.86,32.86
802,Home Appliances Product 802,4,221,11.81,26.04
803,Smartphones Product 803,3,450,28.82,50.7
804,Category 25 Product 804,25,445,110.53,218.37
805,Health Product 805,17,185,9.49,23.71
806,Toys Product 806,11,460,55.1,105.69
807,Category 35 Product 807,35,444,6.85,13.25
808,Category 31 Product 808,31,270,24.64,41.96
809,Category 32 Product 809,32,363,13.91,33.86
810,Gaming Product 810,18,147,55.9,84.2
811,Category 30 Product 811,30,332,37.97,77.46
812,Category 31 Product 812,31,342,9.96,15.15
813,Category 47 Product 813,47,100,15.07,33.4
814,Category 26 Product 814,26,381,14.88,29.38
815,Beauty Product 815,9,281,44.85,94.51
816,Category 24 Product 816,24,242,9.53,16.88
817,Gaming Product 817,18,148,4.38,5.36
818,Category 37 Product 818,37,152,62.89,102.93
819,Category 32 Product 819,32,483,66.59,139.3
820,Category 33 Product 820,33,385,27.08,65.33
821,Category 27 Product 821,27,273,73.21,166.7
822,Smartphones Product 822,3,56,30.04,44.13
823,Category 24 Product 823,24,316,35.84,81.4
824,Beauty Product 824,9,26,33.37,82.83
825,Category 38 Product 825,38,49,9.89,13.48
826,Smartphones Product 826,3,89,317.76,621.97
827,Office Product 827,14,479,22.27,41.26
828,Computers Product 828,2,325,44.64,56.76
829,Gaming Product 829,18,207,98.25,131.72
830,Category 28 Product 830,28,310,12.45,23.96
831,Category 22 Product 831,22,4,197.49,276.29
832,Category 41 Product 832,41,400,11.42,25.24
833,Health Product 833,17,182,9.25,14.06
834,Travel Product 834,20,252,40.67,74.05
835,Category 47 Product 835,47,289,3.54,6.8
836,Category 49 Product 836,49,73,22.17,39.11
837,Category 31 Product 837,31,153,34.15,73.09
838,Furniture Product 838,5,145,43.19,70.12
839,Automotive Product 839,13,391,90.8,210.57
840,Category 32 Product 840,32,7,39.25,72.8
841,Category 34 Product 841,34,378,46.52,88.63
842,Category 36 Product 842,36,177,56.18,102.39
843,Category 29 Product 843,29,16,48.2,84.67
844,Category 50 Product 844,50,138,420.44,907.1
845,Category 24 Product 845,24,241,288.34,584.97
846,Category 33 Product 846,33,31,18.46,39.3
847,Category 35 Product 847,35,172,13.23,18.53
848,Category 41 Product 848,41,464,58.14,89.93
849,Category 40 Product 849,40,453,23.03,39.89
850,Beauty Product 850,9,141,9.21,12.29
851,Music Product 851,19,279,7.92,17.52
852,Music Product 852,19,417,26.39,56.27
853,Garden Product 853,12,46,70.93,103.59
854,Office Product 854,14,341,25.01,58.86
855,Category 25 Product 855,25,102,13.15,22.66
856,Category 49 Product 856,49,82,40.54,80.71
857,Computers Product 857,2,278,23.72,46.7
858,Category 41 Product 858,41,379,29.52,49.62
859,Category 29 Product 859,29,339,100.42,232.75
860,Category 28 Product 860,28,409,23.81,47.0
861,Shoes Product 861,7,70,28.19,60.19
862,Health Product 862,17,233,127.44,283.39
863,Health Product 863,17,253,11.35,18.44
864,Health Product 864,17,462,5.36,7.19
865,Category 48 Product 865,48,80,18.25,35.02
866,Category 37 Product 866,37,422,32.18,42.27
867,Category 21 Product 867,21,263,141.66,281.34
868,Category 25 Product 868,25,174,16.51,41.12
869,Health Product 869,17,375,28.44,40.77
870,Beauty Product 870,9,365,37.72,88.08
871,Category 46 Product 871,46,109,26.53,53.6
872,Category 48 Product 872,48,327,2.74,6.72
873,Clothing Product 873,6,80,10.72,16.39
874,Category 32 Product 874,32,288,56.9,122.18
875,Category 48 Product 875,48,387,461.44,885.89
876,Jewelry Product 876,15,245,40.2,74.55
877,Category 22 Product 877,22,175,31.06,67.16
878,Category 45 Product 878,45,415,30.29,42.1
879,Category 25 Product 879,25,237,125.05,258.5
880,Music Product 880,19,30,41.9,99.66
881,Garden Product 881,12,287,35.97,65.62
882,Travel Product 882,20,442,20.5,27.87
883,Category 34 Product 883,34,60,11.23,13.8
884,Music Product 884,19,223,14.79,25.36
885,Category 22 Product 885,22,155,17.71,25.75
886,Category 29 Product 886,29,405,151.93,196.06
887,Category 32 Product 887,32,304,67.33,96.44
888,Health Product 888,17,97,29.43,73.17
889,Category 26 Product 889,26,167,44.96,83.53
890,Category 41 Product 890,41,417,35.66,44.23
891,Category 39 Product 891,39,284,29.66,56.85
892,Category 43 Product 892,43,114,7.57,9.91
893,Automotive Product 893,13,257,27.96,47.38
894,Category 29 Product 894,29,401,44.32,67.5
895,Category 40 Product 895,40,151,21.7,53.23
896,Furniture Product 896,5,83,16.4,39.59
897,Category 23 Product 897,23,40,24.97,36.37
898,Office Product 898,14,355,39.84,82.34
899,Office Product 899,14,177,72.54,162.27
900,Category 47 Product 900,47,403,43.7,94.79
901,Category 49 Product 901,49,80,34.39,77.63
902,Category 40 Product 902,40,82,25.47,49.41
903,Sports Product 903,8,147,92.19,167.93
904,Travel Product 904,20,372,34.38,77.0
905,Office Product 905,14,481,53.73,84.47
906,Category 50 Product 906,50,446,43.73,86.73
907,Category 31 Product 907,31,346,135.0,240.69
908,Category 40 Product 908,40,196,55.07,109.01
909,Category 34 Product 909,34,183,124.32,252.79
910,Category 41 Product 910,41,140,106.03,210.47
911,Category 34 Product 911,34,55,12.33,19.33
912,Category 50 Product 912,50,306,36.2,57.69
913,Category 31 Product 913,31,48,14.03,27.3
914,Gaming Product 914,18,213,23.54,41.22
915,Category 28 Product 915,28,28,79.21,177.75
916,Music Product 916,19,129,334.47,522.8
917,Toys Product 917,11,444,46.62,79.87
918,Category 47 Product 918,47,401,65.12,122.08
919,Beauty Product 919,9,83,23.34,50.1
920,Category 33 Product 920,33,107,41.83,102.5
921,Garden Product 921,12,323,13.01,16.72
922,Category 39 Product 922,39,144,141.0,240.07
923,Category 44 Product 923,44,463,87.85,108.74
924,Travel Product 924,20,96,29.89,57.08
925,Category 25 Product 925,25,239,77.94,96.11
926,Category 30 Product 926,30,387,99.72,228.02
927,Category 31 Product 927,31,327,50.44,119.57
928,Category 21 Product 928,21,21,17.52,40.29
929,Category 42 Product 929,42,233,69.73,114.89
930,Category 26 Product 930,26,331,33.08,78.46
931,Category 21 Product 931,21,46,45.2,69.0
932,Health Product 932,17,437,36.0,59.16
933,Category 23 Product 933,23,96,36.21,72.96
934,Clothing Product 934,6,422,17.94,27.22
935,Toys Product 935,11,55,27.0,58.91
936,Automotive Product 936,13,141,1149.0,2512.09
937,Category 48 Product 937,48,269,10.69,12.84
938,Category 42 Product 938,42,154,9.57,19.11
939,Category 50 Product 939,50,49,9.77,20.27
940,Category 22 Product 940,22,269,138.27,305.17
941,Shoes Product 941,7,244,11.09,25.45
942,Garden Product 942,12,294,711.83,1001.89
943,Category 49 Product 943,49,318,15.36,30.04
944,Home Appliances Product 944,4,64,33.96,72.75
945,Home Appliances Product 945,4,235,175.9,275.28
946,Category 27 Product 946,27,374,31.65,38.61
947,Category 36 Product 947,36,141,3.13,5.92
948,Category 43 Product 948,43,259,30.05,57.36
949,Clothing Product 949,6,440,6.38,9.86
950,Category 49 Product 950,49,328,2.99,7.11
951,Music Product 951,19,105,54.65,109.84
952,Category 38 Product 952,38,73,16.06,28.38
953,Category 37 Product 953,37,303,75.58,160.09
954,Category 36 Product 954,36,184,447.17,636.73
955,Category 35 Product 955,35,128,57.96,100.55
956,Garden Product 956,12,204,24.92,36.48
957,Category 28 Product 957,28,349,7.03,13.46
958,Category 24 Product 958,24,426,18.77,45.42
959,Category 49 Product 959,49,466,55.39,75.46
960,Sports Product 960,8,243,45.8,91.39
961,Category 38 Product 961,38,470,8.95,14.08
962,Health Product 962,17,321,47.72,81.97
963,Jewelry Product 963,15,55,13.64,19.38
964,Office Product 964,14,480,13.42,26.13
965,Clothing Product 965,6,179,7.79,13.29
966,Garden Product 966,12,213,186.44,229.83
967,Category 38 Product 967,38,342,56.24,74.68
968,Travel Product 968,20,250,32.29,46.36
969,Category 31 Product 969,31,386,28.67,47.07
970,Category 35 Product 970,35,305,9.06,22.26
971,Category 46 Product 971,46,186,17.11,21.82
972,Category 33 Product 972,33,190,69.89,86.52
973,Sports Product 973,8,346,92.71,216.57
974,Category 48 Product 974,48,42,20.05,31.6
975,Category 33 Product 975,33,232,23.28,28.26
976,Category 48 Product 976,48,110,32.53,53.91
977,Beauty Product 977,9,459,57.28,78.91
978,Category 35 Product 978,35,500,28.09,68.35
979,Category 36 Product 979,36,39,44.72,77.84
980,Category 29 Product 980,29,273,1.34,2.87
981,Category 50 Product 981,50,390,45.53,101.8
982,Music Product 982,19,124,33.63,66.09
983,Category 39 Product 983,39,312,108.54,214.11
984,Category 50 Product 984,50,214,11.63,24.07
985,Office Product 985,14,23,28.53,54.06
986,Category 33 Product 986,33,130,23.0,30.6
987,Category 24 Product 987,24,12,20.86,39.89
988,Category 34 Product 988,34,377,78.89,195.85
989,Category 41 Product 989,41,64,30.62,39.09
990,Health Product 990,17,75,13.57,20.15
991,Category 27 Product 991,27,396,29.95,48.59
992,Category 34 Product 992,34,248,61.45,128.33
993,Electronics Product 993,1,377,165.08,280.11
994,Category 46 Product 994,46,340,44.39,78.07
995,Category 33 Product 995,33,314,185.2,319.97
996,Category 35 Product 996,35,436,16.46,31.78
997,Health Product 997,17,461,31.97,64.3
998,Category 27 Product 998,27,280,10.97,20.9
999,Toys Product 999,11,86,33.53,81.18
1000,Category 32 Product 1000,32,121,75.31,180.16
1001,Category 49 Product 1001,49,141,60.06,83.78
1002,Category 21 Product 1002,21,407,122.82,271.42
1003,Category 39 Product 1003,39,171,15.59,32.06
1004,Category 36 Product 1004,36,416,31.35,64.17
1005,Travel Product 1005,20,2,47.44,104.97
1006,Category 30 Product 1006,30,185,28.77,68.88
1007,Beauty Product 1007,9,159,14.27,26.35
1008,Category 33 Product 1008,33,192,52.78,105.11
1009,Home Appliances Product 1009,4,243,30.19,72.49
1010,Office Product 1010,14,380,25.67,52.43
1011,Category 22 Product 1011,22,397,310.22,495.55
1012,Shoes Product 1012,7,428,56.01,118.27
1013,Category 37 Product 1013,37,68,75.55,131.49
1014,Automotive Product 1014,13,248,27.52,40.05
1015,Category 29 Product 1015,29,88,83.81,193.25
1016,Jewelry Product 1016,15,484,66.79,93.93
1017,Category 44 Product 1017,44,372,33.67,77.79
1018,Travel Product 1018,20,154,76.45,129.13
1019,Shoes Product 1019,7,429,108.02,232.18
1020,Garden Product 1020,12,350,10.0,22.36
1021,Gaming Product 1021,18,473,47.31,64.2
1022,Category 49 Product 1022,49,283,31.14,48.5
1023,Beauty Product 1023,9,202,15.64,26.27
1024,Category 36 Product 1024,36,274,176.18,232.21
1025,Category 33 Product 1025,33,22,59.43,93.91
1026,Category 24 Product 1026,24,294,121.08,222.72
1027,Category 41 Product 1027,41,145,15.53,21.37
1028,Automotive Product 1028,13,69,18.28,27.33
1029,Category 37 Product 1029,37,277,22.72,44.5
1030,Category 38 Product 1030,38,332,8.72,12.07
1031,Category 24 Product 1031,24,488,221.59,526.46
1032,Clothing Product 1032,6,126,35.25,70.64
1033,Clothing Product 1033,6,399,5.23,10.56
1034,Category 21 Product 1034,21,102,17.65,40.86
1035,Smartphones Product 1035,3,319,9.42,12.36
1036,Category 21 Product 1036,21,443,8.37,10.78
1037,Travel Product 1037,20,380,22.25,38.92
1038,Category 44 Product 1038,44,390,11.15,17.43
1039,Electronics Product 1039,1,84,17.47,22.2
1040,Category 34 Product 1040,34,214,13.82,23.87
1041,Category 33 Product 1041,33,372,179.29,371.27
1042,Music Product 1042,19,314,24.49,30.59
1043,Category 37 Product 1043,37,91,17.86,28.5
1044,Office Product 1044,14,264,25.42,47.01
1045,Jewelry Product 1045,15,173,17.06,35.75
1046,Home Appliances Product 1046,4,113,83.66,112.71
1047,Category 31 Product 1047,31,178,12.09,23.33
1048,Music Product 1048,19,222,251.44,508.3
1049,Category 28 Product 1049,28,376,148.58,180.81
1050,Category 40 Product 1050,40,485,8.38,12.16
1051,Category 33 Product 1051,33,165,18.98,32.52
1052,Gaming Product 1052,18,358,33.22,74.47
1053,Office Product 1053,14,231,17.15,40.23
1054,Category 48 Product 1054,48,146,30.87,71.42
1055,Category 29 Product 1055,29,36,106.34,192.42
1056,Category 35 Product 1056,35,185,12.33,25.5
1057,Category 45 Product 1057,45,480,22.7,34.89
1058,Garden Product 1058,12,123,225.55,372.3
1059,Category 21 Product 1059,21,1,46.11,112.45
1060,Sports Product 1060,8,395,19.5,37.3
1061,Category 40 Product 1061,40,107,26.56,47.6
1062,Music Product 1062,19,83,5.93,7.75
1063,Category 39 Product 1063,39,237,21.8,34.51
1064,Category 32 Product 1064,32,41,7.4,16.35
1065,Category 24 Product 1065,24,244,23.64,50.6
1066,Category 47 Product 1066,47,87,9.47,20.86
1067,Category 48 Product 1067,48,418,5.18,10.96
1068,Category 23 Product 1068,23,299,94.82,208.06
1069,Category 38 Product 1069,38,384,75.01,121.56
1070,Category 33 Product 1070,33,244,23.44,52.22
1071,Pet Supplies Product 1071,16,177,94.9,231.95
1072,Books Product 1072,10,456,16.09,22.91
1073,Category 28 Product 1073,28,137,148.19,223.94
1074,Category 35 Product 1074,35,185,29.13,69.1
1075,Category 43 Product 1075,43,232,21.06,50.71
1076,Category 37 Product 1076,37,229,26.22,35.56
1077,Travel Product 1077,20,200,21.75,53.92
1078,Category 48 Product 1078,48,258,26.62,55.53
1079,Category 42 Product 1079,42,191,78.94,100.91
1080,Beauty Product 1080,9,173,28.75,59.39
1081,Category 34 Product 1081,34,453,147.62,335.31
1082,Category 25 Product 1082,25,66,23.12,49.35
1083,Category 25 Product 1083,25,276,49.72,103.43
1084,Electronics Product 1084,1,334,10.93,18.6
1085,Music Product 1085,19,294,95.91,211.64
1086,Automotive Product 1086,13,315,149.55,185.19
1087,Music Product 1087,19,318,11.88,21.06
1088,Category 48 Product 1088,48,425,80.45,109.33
1089,Category 27 Product 1089,27,73,26.38,51.14
1090,Garden Product 1090,12,78,21.79,49.23
1091,Category 31 Product 1091,31,389,21.06,36.1
1092,Jewelry Product 1092,15,422,24.88,56.84
1093,Category 23 Product 1093,23,175,11.7,25.44
1094,Music Product 1094,19,32,47.34,86.49
1095,Toys Product 1095,11,223,20.12,37.42
1096,Automotive Product 1096,13,396,10.6,24.32
1097,Category 23 Product 1097,23,93,24.15,47.74
1098,Category 26 Product 1098,26,82,276.32,493.48
1099,Category 30 Product 1099,30,378,8.41,10.58
1100,Category 31 Product 1100,31,461,29.31,56.34
1101,Electronics Product 1101,1,354,47.25,57.31
1102,Category 29 Product 1102,29,227,31.62,65.62
1103,Category 46 Product 1103,46,138,6.57,9.79
1104,Home Appliances Product 1104,4,146,49.72,61.96
1105,Travel Product 1105,20,250,12.29,19.97
1106,Sports Product 1106,8,238,11.76,21.92
1107,Category 46 Product 1107,46,356,57.14,91.26
1108,Gaming Product 1108,18,237,32.1,70.46
1109,Pet Supplies Product 1109,16,213,14.69,22.73
1110,Category 24 Product 1110,24,297,83.56,128.0
1111,Beauty Product 1111,9,500,28.17,36.78
1112,Category 28 Product 1112,28,293,6.56,15.8
1113,Category 38 Product 1113,38,425,168.79,325.46
1114,Category 23 Product 1114,23,50,12.23,18.28
1115,Category 27 Product 1115,27,73,23.82,38.44
1116,Smartphones Product 1116,3,445,24.91,31.08
1117,Category 48 Product 1117,48,45,136.77,257.51
1118,Beauty Product 1118,9,406,25.51,47.79
1119,Category 41 Product 1119,41,420,25.78,44.85
1120,Beauty Product 1120,9,4,85.85,154.9
1121,Travel Product 1121,20,401,51.76,72.95
1122,Category 44 Product 1122,44,314,47.79,114.18
1123,Category 42 Product 1123,42,252,17.2,35.61
1124,Category 47 Product 1124,47,148,70.81,170.17
1125,Category 27 Product 1125,27,155,7.12,13.53
1126,Shoes Product 1126,7,24,4.39,10.79
1127,Sports Product 1127,8,141,264.57,345.35
1128,Category 39 Product 1128,39,344,6.7,8.39
1129,Jewelry Product 1129,15,373,91.54,175.69
1130,Category 36 Product 1130,36,460,20.51,36.89
1131,Travel Product 1131,20,151,22.94,33.69
1132,Category 38 Product 1132,38,404,13.61,24.56
1133,Music Product 1133,19,91,35.01,62.59
1134,Health Product 1134,17,135,6.65,14.31
1135,Pet Supplies Product 1135,16,113,103.01,176.77
1136,Pet Supplies Product 1136,16,60,44.78,66.14
1137,Pet Supplies Product 1137,16,408,6.5,8.63
1138,Category 43 Product 1138,43,175,9.78,18.77
1139,Category 25 Product 1139,25,59,70.47,102.12
1140,Sports Product 1140,8,222,106.19,151.92
1141,Jewelry Product 1141,15,420,65.64,101.73
1142,Category 37 Product 1142,37,230,43.87,89.21
1143,Home Appliances Product 1143,4,449,42.85,63.84
1144,Beauty Product 1144,9,136,35.28,48.08
1145,Jewelry Product 1145,15,73,117.7,226.96
1146,Category 22 Product 1146,22,226,10.84,26.58
1147,Category 30 Product 1147,30,373,32.76,53.84
1148,Category 22 Product 1148,22,141,78.56,153.07
1149,Category 27 Product 1149,27,303,4.45,9.02
1150,Category 39 Product 1150,39,164,50.29,67.59
1151,Toys Product 1151,11,69,46.73,59.84
1152,Category 44 Product 1152,44,170,19.93,41.49
1153,Furniture Product 1153,5,422,23.51,50.19
1154,Category 43 Product 1154,43,198,66.94,157.8
1155,Category 29 Product 1155,29,324,25.44,44.47
1156,Category 50 Product 1156,50,145,29.03,47.56
1157,Music Product 1157,19,413,62.35,140.58
1158,Category 28 Product 1158,28,315,27.2,52.01
1159,Category 29 Product 1159,29,10,162.07,308.89
1160,Category 25 Product 1160,25,20,26.97,41.8
1161,Category 32 Product 1161,32,96,35.95,72.13
1162,Category 27 Product 1162,27,146,232.68,444.19
1163,Category 28 Product 1163,28,275,38.5,58.6
1164,Category 33 Product 1164,33,85,30.11,73.59
1165,Category 27 Product 1165,27,382,65.21,136.07
1166,Category 37 Product 1166,37,491,16.69,30.67
1167,Category 46 Product 1167,46,97,12.89,29.21
1168,Category 33 Product 1168,33,17,83.74,105.19
1169,Garden Product 1169,12,286,54.67,135.91
1170,Category 43 Product 1170,43,384,80.17,132.12
1171,Books Product 1171,10,459,42.11,62.25
1172,Category 36 Product 1172,36,271,35.13,74.56
1173,Category 39 Product 1173,39,5,22.15,37.25
1174,Category 49 Product 1174,49,19,10.41,25.99
1175,Books Product 1175,10,271,17.84,27.89
1176,Category 37 Product 1176,37,459,7.06,9.63
1177,Toys Product 1177,11,374,1.64,2.3
1178,Category 21 Product 1178,21,307,3.27,4.74
1179,Category 48 Product 1179,48,257,18.05,27.99
1180,Category 21 Product 1180,21,80,14.02,34.19
1181,Category 37 Product 1181,37,91,187.0,301.98
1182,Travel Product 1182,20,110,29.65,64.94
1183,Category 28 Product 1183,28,260,32.28,64.94
1184,Category 37 Product 1184,37,393,97.6,227.5
1185,Category 32 Product 1185,32,496,9.27,21.26
1186,Category 25 Product 1186,25,295,37.28,87.75
1187,Clothing Product 1187,6,154,126.11,296.15
1188,Sports Product 1188,8,409,124.48,251.7
1189,Jewelry Product 1189,15,42,23.04,35.57
1190,Health Product 1190,17,389,53.19,113.4
1191,Category 31 Product 1191,31,498,68.85,167.61
1192,Furniture Product 1192,5,144,18.7,40.93
1193,Automotive Product 1193,13,314,75.37,144.16
1194,Category 47 Product 1194,47,327,25.85,50.93
1195,Category 46 Product 1195,46,8,576.78,1331.1
1196,Category 42 Product 1196,42,358,145.0,312.81
1197,Books Product 1197,10,221,14.06,21.62
1198,Books Product 1198,10,286,238.63,466.03
1199,Category 29 Product 1199,29,179,164.24,298.66
1200,Category 34 Product 1200,34,416,138.97,218.91
1201,Category 48 Product 1201,48,354,19.67,25.27
1202,Category 38 Product 1202,38,94,37.45,50.42
1203,Pet Supplies Product 1203,16,129,43.95,103.11
1204,Category 48 Product 1204,48,68,49.1,109.76
1205,Jewelry Product 1205,15,226,15.63,19.01
1206,Health Product 1206,17,392,43.29,77.92
1207,Electronics Product 1207,1,439,49.73,113.67
1208,Beauty Product 1208,9,420,185.09,415.72
1209,Books Product 1209,10,22,12.34,19.03
1210,Electronics Product 1210,1,412,13.51,32.63
1211,Toys Product 1211,11,410,43.79,101.44
1212,Category 34 Product 1212,34,95,59.14,91.54
1213,Category 30 Product 1213,30,54,384.0,901.93
1214,Category 30 Product 1214,30,267,15.1,21.79
1215,Category 32 Product 1215,32,133,270.18,567.08
1216,Category 37 Product 1216,37,494,49.39,83.28
1217,Toys Product 1217,11,343,14.8,19.17
1218,Garden Product 1218,12,439,36.55,78.68
1219,Category 24 Product 1219,24,452,94.3,118.1
1220,Electronics Product 1220,1,123,48.82,79.58
1221,Category 25 Product 1221,25,123,65.64,153.12
1222,Home Appliances Product 1222,4,219,60.55,126.22
1223,Shoes Product 1223,7,1,61.62,132.79
1224,Category 34 Product 1224,34,479,7.95,13.68
1225,Toys Product 1225,11,8,45.39,74.61
1226,Category 28 Product 1226,28,468,15.48,29.17
1227,Category 50 Product 1227,50,313,10.75,24.47
1228,Category 34 Product 1228,34,73,171.7,283.53
1229,Category 50 Product 1229,50,451,50.23,97.53
1230,Category 22 Product 1230,22,160,98.45,201.79
1231,Category 42 Product 1231,42,187,26.98,60.6
1232,Category 38 Product 1232,38,257,108.74,194.63
1233,Garden Product 1233,12,46,22.32,28.15
1234,Clothing Product 1234,6,329,7.88,12.1
1235,Clothing Product 1235,6,75,112.83,171.2
1236,Gaming Product 1236,18,403,22.09,38.97
1237,Category 32 Product 1237,32,308,31.1,70.49
1238,Category 42 Product 1238,42,67,40.43,70.45
1239,Jewelry Product 1239,15,414,121.07,299.53
1240,Category 22 Product 1240,22,54,40.61,70.56
1241,Jewelry Product 1241,15,493,17.01,23.16
1242,Category 22 Product 1242,22,472,54.54,117.33
1243,Sports Product 1243,8,298,178.33,284.6
1244,Category 29 Product 1244,29,410,17.63,25.57
1245,Beauty Product 1245,9,341,58.93,124.39
1246,Category 23 Product 1246,23,272,55.01,73.8
1247,Books Product 1247,10,248,12.35,26.26
1248,Music Product 1248,19,97,14.17,33.44
1249,Garden Product 1249,12,414,26.24,64.09
1250,Beauty Product 1250,9,224,4.98,11.47
1251,Category 38 Product 1251,38,271,28.4,35.68
1252,Category 31 Product 1252,31,30,46.94,94.89
1253,Category 30 Product 1253,30,161,91.4,211.59
1254,Beauty Product 1254,9,342,70.72,163.02
1255,Clothing Product 1255,6,189,212.14,394.07
1256,Travel Product 1256,20,286,428.01,831.32
1257,Category 22 Product 1257,22,217,20.29,39.11
1258,Gaming Product 1258,18,78,67.25,162.87
1259,Shoes Product 1259,7,321,17.92,25.66
1260,Category 39 Product 1260,39,387,178.35,397.51
1261,Furniture Product 1261,5,263,108.66,174.62
1262,Office Product 1262,14,227,36.36,64.4
1263,Category 22 Product 1263,22,28,59.8,109.41
1264,Category 44 Product 1264,44,64,47.6,106.96
1265,Office Product 1265,14,487,32.17,63.47
1266,Jewelry Product 1266,15,167,36.21,68.49
1267,Category 45 Product 1267,45,26,114.67,279.63
1268,Category 40 Product 1268,40,288,34.08,55.42
1269,Health Product 1269,17,340,31.74,68.1
1270,Category 39 Product 1270,39,440,21.03,41.73
1271,Gaming Product 1271,18,2,44.39,76.9
1272,Category 43 Product 1272,43,216,8.91,14.46
1273,Jewelry Product 1273,15,57,111.21,144.52
1274,Automotive Product 1274,13,488,18.92,33.18
1275,Category 26 Product 1275,26,36,28.29,51.93
1276,Category 48 Product 1276,48,368,4.93,9.74
1277,Category 22 Product 1277,22,149,37.88,59.51
1278,Clothing Product 1278,6,285,76.71,176.9
1279,Category 33 Product 1279,33,125,13.97,29.08
1280,Category 21 Product 1280,21,84,4.03,7.28
1281,Category 44 Product 1281,44,272,49.87,101.11
1282,Category 29 Product 1282,29,487,13.78,29.0
1283,Category 40 Product 1283,40,425,14.5,34.76
1284,Category 44 Product 1284,44,23,19.78,48.84
1285,Home Appliances Product 1285,4,274,138.87,310.57
1286,Category 49 Product 1286,49,341,43.0,67.72
1287,Category 41 Product 1287,41,491,119.83,238.98
1288,Category 35 Product 1288,35,255,19.92,37.93
1289,Category 49 Product 1289,49,177,23.54,38.82
1290,Smartphones Product 1290,3,454,17.47,29.15
1291,Category 41 Product 1291,41,98,5.85,9.47
1292,Category 47 Product 1292,47,384,42.64,99.21
1293,Category 26 Product 1293,26,83,128.92,270.99
1294,Category 48 Product 1294,48,331,71.11,92.59
1295,Category 43 Product 1295,43,1,55.7,86.01
1296,Shoes Product 1296,7,100,50.56,72.55
1297,Furniture Product 1297,5,214,13.76,27.67
1298,Category 37 Product 1298,37,442,68.61,105.42
1299,Clothing Product 1299,6,500,29.72,58.18
1300,Category 40 Product 1300,40,224,10.26,20.7
1301,Category 25 Product 1301,25,34,33.51,58.2
1302,Category 41 Product 1302,41,390,24.45,43.91
1303,Category 22 Product 1303,22,480,78.9,99.55
1304,Pet Supplies Product 1304,16,308,31.81,77.38
1305,Category 28 Product 1305,28,377,22.71,51.41
1306,Category 28 Product 1306,28,316,21.9,47.2
1307,Category 46 Product 1307,46,97,30.26,38.97
1308,Category 24 Product 1308,24,495,16.08,23.88
1309,Category 43 Product 1309,43,352,34.07,55.61
1310,Automotive Product 1310,13,56,54.53,76.93
1311,Music Product 1311,19,326,178.69,307.05
1312,Category 50 Product 1312,50,489,28.07,54.29
1313,Category 26 Product 1313,26,87,6.81,15.16
1314,Smartphones Product 1314,3,205,35.48,63.92
1315,Furniture Product 1315,5,429,17.83,28.04
1316,Category 30 Product 1316,30,234,40.24,50.88
1317,Category 30 Product 1317,30,268,32.48,54.28
1318,Category 21 Product 1318,21,250,3.6,6.88
1319,Category 37 Product 1319,37,21,49.91,89.72
1320,Jewelry Product 1320,15,289,22.33,39.39
1321,Office Product 1321,14,346,36.46,60.76
1322,Computers Product 1322,2,432,6.61,8.42
1323,Category 48 Product 1323,48,132,80.69,100.34
1324,Category 41 Product 1324,41,494,24.99,55.62
1325,Category 40 Product 1325,40,42,17.32,28.24
1326,Category 40 Product 1326,40,350,66.51,164.96
1327,Music Product 1327,19,464,13.72,28.93
1328,Electronics Product 1328,1,333,61.73,139.11
1329,Category 49 Product 1329,49,39,129.07,236.19
1330,Category 23 Product 1330,23,327,18.63,46.02
1331,Sports Product 1331,8,173,18.9,37.75
1332,Music Product 1332,19,342,9.96,20.18
1333,Music Product 1333,19,51,22.89,49.75
1334,Category 25 Product 1334,25,256,15.62,20.54
1335,Electronics Product 1335,1,61,19.36,38.51
1336,Category 43 Product 1336,43,138,41.03,50.45
1337,Automotive Product 1337,13,91,46.2,98.03
1338,Category 46 Product 1338,46,303,114.46,244.6
1339,Category 46 Product 1339,46,373,139.83,297.35
1340,Home Appliances Product 1340,4,132,21.28,36.08
1341,Electronics Product 1341,1,237,17.57,43.34
1342,Shoes Product 1342,7,238,11.8,27.54
1343,Category 49 Product 1343,49,466,3.77,5.61
1344,Category 32 Product 1344,32,85,98.94,243.06
1345,Category 32 Product 1345,32,83,35.12,70.57
1346,Garden Product 1346,12,69,19.98,45.49
1347,Category 35 Product 1347,35,293,12.59,30.89
1348,Pet Supplies Product 1348,16,309,16.07,32.04
1349,Category 31 Product 1349,31,166,79.88,152.48
1350,Category 48 Product 1350,48,74,44.53,78.72
1351,Gaming Product 1351,18,429,19.63,41.78
1352,Category 31 Product 1352,31,399,57.61,95.23
1353,Category 42 Product 1353,42,15,21.02,46.37
1354,Category 46 Product 1354,46,331,31.28,59.13
1355,Category 30 Product 1355,30,477,181.09,296.97
1356,Beauty Product 1356,9,209,25.84,60.1
1357,Category 31 Product 1357,31,314,33.56,62.77
1358,Category 49 Product 1358,49,412,63.55,156.42
1359,Category 40 Product 1359,40,102,24.19,42.98
1360,Category 34 Product 1360,34,429,38.17,83.93
1361,Category 46 Product 1361,46,97,9.64,23.55
1362,Clothing Product 1362,6,421,40.02,67.5
1363,Category 45 Product 1363,45,26,69.74,123.09
1364,Category 33 Product 1364,33,491,16.79,39.91
1365,Category 39 Product 1365,39,384,14.44,22.21
1366,Books Product 1366,10,36,9.37,18.57
1367,Category 32 Product 1367,32,469,23.5,30.35
1368,Pet Supplies Product 1368,16,58,22.11,33.42
1369,Jewelry Product 1369,15,149,17.52,36.28
1370,Category 22 Product 1370,22,174,63.92,131.4
1371,Category 26 Product 1371,26,300,9.24,15.06
1372,Category 47 Product 1372,47,144,51.83,91.3
1373,Computers Product 1373,2,358,39.97,89.83
1374,Category 44 Product 1374,44,467,59.88,98.27
1375,Category 22 Product 1375,22,465,32.81,68.62
1376,Health Product 1376,17,73,8.31,17.44
1377,Office Product 1377,14,194,10.93,22.37
1378,Category 39 Product 1378,39,25,30.19,68.76
1379,Category 39 Product 1379,39,355,77.01,109.17
1380,Category 34 Product 1380,34,65,37.46,63.56
1381,Category 36 Product 1381,36,134,64.0,93.78
1382,Books Product 1382,10,249,70.04,86.7
1383,Category 36 Product 1383,36,335,19.64,42.8
1384,Category 27 Product 1384,27,364,29.96,52.31
1385,Automotive Product 1385,13,398,67.99,122.39
1386,Gaming Product 1386,18,333,32.72,65.49
1387,Category 47 Product 1387,47,228,19.65,36.18
1388,Beauty Product 1388,9,354,221.2,419.78
1389,Category 42 Product 1389,42,71,9.11,22.11
1390,Category 33 Product 1390,33,377,71.8,106.69
1391,Home Appliances Product 1391,4,412,17.49,24.72
1392,Music Product 1392,19,146,19.95,39.9
1393,Computers Product 1393,2,65,37.16,64.61
1394,Category 29 Product 1394,29,420,105.07,126.69
1395,Category 49 Product 1395,49,94,32.86,47.13
1396,Category 21 Product 1396,21,118,94.1,144.25
1397,Category 34 Product 1397,34,44,134.77,250.51
1398,Garden Product 1398,12,325,36.57,83.87
1399,Category 25 Product 1399,25,132,32.02,56.55
1400,Smartphones Product 1400,3,94,102.04,172.96
1401,Books Product 1401,10,148,32.49,47.86
1402,Category 33 Product 1402,33,170,19.51,39.94
1403,Music Product 1403,19,320,14.34,26.41
1404,Music Product 1404,19,201,77.42,98.84
1405,Health Product 1405,17,2,19.17,37.34
1406,Clothing Product 1406,6,76,32.33,43.8
1407,Office Product 1407,14,269,53.78,65.6
1408,Office Product 1408,14,265,5.97,13.88
1409,Category 32 Product 1409,32,361,158.36,352.79
1410,Smartphones Product 1410,3,286,49.53,74.19
1411,Home Appliances Product 1411,4,14,47.56,82.52
1412,Clothing Product 1412,6,183,47.09,90.27
1413,Category 25 Product 1413,25,388,86.98,184.66
1414,Category 25 Product 1414,25,22,10.5,18.66
1415,Office Product 1415,14,485,24.64,50.47
1416,Category 40 Product 1416,40,148,261.53,613.83
1417,Category 46 Product 1417,46,200,34.95,60.67
1418,Category 28 Product 1418,28,300,38.24,57.31
1419,Category 46 Product 1419,46,205,37.55,45.95
1420,Category 25 Product 1420,25,177,22.04,39.74
1421,Category 28 Product 1421,28,3,10.22,22.32
1422,Category 49 Product 1422,49,222,79.86,123.6
1423,Category 45 Product 1423,45,490,8.2,14.42
1424,Automotive Product 1424,13,221,19.09,44.63
1425,Category 21 Product 1425,21,269,56.83,96.93
1426,Home Appliances Product 1426,4,106,28.51,53.18
1427,Sports Product 1427,8,436,59.69,115.38
1428,Category 50 Product 1428,50,58,32.42,42.65
1429,Category 39 Product 1429,39,267,46.67,111.56
1430,Category 30 Product 1430,30,399,125.02,219.01
1431,Category 38 Product 1431,38,356,26.17,61.8
1432,Category 49 Product 1432,49,119,86.0,154.77
1433,Music Product 1433,19,218,27.24,50.0
1434,Garden Product 1434,12,472,20.06,29.98
1435,Jewelry Product 1435,15,344,38.73,51.91
1436,Category 43 Product 1436,43,485,40.73,70.68
1437,Category 25 Product 1437,25,465,25.12,41.29
1438,Electronics Product 1438,1,124,5.04,12.27
1439,Category 45 Product 1439,45,468,240.53,443.69
1440,Category 35 Product 1440,35,80,33.94,48.07
1441,Shoes Product 1441,7,383,13.83,16.87
1442,Books Product 1442,10,257,38.4,54.94
1443,Shoes Product 1443,7,337,15.15,24.51
1444,Home Appliances Product 1444,4,480,61.08,135.0
1445,Automotive Product 1445,13,280,58.48,110.91
1446,Beauty Product 1446,9,103,23.13,50.99
1447,Category 45 Product 1447,45,102,93.73,175.28
1448,Category 49 Product 1448,49,119,101.41,239.11
1449,Travel Product 1449,20,296,38.29,76.72
1450,Category 23 Product 1450,23,244,37.08,76.88
1451,Category 21 Product 1451,21,253,12.11,21.09
1452,Category 45 Product 1452,45,377,40.26,94.13
1453,Health Product 1453,17,190,7.54,16.88
1454,Home Appliances Product 1454,4,214,51.08,123.39
1455,Category 35 Product 1455,35,366,43.46,95.91
1456,Books Product 1456,10,251,15.61,33.44
1457,Computers Product 1457,2,63,6.36,15.13
1458,Category 42 Product 1458,42,232,5.8,11.64
1459,Category 50 Product 1459,50,177,30.12,40.64
1460,Travel Product 1460,20,428,4.32,7.57
1461,Category 28 Product 1461,28,23,25.24,46.51
1462,Smartphones Product 1462,3,97,80.2,112.13
1463,Category 35 Product 1463,35,62,29.99,64.48
1464,Category 27 Product 1464,27,493,20.95,37.29
1465,Smartphones Product 1465,3,439,13.14,29.82
1466,Category 32 Product 1466,32,328,12.13,15.96
1467,Category 41 Product 1467,41,269,153.61,331.34
1468,Category 33 Product 1468,33,56,38.06,45.95
1469,Books Product 1469,10,249,61.69,118.84
1470,Category 33 Product 1470,33,353,18.57,38.36
1471,Electronics Product 1471,1,219,35.87,47.26
1472,Category 27 Product 1472,27,164,22.14,42.39
1473,Category 39 Product 1473,39,57,16.01,25.25
1474,Category 25 Product 1474,25,465,7.72,15.95
1475,Toys Product 1475,11,84,51.77,91.07
1476,Category 26 Product 1476,26,312,10.18,18.61
1477,Category 26 Product 1477,26,170,77.85,157.31
1478,Category 37 Product 1478,37,178,247.59,557.97
1479,Pet Supplies Product 1479,16,9,7.06,13.23
1480,Garden Product 1480,12,64,40.09,51.54
1481,Category 21 Product 1481,21,5,24.79,48.14
1482,Garden Product 1482,12,65,153.43,201.98
1483,Electronics Product 1483,1,198,70.99,169.35
1484,Automotive Product 1484,13,301,26.0,40.71
1485,Category 33 Product 1485,33,62,18.98,36.64
1486,Category 37 Product 1486,37,438,14.22,20.78
1487,Category 33 Product 1487,33,360,48.89,91.12
1488,Health Product 1488,17,180,39.83,78.42
1489,Category 30 Product 1489,30,123,43.37,93.46
1490,Shoes Product 1490,7,56,47.88,87.19
1491,Category 27 Product 1491,27,65,26.98,51.43
1492,Music Product 1492,19,265,12.12,27.14
1493,Category 38 Product 1493,38,160,12.89,29.24
1494,Shoes Product 1494,7,363,39.32,53.06
1495,Computers Product 1495,2,255,110.61,172.22
1496,Category 28 Product 1496,28,483,31.66,76.67
1497,Clothing Product 1497,6,93,78.49,133.0
1498,Category 47 Product 1498,47,289,33.92,78.0
1499,Category 33 Product 1499,33,313,15.61,22.71
1500,Category 44 Product 1500,44,211,31.5,58.73
1501,Computers Product 1501,2,499,8.99,21.43
1502,Category 41 Product 1502,41,211,235.68,411.73
1503,Computers Product 1503,2,458,68.63,114.94
1504,Toys Product 1504,11,112,15.75,38.27
1505,Beauty Product 1505,9,303,40.48,74.12
1506,Gaming Product 1506,18,258,18.29,27.72
1507,Category 37 Product 1507,37,340,16.7,26.07
1508,Travel Product 1508,20,349,51.81,69.95
1509,Category 31 Product 1509,31,61,43.71,97.95
1510,Music Product 1510,19,203,61.1,111.07
1511,Automotive Product 1511,13,386,24.01,39.19
1512,Sports Product 1512,8,336,191.47,434.12
1513,Category 40 Product 1513,40,423,315.81,684.46
1514,Category 37 Product 1514,37,447,42.38,67.1
1515,Category 31 Product 1515,31,131,2.24,2.92
1516,Category 29 Product 1516,29,148,178.74,374.18
1517,Category 33 Product 1517,33,12,33.65,66.79
1518,Category 45 Product 1518,45,213,12.16,29.76
1519,Category 34 Product 1519,34,347,64.66,89.64
1520,Category 34 Product 1520,34,19,8.74,11.61
1521,Category 23 Product 1521,23,18,30.39,62.25
1522,Category 49 Product 1522,49,102,120.67,205.1
1523,Category 43 Product 1523,43,138,4.57,7.57
1524,Garden Product 1524,12,308,44.77,104.51
1525,Category 25 Product 1525,25,348,49.86,75.74
1526,Shoes Product 1526,7,498,47.47,96.99
1527,Jewelry Product 1527,15,38,38.36,53.78
1528,Category 47 Product 1528,47,56,14.36,34.68
1529,Category 42 Product 1529,42,489,19.32,24.87
1530,Garden Product 1530,12,28,1.9,4.6
1531,Category 37 Product 1531,37,102,190.17,445.06
1532,Garden Product 1532,12,203,96.61,227.73
1533,Category 35 Product 1533,35,226,28.26,37.73
1534,Category 31 Product 1534,31,315,70.4,173.01
1535,Music Product 1535,19,164,175.62,302.38
1536,Category 39 Product 1536,39,390,422.92,769.05
1537,Pet Supplies Product 1537,16,365,19.54,29.66
1538,Category 39 Product 1538,39,117,115.44,230.35
1539,Music Product 1539,19,269,44.58,77.98
1540,Smartphones Product 1540,3,428,10.88,24.64
1541,Category 37 Product 1541,37,71,5.63,7.98
1542,Clothing Product 1542,6,149,15.97,20.16
1543,Furniture Product 1543,5,259,123.36,298.37
1544,Music Product 1544,19,143,75.01,147.51
1545,Category 26 Product 1545,26,326,2.3,5.54
1546,Category 32 Product 1546,32,131,382.97,784.61
1547,Travel Product 1547,20,253,27.08,66.84
1548,Category 44 Product 1548,44,81,7.41,17.4
1549,Category 41 Product 1549,41,73,203.74,468.29
1550,Toys Product 1550,11,374,165.57,246.42
1551,Category 41 Product 1551,41,73,56.14,87.31
1552,Category 26 Product 1552,26,259,47.53,77.28
1553,Category 32 Product 1553,32,174,79.0,164.48
1554,Category 35 Product 1554,35,62,18.44,29.76
1555,Electronics Product 1555,1,221,48.03,97.22
1556,Category 46 Product 1556,46,289,44.32,68.39
1557,Category 37 Product 1557,37,167,8.56,20.85
1558,Category 50 Product 1558,50,230,55.29,83.18
1559,Category 29 Product 1559,29,221,23.47,28.4
1560,Beauty Product 1560,9,255,31.6,58.96
1561,Category 34 Product 1561,34,499,28.86,55.69
1562,Garden Product 1562,12,492,123.97,270.69
1563,Clothing Product 1563,6,110,27.06,58.08
1564,Travel Product 1564,20,19,19.29,32.99
1565,Category 24 Product 1565,24,69,81.81,202.74
1566,Category 47 Product 1566,47,391,40.77,75.69
1567,Shoes Product 1567,7,29,183.76,337.87
1568,Pet Supplies Product 1568,16,342,39.38,49.76
1569,Category 41 Product 1569,41,246,131.98,191.12
1570,Category 48 Product 1570,48,204,19.56,41.22
1571,Category 45 Product 1571,45,77,158.34,323.07
1572,Automotive Product 1572,13,33,22.11,47.6
1573,Category 28 Product 1573,28,115,20.62,35.13
1574,Category 49 Product 1574,49,308,37.5,45.24
1575,Gaming Product 1575,18,194,19.6,31.55
1576,Category 32 Product 1576,32,330,40.44,72.37
1577,Category 48 Product 1577,48,272,35.25,51.74
1578,Category 34 Product 1578,34,364,34.89,82.27
1579,Category 37 Product 1579,37,396,98.89,123.49
1580,Category 44 Product 1580,44,151,23.21,40.02
1581,Category 21 Product 1581,21,203,103.05,186.27
1582,Category 34 Product 1582,34,318,48.52,67.62
1583,Category 46 Product 1583,46,154,84.7,108.51
1584,Category 45 Product 1584,45,422,46.92,88.14
1585,Category 21 Product 1585,21,266,19.66,26.41
1586,Shoes Product 1586,7,486,28.28,35.99
1587,Category 46 Product 1587,46,33,8.4,11.39
1588,Category 36 Product 1588,36,181,5.99,13.93
1589,Gaming Product 1589,18,102,28.31,37.76
1590,Category 43 Product 1590,43,206,27.01,60.63
1591,Category 32 Product 1591,32,126,38.82,84.24
1592,Category 35 Product 1592,35,23,7.63,13.2
1593,Category 26 Product 1593,26,222,40.9,92.59
1594,Sports Product 1594,8,167,27.89,47.31
1595,Gaming Product 1595,18,112,120.15,146.18
1596,Sports Product 1596,8,257,9.12,14.51
1597,Electronics Product 1597,1,451,148.75,338.19
1598,Category 44 Product 1598,44,487,25.84,52.52
1599,Category 45 Product 1599,45,139,2.69,4.3
1600,Music Product 1600,19,352,4.57,5.68
1601,Health Product 1601,17,434,15.6,19.97
1602,Category 30 Product 1602,30,106,243.71,571.95
1603,Category 28 Product 1603,28,236,11.74,24.2
1604,Home Appliances Product 1604,4,436,185.04,250.28
1605,Shoes Product 1605,7,233,7.3,9.54
1606,Beauty Product 1606,9,377,19.26,40.78
1607,Smartphones Product 1607,3,333,30.85,50.37
1608,Category 29 Product 1608,29,247,55.24,95.87
1609,Category 38 Product 1609,38,244,33.07,61.1
1610,Category 37 Product 1610,37,409,64.99,141.87
1611,Category 36 Product 1611,36,472,7.36,18.22
1612,Computers Product 1612,2,323,12.1,19.37
1613,Category 48 Product 1613,48,336,10.03,24.81
1614,Category 22 Product 1614,22,436,14.94,32.74
1615,Category 30 Product 1615,30,456,47.58,88.07
1616,Category 40 Product 1616,40,479,41.66,76.09
1617,Books Product 1617,10,354,70.34,165.09
1618,Category 26 Product 1618,26,44,5.25,11.72
1619,Pet Supplies Product 1619,16,12,12.96,29.3
1620,Category 36 Product 1620,36,259,80.87,156.74
1621,Category 23 Product 1621,23,488,79.41,189.91
1622,Category 47 Product 1622,47,434,71.96,100.81
1623,Category 48 Product 1623,48,303,46.15,68.54
1624,Sports Product 1624,8,421,39.56,62.64
1625,Category 47 Product 1625,47,191,12.13,21.89
1626,Category 34 Product 1626,34,167,52.21,104.3
1627,Home Appliances Product 1627,4,352,209.47,417.55
1628,Category 42 Product 1628,42,418,17.31,41.24
1629,Category 34 Product 1629,34,413,27.13,67.67
1630,Category 38 Product 1630,38,51,19.08,43.44
1631,Home Appliances Product 1631,4,263,102.12,238.39
1632,Category 21 Product 1632,21,406,57.09,82.85
1633,Category 40 Product 1633,40,432,43.69,86.45
1634,Home Appliances Product 1634,4,346,262.14,447.8
1635,Health Product 1635,17,3,47.64,83.77
1636,Category 28 Product 1636,28,373,53.46,126.73
1637,Category 26 Product 1637,26,291,51.32,115.04
1638,Computers Product 1638,2,187,325.75,711.86
1639,Category 45 Product 1639,45,496,46.94,95.9
1640,Category 21 Product 1640,21,140,19.7,36.05
1641,Category 37 Product 1641,37,419,47.02,102.2
1642,Category 27 Product 1642,27,356,12.56,15.12
1643,Home Appliances Product 1643,4,216,42.94,105.0
1644,Travel Product 1644,20,133,73.06,127.25
1645,Category 35 Product 1645,35,449,23.53,28.68
1646,Category 36 Product 1646,36,445,12.12,27.89
1647,Jewelry Product 1647,15,206,36.01,81.09
1648,Computers Product 1648,2,367,11.2,25.69
1649,Category 29 Product 1649,29,388,77.21,155.08
1650,Category 28 Product 1650,28,486,22.44,30.54
1651,Health Product 1651,17,393,18.83,25.13
1652,Category 41 Product 1652,41,413,30.58,75.31
1653,Category 32 Product 1653,32,223,42.31,69.4
1654,Category 21 Product 1654,21,161,63.85,154.6
1655,Category 23 Product 1655,23,89,37.56,51.9
1656,Category 36 Product 1656,36,291,35.54,62.03
1657,Furniture Product 1657,5,260,54.6,94.84
1658,Category 27 Product 1658,27,138,25.48,63.11
1659,Category 45 Product 1659,45,148,471.49,724.19
1660,Category 35 Product 1660,35,284,81.6,100.8
1661,Category 26 Product 1661,26,186,203.74,298.01
1662,Health Product 1662,17,346,101.91,142.57
1663,Category 25 Product 1663,25,352,49.67,89.08
1664,Category 50 Product 1664,50,152,52.18,83.71
1665,Category 23 Product 1665,23,337,105.94,225.74
1666,Music Product 1666,19,405,143.42,245.27
1667,Music Product 1667,19,200,58.76,91.87
1668,Category 33 Product 1668,33,390,20.19,30.07
1669,Furniture Product 1669,5,91,49.08,82.46
1670,Category 37 Product 1670,37,143,135.82,221.36
1671,Category 42 Product 1671,42,413,50.42,87.03
1672,Music Product 1672,19,13,74.01,144.0
1673,Beauty Product 1673,9,83,10.15,18.62
1674,Garden Product 1674,12,413,63.64,118.52
1675,Category 49 Product 1675,49,127,7.32,11.56
1676,Garden Product 1676,12,83,8.21,18.08
1677,Gaming Product 1677,18,226,50.58,74.74
1678,Garden Product 1678,12,23,49.21,105.17
1679,Category 28 Product 1679,28,40,41.45,83.66
1680,Category 34 Product 1680,34,57,100.81,197.54
1681,Category 26 Product 1681,26,205,14.47,28.03
1682,Category 43 Product 1682,43,360,16.62,22.81
1683,Category 30 Product 1683,30,343,24.3,58.13
1684,Category 39 Product 1684,39,33,23.2,36.98
1685,Pet Supplies Product 1685,16,277,62.21,101.22
1686,Category 23 Product 1686,23,346,105.42,261.3
1687,Category 44 Product 1687,44,207,50.4,84.81
1688,Category 29 Product 1688,29,177,5.32,12.54
1689,Gaming Product 1689,18,162,58.87,140.57
1690,Category 43 Product 1690,43,472,17.93,39.24
1691,Travel Product 1691,20,89,26.3,56.86
1692,Category 48 Product 1692,48,313,141.64,177.07
1693,Sports Product 1693,8,337,51.88,81.06
1694,Computers Product 1694,2,257,17.39,34.82
1695,Category 41 Product 1695,41,328,7.09,9.81
1696,Category 28 Product 1696,28,418,75.82,146.49
1697,Category 50 Product 1697,50,5,13.85,21.27
1698,Category 30 Product 1698,30,183,20.37,30.93
1699,Category 46 Product 1699,46,52,20.03,37.64
1700,Category 22 Product 1700,22,105,95.25,125.54
1701,Category 23 Product 1701,23,382,50.58,109.27
1702,Category 44 Product 1702,44,464,30.77,48.33
1703,Toys Product 1703,11,73,240.28,345.94
1704,Travel Product 1704,20,428,16.96,24.16
1705,Category 25 Product 1705,25,169,76.45,187.67
1706,Garden Product 1706,12,28,11.4,14.97
1707,Category 21 Product 1707,21,299,59.06,126.64
1708,Category 41 Product 1708,41,44,200.31,329.5
1709,Sports Product 1709,8,411,46.26,86.84
1710,Category 32 Product 1710,32,477,51.62,106.68
1711,Category 28 Product 1711,28,152,6.9,10.72
1712,Category 42 Product 1712,42,328,29.49,36.72
1713,Category 42 Product 1713,42,193,12.55,29.15
1714,Category 45 Product 1714,45,111,12.93,26.81
1715,Pet Supplies Product 1715,16,472,17.31,43.14
1716,Category 27 Product 1716,27,98,116.26,265.85
1717,Category 22 Product 1717,22,62,162.22,320.66
1718,Travel Product 1718,20,366,66.17,109.13
1719,Category 31 Product 1719,31,221,60.09,119.8
1720,Category 43 Product 1720,43,475,176.57,332.46
1721,Category 28 Product 1721,28,301,42.03,59.34
1722,Category 28 Product 1722,28,268,9.95,15.62
1723,Gaming Product 1723,18,436,59.32,97.66
1724,Sports Product 1724,8,478,52.45,110.22
1725,Books Product 1725,10,137,19.06,36.16
1726,Category 24 Product 1726,24,455,129.19,314.33
1727,Books Product 1727,10,179,8.23,10.84
1728,Category 21 Product 1728,21,55,6.89,8.7
1729,Category 41 Product 1729,41,208,139.45,216.03
1730,Toys Product 1730,11,474,35.95,64.63
1731,Toys Product 1731,11,171,39.86,71.18
1732,Category 48 Product 1732,48,121,62.06,155.08
1733,Category 40 Product 1733,40,265,9.77,12.1
1734,Clothing Product 1734,6,260,24.86,47.1
1735,Category 36 Product 1735,36,41,11.61,14.2
1736,Category 42 Product 1736,42,414,2.49,4.61
1737,Category 25 Product 1737,25,260,12.41,27.84
1738,Category 42 Product 1738,42,213,35.11,72.71
1739,Beauty Product 1739,9,65,160.93,356.68
1740,Category 25 Product 1740,25,418,12.77,21.09
1741,Books Product 1741,10,478,26.99,64.13
1742,Category 22 Product 1742,22,104,106.87,231.9
1743,Category 24 Product 1743,24,56,7.04,14.57
1744,Home Appliances Product 1744,4,23,99.89,134.31
1745,Jewelry Product 1745,15,223,147.9,274.12
1746,Music Product 1746,19,4,25.44,54.32
1747,Category 41 Product 1747,41,21,13.44,30.19
1748,Health Product 1748,17,44,55.16,118.24
1749,Category 49 Product 1749,49,390,101.36,238.76
1750,Category 29 Product 1750,29,313,5.05,9.99
1751,Category 37 Product 1751,37,71,85.17,147.15
1752,Office Product 1752,14,360,214.33,500.01
1753,Category 32 Product 1753,32,218,58.99,132.73
1754,Category 39 Product 1754,39,101,13.85,24.77
1755,Category 28 Product 1755,28,258,3.44,6.31
1756,Computers Product 1756,2,337,7.46,13.98
1757,Category 48 Product 1757,48,279,15.79,33.23
1758,Sports Product 1758,8,33,45.11,98.61
1759,Shoes Product 1759,7,267,12.26,28.17
1760,Category 28 Product 1760,28,75,28.92,40.14
1761,Category 22 Product 1761,22,484,54.02,65.08
1762,Beauty Product 1762,9,102,10.5,23.04
1763,Category 46 Product 1763,46,481,59.94,117.32
1764,Shoes Product 1764,7,470,21.25,27.9
1765,Category 22 Product 1765,22,90,135.03,282.47
1766,Office Product 1766,14,25,13.39,19.38
1767,Category 48 Product 1767,48,39,38.44,71.13
1768,Office Product 1768,14,447,24.71,32.39
1769,Pet Supplies Product 1769,16,173,41.85,63.4
1770,Electronics Product 1770,1,130,57.65,126.27
1771,Automotive Product 1771,13,486,23.8,38.7
1772,Category 23 Product 1772,23,374,66.9,166.06
1773,Electronics Product 1773,1,109,49.77,68.06
1774,Automotive Product 1774,13,40,93.11,113.24
1775,Category 30 Product 1775,30,408,3.77,7.23
1776,Category 42 Product 1776,42,311,15.95,31.01
1777,Pet Supplies Product 1777,16,52,73.9,107.95
1778,Health Product 1778,17,41,99.88,226.29
1779,Category 31 Product 1779,31,346,42.6,88.42
1780,Toys Product 1780,11,56,17.4,40.06
1781,Category 45 Product 1781,45,498,9.22,11.68
1782,Category 31 Product 1782,31,192,20.04,25.35
1783,Category 28 Product 1783,28,363,29.34,54.17
1784,Category 39 Product 1784,39,445,4.94,9.41
1785,Category 34 Product 1785,34,226,21.72,46.43
1786,Category 31 Product 1786,31,349,40.37,100.13
1787,Category 45 Product 1787,45,36,18.95,32.37
1788,Health Product 1788,17,249,14.34,32.5
1789,Furniture Product 1789,5,403,164.18,258.9
1790,Category 49 Product 1790,49,22,303.32,455.36
1791,Category 39 Product 1791,39,112,42.38,68.11
1792,Category 26 Product 1792,26,25,47.93,108.86
1793,Sports Product 1793,8,9,40.82,80.23
1794,Category 41 Product 1794,41,170,76.22,157.61
1795,Category 29 Product 1795,29,383,11.69,21.08
1796,Home Appliances Product 1796,4,399,20.5,42.0
1797,Category 27 Product 1797,27,403,50.16,118.33
1798,Category 37 Product 1798,37,394,70.37,145.16
1799,Automotive Product 1799,13,324,133.91,169.55
1800,Jewelry Product 1800,15,131,31.5,54.22
1801,Category 33 Product 1801,33,453,11.94,16.12
1802,Category 36 Product 1802,36,396,14.57,22.22
1803,Category 24 Product 1803,24,450,47.28,113.24
1804,Health Product 1804,17,204,17.0,22.98
1805,Category 46 Product 1805,46,178,30.46,46.39
1806,Category 41 Product 1806,41,286,8.34,15.66
1807,Toys Product 1807,11,369,24.64,61.18
1808,Jewelry Product 1808,15,466,65.18,95.68
1809,Office Product 1809,14,333,18.13,38.56
1810,Toys Product 1810,11,243,48.49,89.16
1811,Category 30 Product 1811,30,38,36.87,83.96
1812,Furniture Product 1812,5,161,28.04,42.38
1813,Category 44 Product 1813,44,64,16.72,25.92
1814,Category 40 Product 1814,40,151,36.44,56.01
1815,Category 25 Product 1815,25,141,30.11,56.37
1816,Jewelry Product 1816,15,293,27.24,41.54
1817,Category 24 Product 1817,24,203,191.14,443.5
1818,Books Product 1818,10,257,75.99,98.88
1819,Category 23 Product 1819,23,146,18.36,22.91
1820,Category 31 Product 1820,31,373,3.24,7.08
1821,Travel Product 1821,20,349,7.6,15.23
1822,Category 47 Product 1822,47,322,18.09,44.22
1823,Category 50 Product 1823,50,196,41.74,55.9
1824,Category 23 Product 1824,23,120,20.59,39.56
1825,Category 28 Product 1825,28,264,85.67,195.17
1826,Jewelry Product 1826,15,293,59.9,121.85
1827,Category 43 Product 1827,43,443,37.61,93.95
1828,Category 28 Product 1828,28,470,169.42,415.91
1829,Pet Supplies Product 1829,16,12,20.96,36.71
1830,Music Product 1830,19,183,19.89,48.83
1831,Automotive Product 1831,13,306,58.31,120.06
1832,Pet Supplies Product 1832,16,103,63.46,128.13
1833,Furniture Product 1833,5,442,5.83,11.61
1834,Category 22 Product 1834,22,186,39.61,72.2
1835,Category 44 Product 1835,44,204,30.91,49.28
1836,Health Product 1836,17,185,58.81,140.24
1837,Gaming Product 1837,18,299,67.18,96.32
1838,Home Appliances Product 1838,4,97,26.16,56.44
1839,Gaming Product 1839,18,236,126.3,223.75
1840,Gaming Product 1840,18,296,65.96,115.75
1841,Computers Product 1841,2,492,12.33,26.25
1842,Category 40 Product 1842,40,62,11.52,18.46
1843,Category 50 Product 1843,50,163,19.17,29.43
1844,Category 23 Product 1844,23,497,22.65,42.65
1845,Home Appliances Product 1845,4,327,95.91,189.6
1846,Category 40 Product 1846,40,147,15.4,27.55
1847,Category 26 Product 1847,26,379,11.5,26.79
1848,Category 29 Product 1848,29,224,6.17,11.32
1849,Category 31 Product 1849,31,288,73.8,133.67
1850,Home Appliances Product 1850,4,308,54.17,77.79
1851,Category 21 Product 1851,21,48,81.0,165.59
1852,Category 38 Product 1852,38,456,43.04,63.22
1853,Category 33 Product 1853,33,112,55.71,90.75
1854,Category 28 Product 1854,28,378,55.45,77.7
1855,Shoes Product 1855,7,355,62.75,76.92
1856,Category 38 Product 1856,38,464,34.75,85.5
1857,Music Product 1857,19,206,10.38,21.24
1858,Gaming Product 1858,18,480,58.15,92.23
1859,Category 31 Product 1859,31,314,23.73,58.76
1860,Pet Supplies Product 1860,16,4,45.59,100.94
1861,Category 33 Product 1861,33,485,15.12,33.68
1862,Category 41 Product 1862,41,493,33.36,47.07
1863,Travel Product 1863,20,316,23.57,54.98
1864,Category 29 Product 1864,29,243,29.04,47.52
1865,Category 31 Product 1865,31,4,21.37,40.28
1866,Category 48 Product 1866,48,63,32.87,53.41
1867,Category 23 Product 1867,23,289,126.28,309.86
1868,Category 43 Product 1868,43,185,124.55,239.35
1869,Category 50 Product 1869,50,372,31.97,68.9
1870,Category 40 Product 1870,40,146,29.97,67.71
1871,Category 24 Product 1871,24,125,21.71,48.7
1872,Category 37 Product 1872,37,456,19.94,26.94
1873,Category 29 Product 1873,29,485,57.79,97.4
1874,Category 22 Product 1874,22,265,123.76,155.6
1875,Health Product 1875,17,344,67.71,99.06
1876,Sports Product 1876,8,6,59.73,134.02
1877,Gaming Product 1877,18,455,41.87,81.97
1878,Category 32 Product 1878,32,51,16.59,20.59
1879,Electronics Product 1879,1,254,28.9,37.56
1880,Category 27 Product 1880,27,359,88.47,174.1
1881,Jewelry Product 1881,15,437,22.55,50.8
1882,Category 30 Product 1882,30,330,91.99,111.3
1883,Gaming Product 1883,18,172,73.43,96.11
1884,Toys Product 1884,11,470,20.92,40.73
1885,Smartphones Product 1885,3,4,154.92,223.17
1886,Category 47 Product 1886,47,415,194.92,295.49
1887,Category 37 Product 1887,37,224,409.24,836.2
1888,Category 25 Product 1888,25,394,19.29,38.52
1889,Category 25 Product 1889,25,84,7.91,12.43
1890,Category 49 Product 1890,49,370,254.94,378.24
1891,Clothing Product 1891,6,11,46.76,91.82
1892,Automotive Product 1892,13,71,40.68,67.42
1893,Smartphones Product 1893,3,15,87.0,149.97
1894,Electronics Product 1894,1,437,12.7,18.74
1895,Category 25 Product 1895,25,191,8.52,17.31
1896,Category 33 Product 1896,33,315,143.24,303.59
1897,Category 46 Product 1897,46,397,30.58,57.32
1898,Category 41 Product 1898,41,302,116.08,288.6
1899,Category 26 Product 1899,26,1,93.04,164.5
1900,Travel Product 1900,20,210,16.64,20.64
1901,Beauty Product 1901,9,27,160.99,231.34
1902,Home Appliances Product 1902,4,323,21.02,45.0
1903,Sports Product 1903,8,135,48.08,90.64
1904,Category 30 Product 1904,30,491,61.07,138.96
1905,Music Product 1905,19,77,19.49,41.37
1906,Automotive Product 1906,13,237,28.92,68.83
1907,Health Product 1907,17,319,34.63,58.04
1908,Category 49 Product 1908,49,398,126.27,281.27
1909,Category 34 Product 1909,34,95,39.69,63.78
1910,Category 36 Product 1910,36,419,29.48,64.78
1911,Furniture Product 1911,5,390,32.16,59.6
1912,Music Product 1912,19,491,25.07,34.97
1913,Category 47 Product 1913,47,95,26.97,35.3
1914,Smartphones Product 1914,3,76,21.81,45.2
1915,Automotive Product 1915,13,23,118.34,232.41
1916,Smartphones Product 1916,3,199,19.41,37.11
1917,Category 31 Product 1917,31,324,25.62,46.31
1918,Sports Product 1918,8,370,458.67,603.22
1919,Category 45 Product 1919,45,439,25.14,36.79
1920,Pet Supplies Product 1920,16,203,34.6,72.77
1921,Health Product 1921,17,421,8.17,19.65
1922,Category 43 Product 1922,43,248,67.27,125.81
1923,Category 21 Product 1923,21,29,30.45,73.27
1924,Clothing Product 1924,6,89,4.93,8.93
1925,Electronics Product 1925,1,46,19.92,38.54
1926,Category 49 Product 1926,49,27,21.56,28.03
1927,Category 36 Product 1927,36,356,109.66,250.99
1928,Category 22 Product 1928,22,17,77.99,133.19
1929,Category 48 Product 1929,48,38,10.86,17.21
1930,Category 21 Product 1930,21,148,3.55,6.11
1931,Home Appliances Product 1931,4,73,69.38,151.02
1932,Category 37 Product 1932,37,234,43.11,85.58
1933,Category 41 Product 1933,41,336,32.93,69.57
1934,Garden Product 1934,12,207,12.57,17.13
1935,Category 46 Product 1935,46,395,34.03,52.81
1936,Category 36 Product 1936,36,21,41.24,100.43
1937,Travel Product 1937,20,374,19.38,44.26
1938,Toys Product 1938,11,78,27.55,63.06
1939,Smartphones Product 1939,3,441,107.22,260.23
1940,Computers Product 1940,2,396,43.06,84.54
1941,Computers Product 1941,2,357,41.91,76.05
1942,Category 28 Product 1942,28,419,35.72,51.94
1943,Music Product 1943,19,491,16.14,30.05
1944,Category 35 Product 1944,35,346,17.79,38.03
1945,Sports Product 1945,8,360,37.86,52.45
1946,Automotive Product 1946,13,96,130.93,228.22
1947,Office Product 1947,14,436,3.6,6.55
1948,Category 23 Product 1948,23,296,166.1,206.74
1949,Category 29 Product 1949,29,298,216.37,433.67
1950,Computers Product 1950,2,417,154.2,296.89
1951,Category 27 Product 1951,27,440,18.78,35.58
1952,Health Product 1952,17,105,23.38,48.56
1953,Category 34 Product 1953,34,394,124.57,153.69
1954,Travel Product 1954,20,497,47.68,104.6
1955,Category 23 Product 1955,23,51,16.13,27.24
1956,Electronics Product 1956,1,489,178.78,303.1
1957,Category 25 Product 1957,25,43,86.55,115.7
1958,Category 39 Product 1958,39,499,17.3,35.61
1959,Office Product 1959,14,83,16.11,24.58
1960,Garden Product 1960,12,29,36.52,88.71
1961,Category 41 Product 1961,41,494,83.86,209.58
1962,Category 39 Product 1962,39,495,103.74,209.13
1963,Computers Product 1963,2,218,7.14,17.33
1964,Category 31 Product 1964,31,39,29.1,38.61
1965,Music Product 1965,19,205,40.98,84.58
1966,Category 28 Product 1966,28,464,21.62,46.03
1967,Home Appliances Product 1967,4,221,75.4,144.69
1968,Toys Product 1968,11,426,143.59,347.09
1969,Category 26 Product 1969,26,39,35.76,77.6
1970,Category 40 Product 1970,40,158,5.31,10.08
1971,Category 30 Product 1971,30,410,57.28,84.74
1972,Smartphones Product 1972,3,313,30.37,53.68
1973,Category 40 Product 1973,40,437,44.41,88.99
1974,Category 41 Product 1974,41,447,51.09,102.64
1975,Category 28 Product 1975,28,301,231.22,535.34
1976,Category 33 Product 1976,33,497,15.66,20.28
1977,Category 44 Product 1977,44,388,13.74,33.28
1978,Health Product 1978,17,406,8.26,16.98
1979,Gaming Product 1979,18,57,64.9,152.31
1980,Category 23 Product 1980,23,136,584.55,920.71
1981,Category 47 Product 1981,47,10,50.16,78.63
1982,Jewelry Product 1982,15,216,50.27,62.72
1983,Books Product 1983,10,52,2.58,3.47
1984,Category 39 Product 1984,39,126,49.25,98.23
1985,Category 50 Product 1985,50,348,31.75,50.76
1986,Home Appliances Product 1986,4,235,24.63,59.33
1987,Category 32 Product 1987,32,175,160.74,333.73
1988,Electronics Product 1988,1,80,38.11,71.39
1989,Health Product 1989,17,100,70.08,156.88
1990,Jewelry Product 1990,15,223,57.89,76.6
1991,Category 44 Product 1991,44,98,11.52,28.69
1992,Furniture Product 1992,5,145,82.74,202.57
1993,Category 35 Product 1993,35,47,151.85,305.94
1994,Category 21 Product 1994,21,157,69.21,168.05
1995,Category 36 Product 1995,36,10,63.7,130.75
1996,Electronics Product 1996,1,21,18.37,25.82
1997,Home Appliances Product 1997,4,359,15.48,27.96
1998,Category 48 Product 1998,48,452,13.13,31.86
1999,Category 43 Product 1999,43,356,52.85,73.21
2000,Category 45 Product 2000,45,488,38.59,70.8
2001,Category 32 Product 2001,32,258,41.03,93.49
2002,Automotive Product 2002,13,202,59.19,93.03
2003,Computers Product 2003,2,271,19.63,46.1
2004,Category 30 Product 2004,30,456,14.15,21.62
2005,Category 29 Product 2005,29,277,24.6,45.45
2006,Automotive Product 2006,13,381,37.8,53.13
2007,Sports Product 2007,8,109,46.09,65.56
2008,Category 38 Product 2008,38,265,10.73,26.23
2009,Category 33 Product 2009,33,350,54.5,68.09
2010,Category 50 Product 2010,50,445,39.94,85.95
2011,Toys Product 2011,11,401,25.7,32.86
2012,Category 31 Product 2012,31,174,16.04,39.47
2013,Shoes Product 2013,7,94,78.14,103.97
2014,Computers Product 2014,2,108,10.14,22.15
2015,Computers Product 2015,2,463,209.13,290.39
2016,Category 43 Product 2016,43,63,33.3,79.75
2017,Category 36 Product 2017,36,275,33.39,71.59
2018,Category 27 Product 2018,27,299,17.73,38.84
2019,Clothing Product 2019,6,228,51.81,129.18
2020,Category 46 Product 2020,46,359,36.06,51.6
2021,Category 24 Product 2021,24,331,367.59,655.05
2022,Category 36 Product 2022,36,333,169.36,333.48
2023,Computers Product 2023,2,349,38.86,72.73
2024,Category 37 Product 2024,37,346,40.03,65.44
2025,Sports Product 2025,8,270,89.75,151.97
2026,Category 47 Product 2026,47,389,49.06,69.28
2027,Category 28 Product 2027,28,274,28.46,64.6
2028,Furniture Product 2028,5,447,9.01,17.23
2029,Automotive Product 2029,13,110,8.61,15.38
2030,Category 36 Product 2030,36,217,31.82,65.25
2031,Electronics Product 2031,1,456,122.96,280.77
2032,Pet Supplies Product 2032,16,123,34.44,75.73
2033,Category 30 Product 2033,30,293,39.82,65.13
2034,Category 43 Product 2034,43,247,37.17,92.29
2035,Category 26 Product 2035,26,80,69.85,152.04
2036,Beauty Product 2036,9,46,53.34,79.94
2037,Beauty Product 2037,9,492,45.16,84.89
2038,Category 22 Product 2038,22,197,8.21,14.11
2039,Gaming Product 2039,18,55,73.82,167.95
2040,Toys Product 2040,11,58,156.77,370.49
2041,Category 47 Product 2041,47,298,23.16,28.41
2042,Shoes Product 2042,7,226,230.23,494.02
2043,Automotive Product 2043,13,32,37.51,81.62
2044,Category 41 Product 2044,41,403,28.69,38.01
2045,Books Product 2045,10,72,87.97,116.62
2046,Category 34 Product 2046,34,423,16.08,31.66
2047,Category 42 Product 2047,42,229,63.64,112.49
2048,Health Product 2048,17,19,106.44,236.14
2049,Category 26 Product 2049,26,194,41.4,93.1
2050,Category 22 Product 2050,22,368,84.57,144.57
2051,Music Product 2051,19,226,74.82,173.74
2052,Category 36 Product 2052,36,497,28.59,46.5
2053,Category 22 Product 2053,22,378,193.86,339.06
2054,Category 33 Product 2054,33,120,5.56,12.31
2055,Office Product 2055,14,101,8.79,16.85
2056,Category 27 Product 2056,27,64,70.85,170.53
2057,Pet Supplies Product 2057,16,394,6.94,12.02
2058,Music Product 2058,19,403,49.37,74.61
2059,Toys Product 2059,11,52,89.3,209.68
2060,Category 29 Product 2060,29,468,17.31,38.35
2061,Category 24 Product 2061,24,171,22.09,46.95
2062,Category 48 Product 2062,48,371,33.36,44.38
2063,Category 48 Product 2063,48,257,43.22,78.16
2064,Category 40 Product 2064,40,230,5.13,9.3
2065,Category 48 Product 2065,48,420,53.15,112.23
2066,Beauty Product 2066,9,32,1.45,2.73
2067,Furniture Product 2067,5,85,9.21,19.35
2068,Category 22 Product 2068,22,6,15.52,36.78
2069,Travel Product 2069,20,377,61.66,78.35
2070,Category 45 Product 2070,45,495,191.5,478.05
2071,Computers Product 2071,2,439,28.87,43.08
2072,Category 29 Product 2072,29,212,57.92,102.07
2073,Garden Product 2073,12,185,4.25,10.44
2074,Category 23 Product 2074,23,283,21.09,30.94
2075,Category 42 Product 2075,42,252,7.71,12.5
2076,Category 24 Product 2076,24,343,46.83,77.08
2077,Category 33 Product 2077,33,230,79.29,113.51
2078,Office Product 2078,14,278,73.38,121.25
2079,Category 40 Product 2079,40,52,2.05,2.51
2080,Computers Product 2080,2,203,72.11,149.51
2081,Category 27 Product 2081,27,128,9.23,22.78
2082,Smartphones Product 2082,3,210,4.87,8.63
2083,Category 33 Product 2083,33,230,60.57,98.17
2084,Category 35 Product 2084,35,285,49.2,80.6
2085,Category 50 Product 2085,50,14,202.52,262.6
2086,Smartphones Product 2086,3,374,12.63,18.13
2087,Category 48 Product 2087,48,126,23.65,30.85
2088,Category 46 Product 2088,46,58,43.17,90.98
2089,Category 31 Product 2089,31,445,148.74,354.51
2090,Electronics Product 2090,1,129,9.48,14.47
2091,Smartphones Product 2091,3,270,17.16,30.12
2092,Category 36 Product 2092,36,347,43.08,54.98
2093,Category 36 Product 2093,36,239,21.96,40.43
2094,Category 32 Product 2094,32,436,79.05,107.69
2095,Automotive Product 2095,13,378,195.16,399.11
2096,Category 42 Product 2096,42,285,38.91,68.23
2097,Category 27 Product 2097,27,286,125.45,303.24
2098,Category 46 Product 2098,46,367,31.13,73.31
2099,Category 42 Product 2099,42,64,40.53,89.35
2100,Category 44 Product 2100,44,317,110.65,240.56
2101,Health Product 2101,17,79,50.73,92.72
2102,Beauty Product 2102,9,189,12.62,17.55
2103,Electronics Product 2103,1,166,5.69,8.86
2104,Category 32 Product 2104,32,107,67.98,127.94
2105,Category 37 Product 2105,37,225,69.84,148.96
2106,Category 23 Product 2106,23,64,53.01,131.46
2107,Pet Supplies Product 2107,16,120,4.88,10.69
2108,Automotive Product 2108,13,76,25.41,58.51
2109,Category 24 Product 2109,24,48,64.34,142.33
2110,Category 35 Product 2110,35,144,42.59,77.56
2111,Category 38 Product 2111,38,441,99.1,238.48
2112,Category 47 Product 2112,47,346,9.05,21.28
2113,Category 38 Product 2113,38,172,564.77,1183.62
2114,Pet Supplies Product 2114,16,282,24.1,33.49
2115,Category 47 Product 2115,47,96,361.29,883.55
2116,Category 44 Product 2116,44,355,15.95,31.4
2117,Category 37 Product 2117,37,333,46.15,68.76
2118,Category 30 Product 2118,30,499,11.29,15.23
2119,Automotive Product 2119,13,228,60.53,99.8
2120,Gaming Product 2120,18,23,54.46,89.1
2121,Category 46 Product 2121,46,498,31.03,37.83
2122,Category 21 Product 2122,21,201,40.97,89.28
2123,Category 48 Product 2123,48,240,59.48,89.37
2124,Category 34 Product 2124,34,387,10.27,15.61
2125,Category 27 Product 2125,27,83,53.28,110.04
2126,Shoes Product 2126,7,193,24.06,47.56
2127,Office Product 2127,14,248,25.91,39.71
2128,Category 35 Product 2128,35,461,30.86,56.05
2129,Office Product 2129,14,418,53.64,100.11
2130,Category 39 Product 2130,39,289,155.36,216.58
2131,Category 40 Product 2131,40,358,35.27,66.16
2132,Category 43 Product 2132,43,383,39.42,52.66
2133,Category 48 Product 2133,48,384,8.9,15.87
2134,Electronics Product 2134,1,188,36.45,60.79
2135,Category 24 Product 2135,24,157,90.9,198.62
2136,Category 24 Product 2136,24,125,19.66,48.53
2137,Category 26 Product 2137,26,84,18.87,40.01
2138,Category 26 Product 2138,26,382,10.73,21.12
2139,Gaming Product 2139,18,152,29.84,36.88
2140,Category 25 Product 2140,25,483,10.46,22.07
2141,Category 40 Product 2141,40,373,9.12,17.99
2142,Category 26 Product 2142,26,322,25.73,46.92
2143,Category 33 Product 2143,33,441,49.67,82.6
2144,Category 27 Product 2144,27,188,68.5,103.01
2145,Category 30 Product 2145,30,429,40.75,82.77
2146,Gaming Product 2146,18,162,42.09,93.23
2147,Category 31 Product 2147,31,10,33.31,70.63
2148,Category 41 Product 2148,41,156,108.42,251.48
2149,Toys Product 2149,11,413,27.33,38.89
2150,Category 27 Product 2150,27,281,19.21,33.41
2151,Category 38 Product 2151,38,40,9.02,11.93
2152,Toys Product 2152,11,188,11.41,20.68
2153,Home Appliances Product 2153,4,484,10.31,21.97
2154,Category 30 Product 2154,30,355,89.33,175.86
2155,Furniture Product 2155,5,195,14.55,20.31
2156,Pet Supplies Product 2156,16,487,74.94,108.49
2157,Clothing Product 2157,6,222,46.33,74.99
2158,Pet Supplies Product 2158,16,300,36.34,49.3
2159,Computers Product 2159,2,412,46.43,99.5
2160,Category 41 Product 2160,41,38,58.13,99.93
2161,Category 32 Product 2161,32,182,11.49,21.53
2162,Jewelry Product 2162,15,175,18.41,45.44
2163,Health Product 2163,17,345,28.8,53.2
2164,Toys Product 2164,11,16,53.39,108.2
2165,Category 21 Product 2165,21,251,4.98,9.26
2166,Category 32 Product 2166,32,39,32.73,58.49
2167,Category 29 Product 2167,29,31,101.01,123.63
2168,Category 24 Product 2168,24,387,51.2,91.81
2169,Category 45 Product 2169,45,445,119.52,208.36
2170,Category 48 Product 2170,48,328,19.85,48.25
2171,Automotive Product 2171,13,497,91.43,120.03
2172,Beauty Product 2172,9,74,11.66,15.8
2173,Category 49 Product 2173,49,391,16.46,31.02
2174,Sports Product 2174,8,27,27.76,62.85
2175,Category 32 Product 2175,32,142,14.94,33.65
2176,Category 29 Product 2176,29,408,15.58,37.78
2177,Electronics Product 2177,1,25,24.18,33.19
2178,Sports Product 2178,8,362,67.41,119.5
2179,Travel Product 2179,20,495,90.1,207.34
2180,Category 38 Product 2180,38,17,441.41,1046.16
2181,Furniture Product 2181,5,406,93.79,138.15
2182,Category 47 Product 2182,47,231,21.35,25.9
2183,Category 38 Product 2183,38,153,104.16,216.71
2184,Category 48 Product 2184,48,213,13.55,25.36
2185,Category 44 Product 2185,44,197,125.15,287.97
2186,Category 45 Product 2186,45,455,78.9,163.43
2187,Category 21 Product 2187,21,198,168.36,318.27
2188,Travel Product 2188,20,206,50.72,67.72
2189,Home Appliances Product 2189,4,425,43.82,78.72
2190,Jewelry Product 2190,15,307,28.85,55.12
2191,Category 38 Product 2191,38,281,48.42,94.26
2192,Pet Supplies Product 2192,16,320,37.11,62.23
2193,Category 24 Product 2193,24,482,34.36,55.38
2194,Office Product 2194,14,320,6.14,15.09
2195,Shoes Product 2195,7,210,13.56,30.57
2196,Category 50 Product 2196,50,492,12.82,26.7
2197,Category 30 Product 2197,30,493,39.82,91.72
2198,Category 25 Product 2198,25,23,27.93,44.11
2199,Category 48 Product 2199,48,138,16.51,40.27
2200,Category 45 Product 2200,45,81,21.18,41.84
2201,Shoes Product 2201,7,397,44.82,70.97
2202,Category 50 Product 2202,50,106,12.13,23.04
2203,Office Product 2203,14,147,24.39,55.17
2204,Furniture Product 2204,5,340,24.62,60.64
2205,Category 40 Product 2205,40,172,22.04,37.41
2206,Category 24 Product 2206,24,418,19.38,41.69
2207,Category 37 Product 2207,37,153,32.71,70.71
2208,Category 41 Product 2208,41,367,83.38,171.35
2209,Category 35 Product 2209,35,321,54.49,67.13
2210,Category 42 Product 2210,42,50,24.05,48.6
2211,Category 47 Product 2211,47,142,72.81,180.59
2212,Category 26 Product 2212,26,269,23.38,52.41
2213,Category 33 Product 2213,33,116,3.38,5.34
2214,Category 29 Product 2214,29,373,15.94,34.48
2215,Category 31 Product 2215,31,182,76.36,118.17
2216,Category 47 Product 2216,47,2,86.62,198.12
2217,Health Product 2217,17,375,210.59,412.19
2218,Category 32 Product 2218,32,225,47.99,66.15
2219,Category 37 Product 2219,37,158,26.33,42.86
2220,Category 24 Product 2220,24,67,15.22,33.74
2221,Category 46 Product 2221,46,449,10.92,17.24
2222,Computers Product 2222,2,11,33.41,64.96
2223,Category 33 Product 2223,33,170,101.6,231.24
2224,Category 38 Product 2224,38,442,14.82,35.93
2225,Music Product 2225,19,205,13.6,18.05
2226,Category 28 Product 2226,28,37,28.59,67.91
2227,Category 32 Product 2227,32,249,32.78,72.7
2228,Gaming Product 2228,18,385,56.13,96.22
2229,Category 33 Product 2229,33,85,16.87,41.74
2230,Category 49 Product 2230,49,101,102.86,194.7
2231,Category 33 Product 2231,33,269,76.14,131.01
2232,Category 26 Product 2232,26,181,186.92,346.57
2233,Category 38 Product 2233,38,393,66.33,148.78
2234,Gaming Product 2234,18,178,11.41,15.58
2235,Furniture Product 2235,5,198,30.38,45.27
2236,Category 27 Product 2236,27,445,8.12,9.78
2237,Books Product 2237,10,315,8.26,20.37
2238,Category 50 Product 2238,50,447,21.05,35.17
2239,Category 38 Product 2239,38,361,28.48,43.87
2240,Jewelry Product 2240,15,328,68.44,134.23
2241,Toys Product 2241,11,201,70.19,124.78
2242,Category 25 Product 2242,25,425,26.96,50.57
2243,Category 44 Product 2243,44,254,29.69,47.31
2244,Category 36 Product 2244,36,69,38.29,61.74
2245,Furniture Product 2245,5,2,3.79,5.33
2246,Category 29 Product 2246,29,305,26.44,32.43
2247,Pet Supplies Product 2247,16,203,46.96,113.87
2248,Sports Product 2248,8,456,11.07,23.77
2249,Category 44 Product 2249,44,15,28.59,39.92
2250,Category 47 Product 2250,47,101,45.1,86.15
2251,Category 28 Product 2251,28,180,164.38,273.74
2252,Jewelry Product 2252,15,326,47.55,106.98
2253,Category 30 Product 2253,30,41,104.84,129.61
2254,Shoes Product 2254,7,171,39.7,58.6
2255,Category 48 Product 2255,48,369,45.0,71.39
2256,Music Product 2256,19,465,26.3,42.95
2257,Category 45 Product 2257,45,160,23.8,44.74
2258,Sports Product 2258,8,46,232.35,313.82
2259,Category 27 Product 2259,27,84,52.93,126.33
2260,Shoes Product 2260,7,248,69.16,152.96
2261,Pet Supplies Product 2261,16,254,55.88,121.81
2262,Category 27 Product 2262,27,315,15.6,37.17
2263,Furniture Product 2263,5,68,22.9,43.06
2264,Furniture Product 2264,5,198,31.49,63.29
2265,Category 25 Product 2265,25,10,71.22,94.9
2266,Category 24 Product 2266,24,344,83.55,188.88
2267,Category 49 Product 2267,49,421,11.2,18.17
2268,Category 22 Product 2268,22,500,67.93,153.49
2269,Category 50 Product 2269,50,326,43.06,68.91
2270,Category 35 Product 2270,35,427,32.15,79.0
2271,Gaming Product 2271,18,227,48.4,59.19
2272,Category 31 Product 2272,31,439,66.69,124.34
2273,Category 24 Product 2273,24,449,30.22,48.07
2274,Beauty Product 2274,9,426,73.52,112.74
2275,Category 40 Product 2275,40,82,196.72,304.02
2276,Toys Product 2276,11,363,57.84,106.54
2277,Automotive Product 2277,13,351,25.48,58.83
2278,Clothing Product 2278,6,3,108.51,196.78
2279,Category 34 Product 2279,34,321,22.49,36.77
2280,Category 32 Product 2280,32,440,8.18,17.77
2281,Category 48 Product 2281,48,134,53.31,67.87
2282,Category 24 Product 2282,24,77,37.73,94.31
2283,Clothing Product 2283,6,477,76.63,154.7
2284,Category 50 Product 2284,50,123,265.15,365.65
2285,Category 38 Product 2285,38,259,43.0,72.04
2286,Office Product 2286,14,241,3.53,8.26
2287,Books Product 2287,10,355,86.96,129.37
2288,Category 47 Product 2288,47,60,40.73,68.88
2289,Automotive Product 2289,13,121,16.39,20.23
2290,Music Product 2290,19,103,2.41,3.19
2291,Category 22 Product 2291,22,355,20.39,46.39
2292,Smartphones Product 2292,3,312,39.02,58.27
2293,Category 21 Product 2293,21,24,15.52,19.81
2294,Category 48 Product 2294,48,171,39.53,97.9
2295,Category 47 Product 2295,47,245,60.3,91.25
2296,Toys Product 2296,11,212,29.48,70.06
2297,Category 43 Product 2297,43,414,38.5,87.24
2298,Category 42 Product 2298,42,462,22.5,38.2
2299,Gaming Product 2299,18,41,139.77,180.18
2300,Office Product 2300,14,194,106.64,166.23
2301,Category 42 Product 2301,42,438,57.96,144.39
2302,Smartphones Product 2302,3,243,85.46,213.03
2303,Jewelry Product 2303,15,218,7.75,10.81
2304,Category 22 Product 2304,22,165,39.43,97.61
2305,Category 32 Product 2305,32,329,138.32,194.2
2306,Toys Product 2306,11,484,21.14,29.63
2307,Category 50 Product 2307,50,270,24.25,31.69
2308,Category 25 Product 2308,25,87,9.58,19.27
2309,Beauty Product 2309,9,166,144.73,235.67
2310,Category 35 Product 2310,35,171,7.71,10.91
2311,Jewelry Product 2311,15,79,40.56,78.71
2312,Category 21 Product 2312,21,493,2.69,6.46
2313,Category 27 Product 2313,27,273,191.61,238.04
2314,Category 50 Product 2314,50,173,3.94,4.97
2315,Pet Supplies Product 2315,16,212,27.58,37.24
2316,Category 42 Product 2316,42,121,42.77,80.1
2317,Category 30 Product 2317,30,467,3.62,7.7
2318,Category 40 Product 2318,40,231,9.47,12.07
2319,Category 41 Product 2319,41,2,113.73,170.31
2320,Furniture Product 2320,5,141,70.13,117.12
2321,Automotive Product 2321,13,96,24.59,33.75
2322,Category 42 Product 2322,42,195,93.64,220.68
2323,Books Product 2323,10,9,14.11,29.71
2324,Category 30 Product 2324,30,270,37.07,54.61
2325,Category 37 Product 2325,37,136,26.47,35.02
2326,Shoes Product 2326,7,141,15.98,19.91
2327,Garden Product 2327,12,296,10.56,17.71
2328,Category 35 Product 2328,35,400,5.49,8.96
2329,Category 45 Product 2329,45,141,72.56,181.3
2330,Books Product 2330,10,275,11.96,24.23
2331,Category 24 Product 2331,24,474,33.95,52.82
2332,Category 28 Product 2332,28,64,39.45,90.63
2333,Category 45 Product 2333,45,109,27.74,44.9
2334,Category 47 Product 2334,47,309,58.99,95.33
2335,Category 30 Product 2335,30,234,12.16,18.64
2336,Category 46 Product 2336,46,441,139.51,223.47
2337,Category 27 Product 2337,27,466,34.0,54.58
2338,Category 45 Product 2338,45,253,10.88,19.02
2339,Category 47 Product 2339,47,24,13.6,26.84
2340,Books Product 2340,10,401,83.86,158.1
2341,Category 35 Product 2341,35,132,34.33,55.39
2342,Smartphones Product 2342,3,281,47.34,95.13
2343,Category 49 Product 2343,49,440,129.87,308.38
2344,Music Product 2344,19,47,146.55,308.77
2345,Shoes Product 2345,7,344,26.32,46.3
2346,Smartphones Product 2346,3,25,36.42,87.52
2347,Category 33 Product 2347,33,353,17.01,33.59
2348,Clothing Product 2348,6,59,31.55,61.36
2349,Music Product 2349,19,122,12.62,20.46
2350,Books Product 2350,10,38,20.58,50.62
2351,Category 42 Product 2351,42,108,32.57,51.63
2352,Category 49 Product 2352,49,167,30.03,49.7
2353,Category 45 Product 2353,45,89,16.0,22.17
2354,Category 26 Product 2354,26,463,40.04,51.75
2355,Category 33 Product 2355,33,361,11.18,17.64
2356,Category 24 Product 2356,24,489,15.92,37.18
2357,Furniture Product 2357,5,110,215.94,529.75
2358,Category 30 Product 2358,30,497,39.57,70.36
2359,Books Product 2359,10,495,54.96,90.85
2360,Travel Product 2360,20,418,14.05,28.91
2361,Category 26 Product 2361,26,215,133.98,201.87
2362,Automotive Product 2362,13,97,81.26,138.83
2363,Furniture Product 2363,5,81,23.79,52.46
2364,Shoes Product 2364,7,185,41.64,89.3
2365,Category 41 Product 2365,41,397,21.42,26.28
2366,Category 28 Product 2366,28,455,4.32,6.13
2367,Home Appliances Product 2367,4,439,25.47,38.32
2368,Category 47 Product 2368,47,283,47.86,76.07
2369,Category 48 Product 2369,48,91,12.12,28.76
2370,Category 23 Product 2370,23,65,121.33,235.07
2371,Category 25 Product 2371,25,198,40.93,79.56
2372,Gaming Product 2372,18,239,24.96,57.54
2373,Category 29 Product 2373,29,404,11.99,22.26
2374,Sports Product 2374,8,466,12.16,27.39
2375,Category 31 Product 2375,31,399,166.67,375.46
2376,Category 24 Product 2376,24,405,3.13,5.76
2377,Category 42 Product 2377,42,443,86.56,111.4
2378,Toys Product 2378,11,230,64.23,108.35
2379,Category 29 Product 2379,29,133,37.38,85.2
2380,Category 23 Product 2380,23,225,39.11,65.61
2381,Category 44 Product 2381,44,395,76.72,178.24
2382,Category 38 Product 2382,38,17,4.6,6.18
2383,Category 41 Product 2383,41,67,12.42,30.14
2384,Category 24 Product 2384,24,494,45.34,61.87
2385,Category 48 Product 2385,48,334,74.42,117.13
2386,Category 32 Product 2386,32,342,128.6,247.66
2387,Category 43 Product 2387,43,218,215.83,362.56
2388,Sports Product 2388,8,341,3.7,7.55
2389,Category 48 Product 2389,48,118,53.86,121.95
2390,Computers Product 2390,2,178,35.45,79.8
2391,Home Appliances Product 2391,4,397,166.92,257.31
2392,Automotive Product 2392,13,277,15.48,38.61
2393,Category 26 Product 2393,26,473,27.2,49.49
2394,Category 40 Product 2394,40,173,16.54,22.34
2395,Category 22 Product 2395,22,333,30.7,39.54
2396,Category 34 Product 2396,34,127,100.89,237.59
2397,Category 40 Product 2397,40,332,38.02,86.26
2398,Category 35 Product 2398,35,111,28.72,47.15
2399,Category 28 Product 2399,28,140,38.7,78.73
2400,Category 45 Product 2400,45,99,84.33,199.2
2401,Category 31 Product 2401,31,85,97.24,117.48
2402,Category 28 Product 2402,28,386,35.22,48.77
2403,Category 21 Product 2403,21,143,32.11,43.36
2404,Automotive Product 2404,13,192,47.04,91.54
2405,Shoes Product 2405,7,441,8.53,19.61
2406,Category 33 Product 2406,33,285,97.84,239.93
2407,Category 21 Product 2407,21,497,23.92,42.44
2408,Category 42 Product 2408,42,222,56.52,98.89
2409,Category 32 Product 2409,32,117,14.25,20.08
2410,Category 38 Product 2410,38,327,83.22,171.42
2411,Category 30 Product 2411,30,270,95.99,205.87
2412,Smartphones Product 2412,3,389,25.69,36.54
2413,Shoes Product 2413,7,489,30.21,71.82
2414,Category 32 Product 2414,32,351,59.81,142.15
2415,Jewelry Product 2415,15,2,18.95,28.55
2416,Category 40 Product 2416,40,116,38.89,68.26
2417,Category 39 Product 2417,39,90,64.59,124.9
2418,Sports Product 2418,8,169,501.86,1014.97
2419,Category 21 Product 2419,21,480,105.4,245.19
2420,Category 41 Product 2420,41,160,9.0,16.22
2421,Category 26 Product 2421,26,41,91.98,147.09
2422,Category 41 Product 2422,41,233,68.49,142.9
2423,Category 40 Product 2423,40,274,36.57,69.06
2424,Music Product 2424,19,493,59.54,86.23
2425,Category 28 Product 2425,28,22,37.84,54.8
2426,Beauty Product 2426,9,484,7.87,17.69
2427,Category 37 Product 2427,37,65,7.07,11.08
2428,Category 29 Product 2428,29,341,29.24,48.12
2429,Category 26 Product 2429,26,301,21.43,52.03
2430,Category 41 Product 2430,41,4,33.11,75.37
2431,Category 33 Product 2431,33,485,60.75,108.09
2432,Category 39 Product 2432,39,367,72.44,128.08
2433,Smartphones Product 2433,3,273,5.47,7.38
2434,Furniture Product 2434,5,199,29.46,67.68
2435,Category 33 Product 2435,33,213,52.14,86.2
2436,Category 23 Product 2436,23,61,63.34,122.71
2437,Jewelry Product 2437,15,360,53.36,117.04
2438,Category 32 Product 2438,32,240,61.17,86.88
2439,Category 29 Product 2439,29,429,5.67,12.56
2440,Category 38 Product 2440,38,255,70.01,94.38
2441,Category 48 Product 2441,48,244,36.05,45.01
2442,Electronics Product 2442,1,444,27.28,53.7
2443,Travel Product 2443,20,104,98.26,165.98
2444,Category 41 Product 2444,41,410,168.96,394.85
2445,Jewelry Product 2445,15,122,17.67,25.58
2446,Health Product 2446,17,96,53.7,104.94
2447,Category 42 Product 2447,42,412,117.71,236.32
2448,Automotive Product 2448,13,130,87.67,145.23
2449,Category 40 Product 2449,40,181,92.33,162.1
2450,Category 28 Product 2450,28,44,43.43,81.78
2451,Category 31 Product 2451,31,373,11.18,18.09
2452,Category 34 Product 2452,34,197,88.52,187.6
2453,Category 47 Product 2453,47,226,19.59,32.37
2454,Category 22 Product 2454,22,319,48.26,66.48
2455,Sports Product 2455,8,183,72.53,109.45
2456,Category 40 Product 2456,40,180,16.41,40.81
2457,Travel Product 2457,20,204,21.6,53.58
2458,Music Product 2458,19,141,14.97,32.61
2459,Category 30 Product 2459,30,22,85.05,105.2
2460,Category 50 Product 2460,50,322,25.75,44.95
2461,Category 24 Product 2461,24,69,9.75,21.13
2462,Computers Product 2462,2,192,13.83,27.88
2463,Category 26 Product 2463,26,148,9.04,11.55
2464,Category 25 Product 2464,25,398,16.96,24.16
2465,Category 21 Product 2465,21,484,24.24,54.19
2466,Home Appliances Product 2466,4,26,18.85,34.9
2467,Pet Supplies Product 2467,16,363,255.21,385.06
2468,Category 45 Product 2468,45,329,31.41,68.29
2469,Category 42 Product 2469,42,494,18.34,24.79
2470,Category 25 Product 2470,25,408,79.24,130.97
2471,Jewelry Product 2471,15,79,82.11,118.52
2472,Travel Product 2472,20,497,28.5,60.55
2473,Category 46 Product 2473,46,392,155.73,218.55
2474,Toys Product 2474,11,64,111.33,211.99
2475,Sports Product 2475,8,200,86.05,181.24
2476,Smartphones Product 2476,3,427,8.33,18.53
2477,Category 41 Product 2477,41,219,80.33,134.42
2478,Category 35 Product 2478,35,173,10.46,14.53
2479,Category 31 Product 2479,31,24,62.44,82.2
2480,Category 38 Product 2480,38,179,16.92,31.46
2481,Books Product 2481,10,30,43.16,96.96
2482,Category 48 Product 2482,48,84,67.0,166.02
2483,Smartphones Product 2483,3,314,5.64,10.47
2484,Category 28 Product 2484,28,166,32.37,77.09
2485,Category 30 Product 2485,30,32,43.79,100.51
2486,Category 22 Product 2486,22,154,57.5,92.81
2487,Category 36 Product 2487,36,410,61.49,94.93
2488,Electronics Product 2488,1,219,194.98,347.61
2489,Category 32 Product 2489,32,462,34.17,74.37
2490,Category 21 Product 2490,21,382,94.37,182.92
2491,Category 33 Product 2491,33,384,10.45,17.75
2492,Category 49 Product 2492,49,299,6.74,11.54
2493,Category 46 Product 2493,46,321,113.65,198.13
2494,Office Product 2494,14,374,15.24,34.02
2495,Category 43 Product 2495,43,85,18.46,27.62
2496,Electronics Product 2496,1,474,106.9,225.75
2497,Category 33 Product 2497,33,500,76.82,101.26
2498,Category 40 Product 2498,40,458,28.01,50.62
2499,Category 37 Product 2499,37,281,28.81,43.52
2500,Automotive Product 2500,13,261,59.73,102.42
2501,Shoes Product 2501,7,394,33.67,60.64
2502,Category 27 Product 2502,27,399,38.82,56.55
2503,Category 42 Product 2503,42,103,32.52,69.98
2504,Category 29 Product 2504,29,181,17.05,41.96
2505,Category 34 Product 2505,34,147,17.99,31.73
2506,Category 40 Product 2506,40,62,26.14,49.78
2507,Toys Product 2507,11,240,14.51,24.7
2508,Category 45 Product 2508,45,487,36.66,82.6
2509,Office Product 2509,14,9,18.4,38.63
2510,Toys Product 2510,11,372,118.53,149.57
2511,Category 35 Product 2511,35,64,87.54,207.84
2512,Category 43 Product 2512,43,266,92.51,163.89
2513,Category 45 Product 2513,45,393,20.05,45.32
2514,Health Product 2514,17,481,144.43,254.88
2515,Category 44 Product 2515,44,317,54.11,66.7
2516,Books Product 2516,10,395,128.88,266.84
2517,Smartphones Product 2517,3,473,80.15,194.67
2518,Category 48 Product 2518,48,464,17.53,24.4
2519,Category 34 Product 2519,34,181,97.16,164.46
2520,Category 35 Product 2520,35,22,16.51,32.68
2521,Shoes Product 2521,7,428,18.94,43.83
2522,Category 41 Product 2522,41,393,15.87,22.28
2523,Furniture Product 2523,5,139,40.65,100.64
2524,Category 37 Product 2524,37,340,20.61,46.14
2525,Shoes Product 2525,7,144,110.58,157.21
2526,Category 29 Product 2526,29,298,33.94,44.33
2527,Books Product 2527,10,451,7.23,11.28
2528,Category 25 Product 2528,25,139,98.68,206.51
2529,Category 35 Product 2529,35,488,62.54,84.7
2530,Garden Product 2530,12,451,129.99,319.13
2531,Category 33 Product 2531,33,68,25.95,59.2
2532,Pet Supplies Product 2532,16,112,31.82,58.31
2533,Category 24 Product 2533,24,201,13.28,21.74
2534,Electronics Product 2534,1,77,30.94,53.23
2535,Category 25 Product 2535,25,138,15.11,32.4
2536,Health Product 2536,17,48,32.66,68.2
2537,Category 25 Product 2537,25,500,97.87,229.97
2538,Furniture Product 2538,5,424,50.28,102.53
2539,Category 36 Product 2539,36,462,19.45,25.11
2540,Music Product 2540,19,315,39.06,49.77
2541,Category 42 Product 2541,42,45,22.05,39.5
2542,Books Product 2542,10,301,44.24,102.52
2543,Category 34 Product 2543,34,106,51.19,122.86
2544,Shoes Product 2544,7,137,42.09,104.89
2545,Category 41 Product 2545,41,491,50.99,125.53
2546,Category 37 Product 2546,37,390,8.02,12.43
2547,Category 23 Product 2547,23,322,66.76,156.82
2548,Category 25 Product 2548,25,107,60.28,101.33
2549,Category 30 Product 2549,30,83,12.34,19.69
2550,Category 31 Product 2550,31,166,100.21,236.47
2551,Category 30 Product 2551,30,19,40.8,99.04
2552,Category 37 Product 2552,37,311,31.6,39.8
2553,Computers Product 2553,2,325,57.01,75.43
2554,Pet Supplies Product 2554,16,478,30.63,44.37
2555,Category 40 Product 2555,40,180,70.55,155.81
2556,Jewelry Product 2556,15,133,94.54,151.02
2557,Category 42 Product 2557,42,278,169.89,350.81
2558,Category 31 Product 2558,31,309,12.28,17.75
2559,Category 45 Product 2559,45,391,88.26,138.89
2560,Category 23 Product 2560,23,161,10.24,25.39
2561,Category 34 Product 2561,34,165,21.36,27.83
2562,Category 49 Product 2562,49,129,26.35,50.14
2563,Category 36 Product 2563,36,193,82.46,115.41
2564,Category 47 Product 2564,47,127,38.66,72.94
2565,Category 48 Product 2565,48,300,17.08,29.87
2566,Category 44 Product 2566,44,371,2.3,3.19
2567,Category 41 Product 2567,41,30,18.31,43.23
2568,Sports Product 2568,8,85,22.13,41.76
2569,Shoes Product 2569,7,492,24.4,45.4
2570,Category 27 Product 2570,27,423,46.15,66.75
2571,Category 33 Product 2571,33,322,82.64,181.24
2572,Category 32 Product 2572,32,285,21.38,30.88
2573,Books Product 2573,10,356,147.46,293.15
2574,Category 40 Product 2574,40,209,77.97,94.51
2575,Category 50 Product 2575,50,176,176.26,281.83
2576,Category 38 Product 2576,38,199,13.37,28.38
2577,Smartphones Product 2577,3,406,22.47,30.01
2578,Category 50 Product 2578,50,90,10.61,25.98
2579,Category 26 Product 2579,26,110,78.35,140.7
2580,Gaming Product 2580,18,209,14.65,29.03
2581,Category 28 Product 2581,28,1,93.66,160.07
2582,Toys Product 2582,11,99,18.52,25.85
2583,Sports Product 2583,8,258,6.17,10.79
2584,Category 40 Product 2584,40,14,48.17,67.92
2585,Category 33 Product 2585,33,293,18.55,31.31
2586,Automotive Product 2586,13,455,7.12,9.6
2587,Category 39 Product 2587,39,73,26.23,51.2
2588,Category 39 Product 2588,39,389,43.54,68.47
2589,Category 23 Product 2589,23,305,5.91,11.49
2590,Toys Product 2590,11,462,82.14,107.5
2591,Sports Product 2591,8,207,2.29,4.75
2592,Category 32 Product 2592,32,338,32.73,61.8
2593,Category 32 Product 2593,32,458,61.06,142.33
2594,Beauty Product 2594,9,217,29.59,63.61
2595,Health Product 2595,17,52,72.24,115.68
2596,Category 40 Product 2596,40,434,8.27,17.89
2597,Category 40 Product 2597,40,478,116.93,195.91
2598,Category 50 Product 2598,50,169,57.87,114.95
2599,Furniture Product 2599,5,13,17.71,36.69
2600,Category 32 Product 2600,32,216,112.65,254.9
2601,Category 22 Product 2601,22,408,27.59,64.34
2602,Garden Product 2602,12,48,22.54,42.13
2603,Health Product 2603,17,68,6.26,14.26
2604,Gaming Product 2604,18,154,48.09,80.21
2605,Sports Product 2605,8,445,154.9,382.24
2606,Category 38 Product 2606,38,231,20.46,45.46
2607,Gaming Product 2607,18,466,22.94,55.08
2608,Books Product 2608,10,17,21.91,39.59
2609,Category 45 Product 2609,45,264,103.21,257.95
2610,Category 40 Product 2610,40,218,8.85,14.99
2611,Category 50 Product 2611,50,55,30.51,74.65
2612,Category 50 Product 2612,50,434,20.84,45.11
2613,Category 31 Product 2613,31,186,12.91,20.52
2614,Category 26 Product 2614,26,191,24.77,45.51
2615,Health Product 2615,17,6,12.35,28.1
2616,Category 41 Product 2616,41,310,182.71,343.19
2617,Category 39 Product 2617,39,493,24.28,52.53
2618,Category 37 Product 2618,37,27,95.54,191.89
2619,Gaming Product 2619,18,380,132.68,321.47
2620,Music Product 2620,19,43,47.12,66.0
2621,Category 25 Product 2621,25,335,131.26,225.58
2622,Category 28 Product 2622,28,37,40.33,95.54
2623,Toys Product 2623,11,208,16.58,28.92
2624,Category 46 Product 2624,46,308,9.17,13.76
2625,Category 44 Product 2625,44,343,6.42,15.58
2626,Category 38 Product 2626,38,434,53.0,88.57
2627,Clothing Product 2627,6,353,174.65,282.56
2628,Category 24 Product 2628,24,156,78.95,120.77
2629,Travel Product 2629,20,120,2.89,3.48
2630,Books Product 2630,10,231,15.59,32.53
2631,Books Product 2631,10,90,41.55,93.99
2632,Automotive Product 2632,13,358,14.91,20.37
2633,Category 42 Product 2633,42,354,19.04,31.69
2634,Category 21 Product 2634,21,354,53.5,83.14
2635,Category 38 Product 2635,38,483,14.53,32.56
2636,Category 45 Product 2636,45,56,81.2,126.25
2637,Category 48 Product 2637,48,104,40.29,65.73
2638,Category 34 Product 2638,34,327,322.98,671.61
2639,Category 31 Product 2639,31,374,39.16,63.98
2640,Health Product 2640,17,157,35.94,87.82
2641,Category 24 Product 2641,24,3,24.83,56.43
2642,Office Product 2642,14,388,33.69,55.0
2643,Toys Product 2643,11,33,115.77,198.33
2644,Category 24 Product 2644,24,367,75.7,96.64
2645,Category 27 Product 2645,27,228,48.01,114.86
2646,Sports Product 2646,8,499,60.92,112.88
2647,Category 42 Product 2647,42,320,47.43,103.84
2648,Category 35 Product 2648,35,279,166.48,297.71
2649,Category 48 Product 2649,48,308,14.92,29.95
2650,Toys Product 2650,11,379,42.61,90.58
2651,Furniture Product 2651,5,165,21.9,45.74
2652,Gaming Product 2652,18,396,18.95,36.06
2653,Jewelry Product 2653,15,111,102.11,145.24
2654,Category 49 Product 2654,49,228,12.59,22.16
2655,Beauty Product 2655,9,17,27.59,59.79
2656,Books Product 2656,10,45,7.65,15.99
2657,Category 44 Product 2657,44,183,39.2,67.9
2658,Category 32 Product 2658,32,208,5.77,11.14
2659,Shoes Product 2659,7,83,105.4,249.21
2660,Category 46 Product 2660,46,454,84.18,198.1
2661,Garden Product 2661,12,190,145.61,296.7
2662,Garden Product 2662,12,442,6.5,15.11
2663,Health Product 2663,17,10,59.39,144.86
2664,Category 46 Product 2664,46,365,34.16,50.78
2665,Category 46 Product 2665,46,422,140.65,224.91
2666,Category 43 Product 2666,43,118,70.59,144.16
2667,Clothing Product 2667,6,482,15.0,37.38
2668,Category 37 Product 2668,37,79,35.77,52.47
2669,Category 49 Product 2669,49,151,12.86,24.84
2670,Pet Supplies Product 2670,16,260,6.75,13.95
2671,Category 41 Product 2671,41,204,74.71,126.62
2672,Computers Product 2672,2,284,31.71,74.06
2673,Category 44 Product 2673,44,494,8.82,13.31
2674,Category 31 Product 2674,31,427,66.46,132.73
2675,Category 44 Product 2675,44,43,61.83,109.81
2676,Health Product 2676,17,157,8.52,18.98
2677,Jewelry Product 2677,15,53,7.68,15.75
2678,Category 42 Product 2678,42,338,186.08,295.78
2679,Category 24 Product 2679,24,332,54.49,104.31
2680,Smartphones Product 2680,3,33,15.18,36.39
2681,Garden Product 2681,12,245,8.59,18.51
2682,Automotive Product 2682,13,457,15.02,32.37
2683,Furniture Product 2683,5,106,42.06,79.51
2684,Category 32 Product 2684,32,310,13.79,26.12
2685,Category 49 Product 2685,49,70,7.7,11.07
2686,Sports Product 2686,8,475,37.4,83.7
2687,Shoes Product 2687,7,188,15.29,32.42
2688,Books Product 2688,10,307,126.56,203.75
2689,Category 26 Product 2689,26,482,6.04,12.54
2690,Category 49 Product 2690,49,18,34.95,82.32
2691,Category 22 Product 2691,22,188,134.38,278.63
2692,Category 40 Product 2692,40,454,47.74,77.3
2693,Category 37 Product 2693,37,315,10.79,25.49
2694,Category 28 Product 2694,28,361,30.87,61.5
2695,Category 28 Product 2695,28,286,78.57,94.57
2696,Health Product 2696,17,381,88.42,160.03
2697,Category 28 Product 2697,28,136,13.21,31.09
2698,Category 40 Product 2698,40,179,57.24,123.7
2699,Clothing Product 2699,6,196,10.3,21.76
2700,Computers Product 2700,2,54,96.38,162.31
2701,Category 29 Product 2701,29,487,17.66,37.67
2702,Clothing Product 2702,6,257,170.73,223.49
2703,Toys Product 2703,11,171,26.72,44.17
2704,Category 40 Product 2704,40,33,18.47,39.76
2705,Category 44 Product 2705,44,484,65.19,104.85
2706,Category 50 Product 2706,50,435,12.72,17.09
2707,Category 47 Product 2707,47,405,32.82,73.09
2708,Sports Product 2708,8,221,32.3,73.28
2709,Category 44 Product 2709,44,423,145.17,260.29
2710,Category 36 Product 2710,36,87,140.59,295.2
2711,Category 38 Product 2711,38,100,16.43,35.16
2712,Category 40 Product 2712,40,101,80.62,177.1
2713,Category 47 Product 2713,47,468,29.33,40.44
2714,Category 45 Product 2714,45,367,49.08,109.38
2715,Category 35 Product 2715,35,41,118.67,182.6
2716,Category 21 Product 2716,21,152,19.79,25.37
2717,Gaming Product 2717,18,172,39.0,63.28
2718,Category 49 Product 2718,49,334,64.65,110.81
2719,Category 31 Product 2719,31,439,52.07,83.56
2720,Health Product 2720,17,295,22.93,39.95
2721,Category 48 Product 2721,48,80,5.63,7.76
2722,Home Appliances Product 2722,4,426,84.89,108.21
2723,Beauty Product 2723,9,153,16.41,31.16
2724,Books Product 2724,10,177,85.84,202.71
2725,Category 46 Product 2725,46,486,17.48,33.09
2726,Books Product 2726,10,319,53.88,72.75
2727,Category 46 Product 2727,46,225,82.15,183.33
2728,Furniture Product 2728,5,276,16.92,32.41
2729,Category 36 Product 2729,36,326,5.43,12.53
2730,Category 37 Product 2730,37,8,11.3,25.24
2731,Pet Supplies Product 2731,16,363,11.38,27.38
2732,Category 40 Product 2732,40,233,90.61,171.58
2733,Category 43 Product 2733,43,343,15.63,21.67
2734,Category 24 Product 2734,24,385,33.62,81.83
2735,Category 43 Product 2735,43,217,132.38,278.24
2736,Sports Product 2736,8,121,19.96,39.67
2737,Category 25 Product 2737,25,95,75.82,185.57
2738,Shoes Product 2738,7,127,26.42,31.74
2739,Category 31 Product 2739,31,260,17.25,27.06
2740,Toys Product 2740,11,210,18.72,26.61
2741,Garden Product 2741,12,287,111.83,259.04
2742,Pet Supplies Product 2742,16,41,9.63,14.19
2743,Category 49 Product 2743,49,461,15.29,29.88
2744,Jewelry Product 2744,15,461,60.15,115.96
2745,Clothing Product 2745,6,469,20.91,40.19
2746,Category 42 Product 2746,42,390,67.15,108.4
2747,Category 40 Product 2747,40,262,47.73,104.51
2748,Category 45 Product 2748,45,187,35.76,76.2
2749,Category 42 Product 2749,42,299,60.4,98.73
2750,Furniture Product 2750,5,48,50.88,81.23
2751,Category 40 Product 2751,40,463,7.49,9.34
2752,Category 39 Product 2752,39,255,76.72,179.3
2753,Category 23 Product 2753,23,492,173.93,373.51
2754,Clothing Product 2754,6,400,63.84,142.06
2755,Health Product 2755,17,202,6.55,13.99
2756,Gaming Product 2756,18,429,400.61,653.92
2757,Category 27 Product 2757,27,87,47.6,89.68
2758,Category 33 Product 2758,33,472,4.76,11.48
2759,Automotive Product 2759,13,429,24.48,32.39
2760,Category 41 Product 2760,41,97,23.2,37.03
2761,Jewelry Product 2761,15,482,21.01,38.11
2762,Category 41 Product 2762,41,17,28.69,37.12
2763,Office Product 2763,14,477,46.24,78.75
2764,Category 42 Product 2764,42,95,8.82,20.56
2765,Category 46 Product 2765,46,326,159.36,306.5
2766,Home Appliances Product 2766,4,341,9.32,11.68
2767,Category 25 Product 2767,25,287,6.74,16.72
2768,Office Product 2768,14,102,13.84,21.45
2769,Music Product 2769,19,178,18.69,44.79
2770,Sports Product 2770,8,203,36.85,54.44
2771,Category 49 Product 2771,49,92,127.83,197.75
2772,Sports Product 2772,8,37,32.76,56.77
2773,Category 27 Product 2773,27,79,33.2,68.73
2774,Category 30 Product 2774,30,353,24.56,53.3
2775,Category 38 Product 2775,38,40,14.66,29.41
2776,Category 47 Product 2776,47,382,30.76,38.85
2777,Office Product 2777,14,327,38.2,46.04
2778,Category 42 Product 2778,42,491,44.64,98.51
2779,Electronics Product 2779,1,85,13.82,16.97
2780,Home Appliances Product 2780,4,6,28.31,68.29
2781,Category 25 Product 2781,25,373,7.07,15.04
2782,Category 21 Product 2782,21,255,47.03,70.53
2783,Category 29 Product 2783,29,247,65.67,91.14
2784,Category 43 Product 2784,43,86,7.33,16.99
2785,Category 48 Product 2785,48,69,30.53,49.19
2786,Category 36 Product 2786,36,441,88.6,145.7
2787,Clothing Product 2787,6,42,76.52,122.6
2788,Beauty Product 2788,9,319,38.54,60.61
2789,Category 36 Product 2789,36,385,50.02,112.19
2790,Gaming Product 2790,18,413,22.74,29.41
2791,Shoes Product 2791,7,415,395.02,899.65
2792,Music Product 2792,19,6,128.12,308.92
2793,Category 44 Product 2793,44,285,2.42,3.78
2794,Category 47 Product 2794,47,188,24.66,35.89
2795,Furniture Product 2795,5,258,6.94,17.2
2796,Category 28 Product 2796,28,295,50.29,61.69
2797,Travel Product 2797,20,250,77.21,119.2
2798,Sports Product 2798,8,149,24.24,43.72
2799,Category 27 Product 2799,27,262,48.25,86.53
2800,Category 37 Product 2800,37,485,2.56,3.19
2801,Category 37 Product 2801,37,222,30.27,52.0
2802,Category 38 Product 2802,38,157,45.68,72.31
2803,Category 43 Product 2803,43,122,45.06,106.91
2804,Category 35 Product 2804,35,350,113.1,177.75
2805,Sports Product 2805,8,368,156.42,318.84
2806,Office Product 2806,14,166,16.86,39.7
2807,Office Product 2807,14,405,26.15,50.6
2808,Category 41 Product 2808,41,155,190.4,454.31
2809,Furniture Product 2809,5,171,10.47,21.54
2810,Travel Product 2810,20,477,11.9,17.19
2811,Category 28 Product 2811,28,395,10.07,18.75
2812,Category 24 Product 2812,24,35,93.34,120.71
2813,Category 36 Product 2813,36,203,65.79,136.21
2814,Category 24 Product 2814,24,442,15.31,37.71
2815,Category 36 Product 2815,36,141,198.96,310.6
2816,Sports Product 2816,8,18,235.23,556.25
2817,Clothing Product 2817,6,58,48.88,74.74
2818,Jewelry Product 2818,15,151,16.26,23.22
2819,Beauty Product 2819,9,278,20.76,50.9
2820,Health Product 2820,17,387,18.93,39.41
2821,Category 41 Product 2821,41,233,5.38,7.54
2822,Category 42 Product 2822,42,192,45.86,83.09
2823,Category 23 Product 2823,23,351,9.8,17.99
2824,Category 49 Product 2824,49,243,57.77,124.98
2825,Garden Product 2825,12,245,25.65,31.29
2826,Category 33 Product 2826,33,14,20.28,45.86
2827,Category 38 Product 2827,38,104,46.33,105.5
2828,Music Product 2828,19,190,22.36,41.14
2829,Category 28 Product 2829,28,77,130.14,278.88
2830,Travel Product 2830,20,193,2.36,4.26
2831,Travel Product 2831,20,332,22.84,30.91
2832,Shoes Product 2832,7,215,14.75,35.1
2833,Toys Product 2833,11,409,10.71,16.67
2834,Category 27 Product 2834,27,454,15.85,20.71
2835,Category 41 Product 2835,41,58,36.06,72.3
2836,Category 28 Product 2836,28,408,27.26,46.95
2837,Office Product 2837,14,398,11.52,25.4
2838,Category 23 Product 2838,23,19,71.08,154.35
2839,Computers Product 2839,2,202,240.21,318.74
2840,Sports Product 2840,8,105,9.54,21.97
2841,Category 43 Product 2841,43,211,127.72,208.76
2842,Category 23 Product 2842,23,318,910.19,1871.14
2843,Category 24 Product 2843,24,88,12.61,22.15
2844,Category 39 Product 2844,39,297,21.39,25.73
2845,Jewelry Product 2845,15,468,13.42,28.88
2846,Books Product 2846,10,249,12.44,22.42
2847,Category 38 Product 2847,38,53,7.1,16.02
2848,Books Product 2848,10,59,21.48,27.58
2849,Category 32 Product 2849,32,31,87.65,178.58
2850,Category 24 Product 2850,24,480,33.24,50.56
2851,Category 49 Product 2851,49,91,9.23,16.55
2852,Category 46 Product 2852,46,275,27.99,48.54
2853,Pet Supplies Product 2853,16,72,166.6,370.12
2854,Category 45 Product 2854,45,436,28.39,65.0
2855,Category 37 Product 2855,37,310,10.02,15.47
2856,Category 43 Product 2856,43,466,53.18,82.14
2857,Category 36 Product 2857,36,189,80.6,176.08
2858,Computers Product 2858,2,298,21.7,49.61
2859,Category 31 Product 2859,31,262,8.31,14.62
2860,Category 26 Product 2860,26,181,28.25,44.45
2861,Toys Product 2861,11,110,17.01,30.76
2862,Health Product 2862,17,203,36.09,59.93
2863,Garden Product 2863,12,3,57.83,136.83
2864,Category 43 Product 2864,43,178,71.19,134.83
2865,Pet Supplies Product 2865,16,317,21.12,27.25
2866,Automotive Product 2866,13,456,99.21,156.06
2867,Shoes Product 2867,7,51,38.73,86.45
2868,Category 49 Product 2868,49,120,11.61,28.06
2869,Category 50 Product 2869,50,417,9.13,11.35
2870,Category 45 Product 2870,45,444,7.81,9.6
2871,Category 39 Product 2871,39,37,87.63,139.42
2872,Category 38 Product 2872,38,437,33.0,44.03
2873,Beauty Product 2873,9,277,40.73,87.84
2874,Pet Supplies Product 2874,16,18,65.66,111.07
2875,Furniture Product 2875,5,195,12.34,23.25
2876,Category 42 Product 2876,42,163,33.59,52.17
2877,Category 34 Product 2877,34,499,293.78,400.14
2878,Office Product 2878,14,278,30.07,68.8
2879,Toys Product 2879,11,10,13.08,27.82
2880,Jewelry Product 2880,15,122,23.04,36.97
2881,Clothing Product 2881,6,4,131.68,267.09
2882,Jewelry Product 2882,15,388,22.82,31.06
2883,Category 46 Product 2883,46,239,8.73,16.05
2884,Smartphones Product 2884,3,39,57.48,93.32
2885,Health Product 2885,17,91,7.42,13.8
2886,Category 43 Product 2886,43,161,17.91,42.5
2887,Category 43 Product 2887,43,267,29.76,42.13
2888,Sports Product 2888,8,470,8.12,10.13
2889,Pet Supplies Product 2889,16,372,38.3,74.35
2890,Category 31 Product 2890,31,85,22.75,33.37
2891,Category 48 Product 2891,48,153,163.95,212.91
2892,Category 22 Product 2892,22,313,68.32,153.39
2893,Home Appliances Product 2893,4,193,34.27,76.63
2894,Furniture Product 2894,5,448,30.58,58.28
2895,Shoes Product 2895,7,133,33.68,47.03
2896,Category 26 Product 2896,26,202,4.63,7.37
2897,Office Product 2897,14,246,115.02,174.25
2898,Electronics Product 2898,1,221,31.21,47.77
2899,Pet Supplies Product 2899,16,238,38.85,51.9
2900,Computers Product 2900,2,485,56.36,125.07
2901,Smartphones Product 2901,3,383,19.2,36.97
2902,Office Product 2902,14,126,57.75,91.52
2903,Category 43 Product 2903,43,203,94.98,135.25
2904,Category 34 Product 2904,34,339,44.63,106.2
2905,Toys Product 2905,11,383,63.72,156.11
2906,Garden Product 2906,12,449,40.26,76.95
2907,Category 26 Product 2907,26,391,3.84,6.4
2908,Category 30 Product 2908,30,151,6.55,9.94
2909,Health Product 2909,17,386,4.66,6.82
2910,Furniture Product 2910,5,21,17.74,29.14
2911,Category 43 Product 2911,43,482,101.82,234.33
2912,Category 27 Product 2912,27,258,198.14,262.56
2913,Category 47 Product 2913,47,296,61.13,82.67
2914,Travel Product 2914,20,150,74.79,129.35
2915,Toys Product 2915,11,6,56.9,102.54
2916,Smartphones Product 2916,3,401,46.67,75.35
2917,Computers Product 2917,2,441,21.62,53.66
2918,Category 45 Product 2918,45,377,13.0,26.93
2919,Jewelry Product 2919,15,300,99.89,133.44
2920,Category 41 Product 2920,41,262,104.7,217.27
2921,Category 36 Product 2921,36,255,12.31,20.63
2922,Category 26 Product 2922,26,244,26.36,57.37
2923,Category 39 Product 2923,39,32,12.48,23.9
2924,Electronics Product 2924,1,409,3.9,8.43
2925,Category 28 Product 2925,28,95,7.92,17.86
2926,Category 50 Product 2926,50,328,114.72,159.21
2927,Category 39 Product 2927,39,49,11.66,14.62
2928,Shoes Product 2928,7,170,37.42,83.73
2929,Category 28 Product 2929,28,89,13.61,31.83
2930,Category 43 Product 2930,43,311,4.63,8.64
2931,Gaming Product 2931,18,410,33.04,42.3
2932,Category 22 Product 2932,22,332,57.01,106.5
2933,Category 41 Product 2933,41,411,17.6,33.28
2934,Category 46 Product 2934,46,421,22.39,53.74
2935,Furniture Product 2935,5,127,173.62,278.43
2936,Category 36 Product 2936,36,259,130.09,238.66
2937,Category 31 Product 2937,31,142,24.11,31.08
2938,Category 26 Product 2938,26,114,209.32,328.75
2939,Category 44 Product 2939,44,18,11.1,23.55
2940,Beauty Product 2940,9,346,35.96,84.65
2941,Category 32 Product 2941,32,298,32.58,50.04
2942,Category 25 Product 2942,25,31,39.78,51.69
2943,Shoes Product 2943,7,175,9.82,17.2
2944,Category 32 Product 2944,32,485,174.85,220.22
2945,Category 46 Product 2945,46,415,31.58,58.45
2946,Category 39 Product 2946,39,353,22.0,47.87
2947,Electronics Product 2947,1,114,30.83,68.27
2948,Category 39 Product 2948,39,104,99.65,177.17
2949,Furniture Product 2949,5,154,5.09,12.48
2950,Category 50 Product 2950,50,355,25.38,38.55
2951,Category 28 Product 2951,28,95,75.69,127.32
2952,Sports Product 2952,8,430,12.05,23.86
2953,Books Product 2953,10,358,46.92,99.49
2954,Travel Product 2954,20,88,105.4,201.61
2955,Category 41 Product 2955,41,368,40.11,94.15
2956,Category 33 Product 2956,33,54,4.39,8.69
2957,Music Product 2957,19,250,68.55,158.3
2958,Computers Product 2958,2,406,11.77,20.79
2959,Travel Product 2959,20,26,13.42,28.9
2960,Beauty Product 2960,9,181,59.72,125.26
2961,Category 25 Product 2961,25,415,168.27,253.25
2962,Office Product 2962,14,279,8.19,10.52
2963,Smartphones Product 2963,3,262,4.92,5.97
2964,Category 47 Product 2964,47,287,108.94,270.91
2965,Category 34 Product 2965,34,29,86.02,172.57
2966,Category 49 Product 2966,49,188,73.37,131.31
2967,Furniture Product 2967,5,366,25.0,57.31
2968,Category 35 Product 2968,35,394,88.11,201.36
2969,Category 28 Product 2969,28,291,78.43,183.15
2970,Category 35 Product 2970,35,123,20.91,33.92
2971,Category 37 Product 2971,37,394,5.59,12.9
2972,Category 31 Product 2972,31,264,79.3,132.08
2973,Category 24 Product 2973,24,460,22.46,29.91
2974,Category 41 Product 2974,41,52,28.3,45.45
2975,Garden Product 2975,12,376,43.17,55.49
2976,Category 46 Product 2976,46,200,24.9,32.29
2977,Sports Product 2977,8,415,22.63,35.47
2978,Category 46 Product 2978,46,172,33.68,53.54
2979,Category 30 Product 2979,30,397,79.98,148.56
2980,Category 30 Product 2980,30,79,12.4,24.74
2981,Category 41 Product 2981,41,188,104.5,156.04
2982,Category 39 Product 2982,39,259,55.28,70.18
2983,Books Product 2983,10,222,61.1,147.35
2984,Category 49 Product 2984,49,34,11.32,15.68
2985,Category 36 Product 2985,36,135,360.96,776.73
2986,Travel Product 2986,20,483,68.08,117.22
2987,Category 35 Product 2987,35,325,17.84,27.0
2988,Travel Product 2988,20,376,26.36,38.61
2989,Category 30 Product 2989,30,74,249.39,555.76
2990,Category 43 Product 2990,43,154,87.17,120.62
2991,Category 42 Product 2991,42,313,19.25,39.37
2992,Category 42 Product 2992,42,244,12.09,25.7
2993,Category 27 Product 2993,27,394,32.91,71.15
2994,Category 29 Product 2994,29,338,17.71,34.9
2995,Category 30 Product 2995,30,121,23.58,38.13
2996,Category 40 Product 2996,40,346,86.28,106.05
2997,Music Product 2997,19,106,302.85,424.86
2998,Category 35 Product 2998,35,331,11.57,14.34
2999,Category 22 Product 2999,22,397,29.67,63.23
3000,Category 23 Product 3000,23,447,4.52,11.23
3001,Category 43 Product 3001,43,160,45.79,105.13
3002,Category 30 Product 3002,30,500,24.97,40.94
3003,Category 29 Product 3003,29,386,17.58,32.61
3004,Garden Product 3004,12,436,10.78,17.49
3005,Category 40 Product 3005,40,451,76.77,156.71
3006,Category 41 Product 3006,41,2,103.95,152.0
3007,Computers Product 3007,2,486,432.89,631.14
3008,Category 28 Product 3008,28,211,16.73,26.79
3009,Category 31 Product 3009,31,2,429.37,745.86
3010,Category 44 Product 3010,44,498,48.84,86.19
3011,Category 37 Product 3011,37,85,18.32,33.77
3012,Category 48 Product 3012,48,479,15.21,34.46
3013,Category 49 Product 3013,49,420,18.27,45.12
3014,Clothing Product 3014,6,382,4.56,6.18
3015,Category 22 Product 3015,22,420,11.81,17.0
3016,Pet Supplies Product 3016,16,230,18.97,43.97
3017,Category 49 Product 3017,49,291,59.66,101.16
3018,Category 25 Product 3018,25,315,21.25,29.64
3019,Category 38 Product 3019,38,345,9.15,17.34
3020,Category 23 Product 3020,23,202,31.01,44.56
3021,Category 31 Product 3021,31,325,128.38,171.37
3022,Category 37 Product 3022,37,18,41.72,93.98
3023,Category 41 Product 3023,41,348,40.63,58.84
3024,Category 31 Product 3024,31,69,128.03,260.52
3025,Health Product 3025,17,77,72.61,96.34
3026,Category 29 Product 3026,29,323,101.75,208.27
3027,Jewelry Product 3027,15,307,87.42,136.15
3028,Category 50 Product 3028,50,8,57.1,134.08
3029,Toys Product 3029,11,368,119.64,274.23
3030,Beauty Product 3030,9,52,1.77,2.93
3031,Category 29 Product 3031,29,133,16.69,31.37
3032,Gaming Product 3032,18,364,24.23,36.31
3033,Home Appliances Product 3033,4,40,6.25,15.59
3034,Category 40 Product 3034,40,434,100.39,231.13
3035,Category 26 Product 3035,26,447,32.74,67.46
3036,Toys Product 3036,11,231,6.59,8.1
3037,Category 21 Product 3037,21,86,71.1,147.24
3038,Category 34 Product 3038,34,282,45.37,96.29
3039,Category 27 Product 3039,27,167,6.7,10.97
3040,Category 27 Product 3040,27,42,416.94,699.32
3041,Category 26 Product 3041,26,197,516.97,1004.79
3042,Furniture Product 3042,5,452,20.16,27.1
3043,Furniture Product 3043,5,144,17.08,34.49
3044,Furniture Product 3044,5,82,65.27,119.11
3045,Travel Product 3045,20,152,58.77,121.97
3046,Jewelry Product 3046,15,114,17.12,23.85
3047,Category 39 Product 3047,39,415,18.43,38.44
3048,Gaming Product 3048,18,127,25.56,63.37
3049,Category 24 Product 3049,24,247,183.99,370.66
3050,Category 47 Product 3050,47,108,10.18,21.58
3051,Category 30 Product 3051,30,452,56.74,81.35
3052,Category 27 Product 3052,27,481,18.64,25.57
3053,Clothing Product 3053,6,352,152.86,185.54
3054,Shoes Product 3054,7,497,45.5,106.82
3055,Category 38 Product 3055,38,34,25.14,60.99
3056,Category 45 Product 3056,45,142,237.95,402.81
3057,Sports Product 3057,8,316,85.65,122.84
3058,Category 42 Product 3058,42,402,143.27,298.32
3059,Home Appliances Product 3059,4,96,58.88,80.84
3060,Books Product 3060,10,110,127.81,272.21
3061,Shoes Product 3061,7,314,24.11,56.37
3062,Toys Product 3062,11,150,12.05,27.16
3063,Category 50 Product 3063,50,101,6.74,14.17
3064,Pet Supplies Product 3064,16,132,34.6,77.66
3065,Category 44 Product 3065,44,135,18.84,29.64
3066,Category 42 Product 3066,42,433,53.95,109.98
3067,Books Product 3067,10,277,636.21,1311.71
3068,Category 50 Product 3068,50,283,44.32,108.77
3069,Category 30 Product 3069,30,479,8.2,12.15
3070,Category 30 Product 3070,30,119,22.68,36.76
3071,Garden Product 3071,12,74,10.9,20.94
3072,Category 21 Product 3072,21,479,118.94,183.16
3073,Automotive Product 3073,13,238,52.99,90.82
3074,Category 41 Product 3074,41,467,57.64,136.53
3075,Category 29 Product 3075,29,356,14.2,22.67
3076,Category 21 Product 3076,21,201,99.2,230.12
3077,Category 49 Product 3077,49,97,39.32,76.72
3078,Category 37 Product 3078,37,393,48.25,99.73
3079,Category 34 Product 3079,34,423,30.02,41.85
3080,Category 29 Product 3080,29,64,15.76,31.49
3081,Smartphones Product 3081,3,299,27.99,39.27
3082,Pet Supplies Product 3082,16,234,23.51,48.77
3083,Category 35 Product 3083,35,386,41.81,58.13
3084,Category 27 Product 3084,27,398,13.89,19.8
3085,Category 24 Product 3085,24,419,29.66,56.81
3086,Category 31 Product 3086,31,221,18.85,27.51
3087,Category 29 Product 3087,29,141,219.83,351.87
3088,Category 21 Product 3088,21,180,35.89,59.7
3089,Health Product 3089,17,418,11.51,18.77
3090,Category 41 Product 3090,41,278,3.22,6.48
3091,Category 49 Product 3091,49,239,83.37,171.62
3092,Category 50 Product 3092,50,465,15.12,23.64
3093,Smartphones Product 3093,3,349,82.23,119.03
3094,Health Product 3094,17,73,9.17,21.03
3095,Category 29 Product 3095,29,182,40.98,50.37
3096,Category 37 Product 3096,37,301,32.7,78.29
3097,Toys Product 3097,11,278,9.26,20.0
3098,Category 42 Product 3098,42,92,91.91,150.5
3099,Category 38 Product 3099,38,350,53.54,77.9
3100,Category 23 Product 3100,23,69,2.92,4.84
3101,Category 23 Product 3101,23,136,80.67,129.31
3102,Category 46 Product 3102,46,105,5.26,12.21
3103,Category 47 Product 3103,47,360,29.78,47.21
3104,Electronics Product 3104,1,409,11.16,18.35
3105,Category 24 Product 3105,24,223,19.82,24.96
3106,Automotive Product 3106,13,442,61.59,88.52
3107,Category 26 Product 3107,26,288,197.42,288.61
3108,Category 40 Product 3108,40,174,38.89,80.34
3109,Smartphones Product 3109,3,154,11.01,23.96
3110,Category 44 Product 3110,44,294,153.88,314.75
3111,Category 23 Product 3111,23,89,23.49,32.33
3112,Health Product 3112,17,435,89.69,164.35
3113,Music Product 3113,19,155,55.54,136.79
3114,Toys Product 3114,11,376,23.93,32.1
3115,Category 29 Product 3115,29,342,138.49,229.61
3116,Category 40 Product 3116,40,247,43.87,70.47
3117,Computers Product 3117,2,303,368.5,497.61
3118,Jewelry Product 3118,15,124,35.82,85.57
3119,Gaming Product 3119,18,277,457.02,655.31
3120,Category 47 Product 3120,47,106,14.8,35.29
3121,Category 21 Product 3121,21,149,23.72,34.2
3122,Category 40 Product 3122,40,38,87.57,119.22
3123,Computers Product 3123,2,93,30.55,67.54
3124,Category 48 Product 3124,48,475,51.36,79.93
3125,Category 28 Product 3125,28,28,29.39,45.34
3126,Pet Supplies Product 3126,16,477,36.41,86.1
3127,Category 38 Product 3127,38,487,104.41,148.53
3128,Garden Product 3128,12,409,246.16,366.27
3129,Category 43 Product 3129,43,381,9.94,20.52
3130,Furniture Product 3130,5,236,5.87,12.94
3131,Category 45 Product 3131,45,165,10.15,19.9
3132,Category 44 Product 3132,44,187,26.5,63.23
3133,Category 26 Product 3133,26,247,20.26,45.32
3134,Category 24 Product 3134,24,107,23.86,49.54
3135,Category 25 Product 3135,25,318,22.21,39.85
3136,Category 47 Product 3136,47,434,114.74,182.95
3137,Category 44 Product 3137,44,409,465.14,851.32
3138,Category 24 Product 3138,24,374,75.34,160.36
3139,Category 50 Product 3139,50,316,19.03,33.94
3140,Automotive Product 3140,13,57,38.3,58.95
3141,Category 35 Product 3141,35,346,49.49,88.57
3142,Category 30 Product 3142,30,24,9.57,15.07
3143,Category 26 Product 3143,26,358,20.53,35.08
3144,Category 21 Product 3144,21,407,3.66,8.62
3145,Health Product 3145,17,335,16.83,23.94
3146,Home Appliances Product 3146,4,361,81.5,142.56
3147,Category 25 Product 3147,25,344,59.67,115.41
3148,Category 31 Product 3148,31,39,88.08,210.87
3149,Category 24 Product 3149,24,473,47.01,91.33
3150,Toys Product 3150,11,241,62.87,87.38
3151,Furniture Product 3151,5,6,66.77,136.15
3152,Category 37 Product 3152,37,453,74.53,183.67
3153,Category 40 Product 3153,40,9,28.17,64.73
3154,Category 34 Product 3154,34,449,8.37,13.7
3155,Clothing Product 3155,6,456,14.58,32.2
3156,Category 29 Product 3156,29,323,6.78,15.76
3157,Garden Product 3157,12,294,137.72,336.9
3158,Category 21 Product 3158,21,78,71.39,133.15
3159,Shoes Product 3159,7,77,73.74,147.76
3160,Category 39 Product 3160,39,345,47.96,63.37
3161,Category 24 Product 3161,24,278,5.97,14.55
3162,Category 22 Product 3162,22,335,9.98,16.02
3163,Category 45 Product 3163,45,32,55.19,118.43
3164,Category 44 Product 3164,44,89,3.15,5.66
3165,Category 38 Product 3165,38,238,105.33,197.91
3166,Category 42 Product 3166,42,374,82.16,155.41
3167,Travel Product 3167,20,191,150.98,257.27
3168,Furniture Product 3168,5,377,26.38,36.31
3169,Category 48 Product 3169,48,443,22.27,30.15
3170,Category 48 Product 3170,48,243,58.05,106.04
3171,Category 46 Product 3171,46,343,66.35,86.63
3172,Category 33 Product 3172,33,366,12.54,22.02
3173,Office Product 3173,14,246,45.45,73.93
3174,Category 32 Product 3174,32,413,10.92,23.9
3175,Category 22 Product 3175,22,139,11.77,22.36
3176,Category 38 Product 3176,38,188,7.15,15.18
3177,Category 30 Product 3177,30,74,90.42,124.73
3178,Category 39 Product 3178,39,38,114.82,235.91
3179,Computers Product 3179,2,15,5.25,9.28
3180,Category 25 Product 3180,25,270,34.22,41.77
3181,Beauty Product 3181,9,177,15.39,21.92
3182,Office Product 3182,14,145,6.24,7.85
3183,Automotive Product 3183,13,251,27.52,48.8
3184,Category 23 Product 3184,23,349,82.29,198.92
3185,Shoes Product 3185,7,43,140.22,185.26
3186,Books Product 3186,10,127,5.77,8.22
3187,Shoes Product 3187,7,22,7.5,15.76
3188,Category 35 Product 3188,35,494,9.86,19.44
3189,Smartphones Product 3189,3,367,8.28,19.72
3190,Category 33 Product 3190,33,390,14.29,21.51
3191,Office Product 3191,14,457,74.27,151.84
3192,Music Product 3192,19,15,15.21,26.28
3193,Music Product 3193,19,177,3.34,5.55
3194,Toys Product 3194,11,491,20.93,36.24
3195,Category 44 Product 3195,44,471,35.51,63.58
3196,Category 39 Product 3196,39,321,15.93,21.33
3197,Smartphones Product 3197,3,343,20.12,29.2
3198,Travel Product 3198,20,124,4.97,7.21
3199,Category 21 Product 3199,21,424,32.61,46.34
3200,Category 47 Product 3200,47,401,38.32,57.5
3201,Category 24 Product 3201,24,33,8.98,20.64
3202,Category 23 Product 3202,23,31,45.26,97.43
3203,Category 42 Product 3203,42,352,12.96,31.37
3204,Category 28 Product 3204,28,105,119.9,155.97
3205,Category 21 Product 3205,21,460,65.0,136.75
3206,Books Product 3206,10,394,52.41,94.11
3207,Category 27 Product 3207,27,52,9.31,12.07
3208,Health Product 3208,17,109,81.13,187.54
3209,Category 23 Product 3209,23,226,29.57,64.55
3210,Category 38 Product 3210,38,464,44.73,73.21
3211,Garden Product 3211,12,448,19.63,43.4
3212,Category 24 Product 3212,24,313,12.38,15.06
3213,Category 37 Product 3213,37,259,61.16,76.04
3214,Category 50 Product 3214,50,453,16.73,27.88
3215,Category 35 Product 3215,35,260,4.69,8.09
3216,Category 42 Product 3216,42,244,116.9,183.55
3217,Category 33 Product 3217,33,437,15.37,26.18
3218,Category 23 Product 3218,23,7,39.68,60.59
3219,Category 44 Product 3219,44,53,16.05,38.14
3220,Travel Product 3220,20,209,3.54,6.55
3221,Furniture Product 3221,5,353,8.86,13.92
3222,Category 21 Product 3222,21,388,71.21,120.41
3223,Category 35 Product 3223,35,291,113.3,153.16
3224,Category 44 Product 3224,44,232,32.18,54.91
3225,Category 38 Product 3225,38,42,92.66,195.77
3226,Category 42 Product 3226,42,173,10.92,26.86
3227,Sports Product 3227,8,154,62.32,144.25
3228,Computers Product 3228,2,326,43.36,102.52
3229,Shoes Product 3229,7,75,47.82,119.03
3230,Category 29 Product 3230,29,117,34.23,78.39
3231,Health Product 3231,17,382,29.33,55.25
3232,Clothing Product 3232,6,307,87.75,204.55
3233,Computers Product 3233,2,324,16.12,29.29
3234,Electronics Product 3234,1,491,15.11,20.5
3235,Gaming Product 3235,18,136,35.0,61.84
3236,Category 22 Product 3236,22,436,18.75,35.35
3237,Smartphones Product 3237,3,260,9.1,21.53
3238,Category 24 Product 3238,24,339,29.87,40.79
3239,Garden Product 3239,12,485,69.92,149.87
3240,Category 23 Product 3240,23,444,67.72,133.93
3241,Smartphones Product 3241,3,2,38.53,58.56
3242,Category 40 Product 3242,40,390,3.54,7.69
3243,Category 43 Product 3243,43,72,91.82,203.19
3244,Garden Product 3244,12,402,26.23,54.94
3245,Category 47 Product 3245,47,168,14.63,28.34
3246,Category 40 Product 3246,40,413,13.21,18.38
3247,Category 33 Product 3247,33,241,53.3,125.91
3248,Category 32 Product 3248,32,341,43.27,107.92
3249,Category 38 Product 3249,38,474,44.46,92.56
3250,Category 39 Product 3250,39,485,104.83,244.32
3251,Pet Supplies Product 3251,16,42,29.23,44.31
3252,Toys Product 3252,11,124,53.63,69.99
3253,Travel Product 3253,20,157,22.84,42.73
3254,Gaming Product 3254,18,100,47.91,78.25
3255,Gaming Product 3255,18,235,21.4,52.54
3256,Category 47 Product 3256,47,466,12.51,27.04
3257,Category 43 Product 3257,43,412,15.27,20.66
3258,Category 21 Product 3258,21,493,46.68,92.15
3259,Books Product 3259,10,428,182.02,343.47
3260,Garden Product 3260,12,484,36.76,80.12
3261,Category 35 Product 3261,35,354,23.7,30.6
3262,Gaming Product 3262,18,26,25.23,52.87
3263,Garden Product 3263,12,186,46.62,84.36
3264,Books Product 3264,10,228,4.57,9.49
3265,Office Product 3265,14,138,49.01,81.05
3266,Furniture Product 3266,5,265,17.33,23.61
3267,Furniture Product 3267,5,62,23.4,44.7
3268,Category 50 Product 3268,50,101,45.67,66.73
3269,Office Product 3269,14,219,19.1,42.42
3270,Category 43 Product 3270,43,492,71.29,111.27
3271,Category 42 Product 3271,42,490,217.78,309.84
3272,Travel Product 3272,20,356,11.74,20.08
3273,Category 50 Product 3273,50,14,78.96,130.6
3274,Category 31 Product 3274,31,436,6.55,15.14
3275,Category 46 Product 3275,46,391,26.07,49.68
3276,Gaming Product 3276,18,109,55.39,115.45
3277,Category 36 Product 3277,36,18,57.95,114.13
3278,Category 43 Product 3278,43,16,5.19,6.72
3279,Category 40 Product 3279,40,473,13.94,32.57
3280,Category 42 Product 3280,42,350,88.77,160.55
3281,Category 27 Product 3281,27,286,43.06,89.63
3282,Health Product 3282,17,74,26.15,59.79
3283,Toys Product 3283,11,167,91.95,228.04
3284,Category 23 Product 3284,23,366,68.13,166.05
3285,Automotive Product 3285,13,456,35.27,74.92
3286,Category 25 Product 3286,25,363,76.99,128.06
3287,Category 42 Product 3287,42,475,158.14,295.86
3288,Office Product 3288,14,448,58.79,73.74
3289,Category 37 Product 3289,37,405,9.1,20.38
3290,Electronics Product 3290,1,407,24.77,35.74
3291,Category 25 Product 3291,25,90,28.29,47.88
3292,Category 47 Product 3292,47,481,125.14,256.14
3293,Pet Supplies Product 3293,16,431,7.86,18.95
3294,Category 25 Product 3294,25,122,14.34,32.33
3295,Gaming Product 3295,18,305,11.35,27.9
3296,Category 25 Product 3296,25,411,69.27,133.98
3297,Gaming Product 3297,18,377,170.01,328.2
3298,Shoes Product 3298,7,397,42.12,76.41
3299,Category 34 Product 3299,34,269,37.04,75.49
3300,Category 23 Product 3300,23,349,16.55,39.45
3301,Smartphones Product 3301,3,160,34.84,86.81
3302,Category 33 Product 3302,33,32,19.11,38.26
3303,Beauty Product 3303,9,261,23.32,48.84
3304,Category 37 Product 3304,37,236,30.07,66.3
3305,Smartphones Product 3305,3,176,44.06,63.11
3306,Garden Product 3306,12,16,6.11,9.9
3307,Category 50 Product 3307,50,246,168.09,391.09
3308,Electronics Product 3308,1,313,14.54,32.86
3309,Furniture Product 3309,5,406,29.41,40.98
3310,Category 36 Product 3310,36,453,41.25,50.73
3311,Category 36 Product 3311,36,232,24.19,38.72
3312,Computers Product 3312,2,367,7.84,13.0
3313,Category 21 Product 3313,21,478,58.94,123.33
3314,Category 42 Product 3314,42,185,59.27,135.36
3315,Category 25 Product 3315,25,422,56.79,94.08
3316,Category 30 Product 3316,30,465,34.28,77.99
3317,Category 30 Product 3317,30,212,282.66,612.83
3318,Office Product 3318,14,384,71.83,130.62
3319,Category 40 Product 3319,40,284,17.36,22.59
3320,Category 26 Product 3320,26,448,11.86,25.7
3321,Pet Supplies Product 3321,16,145,39.86,65.69
3322,Category 34 Product 3322,34,46,168.22,227.3
3323,Category 38 Product 3323,38,52,63.69,98.42
3324,Gaming Product 3324,18,412,50.25,63.04
3325,Category 33 Product 3325,33,28,28.52,54.38
3326,Category 49 Product 3326,49,94,5.18,11.8
3327,Office Product 3327,14,149,25.51,40.71
3328,Books Product 3328,10,221,4.98,7.34
3329,Music Product 3329,19,190,14.64,32.98
3330,Automotive Product 3330,13,296,24.26,53.69
3331,Sports Product 3331,8,495,44.48,71.86
3332,Category 34 Product 3332,34,195,12.75,21.82
3333,Category 24 Product 3333,24,245,118.74,272.03
3334,Category 27 Product 3334,27,434,17.19,25.85
3335,Books Product 3335,10,329,24.75,59.53
3336,Category 25 Product 3336,25,488,51.62,90.49
3337,Furniture Product 3337,5,457,24.8,34.74
3338,Category 24 Product 3338,24,365,20.74,32.9
3339,Category 23 Product 3339,23,423,23.82,52.97
3340,Category 46 Product 3340,46,105,21.92,29.05
3341,Category 40 Product 3341,40,494,45.18,74.36
3342,Category 35 Product 3342,35,41,155.97,259.79
3343,Music Product 3343,19,321,83.96,117.99
3344,Category 33 Product 3344,33,248,27.05,48.21
3345,Garden Product 3345,12,348,57.86,113.44
3346,Category 36 Product 3346,36,443,20.71,31.61
3347,Category 32 Product 3347,32,479,61.2,92.95
3348,Category 49 Product 3348,49,308,8.69,17.54
3349,Category 35 Product 3349,35,330,6.62,10.65
3350,Jewelry Product 3350,15,315,8.42,12.31
3351,Sports Product 3351,8,4,26.64,34.2
3352,Category 34 Product 3352,34,281,16.0,31.78
3353,Computers Product 3353,2,282,64.23,119.99
3354,Home Appliances Product 3354,4,325,155.45,354.19
3355,Category 46 Product 3355,46,359,12.93,26.93
3356,Clothing Product 3356,6,490,32.58,60.53
3357,Automotive Product 3357,13,115,29.95,67.68
3358,Smartphones Product 3358,3,337,20.76,25.42
3359,Computers Product 3359,2,389,91.2,115.22
3360,Category 50 Product 3360,50,286,62.96,126.9
3361,Category 25 Product 3361,25,75,16.31,39.65
3362,Category 43 Product 3362,43,58,8.5,16.6
3363,Furniture Product 3363,5,362,107.43,158.51
3364,Category 35 Product 3364,35,125,21.36,47.6
3365,Beauty Product 3365,9,284,262.68,358.18
3366,Furniture Product 3366,5,357,159.1,309.45
3367,Category 31 Product 3367,31,244,625.1,1516.28
3368,Automotive Product 3368,13,92,40.7,72.09
3369,Office Product 3369,14,332,57.75,82.6
3370,Category 45 Product 3370,45,483,17.78,43.81
3371,Gaming Product 3371,18,230,20.64,50.02
3372,Category 34 Product 3372,34,5,13.63,20.41
3373,Automotive Product 3373,13,316,20.63,34.21
3374,Toys Product 3374,11,11,102.58,232.08
3375,Toys Product 3375,11,497,152.82,374.57
3376,Shoes Product 3376,7,452,198.89,435.71
3377,Travel Product 3377,20,380,28.17,49.1
3378,Category 37 Product 3378,37,340,64.9,119.65
3379,Category 42 Product 3379,42,457,30.02,69.36
3380,Category 23 Product 3380,23,53,13.77,25.84
3381,Category 40 Product 3381,40,369,68.43,120.54
3382,Category 46 Product 3382,46,13,37.31,51.62
3383,Category 40 Product 3383,40,175,485.52,716.5
3384,Category 44 Product 3384,44,332,121.24,256.37
3385,Category 43 Product 3385,43,368,64.72,109.67
3386,Category 28 Product 3386,28,490,23.05,31.27
3387,Automotive Product 3387,13,36,199.83,312.59
3388,Jewelry Product 3388,15,173,12.67,18.83
3389,Category 34 Product 3389,34,418,95.85,230.04
3390,Category 43 Product 3390,43,239,21.51,30.13
3391,Beauty Product 3391,9,341,22.72,38.98
3392,Toys Product 3392,11,58,102.79,158.41
3393,Category 48 Product 3393,48,297,4.82,8.41
3394,Category 22 Product 3394,22,336,28.75,58.11
3395,Automotive Product 3395,13,369,14.96,36.3
3396,Garden Product 3396,12,203,279.26,547.3
3397,Category 31 Product 3397,31,115,26.43,48.63
3398,Home Appliances Product 3398,4,406,16.29,29.2
3399,Office Product 3399,14,485,18.49,43.38
3400,Category 29 Product 3400,29,394,155.19,337.01
3401,Category 34 Product 3401,34,307,24.66,43.55
3402,Category 36 Product 3402,36,406,76.01,176.28
3403,Category 44 Product 3403,44,462,38.27,87.0
3404,Category 22 Product 3404,22,286,19.89,32.15
3405,Category 32 Product 3405,32,421,33.95,54.65
3406,Category 29 Product 3406,29,135,39.03,89.99
3407,Clothing Product 3407,6,334,73.93,184.08
3408,Toys Product 3408,11,9,17.67,26.42
3409,Category 43 Product 3409,43,120,52.05,105.34
3410,Category 39 Product 3410,39,479,119.14,163.18
3411,Sports Product 3411,8,168,117.05,275.04
3412,Category 45 Product 3412,45,47,16.29,28.53
3413,Category 21 Product 3413,21,431,9.4,18.2
3414,Home Appliances Product 3414,4,118,10.48,22.26
3415,Category 29 Product 3415,29,433,37.39,54.06
3416,Category 40 Product 3416,40,254,19.62,40.94
3417,Office Product 3417,14,246,72.56,160.96
3418,Category 38 Product 3418,38,489,14.8,36.12
3419,Category 22 Product 3419,22,484,14.79,36.38
3420,Category 21 Product 3420,21,51,22.03,28.02
3421,Travel Product 3421,20,484,21.59,49.3
3422,Category 41 Product 3422,41,29,36.61,82.12
3423,Sports Product 3423,8,20,15.05,25.27
3424,Garden Product 3424,12,440,60.67,124.51
3425,Category 45 Product 3425,45,464,599.02,941.1
3426,Category 26 Product 3426,26,102,49.48,91.64
3427,Category 45 Product 3427,45,29,57.1,82.15
3428,Category 34 Product 3428,34,443,8.01,16.97
3429,Category 21 Product 3429,21,351,46.57,61.98
3430,Sports Product 3430,8,164,117.58,187.54
3431,Category 50 Product 3431,50,238,71.55,150.0
3432,Books Product 3432,10,300,21.06,50.95
3433,Health Product 3433,17,396,6.83,9.08
3434,Office Product 3434,14,71,83.06,144.89
3435,Category 33 Product 3435,33,428,62.82,89.96
3436,Jewelry Product 3436,15,198,258.02,417.66
3437,Electronics Product 3437,1,198,17.91,31.74
3438,Garden Product 3438,12,46,13.43,22.0
3439,Category 36 Product 3439,36,137,70.13,102.09
3440,Category 45 Product 3440,45,382,15.84,38.3
3441,Category 29 Product 3441,29,422,22.47,39.13
3442,Category 35 Product 3442,35,431,54.47,112.45
3443,Computers Product 3443,2,89,24.53,51.24
3444,Sports Product 3444,8,482,119.11,188.76
3445,Computers Product 3445,2,145,19.4,34.37
3446,Category 28 Product 3446,28,102,93.39,146.56
3447,Category 41 Product 3447,41,95,27.29,44.46
3448,Category 42 Product 3448,42,467,13.81,27.08
3449,Pet Supplies Product 3449,16,481,52.37,78.48
3450,Office Product 3450,14,368,24.78,60.32
3451,Category 40 Product 3451,40,215,28.38,63.24
3452,Smartphones Product 3452,3,456,61.35,106.76
3453,Electronics Product 3453,1,29,35.62,52.79
3454,Category 41 Product 3454,41,162,63.29,149.13
3455,Smartphones Product 3455,3,349,75.16,186.66
3456,Home Appliances Product 3456,4,432,5.14,10.07
3457,Category 48 Product 3457,48,18,15.38,25.01
3458,Category 46 Product 3458,46,351,67.14,101.19
3459,Computers Product 3459,2,317,161.62,254.15
3460,Electronics Product 3460,1,163,15.88,30.56
3461,Category 26 Product 3461,26,221,7.01,12.88
3462,Category 34 Product 3462,34,95,14.42,29.38
3463,Category 28 Product 3463,28,23,83.34,202.59
3464,Category 47 Product 3464,47,154,20.88,32.19
3465,Category 33 Product 3465,33,315,36.36,87.28
3466,Category 30 Product 3466,30,406,214.42,390.37
3467,Category 24 Product 3467,24,442,451.91,544.34
3468,Category 39 Product 3468,39,205,26.02,47.79
3469,Clothing Product 3469,6,252,176.43,360.13
3470,Garden Product 3470,12,469,95.27,227.18
3471,Category 50 Product 3471,50,169,17.9,32.43
3472,Category 39 Product 3472,39,321,54.3,119.54
3473,Category 41 Product 3473,41,283,6.98,17.2
3474,Category 41 Product 3474,41,240,16.11,22.04
3475,Electronics Product 3475,1,133,68.13,147.02
3476,Clothing Product 3476,6,90,60.79,75.91
3477,Category 39 Product 3477,39,78,35.57,48.67
3478,Computers Product 3478,2,102,3.08,5.67
3479,Category 33 Product 3479,33,300,5.46,13.09
3480,Category 34 Product 3480,34,184,44.17,103.89
3481,Category 30 Product 3481,30,312,143.39,199.65
3482,Category 47 Product 3482,47,284,59.17,147.82
3483,Books Product 3483,10,73,5.19,11.97
3484,Toys Product 3484,11,153,47.51,65.74
3485,Furniture Product 3485,5,219,87.58,183.79
3486,Category 48 Product 3486,48,59,22.37,35.59
3487,Jewelry Product 3487,15,333,8.47,10.63
3488,Category 25 Product 3488,25,318,42.21,77.16
3489,Category 37 Product 3489,37,465,159.97,210.6
3490,Category 22 Product 3490,22,356,76.59,150.21
3491,Automotive Product 3491,13,466,18.07,45.03
3492,Computers Product 3492,2,270,16.38,38.18
3493,Category 30 Product 3493,30,147,41.27,97.75
3494,Furniture Product 3494,5,206,27.43,41.11
3495,Category 43 Product 3495,43,403,27.78,37.13
3496,Category 30 Product 3496,30,180,3.45,6.24
3497,Category 50 Product 3497,50,203,111.4,138.27
3498,Category 35 Product 3498,35,35,56.65,95.81
3499,Category 45 Product 3499,45,111,23.84,35.74
3500,Category 41 Product 3500,41,210,16.09,25.46
3501,Category 32 Product 3501,32,294,36.34,74.94
3502,Category 35 Product 3502,35,87,66.6,132.49
3503,Category 35 Product 3503,35,62,67.75,93.94
3504,Category 35 Product 3504,35,438,23.02,43.21
3505,Clothing Product 3505,6,19,24.69,44.56
3506,Beauty Product 3506,9,447,13.55,21.52
3507,Pet Supplies Product 3507,16,486,18.1,35.78
3508,Beauty Product 3508,9,16,40.97,83.76
3509,Category 45 Product 3509,45,202,17.54,38.37
3510,Category 31 Product 3510,31,176,8.09,10.38
3511,Toys Product 3511,11,122,36.59,59.08
3512,Category 29 Product 3512,29,490,25.65,55.63
3513,Category 36 Product 3513,36,353,35.62,50.99
3514,Category 42 Product 3514,42,399,40.96,89.7
3515,Clothing Product 3515,6,354,144.14,316.83
3516,Beauty Product 3516,9,308,4.89,6.32
3517,Books Product 3517,10,245,39.66,67.6
3518,Category 48 Product 3518,48,212,57.81,103.01
3519,Office Product 3519,14,277,11.96,21.7
3520,Category 21 Product 3520,21,298,9.11,19.73
3521,Category 40 Product 3521,40,58,31.17,38.7
3522,Category 22 Product 3522,22,345,111.43,199.17
3523,Category 24 Product 3523,24,419,34.97,47.28
3524,Office Product 3524,14,423,47.67,85.05
3525,Category 34 Product 3525,34,84,98.78,171.03
3526,Category 42 Product 3526,42,470,16.98,22.56
3527,Category 31 Product 3527,31,455,101.08,240.71
3528,Pet Supplies Product 3528,16,116,24.05,58.41
3529,Category 21 Product 3529,21,329,20.26,30.79
3530,Category 27 Product 3530,27,284,24.53,42.31
3531,Category 38 Product 3531,38,96,32.32,61.45
3532,Category 36 Product 3532,36,77,12.42,26.45
3533,Category 30 Product 3533,30,208,85.72,122.99
3534,Sports Product 3534,8,438,11.08,22.76
3535,Category 30 Product 3535,30,386,15.55,29.74
3536,Electronics Product 3536,1,66,43.48,81.17
3537,Pet Supplies Product 3537,16,233,91.94,151.55
3538,Office Product 3538,14,122,30.42,46.65
3539,Category 35 Product 3539,35,441,2.83,6.44
3540,Category 35 Product 3540,35,399,102.53,187.92
3541,Category 27 Product 3541,27,127,9.41,14.76
3542,Category 39 Product 3542,39,279,24.24,45.96
3543,Category 27 Product 3543,27,119,77.46,126.39
3544,Category 38 Product 3544,38,220,15.68,34.58
3545,Category 38 Product 3545,38,182,42.84,67.04
3546,Category 22 Product 3546,22,291,88.64,164.41
3547,Beauty Product 3547,9,343,29.37,68.58
3548,Category 40 Product 3548,40,186,77.98,180.48
3549,Books Product 3549,10,64,27.19,47.36
3550,Category 24 Product 3550,24,340,49.68,104.87
3551,Category 22 Product 3551,22,383,16.9,34.7
3552,Category 44 Product 3552,44,265,67.47,122.85
3553,Category 41 Product 3553,41,263,50.93,69.85
3554,Category 35 Product 3554,35,93,18.38,34.84
3555,Category 31 Product 3555,31,180,5.09,10.16
3556,Category 23 Product 3556,23,387,19.18,38.69
3557,Sports Product 3557,8,448,51.66,120.69
3558,Category 38 Product 3558,38,133,15.48,31.43
3559,Category 48 Product 3559,48,143,25.33,54.8
3560,Category 28 Product 3560,28,147,84.6,196.25
3561,Health Product 3561,17,15,46.77,73.64
3562,Travel Product 3562,20,281,8.27,11.16
3563,Electronics Product 3563,1,284,37.09,61.62
3564,Jewelry Product 3564,15,20,138.46,309.68
3565,Category 26 Product 3565,26,495,5.76,13.68
3566,Category 26 Product 3566,26,333,22.72,46.46
3567,Category 31 Product 3567,31,468,16.51,31.35
3568,Clothing Product 3568,6,428,7.2,15.57
3569,Category 47 Product 3569,47,36,43.75,59.16
3570,Health Product 3570,17,166,48.7,113.55
3571,Music Product 3571,19,367,48.61,70.58
3572,Category 30 Product 3572,30,275,63.47,118.41
3573,Category 32 Product 3573,32,106,19.22,41.92
3574,Category 40 Product 3574,40,123,106.77,180.2
3575,Category 24 Product 3575,24,424,51.8,64.65
3576,Category 30 Product 3576,30,206,125.83,288.72
3577,Smartphones Product 3577,3,479,372.45,890.44
3578,Jewelry Product 3578,15,50,50.97,74.02
3579,Category 42 Product 3579,42,452,58.83,76.86
3580,Category 28 Product 3580,28,98,67.02,106.72
3581,Pet Supplies Product 3581,16,275,37.02,80.31
3582,Category 50 Product 3582,50,11,49.1,109.02
3583,Category 29 Product 3583,29,487,28.76,55.93
3584,Home Appliances Product 3584,4,208,24.46,32.23
3585,Category 47 Product 3585,47,310,20.59,48.37
3586,Electronics Product 3586,1,353,15.76,20.67
3587,Music Product 3587,19,135,129.9,223.83
3588,Sports Product 3588,8,90,294.59,462.4
3589,Category 29 Product 3589,29,12,43.17,69.95
3590,Category 45 Product 3590,45,25,49.24,114.62
3591,Category 38 Product 3591,38,434,50.65,76.56
3592,Health Product 3592,17,43,230.87,398.37
3593,Category 39 Product 3593,39,193,62.1,144.61
3594,Category 30 Product 3594,30,349,3.69,7.62
3595,Furniture Product 3595,5,175,44.85,110.79
3596,Toys Product 3596,11,381,50.1,73.66
3597,Category 25 Product 3597,25,473,16.9,41.68
3598,Category 40 Product 3598,40,29,77.09,98.99
3599,Smartphones Product 3599,3,247,16.99,35.17
3600,Health Product 3600,17,90,65.42,135.98
3601,Category 23 Product 3601,23,222,43.93,64.41
3602,Category 35 Product 3602,35,51,20.13,39.62
3603,Category 48 Product 3603,48,186,40.1,54.25
3604,Books Product 3604,10,289,50.5,70.64
3605,Office Product 3605,14,420,31.48,56.88
3606,Category 40 Product 3606,40,77,4.1,7.55
3607,Pet Supplies Product 3607,16,409,24.63,29.63
3608,Category 30 Product 3608,30,388,124.41,219.44
3609,Category 28 Product 3609,28,105,24.37,31.68
3610,Category 22 Product 3610,22,473,53.9,80.8
3611,Clothing Product 3611,6,218,81.89,137.62
3612,Category 37 Product 3612,37,240,169.22,278.43
3613,Books Product 3613,10,444,5.65,9.57
3614,Automotive Product 3614,13,196,74.2,145.11
3615,Books Product 3615,10,396,1.54,3.49
3616,Toys Product 3616,11,162,3.77,7.15
3617,Furniture Product 3617,5,304,58.77,106.68
3618,Category 40 Product 3618,40,453,14.76,25.46
3619,Books Product 3619,10,338,47.89,102.19
3620,Category 22 Product 3620,22,473,24.79,44.5
3621,Category 30 Product 3621,30,311,13.07,29.96
3622,Category 42 Product 3622,42,131,351.91,863.75
3623,Automotive Product 3623,13,244,88.98,207.4
3624,Category 31 Product 3624,31,248,20.64,40.04
3625,Shoes Product 3625,7,208,130.85,189.34
3626,Sports Product 3626,8,482,28.53,51.81
3627,Category 36 Product 3627,36,71,11.17,17.19
3628,Category 33 Product 3628,33,346,82.7,105.21
3629,Category 38 Product 3629,38,464,13.51,23.06
3630,Category 50 Product 3630,50,322,4.71,11.53
3631,Category 42 Product 3631,42,458,84.36,199.64
3632,Category 22 Product 3632,22,406,23.23,40.96
3633,Category 36 Product 3633,36,433,31.25,69.94
3634,Toys Product 3634,11,114,46.12,67.47
3635,Electronics Product 3635,1,324,27.92,66.17
3636,Category 22 Product 3636,22,101,29.56,58.73
3637,Category 23 Product 3637,23,80,3.82,8.34
3638,Sports Product 3638,8,469,114.51,211.47
3639,Furniture Product 3639,5,390,3.94,5.06
3640,Category 42 Product 3640,42,95,24.9,58.6
3641,Category 34 Product 3641,34,109,44.67,106.27
3642,Category 23 Product 3642,23,270,39.08,91.76
3643,Jewelry Product 3643,15,230,263.48,623.06
3644,Health Product 3644,17,142,89.97,145.6
3645,Category 32 Product 3645,32,349,60.38,82.63
3646,Smartphones Product 3646,3,416,11.82,14.54
3647,Beauty Product 3647,9,49,34.83,72.6
3648,Category 50 Product 3648,50,261,74.42,97.65
3649,Category 37 Product 3649,37,339,20.78,29.16
3650,Category 39 Product 3650,39,355,35.71,65.96
3651,Category 48 Product 3651,48,328,44.55,68.75
3652,Books Product 3652,10,94,29.74,64.67
3653,Category 22 Product 3653,22,95,14.3,28.48
3654,Category 27 Product 3654,27,79,11.5,24.71
3655,Category 32 Product 3655,32,148,9.28,20.46
3656,Music Product 3656,19,5,8.46,13.99
3657,Category 42 Product 3657,42,489,82.73,197.71
3658,Furniture Product 3658,5,64,10.12,12.36
3659,Category 33 Product 3659,33,314,58.16,71.46
3660,Category 25 Product 3660,25,32,32.97,73.37
3661,Category 41 Product 3661,41,249,70.76,101.99
3662,Shoes Product 3662,7,33,54.28,120.6
3663,Category 33 Product 3663,33,24,6.3,9.3
3664,Automotive Product 3664,13,415,8.54,19.19
3665,Category 37 Product 3665,37,488,25.35,44.11
3666,Gaming Product 3666,18,250,14.49,34.1
3667,Category 28 Product 3667,28,278,8.88,21.31
3668,Category 44 Product 3668,44,350,11.4,22.4
3669,Electronics Product 3669,1,142,6.89,11.71
3670,Category 45 Product 3670,45,322,4.33,5.76
3671,Category 34 Product 3671,34,37,14.66,32.58
3672,Health Product 3672,17,406,48.21,69.27
3673,Sports Product 3673,8,278,64.03,129.9
3674,Category 34 Product 3674,34,483,49.53,102.92
3675,Category 28 Product 3675,28,125,20.98,41.36
3676,Category 46 Product 3676,46,365,7.94,14.24
3677,Category 25 Product 3677,25,320,16.2,29.47
3678,Category 31 Product 3678,31,26,18.7,39.41
3679,Category 21 Product 3679,21,226,2.46,6.06
3680,Category 47 Product 3680,47,47,28.36,68.68
3681,Category 45 Product 3681,45,192,11.49,26.72
3682,Category 42 Product 3682,42,165,75.92,117.54
3683,Category 43 Product 3683,43,109,56.15,87.25
3684,Category 38 Product 3684,38,169,10.08,16.68
3685,Computers Product 3685,2,268,28.4,46.93
3686,Category 27 Product 3686,27,238,1.54,2.84
3687,Category 33 Product 3687,33,304,17.24,39.13
3688,Category 24 Product 3688,24,145,76.22,102.8
3689,Electronics Product 3689,1,276,14.27,24.51
3690,Category 33 Product 3690,33,109,8.02,11.38
3691,Category 29 Product 3691,29,108,186.38,407.87
3692,Category 35 Product 3692,35,303,83.62,173.54
3693,Category 46 Product 3693,46,36,46.14,74.24
3694,Category 48 Product 3694,48,176,61.94,128.26
3695,Category 32 Product 3695,32,225,157.12,229.81
3696,Category 25 Product 3696,25,417,8.93,13.89
3697,Sports Product 3697,8,329,11.38,16.32
3698,Pet Supplies Product 3698,16,273,63.2,83.9
3699,Category 40 Product 3699,40,104,246.17,553.21
3700,Category 30 Product 3700,30,265,47.55,82.91
3701,Category 26 Product 3701,26,192,39.06,63.15
3702,Category 27 Product 3702,27,169,18.97,24.24
3703,Category 50 Product 3703,50,299,62.28,127.5
3704,Category 36 Product 3704,36,486,55.23,107.72
3705,Automotive Product 3705,13,282,13.75,19.98
3706,Category 33 Product 3706,33,454,22.58,45.14
3707,Computers Product 3707,2,328,14.4,23.09
3708,Furniture Product 3708,5,86,55.91,128.21
3709,Category 25 Product 3709,25,466,48.2,100.09
3710,Sports Product 3710,8,360,60.21,109.37
3711,Sports Product 3711,8,240,57.87,132.31
3712,Smartphones Product 3712,3,289,35.96,82.36
3713,Category 21 Product 3713,21,180,47.17,92.59
3714,Category 22 Product 3714,22,200,31.04,66.27
3715,Health Product 3715,17,215,27.03,65.33
3716,Category 49 Product 3716,49,432,6.93,12.46
3717,Category 46 Product 3717,46,166,43.73,83.86
3718,Category 33 Product 3718,33,269,46.33,96.8
3719,Music Product 3719,19,85,75.18,120.0
3720,Sports Product 3720,8,90,65.7,147.0
3721,Category 26 Product 3721,26,45,36.34,87.66
3722,Sports Product 3722,8,376,25.63,42.98
3723,Automotive Product 3723,13,130,200.1,497.87
3724,Beauty Product 3724,9,103,49.85,115.63
3725,Category 24 Product 3725,24,427,36.71,54.22
3726,Category 22 Product 3726,22,303,40.58,49.19
3727,Category 36 Product 3727,36,33,40.89,70.42
3728,Category 32 Product 3728,32,137,22.97,54.57
3729,Category 48 Product 3729,48,308,42.49,99.75
3730,Books Product 3730,10,93,29.38,48.02
3731,Category 22 Product 3731,22,69,52.89,104.86
3732,Category 42 Product 3732,42,296,154.38,339.15
3733,Books Product 3733,10,282,124.58,191.84
3734,Category 48 Product 3734,48,335,19.78,46.76
3735,Category 45 Product 3735,45,445,5.32,8.21
3736,Smartphones Product 3736,3,230,56.03,108.18
3737,Category 25 Product 3737,25,110,11.31,27.23
3738,Gaming Product 3738,18,372,26.29,35.77
3739,Garden Product 3739,12,88,20.69,41.78
3740,Category 34 Product 3740,34,58,14.8,24.22
3741,Category 36 Product 3741,36,372,6.9,11.32
3742,Category 46 Product 3742,46,136,128.34,236.01
3743,Category 30 Product 3743,30,111,30.99,59.49
3744,Category 23 Product 3744,23,388,414.57,865.08
3745,Books Product 3745,10,424,5.63,13.96
3746,Category 25 Product 3746,25,255,37.94,52.96
3747,Category 35 Product 3747,35,490,41.76,74.86
3748,Category 33 Product 3748,33,388,61.13,144.89
3749,Category 35 Product 3749,35,315,79.71,128.75
3750,Category 49 Product 3750,49,474,38.01,84.8
3751,Office Product 3751,14,105,27.04,53.48
3752,Category 38 Product 3752,38,101,48.09,82.48
3753,Shoes Product 3753,7,483,52.16,92.86
3754,Computers Product 3754,2,242,9.83,13.04
3755,Health Product 3755,17,11,14.65,18.85
3756,Clothing Product 3756,6,254,34.85,67.25
3757,Category 29 Product 3757,29,68,19.65,39.79
3758,Category 50 Product 3758,50,460,7.92,11.85
3759,Beauty Product 3759,9,211,5.92,12.35
3760,Beauty Product 3760,9,141,28.56,44.23
3761,Category 42 Product 3761,42,131,41.24,58.2
3762,Travel Product 3762,20,402,18.71,44.53
3763,Travel Product 3763,20,330,103.3,222.71
3764,Category 42 Product 3764,42,419,18.43,42.45
3765,Garden Product 3765,12,13,26.7,46.13
3766,Category 44 Product 3766,44,307,171.88,303.27
3767,Category 25 Product 3767,25,429,95.44,115.05
3768,Category 49 Product 3768,49,267,28.78,43.31
3769,Home Appliances Product 3769,4,168,18.58,40.96
3770,Category 30 Product 3770,30,275,34.47,68.58
3771,Category 38 Product 3771,38,30,17.88,38.06
3772,Category 45 Product 3772,45,87,85.72,202.42
3773,Category 37 Product 3773,37,273,52.95,112.47
3774,Category 30 Product 3774,30,377,12.12,18.27
3775,Category 41 Product 3775,41,452,31.0,55.72
3776,Category 40 Product 3776,40,349,51.02,96.51
3777,Category 34 Product 3777,34,277,62.36,137.81
3778,Category 41 Product 3778,41,441,39.21,79.37
3779,Beauty Product 3779,9,235,85.9,191.49
3780,Travel Product 3780,20,47,21.14,50.3
3781,Category 28 Product 3781,28,479,37.07,84.68
3782,Automotive Product 3782,13,221,16.54,22.24
3783,Category 30 Product 3783,30,110,241.76,479.76
3784,Category 23 Product 3784,23,433,113.35,161.41
3785,Category 27 Product 3785,27,117,15.5,19.01
3786,Category 35 Product 3786,35,399,250.31,381.06
3787,Category 33 Product 3787,33,55,33.63,58.0
3788,Category 50 Product 3788,50,471,123.22,162.7
3789,Sports Product 3789,8,322,105.35,182.95
3790,Category 33 Product 3790,33,375,114.5,277.33
3791,Category 36 Product 3791,36,140,17.33,35.85
3792,Category 50 Product 3792,50,64,50.63,91.73
3793,Gaming Product 3793,18,411,33.78,81.08
3794,Category 50 Product 3794,50,91,113.55,277.0
3795,Toys Product 3795,11,306,136.56,268.62
3796,Automotive Product 3796,13,199,6.04,13.09
3797,Category 44 Product 3797,44,299,15.86,32.38
3798,Category 32 Product 3798,32,204,14.51,21.17
3799,Toys Product 3799,11,245,93.56,127.34
3800,Category 31 Product 3800,31,412,64.93,155.22
3801,Category 29 Product 3801,29,169,8.32,15.93
3802,Category 40 Product 3802,40,442,62.21,86.91
3803,Jewelry Product 3803,15,277,39.66,96.46
3804,Category 23 Product 3804,23,230,58.08,72.45
3805,Category 23 Product 3805,23,275,101.55,157.16
3806,Automotive Product 3806,13,260,181.24,304.11
3807,Category 21 Product 3807,21,60,12.35,23.9
3808,Category 49 Product 3808,49,383,18.23,33.91
3809,Category 39 Product 3809,39,48,23.47,55.44
3810,Toys Product 3810,11,103,100.17,177.7
3811,Category 30 Product 3811,30,422,8.55,15.28
3812,Toys Product 3812,11,194,24.9,38.51
3813,Category 24 Product 3813,24,350,74.34,161.32
3814,Category 35 Product 3814,35,114,36.69,70.82
3815,Category 26 Product 3815,26,281,28.68,42.68
3816,Category 23 Product 3816,23,65,7.09,9.04
3817,Books Product 3817,10,89,34.89,67.0
3818,Garden Product 3818,12,176,47.85,100.03
3819,Garden Product 3819,12,139,117.83,175.97
3820,Pet Supplies Product 3820,16,484,22.22,43.04
3821,Category 44 Product 3821,44,341,75.42,117.87
3822,Category 36 Product 3822,36,357,3.92,8.71
3823,Garden Product 3823,12,75,32.44,44.66
3824,Sports Product 3824,8,213,16.49,23.06
3825,Clothing Product 3825,6,311,1.12,2.57
3826,Category 48 Product 3826,48,87,4.1,6.41
3827,Category 27 Product 3827,27,429,104.65,242.04
3828,Category 23 Product 3828,23,380,114.32,197.8
3829,Music Product 3829,19,268,22.84,56.67
3830,Home Appliances Product 3830,4,438,77.11,141.98
3831,Clothing Product 3831,6,391,14.57,28.13
3832,Category 31 Product 3832,31,450,5.12,6.83
3833,Music Product 3833,19,316,9.76,12.32
3834,Electronics Product 3834,1,483,14.8,25.69
3835,Automotive Product 3835,13,447,9.72,18.09
3836,Gaming Product 3836,18,35,29.57,66.82
3837,Category 34 Product 3837,34,478,58.65,140.15
3838,Category 43 Product 3838,43,240,107.82,255.69
3839,Category 30 Product 3839,30,312,34.93,79.43
3840,Category 44 Product 3840,44,39,14.1,34.67
3841,Category 48 Product 3841,48,347,53.73,131.91
3842,Category 37 Product 3842,37,424,42.24,82.22
3843,Category 48 Product 3843,48,18,23.98,45.56
3844,Category 35 Product 3844,35,448,27.93,58.62
3845,Category 25 Product 3845,25,260,7.06,15.46
3846,Smartphones Product 3846,3,244,46.4,92.76
3847,Music Product 3847,19,358,61.25,143.52
3848,Category 25 Product 3848,25,245,16.13,27.89
3849,Furniture Product 3849,5,157,102.64,204.35
3850,Category 29 Product 3850,29,205,10.78,25.31
3851,Category 27 Product 3851,27,387,12.43,29.82
3852,Category 38 Product 3852,38,272,33.57,46.79
3853,Category 22 Product 3853,22,248,5.11,6.57
3854,Category 36 Product 3854,36,297,17.33,41.37
3855,Category 42 Product 3855,42,360,109.83,246.03
3856,Automotive Product 3856,13,461,31.16,67.81
3857,Category 30 Product 3857,30,146,54.1,65.17
3858,Category 41 Product 3858,41,44,538.7,1218.94
3859,Category 29 Product 3859,29,136,28.75,69.09
3860,Category 42 Product 3860,42,30,34.58,67.19
3861,Books Product 3861,10,495,38.58,71.11
3862,Books Product 3862,10,29,3.74,8.4
3863,Jewelry Product 3863,15,220,4.57,8.17
3864,Category 46 Product 3864,46,32,144.33,233.98
3865,Category 42 Product 3865,42,158,33.8,71.35
3866,Category 31 Product 3866,31,13,41.78,91.71
3867,Electronics Product 3867,1,45,33.12,48.1
3868,Pet Supplies Product 3868,16,268,137.68,221.08
3869,Category 34 Product 3869,34,438,22.28,26.93
3870,Garden Product 3870,12,366,14.06,27.27
3871,Category 39 Product 3871,39,453,49.57,97.86
3872,Category 48 Product 3872,48,62,23.28,55.33
3873,Pet Supplies Product 3873,16,484,115.21,158.26
3874,Category 41 Product 3874,41,85,80.0,106.3
3875,Category 33 Product 3875,33,365,36.95,64.03
3876,Shoes Product 3876,7,15,32.68,51.71
3877,Books Product 3877,10,276,29.66,38.33
3878,Category 43 Product 3878,43,194,13.54,17.77
3879,Garden Product 3879,12,397,50.59,113.43
3880,Category 36 Product 3880,36,301,7.65,11.19
3881,Pet Supplies Product 3881,16,330,10.81,19.12
3882,Beauty Product 3882,9,82,55.59,99.15
3883,Beauty Product 3883,9,320,15.43,21.13
3884,Category 33 Product 3884,33,65,81.9,140.54
3885,Clothing Product 3885,6,383,193.96,446.75
3886,Category 28 Product 3886,28,206,22.13,33.37
3887,Category 35 Product 3887,35,207,18.38,29.53
3888,Category 32 Product 3888,32,266,23.08,47.96
3889,Category 39 Product 3889,39,277,48.15,80.21
3890,Shoes Product 3890,7,210,10.99,18.37
3891,Health Product 3891,17,14,9.94,18.43
3892,Beauty Product 3892,9,272,231.88,483.28
3893,Category 24 Product 3893,24,277,42.29,59.02
3894,Shoes Product 3894,7,135,33.36,69.43
3895,Category 35 Product 3895,35,442,53.28,106.32
3896,Category 24 Product 3896,24,120,28.26,60.58
3897,Category 41 Product 3897,41,47,37.9,62.47
3898,Category 22 Product 3898,22,267,22.75,52.48
3899,Category 45 Product 3899,45,14,11.71,18.89
3900,Gaming Product 3900,18,61,70.37,98.08
3901,Category 27 Product 3901,27,291,98.19,226.54
3902,Shoes Product 3902,7,361,69.03,126.49
3903,Category 34 Product 3903,34,76,10.97,21.24
3904,Category 23 Product 3904,23,354,73.58,176.95
3905,Category 42 Product 3905,42,365,18.17,40.58
3906,Beauty Product 3906,9,151,22.79,34.05
3907,Garden Product 3907,12,138,4.62,11.47
3908,Toys Product 3908,11,75,14.06,28.95
3909,Category 29 Product 3909,29,158,54.33,92.14
3910,Category 43 Product 3910,43,291,6.49,8.26
3911,Category 33 Product 3911,33,315,28.67,50.59
3912,Category 42 Product 3912,42,85,8.23,13.49
3913,Furniture Product 3913,5,143,81.59,144.74
3914,Category 24 Product 3914,24,419,138.74,277.1
3915,Category 26 Product 3915,26,361,14.34,23.64
3916,Garden Product 3916,12,428,12.23,21.69
3917,Category 31 Product 3917,31,335,19.38,44.93
3918,Health Product 3918,17,492,29.87,68.6
3919,Category 47 Product 3919,47,251,102.02,231.46
3920,Category 39 Product 3920,39,209,148.98,348.82
3921,Clothing Product 3921,6,119,23.74,47.57
3922,Category 40 Product 3922,40,59,254.66,628.46
3923,Category 46 Product 3923,46,80,94.12,163.01
3924,Category 33 Product 3924,33,363,16.52,22.68
3925,Automotive Product 3925,13,72,15.62,20.18
3926,Category 38 Product 3926,38,491,7.7,10.52
3927,Office Product 3927,14,360,4.62,10.83
3928,Shoes Product 3928,7,271,18.26,33.81
3929,Category 21 Product 3929,21,165,101.94,135.96
3930,Jewelry Product 3930,15,118,39.15,55.32
3931,Category 47 Product 3931,47,114,19.1,41.09
3932,Category 47 Product 3932,47,360,16.87,25.28
3933,Furniture Product 3933,5,471,27.49,46.52
3934,Office Product 3934,14,29,13.84,31.62
3935,Clothing Product 3935,6,234,24.21,52.22
3936,Smartphones Product 3936,3,76,19.6,25.35
3937,Beauty Product 3937,9,390,39.34,48.34
3938,Automotive Product 3938,13,446,18.83,31.25
3939,Travel Product 3939,20,104,18.93,41.11
3940,Category 49 Product 3940,49,403,12.35,30.75
3941,Category 48 Product 3941,48,124,33.17,81.14
3942,Category 30 Product 3942,30,210,16.99,32.57
3943,Beauty Product 3943,9,30,20.41,34.47
3944,Category 46 Product 3944,46,152,27.98,36.39
3945,Furniture Product 3945,5,420,25.14,36.53
3946,Jewelry Product 3946,15,70,114.92,197.43
3947,Category 42 Product 3947,42,40,87.99,181.81
3948,Category 50 Product 3948,50,257,7.1,17.7
3949,Category 49 Product 3949,49,456,40.34,88.67
3950,Category 40 Product 3950,40,89,15.83,29.34
3951,Pet Supplies Product 3951,16,400,32.3,44.06
3952,Beauty Product 3952,9,210,54.6,120.35
3953,Category 32 Product 3953,32,344,28.04,45.35
3954,Category 44 Product 3954,44,274,47.22,95.11
3955,Home Appliances Product 3955,4,213,24.91,35.62
3956,Jewelry Product 3956,15,91,36.18,84.21
3957,Category 22 Product 3957,22,138,43.09,59.49
3958,Toys Product 3958,11,359,138.06,188.3
3959,Category 48 Product 3959,48,452,45.05,103.53
3960,Books Product 3960,10,492,23.16,54.95
3961,Category 32 Product 3961,32,45,40.94,83.58
3962,Category 24 Product 3962,24,436,315.46,619.96
3963,Category 28 Product 3963,28,129,24.91,46.86
3964,Category 30 Product 3964,30,117,21.9,54.54
3965,Category 24 Product 3965,24,63,13.62,20.44
3966,Category 34 Product 3966,34,194,14.06,26.68
3967,Sports Product 3967,8,310,29.47,67.79
3968,Category 42 Product 3968,42,238,16.66,40.44
3969,Music Product 3969,19,120,37.09,59.76
3970,Category 44 Product 3970,44,316,15.88,34.18
3971,Category 23 Product 3971,23,223,259.82,403.22
3972,Category 31 Product 3972,31,263,104.35,176.3
3973,Category 27 Product 3973,27,498,56.49,107.45
3974,Computers Product 3974,2,252,5.05,6.43
3975,Travel Product 3975,20,484,6.45,9.77
3976,Category 43 Product 3976,43,468,7.56,12.97
3977,Travel Product 3977,20,204,21.18,28.03
3978,Category 22 Product 3978,22,294,8.55,17.77
3979,Category 39 Product 3979,39,202,23.16,31.41
3980,Category 37 Product 3980,37,401,22.01,38.5
3981,Category 46 Product 3981,46,56,71.95,119.64
3982,Category 43 Product 3982,43,410,27.57,48.63
3983,Toys Product 3983,11,29,36.42,58.71
3984,Category 36 Product 3984,36,171,42.83,52.28
3985,Category 26 Product 3985,26,292,24.72,51.13
3986,Category 29 Product 3986,29,428,53.97,92.29
3987,Beauty Product 3987,9,216,30.02,59.98
3988,Category 38 Product 3988,38,322,5.52,12.4
3989,Furniture Product 3989,5,334,20.18,29.32
3990,Jewelry Product 3990,15,155,29.9,71.93
3991,Sports Product 3991,8,469,60.26,150.24
3992,Clothing Product 3992,6,422,26.92,56.11
3993,Category 38 Product 3993,38,26,5.34,11.09
3994,Category 45 Product 3994,45,22,55.03,79.96
3995,Category 23 Product 3995,23,97,3.82,7.89
3996,Category 49 Product 3996,49,410,34.62,74.09
3997,Computers Product 3997,2,330,23.26,39.27
3998,Music Product 3998,19,379,118.75,243.94
3999,Category 44 Product 3999,44,383,9.58,23.42
4000,Travel Product 4000,20,390,28.6,53.6
4001,Category 23 Product 4001,23,329,19.85,24.17
4002,Category 37 Product 4002,37,370,74.43,178.9
4003,Category 44 Product 4003,44,139,82.1,181.29
4004,Music Product 4004,19,198,13.58,31.01
4005,Category 45 Product 4005,45,487,13.14,17.71
4006,Toys Product 4006,11,447,85.3,157.68
4007,Health Product 4007,17,370,34.68,47.27
4008,Automotive Product 4008,13,337,289.57,700.03
4009,Gaming Product 4009,18,156,13.65,18.06
4010,Travel Product 4010,20,231,70.66,128.15
4011,Category 33 Product 4011,33,2,69.63,166.18
4012,Clothing Product 4012,6,50,83.46,192.95
4013,Category 24 Product 4013,24,209,82.53,146.67
4014,Beauty Product 4014,9,390,48.56,106.39
4015,Music Product 4015,19,161,5.81,10.35
4016,Computers Product 4016,2,3,108.36,175.09
4017,Automotive Product 4017,13,340,16.38,33.69
4018,Smartphones Product 4018,3,438,61.89,114.51
4019,Home Appliances Product 4019,4,241,20.87,36.17
4020,Category 50 Product 4020,50,129,18.74,34.9
4021,Category 41 Product 4021,41,273,79.23,193.03
4022,Category 49 Product 4022,49,93,3.68,4.49
4023,Category 30 Product 4023,30,434,99.32,139.09
4024,Category 29 Product 4024,29,378,309.13,676.12
4025,Category 31 Product 4025,31,189,128.86,224.6
4026,Category 49 Product 4026,49,261,106.16,196.63
4027,Sports Product 4027,8,306,45.99,59.24
4028,Category 39 Product 4028,39,398,18.4,34.68
4029,Health Product 4029,17,21,28.35,39.92
4030,Category 50 Product 4030,50,496,34.96,76.76
4031,Category 40 Product 4031,40,257,26.57,40.39
4032,Category 33 Product 4032,33,189,606.08,975.06
4033,Furniture Product 4033,5,107,168.91,296.66
4034,Sports Product 4034,8,458,36.86,64.0
4035,Toys Product 4035,11,446,116.65,148.13
4036,Category 36 Product 4036,36,113,41.05,95.67
4037,Office Product 4037,14,425,139.23,211.43
4038,Category 48 Product 4038,48,230,116.14,188.59
4039,Beauty Product 4039,9,298,165.68,341.03
4040,Smartphones Product 4040,3,26,63.92,143.58
4041,Category 45 Product 4041,45,163,3.55,8.47
4042,Category 43 Product 4042,43,374,42.29,57.73
4043,Music Product 4043,19,340,152.2,319.91
4044,Furniture Product 4044,5,433,23.6,42.72
4045,Category 43 Product 4045,43,66,16.58,37.31
4046,Category 47 Product 4046,47,2,26.91,52.47
4047,Category 41 Product 4047,41,6,119.31,197.05
4048,Garden Product 4048,12,216,4.27,6.49
4049,Health Product 4049,17,30,48.27,103.7
4050,Toys Product 4050,11,393,49.04,72.25
4051,Category 35 Product 4051,35,84,41.56,82.25
4052,Furniture Product 4052,5,204,51.39,119.53
4053,Furniture Product 4053,5,23,149.45,347.74
4054,Garden Product 4054,12,426,158.39,202.77
4055,Category 32 Product 4055,32,432,14.04,33.88
4056,Category 44 Product 4056,44,265,20.16,43.63
4057,Category 39 Product 4057,39,199,53.74,68.37
4058,Category 25 Product 4058,25,174,19.79,43.82
4059,Category 26 Product 4059,26,236,21.48,46.71
4060,Jewelry Product 4060,15,387,40.02,90.1
4061,Category 40 Product 4061,40,375,20.35,26.2
4062,Category 44 Product 4062,44,175,75.96,118.87
4063,Category 48 Product 4063,48,421,19.11,44.5
4064,Garden Product 4064,12,372,29.41,38.95
4065,Category 27 Product 4065,27,303,67.45,117.78
4066,Category 25 Product 4066,25,12,28.83,47.46
4067,Category 26 Product 4067,26,293,49.26,88.79
4068,Category 31 Product 4068,31,236,37.64,90.16
4069,Furniture Product 4069,5,436,16.53,40.51
4070,Category 27 Product 4070,27,1,227.74,535.5
4071,Office Product 4071,14,444,13.26,22.31
4072,Category 47 Product 4072,47,379,30.21,62.81
4073,Category 36 Product 4073,36,93,28.78,47.52
4074,Category 30 Product 4074,30,303,30.43,43.42
4075,Gaming Product 4075,18,286,222.28,311.74
4076,Category 45 Product 4076,45,232,16.03,26.81
4077,Category 48 Product 4077,48,63,7.7,14.95
4078,Category 41 Product 4078,41,464,14.7,20.28
4079,Category 34 Product 4079,34,57,18.57,34.59
4080,Home Appliances Product 4080,4,482,10.79,13.24
4081,Category 43 Product 4081,43,190,36.62,58.5
4082,Travel Product 4082,20,96,29.13,49.36
4083,Music Product 4083,19,223,40.33,88.77
4084,Books Product 4084,10,332,49.65,108.24
4085,Beauty Product 4085,9,325,41.7,51.67
4086,Toys Product 4086,11,73,19.67,44.71
4087,Category 47 Product 4087,47,476,12.02,17.09
4088,Gaming Product 4088,18,173,58.66,79.68
4089,Category 33 Product 4089,33,58,93.32,112.01
4090,Category 32 Product 4090,32,377,15.59,34.08
4091,Category 36 Product 4091,36,88,12.85,19.48
4092,Clothing Product 4092,6,463,37.59,67.44
4093,Category 23 Product 4093,23,188,126.08,274.01
4094,Category 37 Product 4094,37,406,24.8,55.94
4095,Office Product 4095,14,18,85.79,156.03
4096,Category 43 Product 4096,43,340,46.16,93.08
4097,Category 32 Product 4097,32,450,26.13,51.1
4098,Category 21 Product 4098,21,146,39.39,55.26
4099,Home Appliances Product 4099,4,352,11.13,27.19
4100,Category 42 Product 4100,42,417,13.69,17.16
4101,Category 27 Product 4101,27,128,50.14,113.25
4102,Home Appliances Product 4102,4,128,87.61,112.22
4103,Category 32 Product 4103,32,152,19.99,29.32
4104,Sports Product 4104,8,193,18.41,38.84
4105,Category 21 Product 4105,21,497,1.79,4.08
4106,Beauty Product 4106,9,170,5.75,7.07
4107,Category 37 Product 4107,37,61,17.26,38.32
4108,Category 21 Product 4108,21,126,48.16,64.11
4109,Pet Supplies Product 4109,16,116,19.16,36.26
4110,Category 38 Product 4110,38,86,10.51,14.56
4111,Category 45 Product 4111,45,204,163.25,303.44
4112,Pet Supplies Product 4112,16,224,14.57,18.34
4113,Home Appliances Product 4113,4,111,25.06,50.97
4114,Shoes Product 4114,7,119,9.79,21.15
4115,Home Appliances Product 4115,4,200,20.91,26.54
4116,Category 36 Product 4116,36,497,170.19,212.15
4117,Gaming Product 4117,18,21,20.88,26.31
4118,Home Appliances Product 4118,4,383,39.78,49.87
4119,Category 50 Product 4119,50,445,4.15,10.18
4120,Category 47 Product 4120,47,318,200.29,243.86
4121,Category 31 Product 4121,31,162,147.87,211.76
4122,Category 33 Product 4122,33,491,29.67,42.74
4123,Beauty Product 4123,9,227,51.78,101.96
4124,Category 39 Product 4124,39,89,64.47,87.36
4125,Computers Product 4125,2,132,176.41,250.7
4126,Category 23 Product 4126,23,84,13.02,23.27
4127,Electronics Product 4127,1,494,13.66,19.78
4128,Furniture Product 4128,5,228,9.6,13.87
4129,Garden Product 4129,12,302,38.63,87.37
4130,Smartphones Product 4130,3,489,30.87,70.51
4131,Garden Product 4131,12,434,67.35,155.85
4132,Category 39 Product 4132,39,53,16.69,27.93
4133,Jewelry Product 4133,15,345,49.69,115.3
4134,Category 26 Product 4134,26,158,29.29,57.81
4135,Music Product 4135,19,184,43.07,100.27
4136,Garden Product 4136,12,235,5.54,12.42
4137,Category 31 Product 4137,31,225,18.1,24.51
4138,Category 34 Product 4138,34,417,89.67,184.87
4139,Category 43 Product 4139,43,485,18.74,43.81
4140,Travel Product 4140,20,362,11.93,15.09
4141,Category 41 Product 4141,41,218,9.23,21.74
4142,Shoes Product 4142,7,157,31.39,68.18
4143,Automotive Product 4143,13,306,22.42,46.42
4144,Category 34 Product 4144,34,358,48.96,94.27
4145,Category 37 Product 4145,37,263,24.77,34.57
4146,Category 29 Product 4146,29,341,10.46,21.86
4147,Travel Product 4147,20,221,306.67,406.13
4148,Category 48 Product 4148,48,372,22.76,32.56
4149,Category 37 Product 4149,37,347,7.67,13.0
4150,Home Appliances Product 4150,4,472,129.14,206.89
4151,Category 34 Product 4151,34,240,27.84,35.07
4152,Category 45 Product 4152,45,214,39.42,75.55
4153,Category 44 Product 4153,44,189,57.1,75.59
4154,Health Product 4154,17,199,20.7,46.97
4155,Category 26 Product 4155,26,245,6.58,9.62
4156,Category 38 Product 4156,38,257,103.14,211.92
4157,Books Product 4157,10,372,25.35,54.91
4158,Category 28 Product 4158,28,496,120.31,209.28
4159,Category 46 Product 4159,46,200,16.64,31.33
4160,Furniture Product 4160,5,433,39.78,69.26
4161,Category 46 Product 4161,46,143,17.39,40.21
4162,Category 22 Product 4162,22,318,57.89,73.73
4163,Category 31 Product 4163,31,421,66.86,153.97
4164,Category 38 Product 4164,38,143,51.38,125.58
4165,Category 26 Product 4165,26,39,18.59,42.29
4166,Category 44 Product 4166,44,148,16.22,34.13
4167,Category 34 Product 4167,34,301,16.7,30.21
4168,Health Product 4168,17,455,15.01,32.78
4169,Category 47 Product 4169,47,206,7.72,18.23
4170,Category 31 Product 4170,31,464,6.66,12.67
4171,Category 46 Product 4171,46,290,136.19,182.89
4172,Furniture Product 4172,5,344,18.46,26.25
4173,Category 35 Product 4173,35,194,37.66,59.48
4174,Category 50 Product 4174,50,334,13.44,31.03
4175,Home Appliances Product 4175,4,61,36.08,83.88
4176,Category 28 Product 4176,28,358,35.45,85.6
4177,Gaming Product 4177,18,415,3.44,5.94
4178,Category 33 Product 4178,33,476,6.34,13.4
4179,Category 38 Product 4179,38,449,110.23,187.09
4180,Category 29 Product 4180,29,193,6.0,12.1
4181,Category 41 Product 4181,41,450,34.93,81.62
4182,Category 32 Product 4182,32,73,50.18,88.58
4183,Furniture Product 4183,5,168,33.55,79.21
4184,Category 29 Product 4184,29,371,10.35,15.13
4185,Category 43 Product 4185,43,43,17.9,39.73
4186,Category 21 Product 4186,21,478,20.98,40.3
4187,Category 50 Product 4187,50,1,118.41,231.33
4188,Category 27 Product 4188,27,307,118.64,286.88
4189,Sports Product 4189,8,346,56.94,139.82
4190,Category 46 Product 4190,46,140,56.21,89.42
4191,Books Product 4191,10,372,14.85,22.96
4192,Beauty Product 4192,9,132,53.49,131.94
4193,Category 42 Product 4193,42,500,74.76,156.03
4194,Category 37 Product 4194,37,354,38.53,46.86
4195,Category 22 Product 4195,22,201,37.63,61.45
4196,Gaming Product 4196,18,267,20.09,26.34
4197,Home Appliances Product 4197,4,34,32.54,42.62
4198,Category 36 Product 4198,36,432,106.59,213.99
4199,Category 47 Product 4199,47,320,29.14,42.9
4200,Home Appliances Product 4200,4,136,15.89,29.0
4201,Category 26 Product 4201,26,387,5.15,6.72
4202,Category 32 Product 4202,32,10,37.65,73.84
4203,Category 26 Product 4203,26,278,57.17,139.69
4204,Category 39 Product 4204,39,387,36.55,48.52
4205,Category 24 Product 4205,24,439,30.87,73.54
4206,Category 23 Product 4206,23,200,22.38,42.87
4207,Garden Product 4207,12,201,9.46,18.38
4208,Shoes Product 4208,7,412,13.22,20.18
4209,Travel Product 4209,20,344,26.16,36.88
4210,Category 28 Product 4210,28,12,4.17,5.26
4211,Category 44 Product 4211,44,15,57.85,114.52
4212,Category 48 Product 4212,48,262,38.91,71.18
4213,Category 23 Product 4213,23,35,79.86,112.72
4214,Category 24 Product 4214,24,370,4.04,9.62
4215,Pet Supplies Product 4215,16,477,25.96,44.19
4216,Category 48 Product 4216,48,401,6.57,12.69
4217,Category 37 Product 4217,37,153,37.99,87.84
4218,Clothing Product 4218,6,387,50.8,73.76
4219,Toys Product 4219,11,189,2.46,4.14
4220,Category 48 Product 4220,48,410,38.52,77.16
4221,Category 24 Product 4221,24,232,53.68,101.81
4222,Category 29 Product 4222,29,282,101.73,142.4
4223,Music Product 4223,19,127,13.11,29.62
4224,Office Product 4224,14,291,13.52,30.82
4225,Music Product 4225,19,89,7.21,15.51
4226,Category 45 Product 4226,45,140,44.13,104.56
4227,Category 28 Product 4227,28,226,23.95,36.62
4228,Category 36 Product 4228,36,245,33.31,80.21
4229,Category 21 Product 4229,21,148,37.65,90.33
4230,Books Product 4230,10,121,46.57,62.04
4231,Category 35 Product 4231,35,463,72.28,174.62
4232,Garden Product 4232,12,24,20.04,37.78
4233,Category 33 Product 4233,33,325,40.83,70.08
4234,Category 31 Product 4234,31,372,183.45,283.64
4235,Category 21 Product 4235,21,497,82.98,156.01
4236,Garden Product 4236,12,222,159.47,350.84
4237,Category 29 Product 4237,29,310,152.14,244.31
4238,Category 37 Product 4238,37,128,32.33,46.75
4239,Beauty Product 4239,9,373,29.99,51.98
4240,Toys Product 4240,11,182,22.46,39.26
4241,Category 35 Product 4241,35,180,20.43,40.67
4242,Electronics Product 4242,1,246,16.08,32.59
4243,Category 26 Product 4243,26,482,107.9,245.45
4244,Category 32 Product 4244,32,25,44.11,85.93
4245,Category 47 Product 4245,47,122,53.25,120.58
4246,Category 42 Product 4246,42,218,51.91,90.81
4247,Gaming Product 4247,18,262,9.77,21.07
4248,Garden Product 4248,12,129,40.68,60.47
4249,Category 32 Product 4249,32,323,4.14,5.86
4250,Category 49 Product 4250,49,32,10.52,15.63
4251,Category 26 Product 4251,26,197,58.16,131.7
4252,Category 25 Product 4252,25,264,20.59,46.77
4253,Category 27 Product 4253,27,251,10.9,18.71
4254,Category 30 Product 4254,30,229,13.42,20.18
4255,Jewelry Product 4255,15,277,11.86,28.34
4256,Travel Product 4256,20,202,54.25,79.04
4257,Books Product 4257,10,146,74.37,183.83
4258,Automotive Product 4258,13,288,7.25,13.95
4259,Category 22 Product 4259,22,70,23.61,55.06
4260,Garden Product 4260,12,289,65.14,127.13
4261,Category 49 Product 4261,49,381,50.25,113.15
4262,Category 36 Product 4262,36,361,48.18,76.91
4263,Category 50 Product 4263,50,122,37.14,90.74
4264,Clothing Product 4264,6,187,47.24,108.64
4265,Furniture Product 4265,5,496,45.26,76.6
4266,Jewelry Product 4266,15,473,5.77,9.74
4267,Category 26 Product 4267,26,270,110.07,167.55
4268,Pet Supplies Product 4268,16,316,32.42,61.95
4269,Category 26 Product 4269,26,359,22.56,42.8
4270,Electronics Product 4270,1,204,27.31,43.05
4271,Category 25 Product 4271,25,157,36.77,69.06
4272,Books Product 4272,10,267,125.79,257.1
4273,Category 30 Product 4273,30,305,66.01,104.24
4274,Garden Product 4274,12,133,11.24,21.53
4275,Books Product 4275,10,423,20.0,28.07
4276,Category 26 Product 4276,26,370,39.0,76.75
4277,Smartphones Product 4277,3,28,3.92,8.76
4278,Category 43 Product 4278,43,137,11.18,25.99
4279,Music Product 4279,19,391,31.53,74.27
4280,Shoes Product 4280,7,345,324.66,412.33
4281,Category 31 Product 4281,31,473,158.84,231.04
4282,Jewelry Product 4282,15,67,33.79,72.99
4283,Category 41 Product 4283,41,145,47.4,75.4
4284,Category 46 Product 4284,46,148,31.45,46.53
4285,Category 32 Product 4285,32,486,51.67,62.24
4286,Category 41 Product 4286,41,481,15.73,35.8
4287,Category 28 Product 4287,28,49,48.18,118.94
4288,Category 38 Product 4288,38,77,70.0,148.49
4289,Category 45 Product 4289,45,454,91.13,182.57
4290,Category 43 Product 4290,43,52,22.51,48.83
4291,Category 48 Product 4291,48,381,35.85,61.72
4292,Home Appliances Product 4292,4,44,41.42,72.55
4293,Category 22 Product 4293,22,170,59.89,84.05
4294,Category 22 Product 4294,22,451,22.2,29.65
4295,Category 27 Product 4295,27,135,72.07,127.33
4296,Category 39 Product 4296,39,307,50.54,74.21
4297,Category 26 Product 4297,26,219,76.76,147.66
4298,Office Product 4298,14,471,135.94,275.17
4299,Category 26 Product 4299,26,406,18.65,36.21
4300,Category 21 Product 4300,21,426,39.12,61.42
4301,Category 27 Product 4301,27,463,18.53,45.73
4302,Health Product 4302,17,467,33.72,52.39
4303,Category 40 Product 4303,40,180,36.83,75.47
4304,Sports Product 4304,8,394,31.09,61.21
4305,Category 50 Product 4305,50,194,52.17,120.2
4306,Category 48 Product 4306,48,125,22.23,30.46
4307,Furniture Product 4307,5,92,122.62,197.46
4308,Category 35 Product 4308,35,82,15.27,30.93
4309,Category 43 Product 4309,43,74,38.49,69.38
4310,Furniture Product 4310,5,183,18.34,25.06
4311,Shoes Product 4311,7,255,42.36,73.32
4312,Category 30 Product 4312,30,268,33.41,64.19
4313,Toys Product 4313,11,122,144.46,325.86
4314,Category 29 Product 4314,29,270,302.99,696.32
4315,Category 31 Product 4315,31,169,6.52,8.77
4316,Category 29 Product 4316,29,316,12.48,20.88
4317,Jewelry Product 4317,15,341,24.02,39.86
4318,Category 44 Product 4318,44,37,50.05,86.41
4319,Category 50 Product 4319,50,409,12.17,24.06
4320,Category 23 Product 4320,23,358,7.76,12.16
4321,Category 35 Product 4321,35,200,29.26,56.55
4322,Gaming Product 4322,18,97,30.96,57.72
4323,Category 34 Product 4323,34,255,27.73,36.63
4324,Office Product 4324,14,289,49.46,67.06
4325,Computers Product 4325,2,296,28.01,42.4
4326,Category 50 Product 4326,50,394,40.19,74.18
4327,Category 50 Product 4327,50,116,185.39,394.62
4328,Health Product 4328,17,371,14.93,27.06
4329,Category 42 Product 4329,42,242,46.16,94.55
4330,Books Product 4330,10,193,40.69,82.73
4331,Category 32 Product 4331,32,469,261.91,570.83
4332,Category 41 Product 4332,41,173,11.07,22.6
4333,Garden Product 4333,12,204,166.94,384.97
4334,Category 26 Product 4334,26,401,56.59,96.61
4335,Toys Product 4335,11,401,8.09,10.06
4336,Category 47 Product 4336,47,223,18.86,32.9
4337,Category 31 Product 4337,31,329,11.56,19.84
4338,Category 41 Product 4338,41,150,36.09,77.84
4339,Category 25 Product 4339,25,388,12.7,20.82
4340,Jewelry Product 4340,15,151,159.02,326.16
4341,Category 33 Product 4341,33,306,50.22,76.22
4342,Books Product 4342,10,118,24.08,56.71
4343,Health Product 4343,17,359,26.29,62.71
4344,Sports Product 4344,8,305,44.98,68.37
4345,Health Product 4345,17,299,9.98,16.37
4346,Category 47 Product 4346,47,403,19.57,44.37
4347,Sports Product 4347,8,168,38.89,85.95
4348,Computers Product 4348,2,27,124.63,245.14
4349,Category 21 Product 4349,21,371,9.32,18.44
4350,Category 33 Product 4350,33,292,36.82,80.79
4351,Category 21 Product 4351,21,294,43.93,59.81
4352,Garden Product 4352,12,146,11.04,16.06
4353,Clothing Product 4353,6,205,26.76,66.02
4354,Toys Product 4354,11,417,57.22,85.48
4355,Category 39 Product 4355,39,408,8.07,18.28
4356,Category 38 Product 4356,38,389,12.23,17.27
4357,Category 34 Product 4357,34,202,12.97,27.35
4358,Category 36 Product 4358,36,397,51.27,79.57
4359,Category 38 Product 4359,38,211,36.01,53.19
4360,Category 47 Product 4360,47,24,145.74,321.17
4361,Category 29 Product 4361,29,487,30.96,54.75
4362,Books Product 4362,10,257,12.07,15.93
4363,Category 28 Product 4363,28,254,50.7,97.86
4364,Furniture Product 4364,5,240,109.29,265.76
4365,Shoes Product 4365,7,478,26.1,55.15
4366,Category 29 Product 4366,29,337,17.85,22.58
4367,Category 40 Product 4367,40,499,18.13,30.53
4368,Beauty Product 4368,9,236,22.15,36.49
4369,Automotive Product 4369,13,38,14.32,26.03
4370,Category 46 Product 4370,46,102,69.84,173.36
4371,Category 39 Product 4371,39,307,235.71,431.86
4372,Category 26 Product 4372,26,117,12.06,21.68
4373,Electronics Product 4373,1,268,8.46,20.57
4374,Category 29 Product 4374,29,19,80.22,136.95
4375,Category 21 Product 4375,21,338,5.94,10.73
4376,Pet Supplies Product 4376,16,314,58.3,125.88
4377,Computers Product 4377,2,457,17.01,27.18
4378,Category 38 Product 4378,38,268,54.16,106.52
4379,Category 35 Product 4379,35,240,46.11,65.96
4380,Category 45 Product 4380,45,144,34.4,76.94
4381,Toys Product 4381,11,17,27.87,47.04
4382,Music Product 4382,19,147,114.06,209.61
4383,Travel Product 4383,20,75,12.32,15.36
4384,Category 43 Product 4384,43,266,3.23,4.0
4385,Health Product 4385,17,198,17.28,34.43
4386,Home Appliances Product 4386,4,64,23.61,47.67
4387,Pet Supplies Product 4387,16,473,308.48,717.23
4388,Beauty Product 4388,9,267,236.71,332.48
4389,Beauty Product 4389,9,25,92.09,152.73
4390,Category 29 Product 4390,29,455,15.77,21.89
4391,Gaming Product 4391,18,451,16.41,29.56
4392,Category 38 Product 4392,38,239,25.58,46.68
4393,Sports Product 4393,8,224,20.47,39.68
4394,Category 39 Product 4394,39,193,18.58,27.61
4395,Smartphones Product 4395,3,493,151.56,244.88
4396,Category 50 Product 4396,50,171,49.46,61.15
4397,Category 41 Product 4397,41,159,14.97,34.24
4398,Health Product 4398,17,205,15.92,32.56
4399,Shoes Product 4399,7,393,12.76,23.9
4400,Books Product 4400,10,286,21.94,29.71
4401,Shoes Product 4401,7,143,270.34,402.13
4402,Gaming Product 4402,18,344,25.48,63.61
4403,Health Product 4403,17,250,41.63,63.69
4404,Shoes Product 4404,7,403,26.01,35.77
4405,Category 29 Product 4405,29,158,49.2,92.93
4406,Gaming Product 4406,18,85,132.7,166.84
4407,Category 48 Product 4407,48,61,27.21,36.16
4408,Category 32 Product 4408,32,472,55.14,120.92
4409,Category 41 Product 4409,41,377,27.39,56.05
4410,Category 49 Product 4410,49,398,39.46,94.05
4411,Clothing Product 4411,6,144,20.25,32.85
4412,Electronics Product 4412,1,285,24.8,43.08
4413,Category 49 Product 4413,49,248,59.04,95.4
4414,Category 38 Product 4414,38,491,26.46,38.95
4415,Health Product 4415,17,344,79.47,141.37
4416,Category 27 Product 4416,27,281,110.48,203.27
4417,Travel Product 4417,20,407,14.34,27.83
4418,Category 37 Product 4418,37,248,18.57,23.24
4419,Category 31 Product 4419,31,105,63.68,157.75
4420,Category 24 Product 4420,24,193,46.4,61.09
4421,Category 23 Product 4421,23,120,140.5,222.98
4422,Category 24 Product 4422,24,218,52.97,67.87
4423,Category 43 Product 4423,43,426,1.95,4.45
4424,Category 29 Product 4424,29,157,30.32,40.3
4425,Category 46 Product 4425,46,9,44.23,108.23
4426,Toys Product 4426,11,98,48.21,77.43
4427,Category 29 Product 4427,29,179,56.32,68.69
4428,Category 38 Product 4428,38,260,14.79,27.05
4429,Books Product 4429,10,244,44.88,73.0
4430,Jewelry Product 4430,15,314,53.13,113.18
4431,Category 21 Product 4431,21,410,77.49,187.86
4432,Category 25 Product 4432,25,438,26.51,63.22
4433,Category 28 Product 4433,28,141,27.54,56.72
4434,Clothing Product 4434,6,77,85.75,181.32
4435,Furniture Product 4435,5,59,54.73,120.13
4436,Home Appliances Product 4436,4,322,210.44,471.55
4437,Category 33 Product 4437,33,236,33.96,55.03
4438,Beauty Product 4438,9,397,35.89,89.17
4439,Category 48 Product 4439,48,46,31.48,54.04
4440,Music Product 4440,19,176,6.98,12.85
4441,Electronics Product 4441,1,233,20.63,30.03
4442,Category 43 Product 4442,43,308,118.94,238.42
4443,Category 24 Product 4443,24,283,4.51,8.28
4444,Pet Supplies Product 4444,16,140,27.45,47.18
4445,Books Product 4445,10,448,15.58,22.89
4446,Category 23 Product 4446,23,101,38.68,55.81
4447,Home Appliances Product 4447,4,385,9.78,16.94
4448,Category 48 Product 4448,48,207,14.92,32.14
4449,Gaming Product 4449,18,149,41.41,51.86
4450,Clothing Product 4450,6,498,12.1,29.73
4451,Category 49 Product 4451,49,413,154.64,224.62
4452,Category 35 Product 4452,35,362,8.78,12.84
4453,Category 46 Product 4453,46,200,54.9,95.98
4454,Health Product 4454,17,148,74.91,147.53
4455,Garden Product 4455,12,181,15.52,34.22
4456,Category 28 Product 4456,28,101,86.16,162.99
4457,Category 29 Product 4457,29,398,32.52,44.99
4458,Category 26 Product 4458,26,426,172.54,232.72
4459,Clothing Product 4459,6,323,54.5,86.93
4460,Category 35 Product 4460,35,5,22.92,36.57
4461,Category 29 Product 4461,29,279,16.4,38.84
4462,Electronics Product 4462,1,433,27.13,62.79
4463,Category 28 Product 4463,28,370,31.4,70.82
4464,Jewelry Product 4464,15,408,62.23,138.58
4465,Sports Product 4465,8,115,25.34,46.73
4466,Category 27 Product 4466,27,451,20.82,36.57
4467,Music Product 4467,19,308,20.43,25.53
4468,Category 32 Product 4468,32,319,42.83,80.79
4469,Category 22 Product 4469,22,371,31.65,46.05
4470,Category 36 Product 4470,36,315,46.96,106.15
4471,Category 24 Product 4471,24,14,38.15,65.98
4472,Gaming Product 4472,18,293,232.71,424.39
4473,Category 25 Product 4473,25,404,80.9,163.57
4474,Category 37 Product 4474,37,163,178.37,333.78
4475,Pet Supplies Product 4475,16,368,17.1,37.15
4476,Category 42 Product 4476,42,98,343.29,808.98
4477,Health Product 4477,17,24,15.29,26.66
4478,Category 37 Product 4478,37,314,11.53,25.36
4479,Gaming Product 4479,18,254,19.48,47.04
4480,Books Product 4480,10,349,18.97,44.98
4481,Category 27 Product 4481,27,457,24.0,41.69
4482,Category 23 Product 4482,23,414,16.65,28.46
4483,Category 36 Product 4483,36,286,17.68,22.39
4484,Category 29 Product 4484,29,238,9.03,21.45
4485,Health Product 4485,17,190,76.87,99.52
4486,Category 24 Product 4486,24,83,87.11,156.04
4487,Category 36 Product 4487,36,375,35.34,85.43
4488,Category 46 Product 4488,46,279,86.47,122.26
4489,Computers Product 4489,2,360,50.22,95.99
4490,Category 36 Product 4490,36,262,107.19,160.44
4491,Furniture Product 4491,5,312,31.06,52.79
4492,Category 43 Product 4492,43,50,22.77,37.93
4493,Category 38 Product 4493,38,38,116.45,141.51
4494,Category 29 Product 4494,29,307,182.31,231.96
4495,Category 44 Product 4495,44,465,25.96,58.01
4496,Category 45 Product 4496,45,92,14.85,19.88
4497,Category 49 Product 4497,49,29,20.0,29.82
4498,Category 37 Product 4498,37,333,31.75,68.37
4499,Category 49 Product 4499,49,139,21.46,27.64
4500,Books Product 4500,10,257,19.26,25.39
4501,Category 38 Product 4501,38,155,13.82,23.2
4502,Sports Product 4502,8,481,63.15,81.22
4503,Category 34 Product 4503,34,475,49.32,118.13
4504,Category 42 Product 4504,42,118,19.8,41.95
4505,Automotive Product 4505,13,84,36.22,58.59
4506,Electronics Product 4506,1,238,153.45,291.99
4507,Furniture Product 4507,5,383,6.04,11.89
4508,Category 27 Product 4508,27,213,39.42,88.65
4509,Category 34 Product 4509,34,291,77.26,176.74
4510,Electronics Product 4510,1,176,6.92,16.72
4511,Category 23 Product 4511,23,488,26.52,63.44
4512,Category 39 Product 4512,39,464,46.2,71.61
4513,Furniture Product 4513,5,439,76.61,159.63
4514,Category 30 Product 4514,30,343,58.13,79.38
4515,Category 22 Product 4515,22,109,83.31,117.23
4516,Beauty Product 4516,9,452,12.72,16.93
4517,Category 31 Product 4517,31,122,19.03,45.2
4518,Category 50 Product 4518,50,194,31.46,74.86
4519,Category 25 Product 4519,25,458,45.77,61.26
4520,Office Product 4520,14,84,29.41,41.1
4521,Music Product 4521,19,34,42.97,69.34
4522,Category 21 Product 4522,21,448,11.84,17.46
4523,Category 24 Product 4523,24,200,100.05,229.22
4524,Category 33 Product 4524,33,325,72.97,141.35
4525,Jewelry Product 4525,15,449,15.36,34.0
4526,Computers Product 4526,2,465,50.08,115.27
4527,Travel Product 4527,20,142,35.84,80.28
4528,Category 26 Product 4528,26,429,45.93,73.42
4529,Home Appliances Product 4529,4,262,97.27,230.14
4530,Category 48 Product 4530,48,403,33.15,41.53
4531,Category 44 Product 4531,44,407,131.69,173.54
4532,Furniture Product 4532,5,280,149.47,275.43
4533,Garden Product 4533,12,260,18.71,29.51
4534,Automotive Product 4534,13,202,4.98,10.98
4535,Office Product 4535,14,307,28.43,51.59
4536,Category 30 Product 4536,30,40,43.01,99.26
4537,Books Product 4537,10,289,45.27,56.93
4538,Category 31 Product 4538,31,409,6.51,12.6
4539,Category 43 Product 4539,43,67,125.0,250.69
4540,Category 46 Product 4540,46,444,411.78,903.4
4541,Category 27 Product 4541,27,186,24.87,45.77
4542,Pet Supplies Product 4542,16,454,73.4,130.14
4543,Category 45 Product 4543,45,500,44.41,64.41
4544,Music Product 4544,19,327,14.34,20.6
4545,Category 24 Product 4545,24,39,18.47,36.41
4546,Category 30 Product 4546,30,379,135.24,310.77
4547,Travel Product 4547,20,139,33.58,54.68
4548,Category 23 Product 4548,23,389,32.36,74.34
4549,Home Appliances Product 4549,4,347,77.36,131.94
4550,Category 35 Product 4550,35,28,22.75,29.4
4551,Category 34 Product 4551,34,187,91.73,152.25
4552,Category 29 Product 4552,29,369,40.9,74.42
4553,Category 29 Product 4553,29,296,11.07,18.29
4554,Toys Product 4554,11,227,39.95,86.34
4555,Category 37 Product 4555,37,45,34.27,66.34
4556,Category 38 Product 4556,38,497,17.94,33.25
4557,Health Product 4557,17,179,76.3,145.21
4558,Shoes Product 4558,7,295,32.06,78.2
4559,Toys Product 4559,11,421,38.13,82.48
4560,Category 28 Product 4560,28,490,146.85,187.48
4561,Category 24 Product 4561,24,179,146.85,361.98
4562,Toys Product 4562,11,291,133.58,234.32
4563,Health Product 4563,17,55,34.35,67.71
4564,Health Product 4564,17,120,27.64,41.8
4565,Jewelry Product 4565,15,432,22.74,35.51
4566,Electronics Product 4566,1,256,4.85,9.38
4567,Category 24 Product 4567,24,425,73.95,172.3
4568,Office Product 4568,14,447,65.63,111.49
4569,Category 26 Product 4569,26,358,169.47,299.42
4570,Category 41 Product 4570,41,399,64.72,123.36
4571,Category 40 Product 4571,40,35,110.73,164.07
4572,Travel Product 4572,20,101,51.32,72.75
4573,Category 30 Product 4573,30,354,67.56,107.44
4574,Category 49 Product 4574,49,379,46.89,116.75
4575,Category 32 Product 4575,32,337,40.97,96.8
4576,Category 39 Product 4576,39,295,51.82,70.85
4577,Category 48 Product 4577,48,8,49.57,119.68
4578,Category 30 Product 4578,30,473,43.63,59.3
4579,Computers Product 4579,2,366,23.76,32.34
4580,Smartphones Product 4580,3,282,14.07,29.99
4581,Category 32 Product 4581,32,107,26.0,45.88
4582,Category 40 Product 4582,40,458,35.22,87.98
4583,Category 26 Product 4583,26,104,177.82,336.77
4584,Clothing Product 4584,6,71,5.58,9.13
4585,Jewelry Product 4585,15,65,113.35,217.79
4586,Beauty Product 4586,9,172,3.4,4.21
4587,Automotive Product 4587,13,261,86.7,178.2
4588,Category 41 Product 4588,41,127,11.71,22.12
4589,Category 24 Product 4589,24,488,3.14,7.27
4590,Office Product 4590,14,46,42.04,81.49
4591,Category 47 Product 4591,47,141,41.21,74.67
4592,Category 31 Product 4592,31,176,150.65,345.19
4593,Category 46 Product 4593,46,81,71.66,162.35
4594,Category 33 Product 4594,33,496,76.35,122.35
4595,Category 34 Product 4595,34,189,12.56,20.55
4596,Category 45 Product 4596,45,218,8.81,15.77
4597,Category 47 Product 4597,47,317,25.75,31.8
4598,Category 48 Product 4598,48,86,139.62,263.9
4599,Category 30 Product 4599,30,14,40.83,92.36
4600,Category 43 Product 4600,43,283,61.86,104.52
4601,Category 44 Product 4601,44,167,17.02,26.24
4602,Health Product 4602,17,265,15.03,20.04
4603,Category 42 Product 4603,42,324,201.0,432.29
4604,Category 38 Product 4604,38,487,24.18,53.34
4605,Category 38 Product 4605,38,167,997.89,1507.95
4606,Category 45 Product 4606,45,399,65.49,118.36
4607,Category 37 Product 4607,37,296,27.96,61.41
4608,Category 48 Product 4608,48,19,12.21,22.39
4609,Category 43 Product 4609,43,449,40.27,60.02
4610,Jewelry Product 4610,15,73,16.5,34.38
4611,Toys Product 4611,11,472,129.23,269.75
4612,Home Appliances Product 4612,4,450,33.95,81.87
4613,Electronics Product 4613,1,77,54.49,125.84
4614,Beauty Product 4614,9,95,10.23,18.41
4615,Category 49 Product 4615,49,48,19.72,36.53
4616,Smartphones Product 4616,3,218,34.52,54.53
4617,Category 49 Product 4617,49,472,45.9,70.56
4618,Category 49 Product 4618,49,448,41.02,65.6
4619,Category 21 Product 4619,21,173,30.21,39.87
4620,Category 25 Product 4620,25,127,59.99,99.5
4621,Category 43 Product 4621,43,401,19.49,45.35
4622,Category 25 Product 4622,25,320,145.86,345.8
4623,Category 49 Product 4623,49,394,19.11,27.63
4624,Category 24 Product 4624,24,413,104.89,259.95
4625,Category 24 Product 4625,24,17,45.16,78.24
4626,Category 46 Product 4626,46,130,16.2,35.04
4627,Category 50 Product 4627,50,444,21.86,26.99
4628,Clothing Product 4628,6,145,265.74,591.14
4629,Category 26 Product 4629,26,371,80.98,130.22
4630,Category 27 Product 4630,27,264,2.62,5.59
4631,Toys Product 4631,11,133,17.56,34.63
4632,Furniture Product 4632,5,378,6.85,14.05
4633,Category 28 Product 4633,28,137,37.63,48.53
4634,Category 44 Product 4634,44,281,86.43,119.8
4635,Category 27 Product 4635,27,488,79.07,158.78
4636,Category 36 Product 4636,36,253,58.51,136.5
4637,Category 47 Product 4637,47,384,89.0,195.96
4638,Category 39 Product 4638,39,296,35.32,55.15
4639,Category 45 Product 4639,45,91,43.28,69.04
4640,Category 25 Product 4640,25,338,13.61,18.84
4641,Category 34 Product 4641,34,129,8.5,10.31
4642,Category 36 Product 4642,36,452,47.89,115.27
4643,Category 39 Product 4643,39,404,4.58,6.43
4644,Category 38 Product 4644,38,31,24.87,44.63
4645,Category 34 Product 4645,34,307,83.62,113.24
4646,Category 34 Product 4646,34,337,75.01,168.41
4647,Category 31 Product 4647,31,186,9.11,19.64
4648,Category 23 Product 4648,23,445,7.51,12.68
4649,Category 49 Product 4649,49,363,41.51,76.68
4650,Category 26 Product 4650,26,468,16.79,40.96
4651,Category 45 Product 4651,45,367,27.09,40.92
4652,Category 41 Product 4652,41,446,22.31,53.4
4653,Category 43 Product 4653,43,489,53.04,102.49
4654,Category 37 Product 4654,37,474,29.6,56.67
4655,Category 35 Product 4655,35,326,13.82,24.86
4656,Books Product 4656,10,273,18.72,42.46
4657,Music Product 4657,19,342,25.56,59.07
4658,Category 37 Product 4658,37,402,8.23,19.04
4659,Category 32 Product 4659,32,410,58.63,82.54
4660,Category 41 Product 4660,41,486,63.01,135.82
4661,Category 33 Product 4661,33,61,86.73,208.14
4662,Garden Product 4662,12,405,14.94,33.09
4663,Category 41 Product 4663,41,335,56.47,97.63
4664,Garden Product 4664,12,492,30.95,50.86
4665,Jewelry Product 4665,15,147,7.47,15.03
4666,Category 23 Product 4666,23,463,106.96,135.24
4667,Category 43 Product 4667,43,341,15.04,28.37
4668,Category 36 Product 4668,36,353,61.34,117.36
4669,Electronics Product 4669,1,102,13.94,22.94
4670,Category 28 Product 4670,28,370,4.37,8.16
4671,Category 46 Product 4671,46,198,17.12,30.76
4672,Garden Product 4672,12,287,54.09,95.3
4673,Category 32 Product 4673,32,23,14.77,34.92
4674,Garden Product 4674,12,359,147.67,246.02
4675,Travel Product 4675,20,270,22.75,43.9
4676,Computers Product 4676,2,415,72.93,122.68
4677,Category 27 Product 4677,27,133,30.22,52.27
4678,Garden Product 4678,12,210,16.46,25.39
4679,Health Product 4679,17,172,30.33,55.24
4680,Category 43 Product 4680,43,156,115.37,268.27
4681,Electronics Product 4681,1,16,117.77,256.49
4682,Category 46 Product 4682,46,152,17.98,31.03
4683,Category 46 Product 4683,46,270,73.3,178.9
4684,Category 33 Product 4684,33,128,37.41,60.66
4685,Jewelry Product 4685,15,220,91.64,204.95
4686,Health Product 4686,17,106,56.31,100.36
4687,Category 44 Product 4687,44,389,9.57,16.43
4688,Category 36 Product 4688,36,101,26.92,46.03
4689,Category 38 Product 4689,38,216,10.24,16.49
4690,Category 43 Product 4690,43,355,64.69,84.7
4691,Category 45 Product 4691,45,91,46.09,79.37
4692,Category 34 Product 4692,34,496,24.47,46.99
4693,Category 38 Product 4693,38,340,27.61,38.6
4694,Toys Product 4694,11,370,118.4,162.62
4695,Category 27 Product 4695,27,364,177.95,318.1
4696,Category 22 Product 4696,22,201,21.57,50.86
4697,Home Appliances Product 4697,4,366,33.99,52.49
4698,Category 22 Product 4698,22,54,13.88,21.96
4699,Category 33 Product 4699,33,373,9.16,17.53
4700,Category 36 Product 4700,36,318,20.9,36.09
4701,Category 31 Product 4701,31,287,11.75,28.93
4702,Category 40 Product 4702,40,241,77.43,122.65
4703,Health Product 4703,17,482,87.08,170.64
4704,Category 31 Product 4704,31,284,46.05,102.33
4705,Category 44 Product 4705,44,120,16.08,32.55
4706,Shoes Product 4706,7,340,155.08,331.27
4707,Category 43 Product 4707,43,266,27.82,38.13
4708,Category 48 Product 4708,48,136,11.59,25.03
4709,Pet Supplies Product 4709,16,482,16.1,27.41
4710,Category 30 Product 4710,30,207,8.72,14.36
4711,Category 26 Product 4711,26,448,50.21,114.47
4712,Category 21 Product 4712,21,181,23.45,30.06
4713,Category 49 Product 4713,49,400,30.06,54.99
4714,Category 24 Product 4714,24,317,34.91,53.45
4715,Furniture Product 4715,5,107,17.92,37.02
4716,Travel Product 4716,20,307,14.32,25.66
4717,Category 38 Product 4717,38,266,6.74,8.26
4718,Furniture Product 4718,5,299,54.53,127.11
4719,Category 24 Product 4719,24,374,25.13,44.71
4720,Smartphones Product 4720,3,447,25.81,62.45
4721,Toys Product 4721,11,493,9.61,22.19
4722,Category 50 Product 4722,50,269,102.37,234.31
4723,Category 44 Product 4723,44,375,2.45,5.69
4724,Beauty Product 4724,9,454,67.67,133.08
4725,Beauty Product 4725,9,347,68.67,98.06
4726,Category 34 Product 4726,34,203,460.3,1095.42
4727,Category 27 Product 4727,27,423,79.13,128.79
4728,Category 43 Product 4728,43,61,189.45,279.04
4729,Category 28 Product 4729,28,386,34.9,56.34
4730,Category 38 Product 4730,38,315,22.78,38.53
4731,Category 45 Product 4731,45,179,39.28,78.82
4732,Pet Supplies Product 4732,16,50,28.02,53.03
4733,Category 42 Product 4733,42,1,75.39,170.82
4734,Pet Supplies Product 4734,16,460,25.46,44.48
4735,Shoes Product 4735,7,168,29.57,56.66
4736,Category 23 Product 4736,23,468,29.86,54.33
4737,Electronics Product 4737,1,177,19.29,47.25
4738,Category 24 Product 4738,24,231,48.33,102.33
4739,Category 27 Product 4739,27,446,109.07,156.17
4740,Category 40 Product 4740,40,351,228.37,370.83
4741,Smartphones Product 4741,3,103,110.92,163.9
4742,Category 33 Product 4742,33,296,38.32,88.57
4743,Category 36 Product 4743,36,222,5.22,11.65
4744,Beauty Product 4744,9,453,49.94,75.84
4745,Category 44 Product 4745,44,116,189.65,384.52
4746,Category 41 Product 4746,41,8,110.96,136.28
4747,Music Product 4747,19,406,12.68,23.62
4748,Category 45 Product 4748,45,195,22.56,36.97
4749,Category 37 Product 4749,37,98,94.87,141.16
4750,Category 30 Product 4750,30,158,184.9,456.48
4751,Computers Product 4751,2,101,159.06,213.28
4752,Category 39 Product 4752,39,55,3.13,7.73
4753,Category 34 Product 4753,34,185,59.57,140.12
4754,Beauty Product 4754,9,291,35.82,55.51
4755,Category 30 Product 4755,30,261,13.26,26.36
4756,Music Product 4756,19,448,32.69,45.94
4757,Gaming Product 4757,18,117,53.15,114.16
4758,Category 30 Product 4758,30,150,43.93,78.54
4759,Category 34 Product 4759,34,125,80.11,152.86
4760,Jewelry Product 4760,15,28,12.26,19.96
4761,Books Product 4761,10,356,66.29,132.11
4762,Category 46 Product 4762,46,245,13.06,29.87
4763,Gaming Product 4763,18,313,61.94,142.61
4764,Category 40 Product 4764,40,105,63.79,132.86
4765,Music Product 4765,19,100,18.37,29.21
4766,Music Product 4766,19,49,54.22,78.41
4767,Category 27 Product 4767,27,46,38.38,90.26
4768,Category 41 Product 4768,41,209,48.43,111.37
4769,Jewelry Product 4769,15,381,37.74,93.55
4770,Category 46 Product 4770,46,346,39.36,67.61
4771,Category 35 Product 4771,35,234,99.46,169.41
4772,Category 21 Product 4772,21,425,41.21,52.26
4773,Travel Product 4773,20,177,45.69,79.74
4774,Category 39 Product 4774,39,215,19.97,44.76
4775,Category 26 Product 4775,26,339,160.29,383.73
4776,Automotive Product 4776,13,135,18.2,36.57
4777,Smartphones Product 4777,3,39,72.29,175.06
4778,Category 50 Product 4778,50,279,44.52,97.32
4779,Category 46 Product 4779,46,6,28.05,42.99
4780,Category 26 Product 4780,26,255,26.01,34.66
4781,Category 22 Product 4781,22,107,29.51,66.92
4782,Category 40 Product 4782,40,95,17.9,42.54
4783,Category 43 Product 4783,43,125,74.6,162.63
4784,Toys Product 4784,11,175,11.88,26.72
4785,Category 33 Product 4785,33,182,19.46,43.72
4786,Automotive Product 4786,13,157,405.97,599.38
4787,Toys Product 4787,11,53,14.89,19.91
4788,Category 25 Product 4788,25,295,64.1,125.51
4789,Category 48 Product 4789,48,31,28.75,45.18
4790,Home Appliances Product 4790,4,217,325.21,716.03
4791,Pet Supplies Product 4791,16,2,52.04,127.46
4792,Category 50 Product 4792,50,273,16.0,31.88
4793,Category 43 Product 4793,43,38,21.29,50.33
4794,Shoes Product 4794,7,455,33.38,58.43
4795,Category 26 Product 4795,26,184,5.4,8.56
4796,Electronics Product 4796,1,379,24.68,32.63
4797,Category 32 Product 4797,32,309,199.08,402.69
4798,Category 45 Product 4798,45,434,49.34,122.86
4799,Category 28 Product 4799,28,136,70.88,88.32
4800,Category 27 Product 4800,27,319,97.58,201.29
4801,Category 38 Product 4801,38,97,80.83,124.41
4802,Books Product 4802,10,305,36.35,71.64
4803,Category 33 Product 4803,33,379,10.0,21.39
4804,Category 46 Product 4804,46,430,127.16,315.35
4805,Shoes Product 4805,7,84,203.0,452.05
4806,Category 39 Product 4806,39,493,3.92,9.39
4807,Category 31 Product 4807,31,428,43.85,106.88
4808,Travel Product 4808,20,348,44.08,97.81
4809,Pet Supplies Product 4809,16,375,2.74,6.66
4810,Health Product 4810,17,193,10.24,24.97
4811,Category 32 Product 4811,32,480,54.36,110.3
4812,Category 30 Product 4812,30,107,5.59,11.58
4813,Office Product 4813,14,421,35.87,58.29
4814,Smartphones Product 4814,3,309,48.3,58.14
4815,Sports Product 4815,8,216,19.08,38.01
4816,Category 47 Product 4816,47,201,53.0,78.49
4817,Clothing Product 4817,6,347,39.67,97.34
4818,Automotive Product 4818,13,341,10.06,13.15
4819,Category 41 Product 4819,41,370,20.61,40.83
4820,Furniture Product 4820,5,258,41.65,87.86
4821,Travel Product 4821,20,249,41.96,103.81
4822,Home Appliances Product 4822,4,192,20.75,26.69
4823,Category 25 Product 4823,25,414,137.99,312.73
4824,Sports Product 4824,8,158,169.13,276.34
4825,Category 50 Product 4825,50,230,35.28,52.94
4826,Category 30 Product 4826,30,336,19.71,43.47
4827,Jewelry Product 4827,15,428,13.63,28.6
4828,Category 30 Product 4828,30,108,8.38,16.9
4829,Toys Product 4829,11,454,125.59,161.2
4830,Garden Product 4830,12,420,3.27,5.76
4831,Category 40 Product 4831,40,160,8.64,13.04
4832,Category 50 Product 4832,50,102,17.69,37.35
4833,Category 43 Product 4833,43,239,87.36,146.57
4834,Category 37 Product 4834,37,20,394.77,946.91
4835,Category 48 Product 4835,48,424,10.42,21.59
4836,Category 48 Product 4836,48,171,24.25,60.25
4837,Category 47 Product 4837,47,405,55.5,137.65
4838,Category 23 Product 4838,23,483,5.85,8.0
4839,Category 25 Product 4839,25,164,72.05,143.7
4840,Category 46 Product 4840,46,466,21.36,30.53
4841,Category 21 Product 4841,21,113,105.99,129.4
4842,Category 42 Product 4842,42,281,217.08,301.53
4843,Category 40 Product 4843,40,288,16.22,20.91
4844,Category 41 Product 4844,41,179,166.05,309.8
4845,Category 42 Product 4845,42,475,9.77,13.15
4846,Category 22 Product 4846,22,11,31.1,48.05
4847,Category 30 Product 4847,30,476,26.09,34.27
4848,Jewelry Product 4848,15,110,8.22,11.64
4849,Books Product 4849,10,212,10.97,25.4
4850,Category 21 Product 4850,21,414,7.42,15.45
4851,Category 35 Product 4851,35,499,45.23,69.32
4852,Category 40 Product 4852,40,18,23.11,45.55
4853,Jewelry Product 4853,15,16,29.28,50.7
4854,Category 38 Product 4854,38,498,139.96,336.78
4855,Computers Product 4855,2,446,26.75,54.01
4856,Toys Product 4856,11,163,60.39,106.63
4857,Computers Product 4857,2,385,9.09,11.77
4858,Travel Product 4858,20,300,34.69,84.53
4859,Computers Product 4859,2,169,48.36,87.25
4860,Category 41 Product 4860,41,389,44.46,60.85
4861,Category 26 Product 4861,26,269,20.35,42.77
4862,Computers Product 4862,2,204,115.7,198.2
4863,Category 38 Product 4863,38,269,85.34,192.43
4864,Category 47 Product 4864,47,37,20.83,28.79
4865,Music Product 4865,19,333,148.09,233.25
4866,Category 29 Product 4866,29,188,47.64,61.29
4867,Category 22 Product 4867,22,172,10.83,15.26
4868,Category 28 Product 4868,28,87,8.11,15.83
4869,Category 36 Product 4869,36,422,11.94,29.04
4870,Garden Product 4870,12,367,41.79,74.57
4871,Category 25 Product 4871,25,363,13.03,18.06
4872,Category 38 Product 4872,38,329,154.52,237.76
4873,Furniture Product 4873,5,432,46.94,58.38
4874,Category 48 Product 4874,48,449,36.57,88.39
4875,Category 34 Product 4875,34,138,41.66,58.23
4876,Category 26 Product 4876,26,68,13.22,28.29
4877,Category 23 Product 4877,23,482,22.04,50.66
4878,Category 27 Product 4878,27,406,35.4,76.16
4879,Jewelry Product 4879,15,40,24.18,45.99
4880,Category 39 Product 4880,39,465,30.71,55.35
4881,Automotive Product 4881,13,486,15.01,19.71
4882,Category 24 Product 4882,24,382,8.51,17.01
4883,Furniture Product 4883,5,172,21.97,37.45
4884,Category 44 Product 4884,44,456,5.46,8.29
4885,Books Product 4885,10,1,14.5,33.89
4886,Category 41 Product 4886,41,319,132.2,178.91
4887,Electronics Product 4887,1,239,12.88,23.18
4888,Category 36 Product 4888,36,280,17.57,40.92
4889,Category 35 Product 4889,35,68,19.47,29.09
4890,Category 40 Product 4890,40,327,71.47,104.92
4891,Category 31 Product 4891,31,248,119.5,154.87
4892,Category 29 Product 4892,29,121,24.3,43.56
4893,Smartphones Product 4893,3,104,48.63,73.42
4894,Clothing Product 4894,6,166,31.92,39.03
4895,Category 26 Product 4895,26,200,26.76,45.35
4896,Category 22 Product 4896,22,406,16.85,30.29
4897,Category 36 Product 4897,36,127,6.65,8.86
4898,Category 41 Product 4898,41,115,16.28,20.5
4899,Category 36 Product 4899,36,209,327.48,740.09
4900,Category 43 Product 4900,43,50,16.5,40.59
4901,Category 48 Product 4901,48,339,205.65,450.88
4902,Category 36 Product 4902,36,267,14.89,20.12
4903,Category 24 Product 4903,24,233,95.66,137.75
4904,Category 25 Product 4904,25,352,59.31,105.18
4905,Category 50 Product 4905,50,24,57.15,131.82
4906,Category 42 Product 4906,42,307,26.46,42.68
4907,Category 25 Product 4907,25,343,24.25,46.67
4908,Category 35 Product 4908,35,281,131.68,237.34
4909,Category 32 Product 4909,32,228,69.56,117.86
4910,Garden Product 4910,12,487,40.7,49.69
4911,Sports Product 4911,8,187,35.75,51.6
4912,Category 29 Product 4912,29,32,32.89,82.0
4913,Office Product 4913,14,339,83.55,192.1
4914,Category 28 Product 4914,28,2,1.84,4.44
4915,Category 31 Product 4915,31,363,40.08,66.51
4916,Category 43 Product 4916,43,251,33.03,67.85
4917,Category 33 Product 4917,33,383,22.95,42.47
4918,Category 28 Product 4918,28,118,120.41,153.46
4919,Category 50 Product 4919,50,87,39.04,69.17
4920,Category 24 Product 4920,24,292,8.31,14.36
4921,Beauty Product 4921,9,13,11.52,19.5
4922,Category 32 Product 4922,32,480,109.44,183.53
4923,Gaming Product 4923,18,467,14.96,34.57
4924,Category 36 Product 4924,36,394,29.31,69.16
4925,Travel Product 4925,20,37,99.02,159.35
4926,Garden Product 4926,12,353,56.51,100.01
4927,Category 33 Product 4927,33,448,46.59,93.67
4928,Music Product 4928,19,316,89.04,147.0
4929,Computers Product 4929,2,198,19.57,26.24
4930,Travel Product 4930,20,443,70.2,155.3
4931,Category 48 Product 4931,48,392,17.43,43.27
4932,Category 41 Product 4932,41,203,21.2,43.58
4933,Category 42 Product 4933,42,281,52.36,113.85
4934,Category 47 Product 4934,47,329,141.89,170.57
4935,Music Product 4935,19,296,148.72,279.46
4936,Automotive Product 4936,13,43,31.74,55.69
4937,Category 34 Product 4937,34,286,15.2,35.5
4938,Furniture Product 4938,5,265,11.92,18.88
4939,Gaming Product 4939,18,303,36.15,84.31
4940,Category 37 Product 4940,37,20,14.2,32.51
4941,Category 41 Product 4941,41,422,8.95,20.88
4942,Category 35 Product 4942,35,81,21.97,29.42
4943,Category 40 Product 4943,40,246,37.16,64.8
4944,Category 49 Product 4944,49,197,26.93,47.83
4945,Sports Product 4945,8,322,5.07,10.5
4946,Category 46 Product 4946,46,485,10.4,21.39
4947,Category 50 Product 4947,50,249,30.63,46.15
4948,Category 29 Product 4948,29,425,8.21,10.16
4949,Category 26 Product 4949,26,314,16.69,26.26
4950,Category 49 Product 4950,49,12,11.47,24.73
4951,Category 21 Product 4951,21,152,31.19,48.09
4952,Category 34 Product 4952,34,389,122.07,285.33
4953,Office Product 4953,14,405,76.69,146.38
4954,Category 21 Product 4954,21,448,226.38,505.91
4955,Category 41 Product 4955,41,119,38.26,69.98
4956,Books Product 4956,10,152,37.65,72.41
4957,Category 48 Product 4957,48,71,43.9,100.5
4958,Category 50 Product 4958,50,239,61.98,109.33
4959,Category 38 Product 4959,38,325,20.58,34.15
4960,Garden Product 4960,12,375,29.8,41.75
4961,Clothing Product 4961,6,350,72.35,105.77
4962,Category 31 Product 4962,31,81,41.58,79.17
4963,Category 31 Product 4963,31,243,20.79,36.38
4964,Category 44 Product 4964,44,318,87.07,190.36
4965,Category 46 Product 4965,46,327,35.26,47.03
4966,Music Product 4966,19,384,29.25,39.84
4967,Office Product 4967,14,162,12.98,25.63
4968,Category 39 Product 4968,39,225,92.65,159.63
4969,Category 35 Product 4969,35,401,45.62,85.51
4970,Category 30 Product 4970,30,20,25.87,39.7
4971,Category 48 Product 4971,48,310,5.77,10.1
4972,Smartphones Product 4972,3,374,30.88,47.93
4973,Category 46 Product 4973,46,337,75.29,137.3
4974,Smartphones Product 4974,3,432,43.08,99.87
4975,Category 33 Product 4975,33,299,5.58,10.45
4976,Jewelry Product 4976,15,496,17.95,37.42
4977,Category 34 Product 4977,34,239,100.5,167.15
4978,Books Product 4978,10,113,44.91,72.78
4979,Books Product 4979,10,90,22.3,40.3
4980,Health Product 4980,17,284,1401.61,2066.12
4981,Category 41 Product 4981,41,203,15.17,31.57
4982,Category 44 Product 4982,44,145,87.48,126.76
4983,Category 37 Product 4983,37,302,51.43,87.15
4984,Electronics Product 4984,1,201,23.19,32.02
4985,Electronics Product 4985,1,379,99.55,163.64
4986,Furniture Product 4986,5,368,18.97,43.51
4987,Beauty Product 4987,9,462,30.49,60.31
4988,Category 28 Product 4988,28,268,96.65,177.21
4989,Books Product 4989,10,250,48.6,63.64
4990,Category 42 Product 4990,42,298,14.72,30.71
4991,Beauty Product 4991,9,241,374.6,667.75
4992,Category 29 Product 4992,29,28,100.32,235.14
4993,Category 24 Product 4993,24,92,63.98,130.58
4994,Computers Product 4994,2,53,43.82,69.51
4995,Category 39 Product 4995,39,287,433.34,855.93
4996,Category 33 Product 4996,33,185,25.11,60.52
4997,Category 25 Product 4997,25,170,565.35,1358.66
4998,Furniture Product 4998,5,197,42.32,94.2
4999,Category 48 Product 4999,48,360,13.25,28.76
5000,Travel Product 5000,20,160,92.06,191.33
5001,Category 37 Product 5001,37,108,41.71,72.48
5002,Smartphones Product 5002,3,359,144.5,179.69
5003,Category 25 Product 5003,25,500,14.07,18.93
5004,Category 22 Product 5004,22,151,27.88,50.9
5005,Category 23 Product 5005,23,63,28.86,59.57
5006,Category 26 Product 5006,26,359,229.79,387.52
5007,Health Product 5007,17,94,111.98,219.32
5008,Toys Product 5008,11,152,136.28,308.55
5009,Category 37 Product 5009,37,77,9.62,21.0
5010,Sports Product 5010,8,133,70.86,155.18
5011,Category 38 Product 5011,38,182,59.14,136.43
5012,Health Product 5012,17,480,83.23,151.14
5013,Category 35 Product 5013,35,30,5.62,12.04
5014,Category 24 Product 5014,24,344,16.79,35.2
5015,Category 31 Product 5015,31,100,29.73,35.77
5016,Category 39 Product 5016,39,83,39.4,57.3
5017,Category 41 Product 5017,41,302,10.62,24.3
5018,Category 38 Product 5018,38,491,36.46,54.26
5019,Category 26 Product 5019,26,206,30.35,59.71
5020,Sports Product 5020,8,493,10.03,16.93
5021,Category 29 Product 5021,29,64,22.81,34.12
5022,Electronics Product 5022,1,453,69.57,95.08
5023,Category 50 Product 5023,50,398,17.66,35.6
5024,Smartphones Product 5024,3,26,17.39,40.36
5025,Category 24 Product 5025,24,301,4.69,10.7
5026,Category 47 Product 5026,47,128,32.73,44.08
5027,Gaming Product 5027,18,421,26.48,34.48
5028,Travel Product 5028,20,183,46.66,85.0
5029,Category 26 Product 5029,26,225,14.23,34.76
5030,Beauty Product 5030,9,101,27.49,46.46
5031,Toys Product 5031,11,85,42.03,63.61
5032,Books Product 5032,10,333,298.96,584.47
5033,Clothing Product 5033,6,229,118.96,241.97
5034,Category 25 Product 5034,25,343,40.33,85.14
5035,Category 21 Product 5035,21,319,66.92,113.89
5036,Category 37 Product 5036,37,497,14.52,18.41
5037,Music Product 5037,19,236,84.23,156.14
5038,Category 28 Product 5038,28,99,43.77,56.24
5039,Category 30 Product 5039,30,101,48.68,65.24
5040,Health Product 5040,17,447,19.81,24.08
5041,Shoes Product 5041,7,163,49.75,81.89
5042,Category 35 Product 5042,35,208,60.61,99.24
5043,Sports Product 5043,8,468,126.34,169.93
5044,Automotive Product 5044,13,26,9.65,15.88
5045,Category 41 Product 5045,41,445,57.28,91.54
5046,Gaming Product 5046,18,144,55.54,95.1
5047,Books Product 5047,10,25,202.55,321.8
5048,Category 27 Product 5048,27,49,5.91,11.38
5049,Category 22 Product 5049,22,360,14.24,17.55
5050,Category 23 Product 5050,23,337,115.17,183.42
5051,Sports Product 5051,8,166,112.6,180.36
5052,Furniture Product 5052,5,451,16.95,40.6
5053,Travel Product 5053,20,477,52.14,117.55
5054,Jewelry Product 5054,15,27,12.41,20.14
5055,Category 43 Product 5055,43,451,15.03,18.05
5056,Category 31 Product 5056,31,197,360.57,558.53
5057,Category 34 Product 5057,34,306,4.11,8.68
5058,Category 28 Product 5058,28,205,6.9,10.25
5059,Electronics Product 5059,1,171,24.81,39.69
5060,Category 35 Product 5060,35,316,30.21,73.28
5061,Category 30 Product 5061,30,371,112.44,165.79
5062,Category 50 Product 5062,50,29,8.95,15.56
5063,Health Product 5063,17,309,40.17,82.04
5064,Category 46 Product 5064,46,11,54.97,86.04
5065,Category 36 Product 5065,36,51,18.75,23.76
5066,Category 38 Product 5066,38,216,33.09,66.12
5067,Category 35 Product 5067,35,11,42.98,106.61
5068,Category 43 Product 5068,43,102,25.83,34.0
5069,Category 34 Product 5069,34,65,59.07,116.08
5070,Category 24 Product 5070,24,252,8.03,15.53
5071,Category 33 Product 5071,33,219,80.6,153.78
5072,Category 27 Product 5072,27,201,25.5,40.0
5073,Toys Product 5073,11,437,68.51,159.82
5074,Toys Product 5074,11,343,9.29,13.49
5075,Toys Product 5075,11,57,45.21,60.26
5076,Category 25 Product 5076,25,252,8.65,14.02
5077,Category 33 Product 5077,33,450,38.35,73.61
5078,Category 25 Product 5078,25,78,34.76,82.85
5079,Category 30 Product 5079,30,396,53.41,112.45
5080,Category 35 Product 5080,35,77,14.25,19.93
5081,Automotive Product 5081,13,312,14.29,28.36
5082,Category 39 Product 5082,39,373,67.97,88.04
5083,Category 44 Product 5083,44,177,12.52,22.57
5084,Category 21 Product 5084,21,11,31.15,75.1
5085,Shoes Product 5085,7,170,13.36,27.14
5086,Home Appliances Product 5086,4,135,81.64,171.01
5087,Category 23 Product 5087,23,195,47.61,78.99
5088,Category 32 Product 5088,32,9,30.15,68.1
5089,Category 22 Product 5089,22,484,215.45,425.11
5090,Home Appliances Product 5090,4,432,17.48,29.27
5091,Shoes Product 5091,7,459,29.65,51.63
5092,Category 38 Product 5092,38,211,55.58,137.45
5093,Garden Product 5093,12,173,11.26,26.2
5094,Category 35 Product 5094,35,163,15.44,35.06
5095,Category 31 Product 5095,31,246,14.26,17.77
5096,Gaming Product 5096,18,220,79.72,120.83
5097,Category 40 Product 5097,40,401,63.34,143.88
5098,Jewelry Product 5098,15,349,25.54,56.26
5099,Pet Supplies Product 5099,16,212,31.94,41.11
5100,Category 25 Product 5100,25,127,50.07,89.47
5101,Category 48 Product 5101,48,385,37.58,75.88
5102,Category 39 Product 5102,39,156,20.16,44.82
5103,Sports Product 5103,8,300,51.17,93.55
5104,Office Product 5104,14,173,358.19,625.51
5105,Music Product 5105,19,174,47.77,117.25
5106,Electronics Product 5106,1,353,27.93,61.79
5107,Music Product 5107,19,97,13.38,22.85
5108,Category 28 Product 5108,28,415,21.91,52.18
5109,Smartphones Product 5109,3,63,21.35,33.97
5110,Computers Product 5110,2,372,33.09,81.32
5111,Category 32 Product 5111,32,220,4.53,6.65
5112,Music Product 5112,19,7,19.05,27.55
5113,Electronics Product 5113,1,170,50.75,123.07
5114,Category 24 Product 5114,24,191,10.75,21.29
5115,Category 38 Product 5115,38,342,75.62,187.15
5116,Category 45 Product 5116,45,209,14.28,19.42
5117,Travel Product 5117,20,373,47.29,87.98
5118,Category 42 Product 5118,42,101,8.73,15.31
5119,Category 35 Product 5119,35,153,26.41,64.94
5120,Category 32 Product 5120,32,306,14.05,17.24
5121,Category 31 Product 5121,31,480,31.78,42.42
5122,Category 36 Product 5122,36,262,11.81,22.54
5123,Music Product 5123,19,430,51.81,82.81
5124,Category 37 Product 5124,37,1,112.12,208.39
5125,Travel Product 5125,20,260,155.23,195.41
5126,Category 26 Product 5126,26,129,28.81,58.12
5127,Jewelry Product 5127,15,336,5.77,11.18
5128,Category 36 Product 5128,36,238,13.51,16.31
5129,Category 23 Product 5129,23,190,13.91,24.89
5130,Category 40 Product 5130,40,16,28.0,43.02
5131,Category 29 Product 5131,29,368,201.61,323.89
5132,Shoes Product 5132,7,427,19.37,41.05
5133,Category 32 Product 5133,32,278,87.71,204.58
5134,Category 32 Product 5134,32,155,7.33,13.08
5135,Jewelry Product 5135,15,289,127.34,280.62
5136,Automotive Product 5136,13,181,38.91,52.0
5137,Clothing Product 5137,6,115,54.41,112.26
5138,Category 30 Product 5138,30,348,10.3,18.0
5139,Automotive Product 5139,13,382,15.92,38.17
5140,Gaming Product 5140,18,485,44.39,109.41
5141,Category 21 Product 5141,21,183,19.06,40.09
5142,Toys Product 5142,11,30,5.05,7.73
5143,Category 49 Product 5143,49,131,25.03,48.68
5144,Category 31 Product 5144,31,146,47.8,91.54
5145,Category 29 Product 5145,29,452,130.04,198.62
5146,Category 50 Product 5146,50,115,8.22,19.75
5147,Category 35 Product 5147,35,76,8.69,17.87
5148,Gaming Product 5148,18,296,18.56,43.04
5149,Category 34 Product 5149,34,217,17.1,22.25
5150,Category 45 Product 5150,45,148,41.19,93.25
5151,Category 25 Product 5151,25,376,85.98,119.26
5152,Clothing Product 5152,6,110,55.17,129.74
5153,Beauty Product 5153,9,202,85.92,185.68
5154,Music Product 5154,19,361,36.76,86.72
5155,Category 38 Product 5155,38,272,22.24,53.18
5156,Category 41 Product 5156,41,370,127.96,201.33
5157,Electronics Product 5157,1,383,22.36,43.47
5158,Category 50 Product 5158,50,25,59.71,104.7
5159,Category 49 Product 5159,49,347,36.46,72.29
5160,Toys Product 5160,11,92,23.23,51.6
5161,Gaming Product 5161,18,366,77.16,136.32
5162,Category 40 Product 5162,40,440,69.76,91.92
5163,Automotive Product 5163,13,487,27.97,63.1
5164,Garden Product 5164,12,419,25.59,50.29
5165,Electronics Product 5165,1,241,7.2,14.49
5166,Computers Product 5166,2,373,10.65,17.61
5167,Computers Product 5167,2,158,34.57,69.82
5168,Category 37 Product 5168,37,476,28.0,67.74
5169,Category 48 Product 5169,48,310,21.36,28.26
5170,Category 42 Product 5170,42,65,41.93,69.34
5171,Shoes Product 5171,7,51,8.86,12.19
5172,Category 42 Product 5172,42,37,5.97,9.7
5173,Category 45 Product 5173,45,332,166.27,259.56
5174,Category 31 Product 5174,31,293,23.65,49.99
5175,Category 29 Product 5175,29,321,64.82,118.58
5176,Category 32 Product 5176,32,276,36.48,47.1
5177,Furniture Product 5177,5,352,28.87,36.89
5178,Category 44 Product 5178,44,67,19.18,42.51
5179,Category 30 Product 5179,30,167,22.45,45.83
5180,Travel Product 5180,20,60,129.82,271.29
5181,Category 33 Product 5181,33,486,36.06,52.48
5182,Category 31 Product 5182,31,358,18.97,23.17
5183,Category 23 Product 5183,23,286,37.17,64.9
5184,Pet Supplies Product 5184,16,477,20.56,25.56
5185,Category 39 Product 5185,39,46,17.13,39.04
5186,Category 27 Product 5186,27,130,141.09,256.5
5187,Jewelry Product 5187,15,381,27.67,49.18
5188,Category 47 Product 5188,47,65,25.49,63.59
5189,Jewelry Product 5189,15,374,31.89,76.6
5190,Furniture Product 5190,5,214,63.98,159.35
5191,Travel Product 5191,20,167,16.56,39.66
5192,Category 40 Product 5192,40,444,2.11,3.6
5193,Automotive Product 5193,13,110,28.93,49.51
5194,Home Appliances Product 5194,4,403,42.37,80.65
5195,Category 28 Product 5195,28,27,61.75,121.2
5196,Category 24 Product 5196,24,389,123.83,235.47
5197,Category 41 Product 5197,41,297,192.79,457.85
5198,Category 33 Product 5198,33,219,19.2,24.39
5199,Category 40 Product 5199,40,368,46.02,107.14
5200,Electronics Product 5200,1,316,21.21,40.39
5201,Category 47 Product 5201,47,185,27.53,36.71
5202,Office Product 5202,14,336,30.13,62.46
5203,Category 24 Product 5203,24,371,44.85,55.8
5204,Category 31 Product 5204,31,3,126.97,294.95
5205,Toys Product 5205,11,432,46.14,78.57
5206,Automotive Product 5206,13,35,4.19,9.9
5207,Category 44 Product 5207,44,113,49.67,99.23
5208,Pet Supplies Product 5208,16,437,109.23,168.45
5209,Category 41 Product 5209,41,499,26.18,44.53
5210,Category 45 Product 5210,45,91,6.1,9.98
5211,Category 43 Product 5211,43,184,7.66,12.18
5212,Category 30 Product 5212,30,153,9.97,20.13
5213,Category 36 Product 5213,36,102,50.8,93.45
5214,Music Product 5214,19,495,19.05,40.57
5215,Clothing Product 5215,6,104,17.27,36.96
5216,Category 43 Product 5216,43,90,14.54,21.31
5217,Jewelry Product 5217,15,461,18.71,40.77
5218,Smartphones Product 5218,3,407,175.81,220.16
5219,Category 44 Product 5219,44,186,41.87,66.98
5220,Beauty Product 5220,9,33,129.22,307.37
5221,Category 44 Product 5221,44,331,36.25,76.21
5222,Beauty Product 5222,9,54,27.36,38.72
5223,Music Product 5223,19,106,19.71,40.01
5224,Category 36 Product 5224,36,9,34.81,56.82
5225,Jewelry Product 5225,15,408,33.44,71.87
5226,Category 39 Product 5226,39,153,16.55,38.45
5227,Category 22 Product 5227,22,370,132.68,320.98
5228,Gaming Product 5228,18,128,57.5,86.91
5229,Garden Product 5229,12,364,3.26,7.56
5230,Office Product 5230,14,42,93.05,120.14
5231,Smartphones Product 5231,3,441,4.79,9.4
5232,Garden Product 5232,12,496,10.14,15.26
5233,Category 47 Product 5233,47,16,169.88,387.95
5234,Category 30 Product 5234,30,433,16.08,20.01
5235,Health Product 5235,17,182,104.69,194.46
5236,Category 38 Product 5236,38,334,81.76,150.15
5237,Travel Product 5237,20,163,125.8,277.52
5238,Clothing Product 5238,6,303,20.2,45.81
5239,Jewelry Product 5239,15,395,32.55,78.97
5240,Category 22 Product 5240,22,96,37.89,93.85
5241,Category 41 Product 5241,41,434,130.22,158.37
5242,Category 24 Product 5242,24,95,12.79,24.08
5243,Category 43 Product 5243,43,421,185.42,288.38
5244,Smartphones Product 5244,3,4,53.99,97.65
5245,Clothing Product 5245,6,450,12.0,19.43
5246,Category 43 Product 5246,43,450,108.9,207.4
5247,Category 37 Product 5247,37,204,238.66,476.82
5248,Category 31 Product 5248,31,84,21.85,30.93
5249,Category 33 Product 5249,33,397,14.02,19.16
5250,Music Product 5250,19,172,25.29,61.82
5251,Category 32 Product 5251,32,133,6.33,9.91
5252,Category 36 Product 5252,36,421,32.02,61.14
5253,Garden Product 5253,12,6,62.93,107.0
5254,Clothing Product 5254,6,73,142.42,270.2
5255,Gaming Product 5255,18,324,11.84,25.64
5256,Automotive Product 5256,13,459,87.38,110.31
5257,Category 33 Product 5257,33,206,20.33,37.04
5258,Category 37 Product 5258,37,456,7.87,15.38
5259,Music Product 5259,19,100,11.22,25.47
5260,Category 50 Product 5260,50,321,57.54,93.4
5261,Jewelry Product 5261,15,329,60.12,89.61
5262,Category 46 Product 5262,46,247,27.6,62.85
5263,Travel Product 5263,20,5,47.13,106.2
5264,Pet Supplies Product 5264,16,379,102.06,201.02
5265,Travel Product 5265,20,474,89.67,187.71
5266,Category 23 Product 5266,23,404,53.91,67.72
5267,Category 47 Product 5267,47,70,27.09,47.21
5268,Category 27 Product 5268,27,464,9.22,19.26
5269,Category 32 Product 5269,32,29,16.43,40.92
5270,Category 27 Product 5270,27,471,9.02,13.44
5271,Category 30 Product 5271,30,43,41.19,52.0
5272,Category 31 Product 5272,31,118,47.5,78.37
5273,Category 47 Product 5273,47,324,2.63,3.81
5274,Garden Product 5274,12,166,99.24,176.81
5275,Category 28 Product 5275,28,5,6.89,15.51
5276,Home Appliances Product 5276,4,72,109.78,262.64
5277,Garden Product 5277,12,461,134.06,179.42
5278,Music Product 5278,19,71,20.79,43.92
5279,Category 24 Product 5279,24,435,35.48,60.07
5280,Smartphones Product 5280,3,429,16.69,33.25
5281,Category 38 Product 5281,38,323,13.22,18.28
5282,Category 23 Product 5282,23,12,20.41,32.97
5283,Category 48 Product 5283,48,8,13.74,33.66
5284,Category 45 Product 5284,45,75,4.44,8.21
5285,Category 43 Product 5285,43,281,31.61,54.15
5286,Category 34 Product 5286,34,213,20.35,34.39
5287,Category 47 Product 5287,47,124,29.18,64.41
5288,Music Product 5288,19,264,25.4,46.34
5289,Category 44 Product 5289,44,338,14.25,32.82
5290,Category 34 Product 5290,34,388,58.39,83.18
5291,Category 39 Product 5291,39,255,4.3,8.75
5292,Category 26 Product 5292,26,283,279.18,633.34
5293,Category 29 Product 5293,29,366,11.42,22.23
5294,Category 21 Product 5294,21,405,37.39,60.81
5295,Computers Product 5295,2,494,35.76,76.31
5296,Smartphones Product 5296,3,341,23.1,30.18
5297,Category 32 Product 5297,32,11,69.87,93.97
5298,Category 28 Product 5298,28,137,10.55,19.26
5299,Shoes Product 5299,7,449,19.37,23.54
5300,Books Product 5300,10,120,76.17,147.71
5301,Category 40 Product 5301,40,484,10.97,18.65
5302,Automotive Product 5302,13,293,42.05,73.51
5303,Jewelry Product 5303,15,185,26.87,51.97
5304,Beauty Product 5304,9,2,24.02,46.11
5305,Gaming Product 5305,18,247,91.18,222.91
5306,Category 30 Product 5306,30,219,40.16,57.57
5307,Category 31 Product 5307,31,126,12.92,22.7
5308,Category 29 Product 5308,29,325,2.06,4.74
5309,Category 41 Product 5309,41,359,56.08,106.41
5310,Clothing Product 5310,6,363,9.45,19.99
5311,Category 47 Product 5311,47,452,37.92,67.86
5312,Office Product 5312,14,494,48.16,114.54
5313,Clothing Product 5313,6,435,35.1,60.08
5314,Automotive Product 5314,13,461,246.55,311.41
5315,Category 41 Product 5315,41,100,17.65,39.99
5316,Category 32 Product 5316,32,28,25.67,44.12
5317,Office Product 5317,14,141,75.32,165.95
5318,Category 49 Product 5318,49,475,21.78,32.51
5319,Category 46 Product 5319,46,1,17.67,32.2
5320,Category 35 Product 5320,35,242,8.18,14.68
5321,Category 23 Product 5321,23,66,13.22,28.36
5322,Sports Product 5322,8,441,13.64,27.28
5323,Category 47 Product 5323,47,139,89.53,197.07
5324,Category 45 Product 5324,45,209,8.46,13.89
5325,Gaming Product 5325,18,161,18.85,25.62
5326,Category 29 Product 5326,29,413,189.39,346.36
5327,Electronics Product 5327,1,72,26.22,41.52
5328,Category 37 Product 5328,37,459,350.4,557.96
5329,Category 42 Product 5329,42,39,47.79,83.67
5330,Category 48 Product 5330,48,401,9.62,11.9
5331,Category 30 Product 5331,30,1,28.62,49.82
5332,Category 32 Product 5332,32,238,9.45,18.64
5333,Music Product 5333,19,93,33.16,52.01
5334,Category 49 Product 5334,49,115,66.7,102.28
5335,Electronics Product 5335,1,339,39.68,97.33
5336,Category 37 Product 5336,37,476,26.93,60.62
5337,Furniture Product 5337,5,102,39.28,88.88
5338,Category 41 Product 5338,41,279,18.4,34.82
5339,Category 34 Product 5339,34,297,97.82,206.1
5340,Category 45 Product 5340,45,313,21.51,33.63
5341,Category 22 Product 5341,22,111,8.65,17.61
5342,Category 37 Product 5342,37,411,93.1,219.87
5343,Category 44 Product 5343,44,435,53.99,88.73
5344,Category 36 Product 5344,36,316,78.35,192.42
5345,Books Product 5345,10,352,14.48,34.42
5346,Category 39 Product 5346,39,137,59.34,143.16
5347,Category 42 Product 5347,42,82,10.21,15.19
5348,Clothing Product 5348,6,417,39.15,58.21
5349,Category 29 Product 5349,29,103,56.29,130.87
5350,Clothing Product 5350,6,201,7.9,11.58
5351,Category 35 Product 5351,35,17,19.66,24.52
5352,Category 33 Product 5352,33,242,15.26,36.18
5353,Toys Product 5353,11,188,19.01,37.4
5354,Category 21 Product 5354,21,205,17.68,24.46
5355,Category 50 Product 5355,50,291,5.29,7.26
5356,Category 31 Product 5356,31,402,72.93,97.23
5357,Category 44 Product 5357,44,272,30.05,45.23
5358,Category 48 Product 5358,48,496,16.48,23.49
5359,Sports Product 5359,8,36,32.93,58.14
5360,Home Appliances Product 5360,4,487,31.13,53.11
5361,Books Product 5361,10,155,44.01,95.32
5362,Category 21 Product 5362,21,335,21.02,52.09
5363,Category 24 Product 5363,24,263,72.52,168.17
5364,Category 40 Product 5364,40,150,26.12,33.93
5365,Books Product 5365,10,481,51.24,115.19
5366,Category 39 Product 5366,39,47,25.87,33.77
5367,Pet Supplies Product 5367,16,315,8.49,13.51
5368,Category 50 Product 5368,50,74,51.69,97.74
5369,Category 47 Product 5369,47,242,10.33,22.08
5370,Toys Product 5370,11,342,49.26,89.42
5371,Category 31 Product 5371,31,392,32.19,71.3
5372,Category 40 Product 5372,40,250,10.63,12.83
5373,Category 41 Product 5373,41,325,37.4,87.47
5374,Automotive Product 5374,13,183,43.14,88.66
5375,Category 22 Product 5375,22,29,47.9,119.5
5376,Category 26 Product 5376,26,393,11.89,24.89
5377,Electronics Product 5377,1,358,38.32,80.1
5378,Gaming Product 5378,18,16,34.04,63.33
5379,Health Product 5379,17,176,26.55,55.36
5380,Category 24 Product 5380,24,169,96.21,162.62
5381,Category 30 Product 5381,30,338,116.77,226.31
5382,Category 24 Product 5382,24,141,315.76,437.18
5383,Category 43 Product 5383,43,225,3.07,5.32
5384,Category 33 Product 5384,33,185,70.52,119.15
5385,Computers Product 5385,2,95,15.64,37.78
5386,Category 37 Product 5386,37,248,8.53,17.57
5387,Category 36 Product 5387,36,257,18.03,25.56
5388,Electronics Product 5388,1,125,31.87,73.24
5389,Category 38 Product 5389,38,197,41.75,85.41
5390,Category 48 Product 5390,48,439,662.36,1481.29
5391,Jewelry Product 5391,15,30,53.36,100.99
5392,Category 36 Product 5392,36,329,32.11,44.55
5393,Category 38 Product 5393,38,123,21.73,31.58
5394,Category 33 Product 5394,33,125,30.44,61.5
5395,Category 26 Product 5395,26,69,39.01,54.67
5396,Category 33 Product 5396,33,473,69.11,103.87
5397,Health Product 5397,17,256,55.75,79.81
5398,Clothing Product 5398,6,200,53.86,112.02
5399,Music Product 5399,19,125,28.31,55.57
5400,Furniture Product 5400,5,144,3.52,7.71
5401,Books Product 5401,10,51,22.08,52.55
5402,Computers Product 5402,2,264,142.39,215.22
5403,Garden Product 5403,12,88,50.88,115.3
5404,Category 28 Product 5404,28,407,184.24,350.79
5405,Category 25 Product 5405,25,395,38.53,65.72
5406,Books Product 5406,10,274,25.28,43.06
5407,Beauty Product 5407,9,45,29.66,40.91
5408,Category 40 Product 5408,40,251,89.01,190.66
5409,Category 38 Product 5409,38,351,25.96,37.68
5410,Category 31 Product 5410,31,383,60.39,98.62
5411,Furniture Product 5411,5,260,32.66,52.42
5412,Music Product 5412,19,231,22.02,41.41
5413,Category 48 Product 5413,48,424,179.92,337.58
5414,Category 46 Product 5414,46,370,116.06,234.42
5415,Category 42 Product 5415,42,462,12.77,21.43
5416,Category 27 Product 5416,27,190,72.75,146.74
5417,Category 45 Product 5417,45,172,97.53,180.32
5418,Category 23 Product 5418,23,97,15.1,19.5
5419,Office Product 5419,14,77,14.14,25.8
5420,Category 33 Product 5420,33,342,17.45,34.99
5421,Jewelry Product 5421,15,364,47.13,59.03
5422,Category 33 Product 5422,33,97,31.9,66.93
5423,Pet Supplies Product 5423,16,421,40.86,79.38
5424,Office Product 5424,14,289,134.27,323.52
5425,Category 25 Product 5425,25,488,204.07,278.31
5426,Category 41 Product 5426,41,118,100.2,148.22
5427,Garden Product 5427,12,32,23.32,55.3
5428,Travel Product 5428,20,105,4.67,11.31
5429,Category 40 Product 5429,40,119,40.58,91.78
5430,Category 34 Product 5430,34,6,7.23,17.19
5431,Category 22 Product 5431,22,355,20.6,29.56
5432,Category 44 Product 5432,44,11,23.06,55.86
5433,Garden Product 5433,12,56,43.34,65.84
5434,Category 24 Product 5434,24,407,17.84,28.19
5435,Home Appliances Product 5435,4,375,12.07,22.09
5436,Category 42 Product 5436,42,273,69.72,86.24
5437,Category 23 Product 5437,23,296,73.02,109.54
5438,Automotive Product 5438,13,474,3.56,8.02
5439,Category 34 Product 5439,34,276,7.04,8.54
5440,Category 50 Product 5440,50,65,29.71,55.11
5441,Beauty Product 5441,9,23,83.34,202.17
5442,Category 46 Product 5442,46,190,53.75,94.3
5443,Electronics Product 5443,1,462,186.85,460.15
5444,Category 50 Product 5444,50,264,147.09,226.64
5445,Computers Product 5445,2,432,27.75,47.32
5446,Category 21 Product 5446,21,317,9.27,11.88
5447,Health Product 5447,17,410,62.84,107.54
5448,Sports Product 5448,8,409,69.4,163.02
5449,Category 45 Product 5449,45,475,8.23,15.47
5450,Category 47 Product 5450,47,192,100.61,144.44
5451,Category 24 Product 5451,24,62,34.66,76.18
5452,Toys Product 5452,11,157,87.56,143.28
5453,Category 24 Product 5453,24,194,41.26,95.49
5454,Category 31 Product 5454,31,478,116.49,231.9
5455,Furniture Product 5455,5,79,15.08,21.88
5456,Health Product 5456,17,117,38.15,71.56
5457,Category 39 Product 5457,39,303,98.53,160.34
5458,Toys Product 5458,11,240,20.64,50.46
5459,Category 22 Product 5459,22,213,64.05,137.55
5460,Category 49 Product 5460,49,58,30.73,72.5
5461,Category 27 Product 5461,27,161,32.29,65.49
5462,Category 50 Product 5462,50,36,86.53,176.45
5463,Category 31 Product 5463,31,424,137.05,199.54
5464,Category 33 Product 5464,33,455,7.98,9.96
5465,Electronics Product 5465,1,103,33.03,66.42
5466,Category 44 Product 5466,44,93,65.08,111.71
5467,Category 40 Product 5467,40,15,20.8,51.36
5468,Category 30 Product 5468,30,68,20.63,38.69
5469,Category 33 Product 5469,33,252,13.48,25.14
5470,Jewelry Product 5470,15,194,4.74,8.96
5471,Toys Product 5471,11,267,28.12,56.1
5472,Office Product 5472,14,436,49.36,89.45
5473,Category 50 Product 5473,50,456,56.09,70.33
5474,Category 30 Product 5474,30,487,65.02,158.86
5475,Category 21 Product 5475,21,405,9.12,21.32
5476,Travel Product 5476,20,5,26.19,32.61
5477,Garden Product 5477,12,56,64.75,81.2
5478,Category 34 Product 5478,34,485,2.61,3.46
5479,Category 45 Product 5479,45,419,57.75,74.83
5480,Category 49 Product 5480,49,309,5.59,8.92
5481,Category 30 Product 5481,30,492,40.27,50.23
5482,Category 27 Product 5482,27,469,43.93,95.31
5483,Category 48 Product 5483,48,328,164.39,303.34
5484,Category 33 Product 5484,33,137,23.53,51.17
5485,Books Product 5485,10,305,14.41,31.77
5486,Gaming Product 5486,18,163,81.44,196.2
5487,Category 43 Product 5487,43,137,68.62,98.06
5488,Health Product 5488,17,219,86.59,105.65
5489,Category 48 Product 5489,48,246,51.81,66.58
5490,Automotive Product 5490,13,3,94.48,157.11
5491,Category 32 Product 5491,32,101,77.13,161.92
5492,Category 49 Product 5492,49,182,17.35,40.31
5493,Category 42 Product 5493,42,37,218.11,428.73
5494,Office Product 5494,14,361,86.65,184.03
5495,Category 42 Product 5495,42,370,183.89,409.22
5496,Category 21 Product 5496,21,413,74.19,159.88
5497,Category 42 Product 5497,42,308,44.39,66.8
5498,Computers Product 5498,2,51,16.61,20.07
5499,Health Product 5499,17,141,68.54,144.13
5500,Category 22 Product 5500,22,428,121.81,201.26
5501,Category 26 Product 5501,26,129,22.85,37.8
5502,Category 25 Product 5502,25,269,55.63,100.85
5503,Category 35 Product 5503,35,79,110.43,170.84
5504,Office Product 5504,14,339,17.81,28.58
5505,Category 23 Product 5505,23,257,20.06,32.17
5506,Automotive Product 5506,13,159,116.71,155.34
5507,Category 29 Product 5507,29,51,33.94,67.06
5508,Category 30 Product 5508,30,455,34.37,60.88
5509,Category 30 Product 5509,30,23,57.94,84.02
5510,Category 30 Product 5510,30,460,51.85,100.99
5511,Category 40 Product 5511,40,94,26.28,39.31
5512,Category 22 Product 5512,22,190,17.71,29.03
5513,Category 34 Product 5513,34,459,7.86,15.76
5514,Books Product 5514,10,430,19.14,25.66
5515,Books Product 5515,10,236,38.72,80.91
5516,Pet Supplies Product 5516,16,394,4.2,5.44
5517,Computers Product 5517,2,29,118.34,272.37
5518,Garden Product 5518,12,162,109.71,265.42
5519,Category 24 Product 5519,24,251,16.04,22.23
5520,Category 30 Product 5520,30,439,120.57,167.67
5521,Category 40 Product 5521,40,383,18.98,28.18
5522,Category 24 Product 5522,24,434,85.96,157.16
5523,Category 39 Product 5523,39,359,47.12,106.09
5524,Jewelry Product 5524,15,60,7.98,16.81
5525,Clothing Product 5525,6,320,47.74,66.37
5526,Category 40 Product 5526,40,464,92.4,200.23
5527,Category 35 Product 5527,35,441,17.54,21.4
5528,Category 26 Product 5528,26,298,9.86,12.17
5529,Category 49 Product 5529,49,35,37.46,88.39
5530,Category 43 Product 5530,43,407,34.6,64.14
5531,Category 43 Product 5531,43,437,12.24,21.21
5532,Category 35 Product 5532,35,466,16.03,25.53
5533,Category 44 Product 5533,44,155,35.65,75.6
5534,Category 32 Product 5534,32,407,17.41,22.49
5535,Toys Product 5535,11,4,45.0,102.34
5536,Category 25 Product 5536,25,133,14.95,19.24
5537,Category 41 Product 5537,41,338,11.36,16.75
5538,Category 48 Product 5538,48,355,13.76,25.83
5539,Category 38 Product 5539,38,449,64.09,110.07
5540,Category 44 Product 5540,44,134,20.38,30.82
5541,Furniture Product 5541,5,190,19.67,45.29
5542,Health Product 5542,17,48,22.46,47.38
5543,Category 36 Product 5543,36,310,57.3,100.1
5544,Category 43 Product 5544,43,31,13.65,32.4
5545,Category 37 Product 5545,37,290,6.48,8.23
5546,Category 31 Product 5546,31,23,15.21,21.66
5547,Category 49 Product 5547,49,331,72.73,109.97
5548,Computers Product 5548,2,251,19.96,29.41
5549,Category 24 Product 5549,24,359,68.3,89.26
5550,Category 21 Product 5550,21,462,19.99,41.66
5551,Garden Product 5551,12,150,68.31,97.91
5552,Home Appliances Product 5552,4,30,25.61,47.39
5553,Category 28 Product 5553,28,201,56.35,93.03
5554,Furniture Product 5554,5,142,98.11,171.42
5555,Category 47 Product 5555,47,272,18.01,40.97
5556,Category 41 Product 5556,41,87,77.54,187.99
5557,Toys Product 5557,11,476,113.44,262.74
5558,Smartphones Product 5558,3,414,7.4,17.17
5559,Category 46 Product 5559,46,179,14.1,19.67
5560,Category 29 Product 5560,29,39,31.42,38.47
5561,Health Product 5561,17,324,60.72,132.53
5562,Category 46 Product 5562,46,447,83.2,152.35
5563,Category 30 Product 5563,30,213,10.74,18.44
5564,Category 45 Product 5564,45,133,54.24,102.02
5565,Category 40 Product 5565,40,25,253.52,458.46
5566,Category 48 Product 5566,48,52,43.11,96.66
5567,Category 23 Product 5567,23,453,27.27,34.03
5568,Category 32 Product 5568,32,53,20.41,42.63
5569,Jewelry Product 5569,15,419,12.9,30.05
5570,Category 27 Product 5570,27,21,128.25,314.05
5571,Clothing Product 5571,6,483,45.97,56.82
5572,Category 25 Product 5572,25,121,43.94,76.16
5573,Category 44 Product 5573,44,276,20.37,47.76
5574,Music Product 5574,19,137,60.63,104.95
5575,Jewelry Product 5575,15,482,9.72,21.69
5576,Category 46 Product 5576,46,292,60.11,91.6
5577,Category 23 Product 5577,23,279,72.06,175.53
5578,Automotive Product 5578,13,118,12.8,23.76
5579,Category 33 Product 5579,33,314,25.88,47.9
5580,Category 39 Product 5580,39,229,7.82,16.12
5581,Music Product 5581,19,488,16.32,29.81
5582,Category 38 Product 5582,38,63,31.95,61.76
5583,Clothing Product 5583,6,202,23.44,37.08
5584,Category 37 Product 5584,37,320,26.18,63.9
5585,Category 27 Product 5585,27,109,50.43,86.62
5586,Category 28 Product 5586,28,49,10.77,13.73
5587,Category 36 Product 5587,36,194,160.15,384.92
5588,Gaming Product 5588,18,169,49.33,101.05
5589,Category 36 Product 5589,36,167,93.04,164.3
5590,Category 36 Product 5590,36,144,26.29,62.97
5591,Category 22 Product 5591,22,336,2.81,3.53
5592,Pet Supplies Product 5592,16,64,146.92,196.88
5593,Category 26 Product 5593,26,170,35.33,49.37
5594,Electronics Product 5594,1,279,20.07,28.88
5595,Category 45 Product 5595,45,473,34.61,68.89
5596,Books Product 5596,10,63,20.08,40.44
5597,Category 21 Product 5597,21,51,46.62,107.37
5598,Category 25 Product 5598,25,479,35.54,64.71
5599,Category 45 Product 5599,45,248,32.67,70.1
5600,Category 38 Product 5600,38,113,11.78,15.98
5601,Category 23 Product 5601,23,495,7.04,13.2
5602,Category 29 Product 5602,29,194,42.17,50.85
5603,Category 42 Product 5603,42,100,320.23,576.38
5604,Garden Product 5604,12,259,18.76,43.24
5605,Beauty Product 5605,9,430,3.7,6.52
5606,Category 27 Product 5606,27,430,21.02,44.37
5607,Category 30 Product 5607,30,299,30.8,50.53
5608,Automotive Product 5608,13,230,45.45,63.66
5609,Office Product 5609,14,201,8.36,19.42
5610,Music Product 5610,19,123,48.76,60.67
5611,Computers Product 5611,2,308,25.5,63.23
5612,Garden Product 5612,12,243,78.16,114.92
5613,Category 22 Product 5613,22,322,48.28,101.25
5614,Computers Product 5614,2,360,36.74,91.83
5615,Gaming Product 5615,18,98,17.6,27.38
5616,Music Product 5616,19,390,18.28,41.58
5617,Category 47 Product 5617,47,145,73.35,157.93
5618,Category 21 Product 5618,21,186,40.19,59.13
5619,Toys Product 5619,11,39,24.03,44.38
5620,Category 47 Product 5620,47,110,66.89,135.18
5621,Gaming Product 5621,18,178,21.71,41.29
5622,Category 35 Product 5622,35,261,58.22,110.57
5623,Clothing Product 5623,6,60,8.52,17.04
5624,Category 45 Product 5624,45,95,7.13,12.41
5625,Category 44 Product 5625,44,298,38.66,92.94
5626,Office Product 5626,14,23,145.13,296.94
5627,Category 34 Product 5627,34,105,65.81,129.12
5628,Category 29 Product 5628,29,333,18.74,40.83
5629,Category 32 Product 5629,32,302,66.0,95.98
5630,Automotive Product 5630,13,395,65.88,92.16
5631,Computers Product 5631,2,320,30.81,63.89
5632,Category 40 Product 5632,40,332,122.99,235.89
5633,Category 31 Product 5633,31,441,30.14,49.17
5634,Category 30 Product 5634,30,380,46.14,98.73
5635,Smartphones Product 5635,3,82,42.36,65.97
5636,Category 46 Product 5636,46,272,16.56,28.78
5637,Category 43 Product 5637,43,421,137.96,327.07
5638,Office Product 5638,14,421,12.49,18.32
5639,Category 37 Product 5639,37,330,43.63,103.76
5640,Clothing Product 5640,6,57,16.99,30.72
5641,Category 44 Product 5641,44,320,306.79,382.25
5642,Category 32 Product 5642,32,474,28.19,57.92
5643,Office Product 5643,14,253,36.49,66.51
5644,Music Product 5644,19,156,62.0,148.39
5645,Beauty Product 5645,9,184,181.49,240.27
5646,Garden Product 5646,12,54,6.76,11.2
5647,Computers Product 5647,2,240,6.34,13.69
5648,Category 44 Product 5648,44,170,24.79,52.23
5649,Category 38 Product 5649,38,380,48.61,66.21
5650,Category 48 Product 5650,48,453,31.97,57.14
5651,Gaming Product 5651,18,249,173.93,246.64
5652,Category 42 Product 5652,42,367,28.71,61.41
5653,Electronics Product 5653,1,405,208.29,415.23
5654,Computers Product 5654,2,43,58.74,73.72
5655,Category 43 Product 5655,43,73,26.08,36.13
5656,Home Appliances Product 5656,4,21,92.77,189.01
5657,Category 28 Product 5657,28,356,186.23,245.85
5658,Beauty Product 5658,9,88,14.4,34.93
5659,Category 25 Product 5659,25,135,173.54,418.19
5660,Garden Product 5660,12,117,54.33,97.46
5661,Category 34 Product 5661,34,149,47.42,111.76
5662,Category 39 Product 5662,39,428,38.44,56.67
5663,Travel Product 5663,20,306,89.98,205.76
5664,Category 21 Product 5664,21,108,14.1,26.38
5665,Category 50 Product 5665,50,138,7.8,10.91
5666,Category 22 Product 5666,22,310,35.15,86.53
5667,Category 45 Product 5667,45,427,4.39,10.65
5668,Travel Product 5668,20,399,23.73,35.46
5669,Electronics Product 5669,1,118,22.96,49.41
5670,Health Product 5670,17,125,11.57,14.05
5671,Category 27 Product 5671,27,454,43.09,78.06
5672,Category 22 Product 5672,22,352,123.08,233.56
5673,Category 37 Product 5673,37,66,43.69,108.03
5674,Electronics Product 5674,1,40,96.59,119.32
5675,Category 36 Product 5675,36,440,436.86,1056.5
5676,Garden Product 5676,12,21,30.41,68.93
5677,Automotive Product 5677,13,275,47.17,99.66
5678,Electronics Product 5678,1,441,14.2,22.91
5679,Category 28 Product 5679,28,132,23.72,54.9
5680,Category 39 Product 5680,39,291,5.53,10.43
5681,Books Product 5681,10,51,103.74,199.42
5682,Smartphones Product 5682,3,333,17.56,32.85
5683,Health Product 5683,17,321,60.94,86.09
5684,Toys Product 5684,11,67,40.9,51.52
5685,Category 22 Product 5685,22,41,91.06,147.61
5686,Shoes Product 5686,7,320,50.98,67.32
5687,Category 25 Product 5687,25,450,46.71,57.04
5688,Electronics Product 5688,1,247,42.08,79.52
5689,Books Product 5689,10,159,30.94,42.87
5690,Category 42 Product 5690,42,376,44.22,85.36
5691,Category 37 Product 5691,37,40,7.68,13.49
5692,Category 40 Product 5692,40,174,46.48,114.72
5693,Category 44 Product 5693,44,180,201.82,344.8
5694,Beauty Product 5694,9,136,4.99,8.81
5695,Sports Product 5695,8,272,175.44,432.57
5696,Category 40 Product 5696,40,402,22.82,46.31
5697,Sports Product 5697,8,133,98.08,229.2
5698,Pet Supplies Product 5698,16,455,34.97,76.01
5699,Category 26 Product 5699,26,221,21.3,47.21
5700,Office Product 5700,14,278,91.13,190.03
5701,Category 27 Product 5701,27,35,71.44,108.27
5702,Smartphones Product 5702,3,457,65.77,84.0
5703,Music Product 5703,19,426,20.41,46.64
5704,Home Appliances Product 5704,4,187,57.84,87.67
5705,Category 40 Product 5705,40,336,10.12,17.45
5706,Category 31 Product 5706,31,48,23.75,48.71
5707,Category 22 Product 5707,22,484,18.41,30.37
5708,Category 37 Product 5708,37,242,58.52,78.26
5709,Category 21 Product 5709,21,112,37.03,67.25
5710,Travel Product 5710,20,445,55.07,124.34
5711,Category 47 Product 5711,47,475,39.47,77.4
5712,Toys Product 5712,11,443,36.52,85.15
5713,Category 35 Product 5713,35,6,46.98,78.71
5714,Sports Product 5714,8,73,97.01,242.05
5715,Category 31 Product 5715,31,477,36.58,46.44
5716,Gaming Product 5716,18,90,38.93,52.8
5717,Category 48 Product 5717,48,140,18.44,42.01
5718,Category 44 Product 5718,44,350,29.41,64.84
5719,Category 21 Product 5719,21,305,194.93,237.65
5720,Category 45 Product 5720,45,384,18.44,40.77
5721,Category 37 Product 5721,37,404,42.77,103.71
5722,Category 27 Product 5722,27,425,80.87,115.82
5723,Category 24 Product 5723,24,62,14.0,19.09
5724,Beauty Product 5724,9,178,30.51,67.16
5725,Computers Product 5725,2,474,38.28,78.98
5726,Sports Product 5726,8,480,5.61,8.13
5727,Category 46 Product 5727,46,387,18.4,35.09
5728,Music Product 5728,19,233,72.54,137.36
5729,Category 44 Product 5729,44,187,368.66,747.26
5730,Category 44 Product 5730,44,325,189.73,262.16
5731,Office Product 5731,14,104,35.98,72.59
5732,Home Appliances Product 5732,4,299,214.46,460.89
5733,Gaming Product 5733,18,337,29.9,41.76
5734,Category 21 Product 5734,21,180,21.76,35.69
5735,Sports Product 5735,8,386,12.63,18.73
5736,Category 28 Product 5736,28,81,20.06,45.9
5737,Category 25 Product 5737,25,207,25.38,60.35
5738,Category 42 Product 5738,42,223,42.02,69.65
5739,Electronics Product 5739,1,210,13.23,31.55
5740,Shoes Product 5740,7,134,16.7,23.86
5741,Category 50 Product 5741,50,351,32.31,53.7
5742,Category 36 Product 5742,36,119,46.58,100.71
5743,Category 38 Product 5743,38,354,75.56,178.16
5744,Category 29 Product 5744,29,193,14.66,25.67
5745,Toys Product 5745,11,30,8.78,15.47
5746,Beauty Product 5746,9,247,44.26,90.65
5747,Category 42 Product 5747,42,323,35.43,87.01
5748,Smartphones Product 5748,3,171,22.24,47.43
5749,Home Appliances Product 5749,4,341,15.8,25.09
5750,Category 50 Product 5750,50,13,51.6,109.27
5751,Gaming Product 5751,18,435,77.73,159.44
5752,Category 26 Product 5752,26,321,40.09,92.18
5753,Garden Product 5753,12,392,394.65,639.18
5754,Category 21 Product 5754,21,394,82.14,109.05
5755,Category 46 Product 5755,46,104,16.0,23.91
5756,Category 32 Product 5756,32,486,117.33,263.59
5757,Travel Product 5757,20,290,6.29,14.7
5758,Category 27 Product 5758,27,234,26.67,64.7
5759,Gaming Product 5759,18,155,119.35,220.48
5760,Category 47 Product 5760,47,375,19.78,48.51
5761,Category 35 Product 5761,35,224,83.65,124.73
5762,Category 29 Product 5762,29,482,31.0,72.67
5763,Sports Product 5763,8,311,28.65,46.8
5764,Beauty Product 5764,9,283,117.87,266.3
5765,Category 35 Product 5765,35,395,13.23,22.63
5766,Category 33 Product 5766,33,199,102.79,251.79
5767,Category 22 Product 5767,22,321,76.11,149.43
5768,Category 21 Product 5768,21,328,96.32,138.68
5769,Category 33 Product 5769,33,114,37.63,93.11
5770,Category 47 Product 5770,47,180,120.45,235.37
5771,Jewelry Product 5771,15,249,21.05,46.75
5772,Beauty Product 5772,9,334,10.21,20.21
5773,Category 47 Product 5773,47,368,129.92,190.54
5774,Music Product 5774,19,60,198.25,254.2
5775,Electronics Product 5775,1,297,18.81,25.33
5776,Sports Product 5776,8,338,5.62,9.96
5777,Category 36 Product 5777,36,255,49.11,108.81
5778,Category 22 Product 5778,22,40,40.8,94.88
5779,Category 30 Product 5779,30,172,91.55,117.82
5780,Category 24 Product 5780,24,390,27.15,53.03
5781,Gaming Product 5781,18,144,19.18,37.77
5782,Jewelry Product 5782,15,384,106.36,237.38
5783,Category 33 Product 5783,33,240,29.71,71.16
5784,Category 37 Product 5784,37,113,18.13,23.91
5785,Category 50 Product 5785,50,325,42.76,86.44
5786,Category 30 Product 5786,30,404,3.57,8.34
5787,Category 44 Product 5787,44,56,23.9,55.76
5788,Books Product 5788,10,273,42.91,60.82
5789,Category 34 Product 5789,34,483,21.92,29.54
5790,Category 38 Product 5790,38,491,109.38,140.02
5791,Category 30 Product 5791,30,235,11.32,23.17
5792,Category 22 Product 5792,22,276,82.57,102.47
5793,Office Product 5793,14,52,121.93,246.06
5794,Category 50 Product 5794,50,447,485.12,1045.15
5795,Category 25 Product 5795,25,9,189.1,394.46
5796,Category 45 Product 5796,45,67,29.0,54.46
5797,Pet Supplies Product 5797,16,18,31.84,39.44
5798,Computers Product 5798,2,231,16.41,25.52
5799,Electronics Product 5799,1,436,60.48,79.52
5800,Music Product 5800,19,418,25.43,39.53
5801,Toys Product 5801,11,86,78.72,125.16
5802,Category 39 Product 5802,39,207,9.15,22.49
5803,Music Product 5803,19,445,4.54,9.59
5804,Furniture Product 5804,5,128,76.25,97.49
5805,Category 36 Product 5805,36,101,60.82,109.37
5806,Category 37 Product 5806,37,163,112.31,232.67
5807,Category 48 Product 5807,48,376,65.68,83.16
5808,Category 21 Product 5808,21,460,6.12,13.67
5809,Category 28 Product 5809,28,238,13.17,31.95
5810,Home Appliances Product 5810,4,128,13.2,22.95
5811,Travel Product 5811,20,358,10.02,15.63
5812,Toys Product 5812,11,79,111.47,214.15
5813,Category 22 Product 5813,22,337,30.11,38.1
5814,Shoes Product 5814,7,332,26.49,35.53
5815,Category 35 Product 5815,35,469,62.18,117.66
5816,Category 41 Product 5816,41,17,29.84,64.3
5817,Category 41 Product 5817,41,134,37.98,89.76
5818,Category 41 Product 5818,41,347,19.98,47.74
5819,Beauty Product 5819,9,210,129.16,205.95
5820,Category 42 Product 5820,42,260,27.1,50.29
5821,Automotive Product 5821,13,113,76.88,185.34
5822,Category 30 Product 5822,30,420,67.35,128.82
5823,Category 27 Product 5823,27,222,43.4,92.97
5824,Category 45 Product 5824,45,190,17.08,40.83
5825,Gaming Product 5825,18,105,22.54,54.06
5826,Category 37 Product 5826,37,130,73.54,161.14
5827,Category 37 Product 5827,37,1,50.1,68.49
5828,Category 27 Product 5828,27,107,18.28,24.65
5829,Category 39 Product 5829,39,231,53.7,127.22
5830,Computers Product 5830,2,158,29.01,64.78
5831,Category 35 Product 5831,35,122,21.41,44.91
5832,Category 40 Product 5832,40,109,18.9,45.73
5833,Category 45 Product 5833,45,113,50.64,95.58
5834,Beauty Product 5834,9,236,103.59,129.12
5835,Books Product 5835,10,478,22.56,47.33
5836,Category 47 Product 5836,47,250,12.02,16.98
5837,Home Appliances Product 5837,4,26,16.98,28.34
5838,Category 29 Product 5838,29,130,6.64,9.09
5839,Category 32 Product 5839,32,49,16.89,42.13
5840,Category 31 Product 5840,31,159,2.63,6.54
5841,Category 28 Product 5841,28,87,22.17,54.0
5842,Category 36 Product 5842,36,101,51.29,85.51
5843,Garden Product 5843,12,222,50.28,62.71
5844,Sports Product 5844,8,200,142.1,258.96
5845,Category 40 Product 5845,40,456,9.02,17.25
5846,Category 40 Product 5846,40,245,17.72,29.12
5847,Category 40 Product 5847,40,250,9.74,22.43
5848,Category 21 Product 5848,21,293,9.03,14.25
5849,Category 50 Product 5849,50,409,105.79,144.12
5850,Books Product 5850,10,314,45.17,99.37
5851,Furniture Product 5851,5,311,69.05,124.16
5852,Category 33 Product 5852,33,326,79.08,196.53
5853,Category 31 Product 5853,31,386,88.84,118.26
5854,Category 37 Product 5854,37,21,31.24,49.33
5855,Sports Product 5855,8,414,89.7,109.88
5856,Category 41 Product 5856,41,385,43.83,108.57
5857,Category 48 Product 5857,48,491,29.27,68.27
5858,Garden Product 5858,12,262,8.67,16.14
5859,Category 33 Product 5859,33,7,29.86,45.61
5860,Gaming Product 5860,18,221,45.27,78.7
5861,Category 25 Product 5861,25,33,71.96,91.71
5862,Category 21 Product 5862,21,122,49.29,81.95
5863,Health Product 5863,17,154,20.21,41.57
5864,Category 34 Product 5864,34,431,11.6,26.89
5865,Category 48 Product 5865,48,203,31.14,52.18
5866,Home Appliances Product 5866,4,381,33.56,47.49
5867,Category 34 Product 5867,34,336,80.36,103.67
5868,Travel Product 5868,20,460,222.77,380.46
5869,Category 24 Product 5869,24,40,26.36,50.6
5870,Jewelry Product 5870,15,187,48.73,90.08
5871,Home Appliances Product 5871,4,27,6.58,11.6
5872,Jewelry Product 5872,15,275,16.22,22.96
5873,Shoes Product 5873,7,390,183.88,439.13
5874,Category 50 Product 5874,50,111,94.13,161.11
5875,Smartphones Product 5875,3,356,30.55,48.16
5876,Electronics Product 5876,1,428,47.03,75.35
5877,Category 48 Product 5877,48,99,89.14,128.15
5878,Books Product 5878,10,457,5.54,11.94
5879,Category 42 Product 5879,42,454,13.83,20.19
5880,Category 43 Product 5880,43,34,102.66,232.47
5881,Category 22 Product 5881,22,251,10.25,22.43
5882,Toys Product 5882,11,72,21.26,31.64
5883,Category 37 Product 5883,37,408,57.19,104.59
5884,Category 24 Product 5884,24,269,40.77,93.5
5885,Furniture Product 5885,5,15,83.25,122.85
5886,Category 24 Product 5886,24,119,15.37,32.63
5887,Category 42 Product 5887,42,115,25.08,44.18
5888,Category 22 Product 5888,22,48,8.28,15.34
5889,Category 40 Product 5889,40,304,22.27,26.78
5890,Category 43 Product 5890,43,291,66.59,136.22
5891,Automotive Product 5891,13,134,12.99,31.67
5892,Category 42 Product 5892,42,151,112.89,255.99
5893,Category 25 Product 5893,25,78,8.78,18.71
5894,Category 27 Product 5894,27,153,9.64,13.05
5895,Category 24 Product 5895,24,284,27.21,52.27
5896,Category 38 Product 5896,38,323,39.33,56.1
5897,Category 26 Product 5897,26,448,21.94,40.34
5898,Category 27 Product 5898,27,489,6.01,13.61
5899,Category 49 Product 5899,49,306,196.1,452.62
5900,Category 46 Product 5900,46,447,12.42,25.05
5901,Pet Supplies Product 5901,16,380,31.04,71.58
5902,Jewelry Product 5902,15,161,62.15,125.72
5903,Category 42 Product 5903,42,123,4.52,6.52
5904,Smartphones Product 5904,3,90,69.88,169.42
5905,Category 34 Product 5905,34,94,97.33,142.5
5906,Category 25 Product 5906,25,68,48.23,86.63
5907,Electronics Product 5907,1,200,32.29,52.38
5908,Category 41 Product 5908,41,317,92.66,229.06
5909,Category 43 Product 5909,43,49,47.59,109.67
5910,Gaming Product 5910,18,79,12.98,21.43
5911,Category 48 Product 5911,48,336,8.93,16.91
5912,Furniture Product 5912,5,417,33.81,42.26
5913,Category 49 Product 5913,49,7,16.68,31.58
5914,Category 35 Product 5914,35,363,50.57,106.44
5915,Category 43 Product 5915,43,434,5.15,9.65
5916,Category 24 Product 5916,24,444,5.22,11.3
5917,Category 41 Product 5917,41,419,15.5,20.01
5918,Category 45 Product 5918,45,365,22.68,37.97
5919,Category 44 Product 5919,44,377,33.62,65.16
5920,Category 39 Product 5920,39,260,88.48,131.36
5921,Category 39 Product 5921,39,193,22.32,43.42
5922,Category 48 Product 5922,48,45,34.16,64.42
5923,Furniture Product 5923,5,194,79.99,192.45
5924,Electronics Product 5924,1,487,24.74,45.74
5925,Category 45 Product 5925,45,410,18.98,33.35
5926,Category 29 Product 5926,29,371,13.63,21.18
5927,Gaming Product 5927,18,24,68.81,113.67
5928,Music Product 5928,19,261,11.41,25.03
5929,Category 34 Product 5929,34,367,63.38,123.8
5930,Sports Product 5930,8,73,63.54,118.62
5931,Category 41 Product 5931,41,247,28.96,67.21
5932,Category 25 Product 5932,25,461,10.3,12.82
5933,Gaming Product 5933,18,327,26.88,54.71
5934,Category 49 Product 5934,49,301,11.99,22.59
5935,Category 31 Product 5935,31,184,6.48,14.19
5936,Category 36 Product 5936,36,480,48.4,90.02
5937,Category 50 Product 5937,50,166,112.07,186.52
5938,Beauty Product 5938,9,475,28.57,56.91
5939,Category 27 Product 5939,27,347,6.84,10.05
5940,Health Product 5940,17,400,47.53,63.17
5941,Category 38 Product 5941,38,312,55.3,115.82
5942,Category 40 Product 5942,40,144,39.28,64.24
5943,Category 30 Product 5943,30,329,24.45,44.23
5944,Beauty Product 5944,9,468,48.1,109.8
5945,Category 35 Product 5945,35,161,174.56,352.19
5946,Category 34 Product 5946,34,238,41.74,89.44
5947,Shoes Product 5947,7,174,28.82,61.43
5948,Category 39 Product 5948,39,446,6.3,14.17
5949,Garden Product 5949,12,169,64.57,82.96
5950,Category 42 Product 5950,42,271,87.87,198.37
5951,Shoes Product 5951,7,432,175.87,326.93
5952,Beauty Product 5952,9,462,30.34,72.15
5953,Category 29 Product 5953,29,3,124.97,276.12
5954,Category 36 Product 5954,36,291,43.82,89.33
5955,Category 39 Product 5955,39,247,43.05,92.24
5956,Books Product 5956,10,178,49.76,61.17
5957,Pet Supplies Product 5957,16,13,55.5,116.81
5958,Category 33 Product 5958,33,456,8.41,12.11
5959,Category 35 Product 5959,35,51,501.55,1199.43
5960,Category 30 Product 5960,30,291,10.44,25.78
5961,Category 31 Product 5961,31,12,13.11,21.74
5962,Category 28 Product 5962,28,493,9.07,21.07
5963,Furniture Product 5963,5,243,4.0,8.78
5964,Category 37 Product 5964,37,256,13.23,16.84
5965,Garden Product 5965,12,349,96.63,184.78
5966,Category 22 Product 5966,22,83,20.39,40.34
5967,Books Product 5967,10,83,62.51,146.23
5968,Gaming Product 5968,18,436,44.07,101.4
5969,Music Product 5969,19,219,12.74,30.36
5970,Category 36 Product 5970,36,135,121.02,174.14
5971,Home Appliances Product 5971,4,391,74.73,185.41
5972,Toys Product 5972,11,127,44.9,59.07
5973,Category 44 Product 5973,44,313,61.95,89.37
5974,Sports Product 5974,8,331,55.53,83.4
5975,Category 33 Product 5975,33,428,43.6,59.37
5976,Category 45 Product 5976,45,416,5.18,6.86
5977,Category 24 Product 5977,24,86,43.18,69.63
5978,Category 32 Product 5978,32,457,57.11,75.0
5979,Furniture Product 5979,5,190,16.1,29.04
5980,Beauty Product 5980,9,85,4.33,7.53
5981,Category 41 Product 5981,41,492,24.49,41.42
5982,Category 39 Product 5982,39,353,12.87,21.38
5983,Electronics Product 5983,1,14,15.75,27.79
5984,Category 45 Product 5984,45,438,84.44,137.0
5985,Jewelry Product 5985,15,386,9.6,19.2
5986,Category 24 Product 5986,24,7,84.06,154.53
5987,Category 26 Product 5987,26,209,11.09,20.56
5988,Computers Product 5988,2,387,28.16,41.95
5989,Category 21 Product 5989,21,432,25.13,50.1
5990,Category 48 Product 5990,48,163,16.18,32.56
5991,Clothing Product 5991,6,211,122.3,298.31
5992,Category 22 Product 5992,22,309,19.51,28.98
5993,Category 32 Product 5993,32,495,42.77,93.17
5994,Automotive Product 5994,13,339,5.57,8.19
5995,Category 43 Product 5995,43,246,12.33,16.27
5996,Category 38 Product 5996,38,460,22.6,47.52
5997,Category 50 Product 5997,50,174,22.17,45.02
5998,Automotive Product 5998,13,408,22.62,50.95
5999,Category 38 Product 5999,38,414,8.0,12.84
6000,Category 40 Product 6000,40,46,1285.66,2378.99
6001,Category 32 Product 6001,32,149,61.52,132.65
6002,Books Product 6002,10,178,63.03,129.55
6003,Health Product 6003,17,402,41.27,73.71
6004,Category 25 Product 6004,25,484,42.14,101.3
6005,Toys Product 6005,11,323,13.16,20.78
6006,Category 25 Product 6006,25,86,130.7,169.16
6007,Category 28 Product 6007,28,83,28.16,35.16
6008,Clothing Product 6008,6,304,42.16,102.76
6009,Category 29 Product 6009,29,200,42.18,102.4
6010,Books Product 6010,10,137,43.79,105.03
6011,Category 27 Product 6011,27,18,49.27,88.66
6012,Garden Product 6012,12,28,61.96,144.82
6013,Beauty Product 6013,9,362,161.31,342.97
6014,Category 22 Product 6014,22,318,36.74,47.09
6015,Computers Product 6015,2,206,19.44,46.59
6016,Category 32 Product 6016,32,373,76.33,187.79
6017,Travel Product 6017,20,340,98.66,239.13
6018,Category 41 Product 6018,41,380,6.56,15.18
6019,Category 34 Product 6019,34,21,44.44,68.62
6020,Category 45 Product 6020,45,252,45.88,100.41
6021,Garden Product 6021,12,492,26.79,51.82
6022,Garden Product 6022,12,386,43.99,63.38
6023,Garden Product 6023,12,231,8.43,11.42
6024,Garden Product 6024,12,338,73.72,169.03
6025,Category 49 Product 6025,49,143,21.2,29.59
6026,Automotive Product 6026,13,445,329.04,701.94
6027,Category 48 Product 6027,48,25,92.94,229.26
6028,Category 36 Product 6028,36,132,186.68,369.71
6029,Category 50 Product 6029,50,264,37.97,70.35
6030,Category 35 Product 6030,35,79,44.34,95.33
6031,Category 30 Product 6031,30,413,72.59,162.52
6032,Category 41 Product 6032,41,15,35.59,71.8
6033,Category 42 Product 6033,42,66,95.0,224.19
6034,Health Product 6034,17,179,42.13,53.64
6035,Category 30 Product 6035,30,151,161.1,363.75
6036,Office Product 6036,14,184,26.67,32.64
6037,Category 39 Product 6037,39,343,58.65,111.26
6038,Category 45 Product 6038,45,113,70.93,93.11
6039,Sports Product 6039,8,75,120.0,290.84
6040,Category 25 Product 6040,25,247,316.32,616.45
6041,Category 49 Product 6041,49,466,59.67,105.53
6042,Sports Product 6042,8,420,68.62,105.91
6043,Category 22 Product 6043,22,471,22.76,34.78
6044,Category 50 Product 6044,50,241,48.83,72.17
6045,Health Product 6045,17,335,66.5,157.67
6046,Shoes Product 6046,7,361,28.2,48.35
6047,Category 33 Product 6047,33,338,201.61,314.25
6048,Electronics Product 6048,1,445,36.64,61.58
6049,Electronics Product 6049,1,283,56.61,134.56
6050,Category 49 Product 6050,49,208,29.14,69.72
6051,Category 35 Product 6051,35,441,8.13,17.13
6052,Category 36 Product 6052,36,376,14.08,19.56
6053,Category 28 Product 6053,28,291,36.1,84.03
6054,Category 45 Product 6054,45,65,24.08,55.58
6055,Category 46 Product 6055,46,161,63.51,81.62
6056,Category 47 Product 6056,47,139,13.47,24.15
6057,Category 28 Product 6057,28,283,16.86,24.11
6058,Music Product 6058,19,448,8.74,20.08
6059,Clothing Product 6059,6,137,44.58,72.63
6060,Category 46 Product 6060,46,245,231.89,455.63
6061,Category 31 Product 6061,31,22,53.63,129.95
6062,Category 35 Product 6062,35,343,56.46,81.89
6063,Category 23 Product 6063,23,82,38.72,74.4
6064,Category 25 Product 6064,25,422,47.01,108.71
6065,Shoes Product 6065,7,430,42.69,102.48
6066,Electronics Product 6066,1,404,2.07,4.49
6067,Category 27 Product 6067,27,449,10.76,21.38
6068,Books Product 6068,10,478,61.39,150.05
6069,Office Product 6069,14,371,37.83,62.31
6070,Travel Product 6070,20,322,19.34,48.18
6071,Category 45 Product 6071,45,301,26.27,59.7
6072,Smartphones Product 6072,3,406,38.2,73.14
6073,Category 35 Product 6073,35,364,27.84,60.97
6074,Category 31 Product 6074,31,107,25.45,54.95
6075,Category 48 Product 6075,48,221,24.54,38.63
6076,Category 27 Product 6076,27,131,36.64,60.51
6077,Clothing Product 6077,6,430,16.87,27.65
6078,Category 46 Product 6078,46,473,192.7,344.85
6079,Category 42 Product 6079,42,177,11.13,18.33
6080,Category 41 Product 6080,41,332,23.43,28.3
6081,Category 45 Product 6081,45,159,100.14,187.05
6082,Category 49 Product 6082,49,322,196.99,424.91
6083,Category 39 Product 6083,39,229,71.46,177.83
6084,Category 21 Product 6084,21,157,16.62,28.02
6085,Category 40 Product 6085,40,42,80.77,112.42
6086,Toys Product 6086,11,16,41.43,103.56
6087,Category 46 Product 6087,46,260,99.89,144.42
6088,Sports Product 6088,8,126,282.17,444.66
6089,Category 35 Product 6089,35,23,19.78,27.5
6090,Smartphones Product 6090,3,28,57.66,74.26
6091,Beauty Product 6091,9,467,17.67,31.86
6092,Category 42 Product 6092,42,105,24.64,43.18
6093,Garden Product 6093,12,150,13.39,21.42
6094,Category 48 Product 6094,48,322,12.23,28.3
6095,Category 36 Product 6095,36,459,143.16,177.96
6096,Beauty Product 6096,9,76,20.57,35.62
6097,Furniture Product 6097,5,7,44.6,57.1
6098,Jewelry Product 6098,15,83,164.92,366.49
6099,Travel Product 6099,20,335,6.74,13.73
6100,Category 21 Product 6100,21,163,22.4,45.98
6101,Office Product 6101,14,172,20.66,35.59
6102,Office Product 6102,14,129,59.23,116.38
6103,Office Product 6103,14,51,35.11,79.7
6104,Category 48 Product 6104,48,411,5.15,7.24
6105,Category 28 Product 6105,28,440,61.49,149.28
6106,Category 49 Product 6106,49,296,191.55,444.4
6107,Furniture Product 6107,5,67,59.36,121.5
6108,Category 21 Product 6108,21,230,20.54,33.14
6109,Computers Product 6109,2,450,25.9,31.37
6110,Category 26 Product 6110,26,286,30.7,38.65
6111,Category 40 Product 6111,40,405,15.91,22.09
6112,Category 30 Product 6112,30,227,18.9,33.6
6113,Category 27 Product 6113,27,172,78.97,131.81
6114,Furniture Product 6114,5,229,7.95,11.43
6115,Category 26 Product 6115,26,353,35.93,57.69
6116,Beauty Product 6116,9,58,58.7,138.98
6117,Beauty Product 6117,9,147,9.17,13.89
6118,Category 44 Product 6118,44,281,45.28,77.39
6119,Automotive Product 6119,13,481,61.19,81.46
6120,Health Product 6120,17,179,8.93,22.21
6121,Category 33 Product 6121,33,156,30.36,42.04
6122,Category 27 Product 6122,27,499,86.35,109.12
6123,Electronics Product 6123,1,35,12.91,24.94
6124,Category 37 Product 6124,37,175,214.13,280.86
6125,Category 49 Product 6125,49,221,46.87,77.4
6126,Category 29 Product 6126,29,489,34.27,62.96
6127,Jewelry Product 6127,15,308,38.64,46.48
6128,Category 21 Product 6128,21,331,31.41,69.95
6129,Category 35 Product 6129,35,106,35.85,82.13
6130,Category 47 Product 6130,47,490,15.09,20.33
6131,Category 47 Product 6131,47,97,49.85,77.72
6132,Category 47 Product 6132,47,124,26.8,38.39
6133,Category 26 Product 6133,26,400,19.61,26.85
6134,Gaming Product 6134,18,145,18.64,33.93
6135,Category 32 Product 6135,32,188,9.52,12.59
6136,Category 29 Product 6136,29,64,19.3,44.49
6137,Category 50 Product 6137,50,267,85.64,159.7
6138,Electronics Product 6138,1,213,4.97,7.22
6139,Category 29 Product 6139,29,195,18.71,46.09
6140,Shoes Product 6140,7,243,128.9,219.11
6141,Toys Product 6141,11,427,46.14,59.05
6142,Category 33 Product 6142,33,69,23.5,39.21
6143,Category 31 Product 6143,31,140,53.29,77.46
6144,Category 36 Product 6144,36,194,45.94,77.53
6145,Category 25 Product 6145,25,105,31.68,77.19
6146,Category 45 Product 6146,45,122,17.08,24.75
6147,Travel Product 6147,20,97,25.29,38.99
6148,Books Product 6148,10,406,87.52,205.76
6149,Electronics Product 6149,1,202,7.12,14.59
6150,Furniture Product 6150,5,230,80.51,164.9
6151,Beauty Product 6151,9,307,115.01,221.14
6152,Category 46 Product 6152,46,334,35.34,47.31
6153,Category 47 Product 6153,47,347,155.61,259.39
6154,Travel Product 6154,20,407,227.6,552.49
6155,Category 49 Product 6155,49,339,38.25,85.48
6156,Category 40 Product 6156,40,235,7.26,11.34
6157,Category 28 Product 6157,28,460,47.22,100.42
6158,Beauty Product 6158,9,337,48.42,110.74
6159,Category 32 Product 6159,32,44,66.6,158.4
6160,Furniture Product 6160,5,165,40.72,61.11
6161,Category 30 Product 6161,30,386,3.89,6.75
6162,Category 28 Product 6162,28,494,43.04,88.45
6163,Smartphones Product 6163,3,185,348.62,543.41
6164,Sports Product 6164,8,265,5.38,8.75
6165,Category 24 Product 6165,24,472,16.72,25.65
6166,Beauty Product 6166,9,125,27.82,40.27
6167,Automotive Product 6167,13,29,64.74,103.44
6168,Jewelry Product 6168,15,362,22.86,36.65
6169,Clothing Product 6169,6,157,17.04,28.74
6170,Sports Product 6170,8,360,65.12,110.8
6171,Category 43 Product 6171,43,37,61.85,88.62
6172,Category 43 Product 6172,43,139,12.99,30.79
6173,Category 44 Product 6173,44,110,8.75,21.05
6174,Category 24 Product 6174,24,214,74.07,136.71
6175,Category 29 Product 6175,29,352,18.29,33.26
6176,Category 25 Product 6176,25,475,17.01,28.99
6177,Books Product 6177,10,374,4.9,7.63
6178,Category 40 Product 6178,40,261,6.44,11.26
6179,Category 28 Product 6179,28,115,28.28,45.12
6180,Health Product 6180,17,198,44.51,59.39
6181,Category 25 Product 6181,25,74,54.89,82.46
6182,Category 47 Product 6182,47,226,14.25,35.1
6183,Category 29 Product 6183,29,93,7.85,17.28
6184,Category 22 Product 6184,22,65,34.73,65.89
6185,Garden Product 6185,12,68,14.43,33.95
6186,Health Product 6186,17,482,8.78,15.71
6187,Shoes Product 6187,7,318,89.77,169.98
6188,Category 37 Product 6188,37,320,20.51,30.05
6189,Category 43 Product 6189,43,478,21.19,26.64
6190,Travel Product 6190,20,446,4.2,8.09
6191,Gaming Product 6191,18,173,13.28,21.19
6192,Garden Product 6192,12,313,5.96,11.28
6193,Category 25 Product 6193,25,484,4.36,7.86
6194,Travel Product 6194,20,124,26.69,58.23
6195,Travel Product 6195,20,97,23.83,47.09
6196,Category 41 Product 6196,41,417,208.13,285.39
6197,Jewelry Product 6197,15,488,71.75,138.41
6198,Category 37 Product 6198,37,374,161.75,306.08
6199,Toys Product 6199,11,74,14.48,30.67
6200,Category 22 Product 6200,22,293,10.3,17.36
6201,Furniture Product 6201,5,11,84.9,200.31
6202,Pet Supplies Product 6202,16,385,7.98,16.74
6203,Home Appliances Product 6203,4,51,17.33,27.17
6204,Beauty Product 6204,9,282,43.48,103.75
6205,Category 28 Product 6205,28,45,83.25,114.52
6206,Jewelry Product 6206,15,123,28.32,54.91
6207,Category 42 Product 6207,42,248,47.06,84.05
6208,Smartphones Product 6208,3,301,34.66,83.48
6209,Category 23 Product 6209,23,156,17.76,23.32
6210,Category 41 Product 6210,41,380,4.9,8.27
6211,Shoes Product 6211,7,117,20.71,50.75
6212,Category 30 Product 6212,30,129,40.59,92.97
6213,Gaming Product 6213,18,386,61.63,83.37
6214,Category 39 Product 6214,39,274,24.86,52.36
6215,Home Appliances Product 6215,4,121,15.25,20.93
6216,Category 37 Product 6216,37,13,5.77,11.76
6217,Home Appliances Product 6217,4,217,52.28,92.79
6218,Toys Product 6218,11,221,72.54,135.39
6219,Category 43 Product 6219,43,170,56.72,136.61
6220,Category 36 Product 6220,36,442,61.73,144.15
6221,Smartphones Product 6221,3,200,23.08,31.08
6222,Category 34 Product 6222,34,483,6.21,8.02
6223,Category 39 Product 6223,39,116,68.76,123.31
6224,Home Appliances Product 6224,4,273,6.39,13.93
6225,Category 30 Product 6225,30,245,10.2,23.38
6226,Category 25 Product 6226,25,182,58.74,114.3
6227,Jewelry Product 6227,15,341,39.04,64.4
6228,Pet Supplies Product 6228,16,58,19.85,47.8
6229,Category 29 Product 6229,29,395,82.39,186.53
6230,Smartphones Product 6230,3,244,469.35,812.62
6231,Furniture Product 6231,5,137,101.17,126.89
6232,Toys Product 6232,11,121,46.73,61.17
6233,Category 21 Product 6233,21,260,49.33,81.94
6234,Category 33 Product 6234,33,116,4.23,6.41
6235,Category 42 Product 6235,42,306,6.89,8.64
6236,Office Product 6236,14,108,76.1,107.15
6237,Category 22 Product 6237,22,314,30.92,61.81
6238,Electronics Product 6238,1,297,9.19,13.96
6239,Category 50 Product 6239,50,59,131.86,273.4
6240,Computers Product 6240,2,292,9.09,16.21
6241,Category 35 Product 6241,35,247,54.01,87.45
6242,Category 33 Product 6242,33,72,107.9,223.97
6243,Category 50 Product 6243,50,217,31.71,69.39
6244,Category 39 Product 6244,39,498,89.33,159.72
6245,Category 43 Product 6245,43,384,128.15,294.74
6246,Category 40 Product 6246,40,63,14.94,20.28
6247,Category 30 Product 6247,30,287,12.78,28.79
6248,Jewelry Product 6248,15,416,11.8,15.46
6249,Category 32 Product 6249,32,140,58.48,111.34
6250,Clothing Product 6250,6,6,7.53,17.95
6251,Shoes Product 6251,7,76,62.22,118.48
6252,Category 27 Product 6252,27,252,41.89,72.21
6253,Category 24 Product 6253,24,270,86.37,187.1
6254,Toys Product 6254,11,32,77.4,169.75
6255,Computers Product 6255,2,480,219.39,539.27
6256,Category 27 Product 6256,27,254,87.07,192.47
6257,Category 40 Product 6257,40,71,17.07,29.72
6258,Beauty Product 6258,9,238,35.58,76.4
6259,Category 35 Product 6259,35,358,19.36,44.8
6260,Category 39 Product 6260,39,463,16.65,32.71
6261,Category 25 Product 6261,25,43,16.42,39.98
6262,Shoes Product 6262,7,296,15.33,20.2
6263,Category 24 Product 6263,24,83,7.91,12.08
6264,Shoes Product 6264,7,418,76.73,157.16
6265,Sports Product 6265,8,358,5.71,13.15
6266,Category 36 Product 6266,36,173,9.96,22.86
6267,Travel Product 6267,20,335,27.15,57.48
6268,Category 35 Product 6268,35,104,5.22,8.48
6269,Category 39 Product 6269,39,125,24.12,37.77
6270,Category 22 Product 6270,22,364,58.01,131.18
6271,Category 31 Product 6271,31,37,28.63,53.07
6272,Category 37 Product 6272,37,104,24.23,53.49
6273,Category 23 Product 6273,23,380,20.65,43.95
6274,Toys Product 6274,11,482,157.38,216.86
6275,Automotive Product 6275,13,173,13.03,19.2
6276,Category 23 Product 6276,23,494,19.07,24.76
6277,Category 47 Product 6277,47,42,14.85,35.25
6278,Category 34 Product 6278,34,374,64.47,125.99
6279,Garden Product 6279,12,243,76.02,179.73
6280,Category 30 Product 6280,30,394,61.06,131.5
6281,Beauty Product 6281,9,73,73.24,118.51
6282,Category 30 Product 6282,30,145,76.17,115.56
6283,Category 39 Product 6283,39,128,30.28,68.28
6284,Category 38 Product 6284,38,184,3.02,4.62
6285,Pet Supplies Product 6285,16,182,20.5,29.97
6286,Category 30 Product 6286,30,375,35.1,50.63
6287,Category 27 Product 6287,27,265,25.79,31.35
6288,Music Product 6288,19,303,47.62,89.23
6289,Smartphones Product 6289,3,296,58.98,128.03
6290,Category 33 Product 6290,33,116,7.95,17.62
6291,Category 43 Product 6291,43,42,51.61,86.12
6292,Category 27 Product 6292,27,278,12.7,19.6
6293,Category 47 Product 6293,47,491,10.77,13.58
6294,Beauty Product 6294,9,411,476.29,869.7
6295,Pet Supplies Product 6295,16,128,14.87,35.88
6296,Travel Product 6296,20,485,32.35,66.26
6297,Category 27 Product 6297,27,105,109.69,191.34
6298,Category 42 Product 6298,42,102,13.25,20.62
6299,Category 37 Product 6299,37,411,17.63,22.64
6300,Home Appliances Product 6300,4,103,12.77,29.48
6301,Category 37 Product 6301,37,129,16.19,29.07
6302,Category 27 Product 6302,27,494,25.11,53.54
6303,Home Appliances Product 6303,4,199,13.54,29.19
6304,Category 38 Product 6304,38,193,123.48,180.16
6305,Health Product 6305,17,104,12.92,17.0
6306,Jewelry Product 6306,15,79,17.11,22.02
6307,Garden Product 6307,12,219,13.48,24.69
6308,Category 35 Product 6308,35,50,6.8,16.68
6309,Category 24 Product 6309,24,91,10.32,20.57
6310,Category 44 Product 6310,44,416,28.29,60.05
6311,Beauty Product 6311,9,295,50.52,94.14
6312,Furniture Product 6312,5,427,47.32,104.3
6313,Category 46 Product 6313,46,382,40.24,61.5
6314,Category 43 Product 6314,43,52,23.45,34.33
6315,Garden Product 6315,12,135,4.47,9.66
6316,Category 23 Product 6316,23,419,68.51,167.4
6317,Health Product 6317,17,167,15.6,20.54
6318,Category 44 Product 6318,44,62,22.31,40.33
6319,Category 28 Product 6319,28,105,52.17,82.94
6320,Category 44 Product 6320,44,447,50.33,123.0
6321,Category 21 Product 6321,21,483,34.52,60.36
6322,Category 41 Product 6322,41,220,15.58,29.25
6323,Category 24 Product 6323,24,493,91.15,227.51
6324,Category 41 Product 6324,41,184,109.54,266.1
6325,Travel Product 6325,20,407,83.46,103.16
6326,Computers Product 6326,2,404,17.04,33.81
6327,Category 44 Product 6327,44,371,20.31,45.82
6328,Category 23 Product 6328,23,244,22.79,55.54
6329,Health Product 6329,17,72,88.38,138.37
6330,Category 23 Product 6330,23,215,20.8,25.72
6331,Furniture Product 6331,5,392,13.65,22.92
6332,Category 34 Product 6332,34,264,11.66,17.27
6333,Music Product 6333,19,141,198.59,315.33
6334,Electronics Product 6334,1,43,49.53,120.43
6335,Category 28 Product 6335,28,191,46.34,75.85
6336,Category 41 Product 6336,41,427,32.67,64.13
6337,Category 41 Product 6337,41,9,99.75,176.04
6338,Sports Product 6338,8,25,12.73,26.62
6339,Category 30 Product 6339,30,461,25.37,60.86
6340,Category 48 Product 6340,48,418,17.98,37.21
6341,Furniture Product 6341,5,148,6.37,11.63
6342,Category 41 Product 6342,41,325,146.36,267.57
6343,Category 29 Product 6343,29,242,22.64,44.11
6344,Electronics Product 6344,1,287,5.91,11.48
6345,Category 37 Product 6345,37,46,81.06,197.1
6346,Shoes Product 6346,7,369,31.46,58.79
6347,Category 32 Product 6347,32,315,38.67,56.59
6348,Home Appliances Product 6348,4,79,4.29,8.97
6349,Category 23 Product 6349,23,345,149.99,242.29
6350,Category 45 Product 6350,45,231,23.99,37.21
6351,Category 37 Product 6351,37,286,7.77,12.44
6352,Office Product 6352,14,255,24.44,58.27
6353,Electronics Product 6353,1,64,56.8,81.61
6354,Category 40 Product 6354,40,477,40.02,76.1
6355,Category 49 Product 6355,49,468,19.56,28.41
6356,Category 42 Product 6356,42,311,15.33,21.2
6357,Gaming Product 6357,18,123,14.33,22.43
6358,Travel Product 6358,20,287,14.08,33.81
6359,Sports Product 6359,8,299,25.05,51.95
6360,Category 46 Product 6360,46,33,20.72,34.29
6361,Category 30 Product 6361,30,350,46.63,72.51
6362,Toys Product 6362,11,384,13.33,22.71
6363,Category 48 Product 6363,48,128,51.46,78.81
6364,Category 39 Product 6364,39,155,32.71,69.74
6365,Office Product 6365,14,37,14.98,19.43
6366,Category 33 Product 6366,33,231,8.54,16.31
6367,Electronics Product 6367,1,303,27.27,50.72
6368,Automotive Product 6368,13,293,243.55,338.47
6369,Books Product 6369,10,251,27.12,57.01
6370,Garden Product 6370,12,408,23.09,30.61
6371,Sports Product 6371,8,468,32.21,49.25
6372,Gaming Product 6372,18,435,53.86,79.0
6373,Toys Product 6373,11,443,58.98,72.54
6374,Category 38 Product 6374,38,183,12.47,21.03
6375,Category 49 Product 6375,49,389,59.23,71.44
6376,Pet Supplies Product 6376,16,21,6.67,13.52
6377,Music Product 6377,19,472,18.65,22.94
6378,Category 30 Product 6378,30,268,22.95,34.92
6379,Category 30 Product 6379,30,3,66.1,120.06
6380,Category 25 Product 6380,25,399,18.85,23.3
6381,Category 48 Product 6381,48,27,7.55,15.59
6382,Office Product 6382,14,301,7.47,10.01
6383,Toys Product 6383,11,78,36.14,76.15
6384,Category 39 Product 6384,39,24,17.24,39.33
6385,Category 22 Product 6385,22,316,39.7,85.36
6386,Category 42 Product 6386,42,346,18.36,22.3
6387,Computers Product 6387,2,430,59.17,109.95
6388,Office Product 6388,14,417,190.3,242.51
6389,Travel Product 6389,20,166,29.78,54.58
6390,Home Appliances Product 6390,4,462,7.95,11.53
6391,Category 25 Product 6391,25,116,12.93,20.54
6392,Category 39 Product 6392,39,454,192.24,252.32
6393,Category 23 Product 6393,23,252,91.65,142.38
6394,Smartphones Product 6394,3,72,106.18,219.8
6395,Automotive Product 6395,13,474,83.98,163.67
6396,Category 49 Product 6396,49,130,21.62,29.53
6397,Health Product 6397,17,486,4.23,10.19
6398,Home Appliances Product 6398,4,239,14.08,21.43
6399,Category 31 Product 6399,31,163,16.3,33.23
6400,Electronics Product 6400,1,117,40.31,80.03
6401,Shoes Product 6401,7,233,9.97,19.19
6402,Clothing Product 6402,6,98,38.61,88.92
6403,Category 38 Product 6403,38,158,14.75,35.36
6404,Category 40 Product 6404,40,272,25.66,43.26
6405,Category 22 Product 6405,22,399,27.12,35.68
6406,Jewelry Product 6406,15,479,47.06,83.29
6407,Home Appliances Product 6407,4,442,13.15,21.88
6408,Clothing Product 6408,6,311,13.69,31.71
6409,Category 36 Product 6409,36,91,41.69,73.6
6410,Books Product 6410,10,450,40.86,100.97
6411,Category 34 Product 6411,34,434,48.17,86.68
6412,Category 50 Product 6412,50,101,125.69,282.29
6413,Electronics Product 6413,1,288,16.51,31.67
6414,Category 22 Product 6414,22,410,21.05,32.49
6415,Furniture Product 6415,5,393,65.5,148.68
6416,Category 46 Product 6416,46,320,15.62,36.47
6417,Category 37 Product 6417,37,66,29.87,38.05
6418,Category 36 Product 6418,36,385,67.72,98.63
6419,Category 41 Product 6419,41,99,26.67,60.05
6420,Category 43 Product 6420,43,395,26.77,34.8
6421,Electronics Product 6421,1,43,5.26,9.76
6422,Category 27 Product 6422,27,189,250.14,580.37
6423,Category 31 Product 6423,31,35,15.52,26.37
6424,Category 36 Product 6424,36,412,58.42,117.15
6425,Books Product 6425,10,26,25.28,55.11
6426,Automotive Product 6426,13,169,22.5,55.9
6427,Music Product 6427,19,74,13.67,19.2
6428,Category 35 Product 6428,35,57,14.74,34.46
6429,Category 33 Product 6429,33,374,47.85,114.27
6430,Category 45 Product 6430,45,486,26.29,60.22
6431,Category 23 Product 6431,23,346,102.83,244.17
6432,Books Product 6432,10,120,23.12,43.04
6433,Music Product 6433,19,52,27.66,52.2
6434,Category 43 Product 6434,43,339,29.7,40.38
6435,Category 31 Product 6435,31,194,17.55,31.03
6436,Category 50 Product 6436,50,343,10.76,25.69
6437,Category 22 Product 6437,22,163,42.66,52.11
6438,Category 25 Product 6438,25,499,25.72,42.29
6439,Category 33 Product 6439,33,459,53.28,101.72
6440,Shoes Product 6440,7,159,20.43,37.74
6441,Category 32 Product 6441,32,94,26.29,40.98
6442,Category 26 Product 6442,26,69,164.8,299.0
6443,Category 33 Product 6443,33,254,89.45,161.69
6444,Category 26 Product 6444,26,350,44.03,60.12
6445,Category 31 Product 6445,31,207,206.99,473.12
6446,Beauty Product 6446,9,81,19.74,30.78
6447,Pet Supplies Product 6447,16,355,64.39,99.93
6448,Category 25 Product 6448,25,447,15.09,33.86
6449,Category 26 Product 6449,26,364,86.16,212.64
6450,Category 28 Product 6450,28,145,8.86,20.25
6451,Jewelry Product 6451,15,422,12.6,26.89
6452,Category 25 Product 6452,25,112,5.47,7.29
6453,Category 23 Product 6453,23,481,63.89,99.78
6454,Furniture Product 6454,5,241,24.76,35.02
6455,Garden Product 6455,12,453,79.03,196.91
6456,Category 50 Product 6456,50,401,51.06,81.66
6457,Category 31 Product 6457,31,11,39.74,88.0
6458,Category 49 Product 6458,49,269,59.92,113.06
6459,Category 24 Product 6459,24,10,187.42,453.5
6460,Category 40 Product 6460,40,286,22.34,54.3
6461,Smartphones Product 6461,3,276,16.03,22.89
6462,Category 45 Product 6462,45,243,86.97,195.55
6463,Category 32 Product 6463,32,51,11.68,17.33
6464,Category 24 Product 6464,24,384,12.66,29.52
6465,Category 45 Product 6465,45,484,39.78,88.76
6466,Toys Product 6466,11,3,27.1,52.38
6467,Category 33 Product 6467,33,20,273.58,430.39
6468,Category 40 Product 6468,40,459,5.05,10.9
6469,Automotive Product 6469,13,333,22.2,35.6
6470,Category 49 Product 6470,49,42,31.73,57.75
6471,Category 28 Product 6471,28,72,57.33,90.41
6472,Category 45 Product 6472,45,89,51.34,71.64
6473,Category 46 Product 6473,46,91,17.87,28.5
6474,Furniture Product 6474,5,47,41.36,53.31
6475,Category 38 Product 6475,38,360,5.93,14.53
6476,Office Product 6476,14,393,39.63,77.53
6477,Category 32 Product 6477,32,334,75.19,134.14
6478,Category 43 Product 6478,43,301,8.34,14.1
6479,Category 42 Product 6479,42,357,46.03,111.05
6480,Clothing Product 6480,6,301,113.86,282.41
6481,Health Product 6481,17,342,49.46,108.77
6482,Category 39 Product 6482,39,116,37.75,50.82
6483,Category 29 Product 6483,29,413,9.19,20.65
6484,Category 32 Product 6484,32,484,87.99,153.03
6485,Category 33 Product 6485,33,211,82.79,148.95
6486,Category 34 Product 6486,34,159,102.4,158.8
6487,Category 21 Product 6487,21,71,105.5,202.81
6488,Category 40 Product 6488,40,446,13.18,25.94
6489,Category 30 Product 6489,30,173,24.05,52.63
6490,Category 47 Product 6490,47,452,1.96,3.51
6491,Category 26 Product 6491,26,142,26.04,52.58
6492,Computers Product 6492,2,194,23.28,38.98
6493,Category 34 Product 6493,34,256,6.11,12.81
6494,Category 27 Product 6494,27,218,57.59,83.28
6495,Category 22 Product 6495,22,127,6.32,11.14
6496,Category 48 Product 6496,48,371,28.86,65.81
6497,Category 28 Product 6497,28,216,37.26,82.91
6498,Beauty Product 6498,9,370,92.7,133.74
6499,Computers Product 6499,2,442,13.49,20.65
6500,Category 21 Product 6500,21,333,12.53,30.15
6501,Category 44 Product 6501,44,371,45.3,108.16
6502,Smartphones Product 6502,3,463,13.74,27.5
6503,Sports Product 6503,8,198,1.19,2.24
6504,Automotive Product 6504,13,476,31.34,49.84
6505,Category 31 Product 6505,31,449,8.87,15.57
6506,Office Product 6506,14,44,44.37,62.02
6507,Category 39 Product 6507,39,132,6.37,10.57
6508,Category 23 Product 6508,23,106,22.64,45.2
6509,Category 50 Product 6509,50,53,13.43,19.32
6510,Automotive Product 6510,13,454,37.18,47.67
6511,Beauty Product 6511,9,190,31.73,72.93
6512,Category 26 Product 6512,26,68,85.96,190.14
6513,Category 27 Product 6513,27,371,8.2,15.89
6514,Category 45 Product 6514,45,167,34.0,80.89
6515,Health Product 6515,17,82,51.15,108.14
6516,Category 26 Product 6516,26,101,28.48,34.24
6517,Category 28 Product 6517,28,314,68.43,124.34
6518,Category 38 Product 6518,38,409,18.44,28.48
6519,Pet Supplies Product 6519,16,311,22.19,36.17
6520,Category 48 Product 6520,48,92,51.45,62.45
6521,Category 38 Product 6521,38,100,13.52,19.19
6522,Category 38 Product 6522,38,106,8.4,11.97
6523,Category 45 Product 6523,45,306,11.31,25.67
6524,Category 43 Product 6524,43,335,105.88,206.97
6525,Travel Product 6525,20,398,63.23,93.45
6526,Category 41 Product 6526,41,314,43.72,74.53
6527,Category 35 Product 6527,35,492,47.48,77.13
6528,Home Appliances Product 6528,4,78,25.86,58.23
6529,Gaming Product 6529,18,379,22.92,53.71
6530,Category 40 Product 6530,40,35,157.45,311.93
6531,Travel Product 6531,20,476,29.5,70.6
6532,Category 42 Product 6532,42,101,10.92,17.03
6533,Category 24 Product 6533,24,4,16.66,37.29
6534,Category 27 Product 6534,27,236,31.99,68.39
6535,Shoes Product 6535,7,124,29.28,67.93
6536,Automotive Product 6536,13,408,63.5,113.45
6537,Automotive Product 6537,13,273,58.96,86.62
6538,Gaming Product 6538,18,396,37.75,56.73
6539,Category 42 Product 6539,42,450,112.78,257.26
6540,Category 33 Product 6540,33,458,73.72,101.37
6541,Category 41 Product 6541,41,15,75.79,143.37
6542,Category 42 Product 6542,42,192,12.43,21.2
6543,Category 23 Product 6543,23,71,36.15,81.69
6544,Computers Product 6544,2,386,35.98,64.73
6545,Toys Product 6545,11,34,142.92,303.48
6546,Category 33 Product 6546,33,230,15.86,34.26
6547,Office Product 6547,14,166,13.89,30.81
6548,Garden Product 6548,12,136,15.9,37.03
6549,Category 21 Product 6549,21,184,9.28,21.3
6550,Category 31 Product 6550,31,336,73.99,130.41
6551,Toys Product 6551,11,322,19.57,23.71
6552,Category 39 Product 6552,39,387,318.46,435.17
6553,Home Appliances Product 6553,4,30,5.17,7.74
6554,Books Product 6554,10,462,47.55,81.66
6555,Category 46 Product 6555,46,293,39.91,70.62
6556,Category 40 Product 6556,40,135,40.47,71.05
6557,Category 27 Product 6557,27,126,80.9,108.64
6558,Category 49 Product 6558,49,187,12.5,24.72
6559,Category 22 Product 6559,22,28,11.75,25.63
6560,Jewelry Product 6560,15,416,38.38,80.03
6561,Category 21 Product 6561,21,211,37.94,69.33
6562,Category 44 Product 6562,44,280,30.19,61.48
6563,Sports Product 6563,8,456,260.55,436.23
6564,Category 42 Product 6564,42,466,12.27,16.42
6565,Category 48 Product 6565,48,229,17.27,30.93
6566,Travel Product 6566,20,173,14.76,18.46
6567,Category 42 Product 6567,42,482,3.9,5.55
6568,Category 21 Product 6568,21,441,34.07,57.49
6569,Category 42 Product 6569,42,318,5.8,14.49
6570,Jewelry Product 6570,15,112,3.5,7.37
6571,Category 33 Product 6571,33,313,9.9,15.79
6572,Sports Product 6572,8,418,7.98,10.59
6573,Category 30 Product 6573,30,471,856.36,1703.84
6574,Clothing Product 6574,6,281,28.08,39.65
6575,Category 25 Product 6575,25,18,35.8,81.2
6576,Category 43 Product 6576,43,103,36.15,46.12
6577,Category 36 Product 6577,36,203,23.09,54.85
6578,Category 25 Product 6578,25,272,55.07,87.43
6579,Category 47 Product 6579,47,182,9.21,12.81
6580,Category 29 Product 6580,29,377,23.07,28.2
6581,Health Product 6581,17,412,81.15,159.03
6582,Beauty Product 6582,9,97,45.84,94.08
6583,Category 27 Product 6583,27,101,26.31,61.4
6584,Travel Product 6584,20,147,11.38,27.61
6585,Category 29 Product 6585,29,282,177.36,243.37
6586,Category 45 Product 6586,45,262,27.26,59.39
6587,Beauty Product 6587,9,43,15.58,31.41
6588,Category 48 Product 6588,48,140,32.03,50.95
6589,Clothing Product 6589,6,6,0.9,1.43
6590,Category 26 Product 6590,26,412,98.98,197.08
6591,Music Product 6591,19,464,63.73,91.86
6592,Garden Product 6592,12,280,59.14,86.94
6593,Health Product 6593,17,461,57.79,113.7
6594,Category 44 Product 6594,44,99,58.74,145.97
6595,Clothing Product 6595,6,355,42.48,80.49
6596,Electronics Product 6596,1,208,377.43,688.54
6597,Garden Product 6597,12,156,16.33,37.28
6598,Category 35 Product 6598,35,390,17.14,32.27
6599,Category 30 Product 6599,30,381,33.08,68.42
6600,Category 43 Product 6600,43,76,107.43,220.04
6601,Category 42 Product 6601,42,244,48.75,65.43
6602,Electronics Product 6602,1,391,58.21,103.01
6603,Category 21 Product 6603,21,293,41.65,71.09
6604,Category 26 Product 6604,26,57,68.07,87.34
6605,Clothing Product 6605,6,297,10.94,25.67
6606,Category 23 Product 6606,23,237,31.43,59.16
6607,Home Appliances Product 6607,4,392,15.89,39.48
6608,Category 48 Product 6608,48,40,7.87,16.8
6609,Beauty Product 6609,9,202,106.79,191.63
6610,Category 50 Product 6610,50,274,10.1,19.62
6611,Category 21 Product 6611,21,451,283.88,568.35
6612,Category 29 Product 6612,29,26,4.77,9.73
6613,Garden Product 6613,12,16,75.0,102.62
6614,Shoes Product 6614,7,392,41.94,97.8
6615,Music Product 6615,19,79,24.11,54.66
6616,Computers Product 6616,2,318,7.77,15.09
6617,Smartphones Product 6617,3,147,17.93,21.96
6618,Category 47 Product 6618,47,174,66.24,93.71
6619,Category 46 Product 6619,46,213,54.63,116.03
6620,Furniture Product 6620,5,5,45.69,90.85
6621,Toys Product 6621,11,486,36.14,67.38
6622,Category 30 Product 6622,30,443,180.44,245.27
6623,Automotive Product 6623,13,155,114.11,146.72
6624,Category 31 Product 6624,31,177,15.13,24.42
6625,Toys Product 6625,11,332,200.21,403.07
6626,Sports Product 6626,8,10,24.42,35.04
6627,Category 28 Product 6627,28,460,13.28,18.78
6628,Category 39 Product 6628,39,243,26.16,56.38
6629,Category 50 Product 6629,50,263,79.59,157.24
6630,Category 35 Product 6630,35,144,10.31,25.02
6631,Gaming Product 6631,18,413,28.12,34.71
6632,Category 37 Product 6632,37,365,22.96,44.83
6633,Category 24 Product 6633,24,367,55.99,71.66
6634,Category 48 Product 6634,48,9,25.77,41.55
6635,Category 37 Product 6635,37,71,288.36,718.57
6636,Books Product 6636,10,324,160.89,278.29
6637,Category 47 Product 6637,47,445,35.14,63.31
6638,Category 48 Product 6638,48,41,37.3,79.74
6639,Home Appliances Product 6639,4,489,21.04,42.11
6640,Shoes Product 6640,7,451,41.25,60.99
6641,Category 33 Product 6641,33,455,27.09,35.49
6642,Jewelry Product 6642,15,281,8.79,19.42
6643,Computers Product 6643,2,171,95.14,231.49
6644,Category 43 Product 6644,43,42,7.67,10.93
6645,Category 42 Product 6645,42,38,64.77,161.81
6646,Category 32 Product 6646,32,451,9.24,14.35
6647,Furniture Product 6647,5,483,14.94,36.81
6648,Category 42 Product 6648,42,392,45.59,106.3
6649,Category 27 Product 6649,27,493,36.32,58.05
6650,Category 38 Product 6650,38,428,59.81,149.28
6651,Category 32 Product 6651,32,496,124.48,263.11
6652,Category 43 Product 6652,43,314,27.43,37.6
6653,Category 28 Product 6653,28,171,70.34,151.47
6654,Category 23 Product 6654,23,187,94.94,170.35
6655,Category 25 Product 6655,25,125,22.61,56.23
6656,Books Product 6656,10,385,49.45,64.72
6657,Category 38 Product 6657,38,278,19.67,48.84
6658,Category 27 Product 6658,27,410,29.34,73.27
6659,Toys Product 6659,11,450,25.79,35.64
6660,Jewelry Product 6660,15,188,13.01,30.88
6661,Category 27 Product 6661,27,169,32.63,49.31
6662,Category 24 Product 6662,24,122,37.25,63.2
6663,Category 27 Product 6663,27,20,37.1,85.17
6664,Category 21 Product 6664,21,178,179.39,360.03
6665,Category 49 Product 6665,49,481,71.28,107.8
6666,Office Product 6666,14,84,21.98,53.15
6667,Travel Product 6667,20,72,200.89,470.8
6668,Category 33 Product 6668,33,243,30.81,64.31
6669,Category 31 Product 6669,31,102,11.15,20.24
6670,Electronics Product 6670,1,267,20.64,46.97
6671,Category 39 Product 6671,39,448,4.09,8.26
6672,Music Product 6672,19,184,21.05,26.19
6673,Books Product 6673,10,332,217.16,383.09
6674,Category 26 Product 6674,26,57,95.22,128.75
6675,Clothing Product 6675,6,7,35.52,47.91
6676,Category 34 Product 6676,34,210,21.8,31.62
6677,Category 43 Product 6677,43,78,100.35,238.06
6678,Furniture Product 6678,5,297,54.39,81.07
6679,Automotive Product 6679,13,68,11.85,28.44
6680,Health Product 6680,17,268,154.99,293.36
6681,Sports Product 6681,8,406,119.28,201.03
6682,Category 25 Product 6682,25,497,50.36,74.19
6683,Category 45 Product 6683,45,346,29.14,53.16
6684,Home Appliances Product 6684,4,445,9.67,21.94
6685,Category 26 Product 6685,26,108,46.9,95.45
6686,Category 36 Product 6686,36,81,52.94,85.86
6687,Category 40 Product 6687,40,481,44.24,59.6
6688,Category 33 Product 6688,33,351,15.15,32.04
6689,Music Product 6689,19,353,87.36,198.43
6690,Category 47 Product 6690,47,383,11.94,23.66
6691,Shoes Product 6691,7,442,55.56,127.01
6692,Pet Supplies Product 6692,16,347,58.26,121.74
6693,Category 46 Product 6693,46,147,10.57,18.05
6694,Category 28 Product 6694,28,340,9.25,18.82
6695,Category 33 Product 6695,33,387,5.89,13.66
6696,Electronics Product 6696,1,33,45.64,106.82
6697,Category 37 Product 6697,37,189,117.06,215.44
6698,Electronics Product 6698,1,174,18.4,37.95
6699,Books Product 6699,10,210,16.47,32.28
6700,Beauty Product 6700,9,201,14.62,27.42
6701,Category 39 Product 6701,39,85,21.25,51.43
6702,Category 33 Product 6702,33,459,46.4,108.76
6703,Category 49 Product 6703,49,179,11.76,25.12
6704,Category 40 Product 6704,40,131,114.51,215.83
6705,Gaming Product 6705,18,124,22.14,50.77
6706,Category 48 Product 6706,48,160,17.61,43.8
6707,Category 25 Product 6707,25,122,22.06,46.36
6708,Travel Product 6708,20,466,13.56,22.37
6709,Category 34 Product 6709,34,336,36.64,51.57
6710,Category 38 Product 6710,38,192,79.22,111.49
6711,Category 28 Product 6711,28,191,39.56,95.52
6712,Category 45 Product 6712,45,306,45.78,114.16
6713,Category 23 Product 6713,23,395,12.02,19.9
6714,Category 40 Product 6714,40,474,6.57,15.44
6715,Automotive Product 6715,13,25,12.83,31.91
6716,Category 47 Product 6716,47,311,90.79,195.58
6717,Computers Product 6717,2,45,24.25,33.55
6718,Category 37 Product 6718,37,300,28.61,69.98
6719,Category 21 Product 6719,21,56,62.35,115.32
6720,Category 32 Product 6720,32,347,64.04,77.97
6721,Category 44 Product 6721,44,42,76.38,108.86
6722,Category 41 Product 6722,41,123,15.08,26.04
6723,Smartphones Product 6723,3,370,24.98,59.39
6724,Smartphones Product 6724,3,383,86.03,110.32
6725,Category 37 Product 6725,37,500,7.13,11.67
6726,Category 24 Product 6726,24,198,13.32,17.0
6727,Music Product 6727,19,372,72.94,92.95
6728,Category 48 Product 6728,48,101,23.63,30.84
6729,Category 37 Product 6729,37,270,21.67,49.95
6730,Health Product 6730,17,27,77.48,105.34
6731,Category 29 Product 6731,29,269,69.46,93.1
6732,Category 26 Product 6732,26,48,15.69,32.6
6733,Pet Supplies Product 6733,16,74,35.46,47.18
6734,Sports Product 6734,8,9,1.92,4.58
6735,Sports Product 6735,8,283,19.25,45.23
6736,Category 29 Product 6736,29,158,29.48,38.89
6737,Electronics Product 6737,1,429,46.69,65.67
6738,Travel Product 6738,20,166,14.24,27.71
6739,Health Product 6739,17,35,31.1,51.94
6740,Sports Product 6740,8,464,22.7,37.22
6741,Music Product 6741,19,446,47.9,114.94
6742,Home Appliances Product 6742,4,179,30.85,76.52
6743,Category 45 Product 6743,45,432,61.64,135.67
6744,Category 44 Product 6744,44,96,48.22,115.32
6745,Category 25 Product 6745,25,169,102.9,200.24
6746,Category 42 Product 6746,42,85,395.71,903.1
6747,Category 24 Product 6747,24,499,322.57,436.17
6748,Category 33 Product 6748,33,16,48.77,80.09
6749,Category 27 Product 6749,27,489,110.56,154.07
6750,Category 26 Product 6750,26,148,85.38,121.53
6751,Automotive Product 6751,13,99,110.12,165.13
6752,Category 30 Product 6752,30,95,14.9,22.38
6753,Category 24 Product 6753,24,81,105.58,211.94
6754,Category 37 Product 6754,37,471,38.66,82.33
6755,Category 39 Product 6755,39,218,15.62,18.84
6756,Category 46 Product 6756,46,136,27.12,61.25
6757,Category 45 Product 6757,45,458,26.54,32.52
6758,Home Appliances Product 6758,4,442,11.19,20.14
6759,Category 30 Product 6759,30,9,136.95,221.54
6760,Electronics Product 6760,1,14,19.73,48.43
6761,Category 26 Product 6761,26,367,72.13,165.75
6762,Category 49 Product 6762,49,346,11.37,22.84
6763,Category 30 Product 6763,30,500,9.55,21.83
6764,Gaming Product 6764,18,382,27.96,35.58
6765,Home Appliances Product 6765,4,256,72.49,106.14
6766,Shoes Product 6766,7,19,38.65,78.74
6767,Office Product 6767,14,356,27.47,45.68
6768,Category 29 Product 6768,29,248,10.02,19.76
6769,Category 48 Product 6769,48,436,152.28,352.96
6770,Gaming Product 6770,18,264,4.81,7.74
6771,Category 24 Product 6771,24,323,13.46,19.07
6772,Category 34 Product 6772,34,287,98.59,152.1
6773,Category 45 Product 6773,45,157,5.51,8.0
6774,Category 47 Product 6774,47,194,65.83,163.64
6775,Category 45 Product 6775,45,185,29.8,45.58
6776,Books Product 6776,10,20,17.47,26.96
6777,Clothing Product 6777,6,233,39.1,95.1
6778,Category 38 Product 6778,38,282,15.9,36.32
6779,Category 31 Product 6779,31,201,68.42,109.26
6780,Computers Product 6780,2,170,84.36,111.42
6781,Category 30 Product 6781,30,82,10.4,17.99
6782,Furniture Product 6782,5,375,20.04,31.22
6783,Category 32 Product 6783,32,265,41.2,77.5
6784,Category 41 Product 6784,41,381,87.51,188.36
6785,Category 30 Product 6785,30,98,45.71,111.91
6786,Shoes Product 6786,7,359,28.14,54.26
6787,Sports Product 6787,8,427,11.19,15.29
6788,Shoes Product 6788,7,458,63.44,156.92
6789,Category 21 Product 6789,21,92,17.44,32.08
6790,Category 37 Product 6790,37,127,207.14,451.4
6791,Category 28 Product 6791,28,215,28.79,42.46
6792,Sports Product 6792,8,16,5.98,12.23
6793,Category 49 Product 6793,49,365,60.83,135.09
6794,Category 27 Product 6794,27,47,11.22,13.74
6795,Category 41 Product 6795,41,361,39.81,48.2
6796,Category 28 Product 6796,28,478,303.31,660.57
6797,Category 36 Product 6797,36,115,30.09,55.81
6798,Smartphones Product 6798,3,242,108.09,200.48
6799,Health Product 6799,17,369,9.73,14.05
6800,Category 26 Product 6800,26,351,7.97,15.85
6801,Category 29 Product 6801,29,157,20.32,38.6
6802,Jewelry Product 6802,15,71,22.89,43.73
6803,Category 29 Product 6803,29,417,60.44,148.67
6804,Category 21 Product 6804,21,7,19.41,43.15
6805,Beauty Product 6805,9,49,18.14,30.18
6806,Category 34 Product 6806,34,84,139.85,248.01
6807,Jewelry Product 6807,15,179,29.29,59.96
6808,Category 45 Product 6808,45,159,63.14,83.95
6809,Category 22 Product 6809,22,240,44.14,99.9
6810,Category 33 Product 6810,33,373,73.75,153.33
6811,Category 36 Product 6811,36,97,38.3,88.24
6812,Health Product 6812,17,308,111.73,135.84
6813,Electronics Product 6813,1,93,15.79,28.8
6814,Category 31 Product 6814,31,487,133.42,196.97
6815,Music Product 6815,19,107,22.47,42.01
6816,Health Product 6816,17,416,30.97,52.16
6817,Category 33 Product 6817,33,236,100.46,135.49
6818,Category 26 Product 6818,26,135,61.88,105.99
6819,Category 32 Product 6819,32,361,10.76,23.72
6820,Category 34 Product 6820,34,239,24.61,32.72
6821,Category 22 Product 6821,22,471,33.62,60.17
6822,Garden Product 6822,12,291,31.28,41.1
6823,Category 41 Product 6823,41,27,39.78,70.84
6824,Category 28 Product 6824,28,75,153.66,256.74
6825,Smartphones Product 6825,3,285,32.02,51.37
6826,Category 37 Product 6826,37,149,32.04,73.87
6827,Category 42 Product 6827,42,20,201.4,339.39
6828,Smartphones Product 6828,3,124,110.98,220.92
6829,Office Product 6829,14,301,14.47,33.06
6830,Category 29 Product 6830,29,308,19.15,28.92
6831,Category 22 Product 6831,22,311,9.76,13.37
6832,Category 37 Product 6832,37,248,9.98,20.98
6833,Category 32 Product 6833,32,465,20.37,27.55
6834,Category 36 Product 6834,36,147,23.57,40.62
6835,Category 46 Product 6835,46,316,54.0,106.64
6836,Category 36 Product 6836,36,216,54.0,110.66
6837,Shoes Product 6837,7,137,258.48,393.21
6838,Category 25 Product 6838,25,193,8.35,16.88
6839,Category 23 Product 6839,23,143,134.76,194.42
6840,Category 48 Product 6840,48,65,291.7,381.78
6841,Category 37 Product 6841,37,186,37.28,63.94
6842,Electronics Product 6842,1,39,37.56,86.88
6843,Category 23 Product 6843,23,162,20.23,48.07
6844,Category 32 Product 6844,32,322,7.09,14.55
6845,Smartphones Product 6845,3,247,71.05,140.55
6846,Category 46 Product 6846,46,164,47.0,93.15
6847,Category 44 Product 6847,44,31,44.98,106.01
6848,Category 25 Product 6848,25,103,21.69,32.12
6849,Beauty Product 6849,9,78,14.22,28.61
6850,Category 28 Product 6850,28,445,9.81,22.2
6851,Category 49 Product 6851,49,181,36.33,59.43
6852,Category 46 Product 6852,46,62,15.3,27.27
6853,Category 36 Product 6853,36,215,48.24,106.48
6854,Category 48 Product 6854,48,430,128.68,243.29
6855,Category 48 Product 6855,48,222,28.44,57.31
6856,Office Product 6856,14,321,25.31,55.7
6857,Category 50 Product 6857,50,40,47.43,69.45
6858,Automotive Product 6858,13,414,94.87,234.95
6859,Category 22 Product 6859,22,291,38.19,87.32
6860,Category 33 Product 6860,33,396,30.43,49.57
6861,Beauty Product 6861,9,130,60.45,74.8
6862,Category 36 Product 6862,36,311,98.31,196.18
6863,Category 21 Product 6863,21,105,70.95,164.47
6864,Pet Supplies Product 6864,16,168,300.88,587.02
6865,Category 45 Product 6865,45,10,72.32,126.77
6866,Category 40 Product 6866,40,56,46.72,90.64
6867,Beauty Product 6867,9,212,16.76,30.1
6868,Category 47 Product 6868,47,56,16.63,34.07
6869,Category 34 Product 6869,34,282,23.99,37.27
6870,Category 27 Product 6870,27,421,2.28,2.94
6871,Category 43 Product 6871,43,458,211.92,500.7
6872,Music Product 6872,19,147,31.43,47.01
6873,Category 26 Product 6873,26,493,27.41,61.52
6874,Travel Product 6874,20,441,73.08,115.71
6875,Computers Product 6875,2,156,37.52,57.27
6876,Furniture Product 6876,5,341,18.7,31.77
6877,Category 40 Product 6877,40,84,4.86,11.58
6878,Category 23 Product 6878,23,33,29.83,66.89
6879,Category 46 Product 6879,46,127,42.3,58.94
6880,Category 26 Product 6880,26,356,83.55,179.11
6881,Shoes Product 6881,7,343,10.66,21.02
6882,Pet Supplies Product 6882,16,112,55.2,82.9
6883,Category 28 Product 6883,28,381,69.73,99.41
6884,Books Product 6884,10,450,15.38,24.06
6885,Category 22 Product 6885,22,322,61.2,108.53
6886,Category 45 Product 6886,45,428,17.39,32.73
6887,Category 39 Product 6887,39,147,25.37,50.8
6888,Category 43 Product 6888,43,355,29.24,46.87
6889,Electronics Product 6889,1,465,94.17,126.37
6890,Category 46 Product 6890,46,36,35.55,62.86
6891,Travel Product 6891,20,366,36.4,76.56
6892,Category 26 Product 6892,26,132,79.36,126.43
6893,Travel Product 6893,20,106,64.4,98.53
6894,Category 50 Product 6894,50,392,10.0,24.83
6895,Jewelry Product 6895,15,65,32.62,61.14
6896,Books Product 6896,10,151,34.54,42.6
6897,Category 33 Product 6897,33,36,29.89,55.95
6898,Category 31 Product 6898,31,360,104.01,199.96
6899,Category 45 Product 6899,45,83,74.28,137.87
6900,Shoes Product 6900,7,343,17.69,42.66
6901,Category 50 Product 6901,50,327,57.8,140.71
6902,Category 35 Product 6902,35,163,7.1,10.23
6903,Category 45 Product 6903,45,179,171.25,352.73
6904,Category 30 Product 6904,30,53,291.67,590.61
6905,Category 34 Product 6905,34,105,2.97,7.15
6906,Category 31 Product 6906,31,305,17.87,37.17
6907,Category 46 Product 6907,46,217,30.41,62.28
6908,Category 36 Product 6908,36,411,7.63,9.79
6909,Category 46 Product 6909,46,283,7.25,17.43
6910,Category 28 Product 6910,28,172,18.67,23.96
6911,Category 40 Product 6911,40,203,4.93,6.48
6912,Category 44 Product 6912,44,257,30.1,63.84
6913,Furniture Product 6913,5,185,29.59,61.69
6914,Category 48 Product 6914,48,277,21.51,42.17
6915,Beauty Product 6915,9,120,27.87,49.55
6916,Category 49 Product 6916,49,74,7.72,13.04
6917,Category 38 Product 6917,38,260,45.89,74.4
6918,Clothing Product 6918,6,104,73.32,154.49
6919,Category 32 Product 6919,32,422,15.17,31.33
6920,Category 22 Product 6920,22,287,163.38,201.41
6921,Health Product 6921,17,369,255.53,410.79
6922,Toys Product 6922,11,423,24.18,51.76
6923,Category 39 Product 6923,39,244,80.8,156.41
6924,Automotive Product 6924,13,285,304.35,611.06
6925,Beauty Product 6925,9,170,11.29,24.62
6926,Category 50 Product 6926,50,173,24.57,29.58
6927,Category 21 Product 6927,21,197,13.21,28.27
6928,Category 47 Product 6928,47,32,22.15,30.91
6929,Category 23 Product 6929,23,418,7.4,14.23
6930,Category 27 Product 6930,27,178,145.86,353.88
6931,Category 22 Product 6931,22,69,102.05,244.01
6932,Category 31 Product 6932,31,63,9.86,13.06
6933,Beauty Product 6933,9,97,12.12,18.32
6934,Toys Product 6934,11,473,44.2,108.99
6935,Category 46 Product 6935,46,219,19.33,31.73
6936,Beauty Product 6936,9,367,346.93,839.02
6937,Pet Supplies Product 6937,16,193,60.79,75.46
6938,Category 49 Product 6938,49,47,10.24,19.41
6939,Category 40 Product 6939,40,304,29.23,39.63
6940,Category 30 Product 6940,30,120,76.05,134.51
6941,Category 44 Product 6941,44,78,46.22,73.57
6942,Category 27 Product 6942,27,394,116.07,268.69
6943,Health Product 6943,17,170,49.38,96.85
6944,Category 45 Product 6944,45,5,8.09,13.35
6945,Category 41 Product 6945,41,335,22.11,33.62
6946,Music Product 6946,19,498,52.41,73.0
6947,Category 36 Product 6947,36,159,15.73,35.81
6948,Category 33 Product 6948,33,214,55.65,99.16
6949,Category 36 Product 6949,36,240,69.12,145.13
6950,Category 50 Product 6950,50,279,46.72,98.51
6951,Furniture Product 6951,5,172,29.02,43.78
6952,Furniture Product 6952,5,466,105.43,152.4
6953,Category 32 Product 6953,32,410,31.15,51.45
6954,Gaming Product 6954,18,79,19.09,34.18
6955,Toys Product 6955,11,280,73.24,92.86
6956,Category 41 Product 6956,41,429,101.08,239.71
6957,Category 35 Product 6957,35,401,93.54,120.95
6958,Category 37 Product 6958,37,499,64.78,156.86
6959,Category 26 Product 6959,26,406,32.7,55.58
6960,Category 31 Product 6960,31,378,8.22,10.87
6961,Category 45 Product 6961,45,277,53.3,68.53
6962,Category 35 Product 6962,35,399,58.5,115.75
6963,Category 29 Product 6963,29,233,46.24,60.02
6964,Category 24 Product 6964,24,114,21.21,48.69
6965,Category 28 Product 6965,28,181,17.7,32.48
6966,Category 23 Product 6966,23,457,43.03,56.01
6967,Health Product 6967,17,265,26.43,54.56
6968,Category 28 Product 6968,28,238,149.04,207.03
6969,Category 33 Product 6969,33,471,253.01,582.45
6970,Furniture Product 6970,5,124,100.18,161.53
6971,Category 32 Product 6971,32,382,25.09,53.8
6972,Category 40 Product 6972,40,448,72.22,95.12
6973,Category 41 Product 6973,41,163,13.02,17.35
6974,Toys Product 6974,11,33,26.44,56.44
6975,Category 29 Product 6975,29,58,23.64,35.44
6976,Category 43 Product 6976,43,148,44.33,61.55
6977,Category 27 Product 6977,27,274,68.71,165.34
6978,Category 40 Product 6978,40,356,18.79,43.26
6979,Category 39 Product 6979,39,464,8.85,17.34
6980,Category 29 Product 6980,29,354,36.62,46.35
6981,Category 21 Product 6981,21,137,11.17,18.75
6982,Category 47 Product 6982,47,190,82.54,202.86
6983,Category 49 Product 6983,49,167,14.11,22.23
6984,Electronics Product 6984,1,193,6.47,11.23
6985,Jewelry Product 6985,15,258,80.11,137.92
6986,Category 34 Product 6986,34,273,27.07,63.17
6987,Toys Product 6987,11,340,4.44,7.51
6988,Jewelry Product 6988,15,365,23.43,40.59
6989,Beauty Product 6989,9,321,17.72,34.34
6990,Computers Product 6990,2,160,27.09,56.48
6991,Toys Product 6991,11,8,42.66,101.45
6992,Sports Product 6992,8,162,27.55,67.18
6993,Category 44 Product 6993,44,153,109.47,265.86
6994,Jewelry Product 6994,15,170,15.8,32.78
6995,Category 43 Product 6995,43,240,97.48,154.79
6996,Garden Product 6996,12,349,140.96,240.0
6997,Electronics Product 6997,1,352,41.06,72.87
6998,Category 31 Product 6998,31,25,108.92,232.22
6999,Category 45 Product 6999,45,49,79.2,170.46
7000,Category 50 Product 7000,50,492,22.15,39.83
7001,Beauty Product 7001,9,152,21.34,29.63
7002,Office Product 7002,14,142,47.52,118.01
7003,Category 33 Product 7003,33,260,24.87,51.08
7004,Category 41 Product 7004,41,373,91.91,199.1
7005,Category 38 Product 7005,38,201,14.78,23.61
7006,Category 34 Product 7006,34,409,70.26,97.91
7007,Category 30 Product 7007,30,247,17.49,31.12
7008,Category 21 Product 7008,21,34,17.11,20.62
7009,Category 38 Product 7009,38,415,41.38,87.03
7010,Category 31 Product 7010,31,368,43.05,57.38
7011,Category 36 Product 7011,36,168,151.17,271.06
7012,Category 22 Product 7012,22,208,13.31,19.32
7013,Category 39 Product 7013,39,317,8.52,16.84
7014,Category 26 Product 7014,26,195,17.19,36.8
7015,Smartphones Product 7015,3,397,7.64,16.81
7016,Travel Product 7016,20,74,11.22,17.58
7017,Category 42 Product 7017,42,97,14.68,32.07
7018,Music Product 7018,19,417,20.77,36.44
7019,Category 50 Product 7019,50,102,58.93,88.07
7020,Sports Product 7020,8,386,5.77,10.12
7021,Toys Product 7021,11,400,22.03,31.38
7022,Category 36 Product 7022,36,151,70.45,133.37
7023,Category 30 Product 7023,30,394,19.43,34.37
7024,Category 39 Product 7024,39,490,116.74,160.67
7025,Category 29 Product 7025,29,438,102.05,141.82
7026,Category 23 Product 7026,23,244,111.11,203.91
7027,Furniture Product 7027,5,117,81.64,129.61
7028,Shoes Product 7028,7,286,15.02,35.98
7029,Category 29 Product 7029,29,376,40.1,64.11
7030,Category 48 Product 7030,48,301,32.07,60.18
7031,Category 47 Product 7031,47,107,23.83,35.26
7032,Category 42 Product 7032,42,28,14.12,28.97
7033,Office Product 7033,14,107,13.59,31.02
7034,Category 38 Product 7034,38,198,22.58,55.46
7035,Category 48 Product 7035,48,427,85.51,135.58
7036,Category 31 Product 7036,31,186,50.81,100.07
7037,Category 38 Product 7037,38,340,110.71,211.33
7038,Category 41 Product 7038,41,391,47.69,112.86
7039,Category 50 Product 7039,50,364,18.19,36.79
7040,Smartphones Product 7040,3,359,29.09,60.19
7041,Category 21 Product 7041,21,150,26.2,60.91
7042,Beauty Product 7042,9,370,31.68,50.98
7043,Category 36 Product 7043,36,239,13.76,28.07
7044,Category 43 Product 7044,43,270,51.13,114.77
7045,Gaming Product 7045,18,300,25.14,31.11
7046,Computers Product 7046,2,381,67.17,110.7
7047,Category 38 Product 7047,38,238,29.51,44.52
7048,Category 24 Product 7048,24,496,28.55,51.91
7049,Category 29 Product 7049,29,378,28.58,35.13
7050,Home Appliances Product 7050,4,43,13.09,29.51
7051,Category 39 Product 7051,39,33,54.01,100.04
7052,Category 43 Product 7052,43,438,67.44,152.25
7053,Category 30 Product 7053,30,129,49.65,69.56
7054,Category 40 Product 7054,40,299,18.55,39.79
7055,Category 24 Product 7055,24,345,5.44,11.96
7056,Clothing Product 7056,6,46,26.34,58.55
7057,Category 29 Product 7057,29,206,22.1,33.04
7058,Office Product 7058,14,98,30.59,49.11
7059,Books Product 7059,10,4,48.24,59.21
7060,Category 25 Product 7060,25,436,5.48,8.93
7061,Electronics Product 7061,1,362,78.0,103.46
7062,Books Product 7062,10,106,27.88,56.9
7063,Smartphones Product 7063,3,315,18.88,26.15
7064,Toys Product 7064,11,302,73.3,100.23
7065,Garden Product 7065,12,285,8.46,14.7
7066,Category 29 Product 7066,29,3,48.05,93.5
7067,Category 47 Product 7067,47,421,164.49,225.09
7068,Category 36 Product 7068,36,371,15.38,18.99
7069,Category 46 Product 7069,46,406,66.12,124.51
7070,Music Product 7070,19,328,10.65,17.44
7071,Category 30 Product 7071,30,291,104.14,182.16
7072,Office Product 7072,14,266,13.3,27.39
7073,Category 34 Product 7073,34,51,57.46,75.99
7074,Category 26 Product 7074,26,455,25.17,56.22
7075,Computers Product 7075,2,12,38.44,52.49
7076,Toys Product 7076,11,288,10.72,18.89
7077,Category 45 Product 7077,45,463,24.28,47.01
7078,Sports Product 7078,8,17,42.22,71.64
7079,Smartphones Product 7079,3,425,45.05,111.74
7080,Category 49 Product 7080,49,318,27.72,33.53
7081,Category 29 Product 7081,29,254,45.27,63.65
7082,Music Product 7082,19,151,6.04,8.63
7083,Category 35 Product 7083,35,270,54.22,77.02
7084,Garden Product 7084,12,235,18.14,33.75
7085,Automotive Product 7085,13,268,82.75,129.05
7086,Category 41 Product 7086,41,419,29.57,41.77
7087,Category 38 Product 7087,38,474,31.75,55.49
7088,Jewelry Product 7088,15,70,20.8,36.88
7089,Category 50 Product 7089,50,454,69.13,103.45
7090,Garden Product 7090,12,201,17.78,28.32
7091,Category 38 Product 7091,38,465,31.39,65.56
7092,Toys Product 7092,11,326,17.85,35.95
7093,Category 43 Product 7093,43,28,26.3,36.76
7094,Smartphones Product 7094,3,348,16.81,35.65
7095,Category 41 Product 7095,41,47,18.57,30.28
7096,Category 38 Product 7096,38,185,29.24,48.72
7097,Jewelry Product 7097,15,412,72.48,143.86
7098,Category 32 Product 7098,32,478,10.31,14.2
7099,Category 46 Product 7099,46,472,84.47,111.92
7100,Category 27 Product 7100,27,341,73.96,130.95
7101,Category 26 Product 7101,26,95,222.74,440.94
7102,Pet Supplies Product 7102,16,390,2.06,2.52
7103,Category 41 Product 7103,41,160,21.62,45.68
7104,Beauty Product 7104,9,311,15.26,30.49
7105,Category 28 Product 7105,28,174,44.74,91.5
7106,Category 34 Product 7106,34,405,10.05,21.27
7107,Category 34 Product 7107,34,44,53.54,103.41
7108,Travel Product 7108,20,181,12.21,18.28
7109,Category 32 Product 7109,32,223,23.32,33.53
7110,Travel Product 7110,20,8,51.97,128.29
7111,Category 48 Product 7111,48,407,9.32,11.79
7112,Category 30 Product 7112,30,51,15.3,20.22
7113,Category 32 Product 7113,32,184,23.86,47.78
7114,Category 45 Product 7114,45,190,401.73,575.24
7115,Category 41 Product 7115,41,155,65.27,133.46
7116,Category 34 Product 7116,34,436,34.57,45.65
7117,Category 47 Product 7117,47,382,106.58,183.27
7118,Category 47 Product 7118,47,86,22.38,34.71
7119,Travel Product 7119,20,272,46.31,98.68
7120,Gaming Product 7120,18,37,25.89,41.63
7121,Category 33 Product 7121,33,131,30.77,42.18
7122,Category 27 Product 7122,27,388,37.84,67.07
7123,Electronics Product 7123,1,260,100.47,222.11
7124,Category 21 Product 7124,21,334,28.75,66.28
7125,Pet Supplies Product 7125,16,483,13.32,24.33
7126,Category 38 Product 7126,38,173,42.91,66.28
7127,Category 26 Product 7127,26,158,44.19,80.73
7128,Category 44 Product 7128,44,395,7.31,9.09
7129,Category 35 Product 7129,35,178,31.46,45.55
7130,Gaming Product 7130,18,373,57.84,139.26
7131,Pet Supplies Product 7131,16,327,35.66,46.04
7132,Category 21 Product 7132,21,195,87.96,133.37
7133,Toys Product 7133,11,150,58.15,132.62
7134,Books Product 7134,10,51,9.75,20.01
7135,Category 41 Product 7135,41,20,85.62,196.5
7136,Office Product 7136,14,62,63.19,155.42
7137,Clothing Product 7137,6,98,9.89,19.27
7138,Category 38 Product 7138,38,143,66.16,101.64
7139,Beauty Product 7139,9,236,113.4,175.81
7140,Gaming Product 7140,18,4,57.29,86.53
7141,Travel Product 7141,20,13,19.56,42.96
7142,Category 43 Product 7142,43,404,31.53,71.3
7143,Shoes Product 7143,7,317,202.0,339.46
7144,Category 30 Product 7144,30,355,2.67,6.09
7145,Category 37 Product 7145,37,10,13.8,34.47
7146,Category 34 Product 7146,34,44,25.55,34.0
7147,Category 31 Product 7147,31,476,5.17,7.31
7148,Computers Product 7148,2,114,74.35,154.02
7149,Category 34 Product 7149,34,311,39.15,54.03
7150,Category 21 Product 7150,21,428,29.89,48.0
7151,Computers Product 7151,2,277,96.15,163.13
7152,Category 28 Product 7152,28,158,15.92,39.2
7153,Computers Product 7153,2,314,22.4,47.95
7154,Music Product 7154,19,25,17.75,37.0
7155,Travel Product 7155,20,262,15.09,18.81
7156,Books Product 7156,10,289,26.7,46.43
7157,Music Product 7157,19,194,143.52,231.51
7158,Category 21 Product 7158,21,315,49.7,116.87
7159,Office Product 7159,14,287,92.57,206.64
7160,Category 37 Product 7160,37,424,89.35,155.6
7161,Category 47 Product 7161,47,276,106.39,237.61
7162,Category 34 Product 7162,34,445,27.61,68.74
7163,Category 21 Product 7163,21,323,59.6,118.81
7164,Category 41 Product 7164,41,490,22.42,35.52
7165,Category 30 Product 7165,30,45,68.64,89.08
7166,Music Product 7166,19,94,24.89,42.15
7167,Travel Product 7167,20,23,119.35,228.3
7168,Office Product 7168,14,262,107.6,258.97
7169,Home Appliances Product 7169,4,397,7.93,9.53
7170,Category 38 Product 7170,38,221,21.65,47.27
7171,Category 34 Product 7171,34,110,30.8,41.64
7172,Jewelry Product 7172,15,319,18.38,26.5
7173,Category 39 Product 7173,39,405,112.71,263.95
7174,Automotive Product 7174,13,2,134.05,217.93
7175,Shoes Product 7175,7,105,31.49,58.6
7176,Category 27 Product 7176,27,136,12.69,26.6
7177,Category 23 Product 7177,23,73,32.56,44.46
7178,Category 34 Product 7178,34,437,105.48,157.17
7179,Books Product 7179,10,408,12.38,28.83
7180,Music Product 7180,19,159,11.55,22.53
7181,Category 28 Product 7181,28,500,49.13,70.5
7182,Pet Supplies Product 7182,16,452,30.49,69.09
7183,Category 32 Product 7183,32,195,26.08,53.3
7184,Smartphones Product 7184,3,467,182.76,420.93
7185,Category 34 Product 7185,34,482,30.3,48.45
7186,Category 43 Product 7186,43,112,23.22,39.7
7187,Books Product 7187,10,318,157.47,324.8
7188,Category 48 Product 7188,48,390,10.2,18.12
7189,Category 35 Product 7189,35,354,89.2,159.93
7190,Jewelry Product 7190,15,229,97.14,235.14
7191,Jewelry Product 7191,15,451,34.93,59.76
7192,Category 48 Product 7192,48,92,117.47,213.17
7193,Category 43 Product 7193,43,110,12.39,23.4
7194,Category 38 Product 7194,38,316,21.39,42.1
7195,Travel Product 7195,20,458,40.52,55.52
7196,Category 48 Product 7196,48,19,46.79,95.25
7197,Category 45 Product 7197,45,426,81.61,134.55
7198,Garden Product 7198,12,463,20.49,38.89
7199,Toys Product 7199,11,340,50.97,83.12
7200,Category 44 Product 7200,44,233,28.11,50.67
7201,Books Product 7201,10,39,13.88,23.05
7202,Category 22 Product 7202,22,470,48.9,77.35
7203,Music Product 7203,19,407,10.88,19.93
7204,Home Appliances Product 7204,4,176,195.92,421.22
7205,Category 28 Product 7205,28,293,63.68,145.18
7206,Category 37 Product 7206,37,449,21.5,28.06
7207,Category 36 Product 7207,36,428,53.56,71.93
7208,Category 41 Product 7208,41,339,37.8,68.03
7209,Category 49 Product 7209,49,191,31.19,55.13
7210,Travel Product 7210,20,451,32.2,73.3
7211,Category 34 Product 7211,34,500,28.95,69.12
7212,Electronics Product 7212,1,163,18.25,42.57
7213,Category 32 Product 7213,32,239,75.25,115.86
7214,Jewelry Product 7214,15,276,33.4,40.45
7215,Category 26 Product 7215,26,452,12.52,18.7
7216,Jewelry Product 7216,15,5,31.27,57.1
7217,Category 22 Product 7217,22,278,72.64,106.46
7218,Category 23 Product 7218,23,476,112.52,212.96
7219,Category 36 Product 7219,36,229,120.27,209.57
7220,Category 45 Product 7220,45,24,8.36,16.19
7221,Category 24 Product 7221,24,5,30.48,44.35
7222,Category 33 Product 7222,33,186,20.74,48.41
7223,Category 34 Product 7223,34,350,34.79,58.36
7224,Category 27 Product 7224,27,187,32.72,59.41
7225,Electronics Product 7225,1,76,113.27,160.26
7226,Category 23 Product 7226,23,435,79.41,150.74
7227,Travel Product 7227,20,191,32.26,57.62
7228,Garden Product 7228,12,433,4.9,11.38
7229,Smartphones Product 7229,3,167,25.03,37.55
7230,Clothing Product 7230,6,420,7.83,12.84
7231,Jewelry Product 7231,15,497,12.33,24.04
7232,Category 44 Product 7232,44,381,19.38,38.85
7233,Category 24 Product 7233,24,199,10.93,26.31
7234,Electronics Product 7234,1,404,15.49,33.82
7235,Category 38 Product 7235,38,290,108.23,178.06
7236,Category 38 Product 7236,38,223,68.61,151.52
7237,Automotive Product 7237,13,428,3.12,7.79
7238,Travel Product 7238,20,480,10.15,19.5
7239,Travel Product 7239,20,105,18.37,25.81
7240,Garden Product 7240,12,137,75.92,118.87
7241,Jewelry Product 7241,15,44,18.54,25.28
7242,Category 44 Product 7242,44,396,10.64,17.51
7243,Sports Product 7243,8,139,85.56,119.22
7244,Books Product 7244,10,112,40.98,94.29
7245,Category 29 Product 7245,29,431,84.62,134.11
7246,Category 36 Product 7246,36,130,60.78,111.09
7247,Category 27 Product 7247,27,259,18.52,42.22
7248,Category 40 Product 7248,40,357,12.67,18.25
7249,Category 25 Product 7249,25,91,2.33,4.42
7250,Electronics Product 7250,1,174,35.01,66.2
7251,Books Product 7251,10,113,21.4,38.77
7252,Gaming Product 7252,18,430,11.64,22.27
7253,Beauty Product 7253,9,193,24.74,47.66
7254,Beauty Product 7254,9,125,64.91,99.23
7255,Gaming Product 7255,18,365,16.88,27.51
7256,Category 34 Product 7256,34,344,125.22,220.36
7257,Category 22 Product 7257,22,358,42.16,82.96
7258,Category 33 Product 7258,33,490,35.4,80.87
7259,Category 39 Product 7259,39,262,14.03,27.18
7260,Category 35 Product 7260,35,396,195.92,291.44
7261,Category 29 Product 7261,29,213,43.66,104.49
7262,Category 30 Product 7262,30,356,37.23,56.65
7263,Category 37 Product 7263,37,410,19.91,38.51
7264,Home Appliances Product 7264,4,349,91.73,157.88
7265,Category 44 Product 7265,44,191,21.5,50.93
7266,Travel Product 7266,20,279,44.23,79.35
7267,Jewelry Product 7267,15,21,17.23,35.93
7268,Category 47 Product 7268,47,162,43.75,94.17
7269,Electronics Product 7269,1,179,19.68,47.41
7270,Category 45 Product 7270,45,33,21.44,49.77
7271,Furniture Product 7271,5,294,76.78,151.78
7272,Smartphones Product 7272,3,308,14.9,35.14
7273,Category 28 Product 7273,28,151,29.04,39.69
7274,Category 41 Product 7274,41,361,78.16,154.9
7275,Category 50 Product 7275,50,413,88.48,183.87
7276,Category 39 Product 7276,39,424,105.15,188.63
7277,Category 24 Product 7277,24,134,39.79,57.07
7278,Category 32 Product 7278,32,174,53.13,88.48
7279,Category 28 Product 7279,28,417,74.31,132.92
7280,Category 26 Product 7280,26,167,19.08,23.16
7281,Category 36 Product 7281,36,34,214.33,511.47
7282,Gaming Product 7282,18,371,46.02,81.59
7283,Category 41 Product 7283,41,322,43.02,61.71
7284,Category 27 Product 7284,27,194,67.99,110.59
7285,Category 34 Product 7285,34,446,42.16,81.52
7286,Travel Product 7286,20,180,9.05,13.78
7287,Category 45 Product 7287,45,289,7.82,13.59
7288,Category 43 Product 7288,43,455,36.26,66.05
7289,Jewelry Product 7289,15,320,66.42,154.49
7290,Category 30 Product 7290,30,7,29.64,61.49
7291,Category 50 Product 7291,50,370,12.73,15.86
7292,Category 34 Product 7292,34,13,17.19,32.67
7293,Category 25 Product 7293,25,169,43.08,106.24
7294,Jewelry Product 7294,15,3,30.12,57.68
7295,Category 46 Product 7295,46,342,33.72,41.54
7296,Sports Product 7296,8,354,28.67,46.34
7297,Category 25 Product 7297,25,252,35.87,84.01
7298,Clothing Product 7298,6,98,44.46,105.19
7299,Category 30 Product 7299,30,123,20.17,48.2
7300,Category 49 Product 7300,49,302,26.71,35.18
7301,Office Product 7301,14,68,9.29,18.97
7302,Category 49 Product 7302,49,260,11.98,21.91
7303,Category 38 Product 7303,38,262,94.87,148.66
7304,Category 47 Product 7304,47,73,11.09,27.48
7305,Category 34 Product 7305,34,383,6.71,11.12
7306,Category 50 Product 7306,50,496,14.52,24.65
7307,Category 26 Product 7307,26,444,39.26,98.11
7308,Category 25 Product 7308,25,266,8.23,14.92
7309,Toys Product 7309,11,154,20.35,49.62
7310,Category 39 Product 7310,39,232,7.03,13.3
7311,Travel Product 7311,20,147,223.81,327.17
7312,Category 48 Product 7312,48,8,95.38,217.84
7313,Category 24 Product 7313,24,392,11.17,19.13
7314,Category 29 Product 7314,29,485,80.3,185.49
7315,Beauty Product 7315,9,456,67.61,124.62
7316,Category 46 Product 7316,46,293,69.34,162.77
7317,Category 26 Product 7317,26,331,3.42,7.13
7318,Category 48 Product 7318,48,246,50.99,101.9
7319,Category 28 Product 7319,28,97,23.8,51.03
7320,Category 48 Product 7320,48,204,40.0,74.83
7321,Toys Product 7321,11,80,11.48,18.03
7322,Gaming Product 7322,18,424,34.96,72.55
7323,Category 35 Product 7323,35,71,46.85,97.61
7324,Category 33 Product 7324,33,235,11.02,13.7
7325,Automotive Product 7325,13,336,44.31,106.23
7326,Computers Product 7326,2,437,65.13,159.88
7327,Clothing Product 7327,6,213,164.81,198.44
7328,Electronics Product 7328,1,417,159.44,297.27
7329,Category 34 Product 7329,34,49,134.66,305.53
7330,Furniture Product 7330,5,464,39.87,98.36
7331,Category 43 Product 7331,43,332,12.11,21.3
7332,Sports Product 7332,8,473,77.41,114.45
7333,Category 26 Product 7333,26,75,10.99,24.73
7334,Electronics Product 7334,1,342,4.91,6.81
7335,Category 31 Product 7335,31,126,3.94,8.11
7336,Category 24 Product 7336,24,500,75.39,153.34
7337,Category 32 Product 7337,32,352,52.35,129.93
7338,Health Product 7338,17,77,15.54,26.91
7339,Category 34 Product 7339,34,440,12.72,31.44
7340,Category 24 Product 7340,24,100,41.64,55.7
7341,Gaming Product 7341,18,391,14.11,33.05
7342,Automotive Product 7342,13,386,39.23,72.11
7343,Category 29 Product 7343,29,347,100.43,228.04
7344,Home Appliances Product 7344,4,317,22.9,31.11
7345,Sports Product 7345,8,100,18.65,39.05
7346,Category 45 Product 7346,45,203,25.07,38.17
7347,Computers Product 7347,2,66,17.9,25.08
7348,Automotive Product 7348,13,378,32.58,59.67
7349,Category 48 Product 7349,48,368,35.97,43.23
7350,Category 31 Product 7350,31,262,50.71,106.8
7351,Electronics Product 7351,1,342,188.57,308.02
7352,Category 36 Product 7352,36,302,14.08,23.99
7353,Garden Product 7353,12,369,53.11,79.96
7354,Gaming Product 7354,18,237,13.18,26.58
7355,Category 49 Product 7355,49,183,257.97,358.51
7356,Jewelry Product 7356,15,69,29.41,44.09
7357,Category 45 Product 7357,45,465,21.97,54.69
7358,Category 46 Product 7358,46,475,15.65,29.54
7359,Category 26 Product 7359,26,109,108.52,271.22
7360,Gaming Product 7360,18,327,48.89,68.99
7361,Shoes Product 7361,7,380,18.37,44.42
7362,Category 33 Product 7362,33,286,35.72,71.51
7363,Category 46 Product 7363,46,484,13.59,25.88
7364,Category 33 Product 7364,33,63,30.41,69.09
7365,Category 40 Product 7365,40,173,41.41,54.8
7366,Jewelry Product 7366,15,121,22.65,53.37
7367,Category 44 Product 7367,44,499,45.99,75.85
7368,Jewelry Product 7368,15,80,45.32,86.94
7369,Travel Product 7369,20,113,37.04,83.79
7370,Category 40 Product 7370,40,148,37.09,75.69
7371,Toys Product 7371,11,130,26.62,65.79
7372,Category 39 Product 7372,39,99,23.41,44.23
7373,Furniture Product 7373,5,64,78.63,115.74
7374,Automotive Product 7374,13,24,26.15,48.4
7375,Home Appliances Product 7375,4,239,43.72,81.09
7376,Beauty Product 7376,9,282,75.2,92.18
7377,Category 42 Product 7377,42,165,95.63,218.21
7378,Music Product 7378,19,279,6.6,8.24
7379,Garden Product 7379,12,39,38.29,78.33
7380,Category 42 Product 7380,42,335,101.82,144.55
7381,Sports Product 7381,8,473,69.76,107.31
7382,Gaming Product 7382,18,474,28.67,62.52
7383,Category 31 Product 7383,31,79,19.32,29.67
7384,Gaming Product 7384,18,352,8.05,17.68
7385,Jewelry Product 7385,15,236,54.04,107.15
7386,Office Product 7386,14,339,14.19,29.09
7387,Pet Supplies Product 7387,16,393,8.84,13.52
7388,Automotive Product 7388,13,195,33.24,71.38
7389,Category 28 Product 7389,28,4,30.38,58.38
7390,Beauty Product 7390,9,275,23.47,54.05
7391,Toys Product 7391,11,13,74.03,170.57
7392,Category 48 Product 7392,48,475,261.05,409.67
7393,Office Product 7393,14,150,68.1,98.64
7394,Category 26 Product 7394,26,117,14.64,33.54
7395,Garden Product 7395,12,464,3.9,7.17
7396,Category 28 Product 7396,28,124,85.3,109.4
7397,Category 44 Product 7397,44,4,79.64,100.54
7398,Category 24 Product 7398,24,184,14.27,22.2
7399,Category 31 Product 7399,31,83,59.56,72.98
7400,Category 45 Product 7400,45,216,7.8,10.36
7401,Health Product 7401,17,399,16.56,40.32
7402,Toys Product 7402,11,344,5.0,6.46
7403,Category 21 Product 7403,21,427,58.72,98.56
7404,Category 28 Product 7404,28,221,57.23,92.5
7405,Category 40 Product 7405,40,355,36.95,69.74
7406,Category 46 Product 7406,46,220,52.33,98.83
7407,Category 40 Product 7407,40,6,9.64,13.13
7408,Category 48 Product 7408,48,435,57.23,81.25
7409,Jewelry Product 7409,15,255,15.16,27.15
7410,Category 21 Product 7410,21,446,17.35,20.82
7411,Category 44 Product 7411,44,322,89.37,190.35
7412,Category 35 Product 7412,35,283,2.86,5.31
7413,Clothing Product 7413,6,71,4.21,7.07
7414,Category 36 Product 7414,36,422,19.32,40.5
7415,Music Product 7415,19,371,150.49,228.14
7416,Beauty Product 7416,9,13,23.15,51.51
7417,Category 25 Product 7417,25,5,18.94,27.4
7418,Category 22 Product 7418,22,385,99.31,230.92
7419,Category 49 Product 7419,49,451,46.89,71.74
7420,Electronics Product 7420,1,233,16.86,32.04
7421,Category 29 Product 7421,29,490,13.81,29.83
7422,Category 45 Product 7422,45,35,73.6,139.64
7423,Category 23 Product 7423,23,235,19.35,27.82
7424,Category 31 Product 7424,31,199,10.49,16.36
7425,Category 38 Product 7425,38,313,4.29,10.13
7426,Beauty Product 7426,9,141,91.41,207.14
7427,Category 38 Product 7427,38,21,7.0,12.25
7428,Beauty Product 7428,9,271,125.51,178.82
7429,Shoes Product 7429,7,259,18.2,33.48
7430,Garden Product 7430,12,34,25.66,36.83
7431,Category 50 Product 7431,50,355,29.75,59.05
7432,Automotive Product 7432,13,376,16.55,31.02
7433,Gaming Product 7433,18,111,103.46,257.71
7434,Pet Supplies Product 7434,16,145,36.55,68.66
7435,Category 26 Product 7435,26,258,206.84,264.45
7436,Category 37 Product 7436,37,162,62.62,88.13
7437,Category 39 Product 7437,39,29,16.2,30.64
7438,Health Product 7438,17,203,55.01,77.77
7439,Category 35 Product 7439,35,474,14.38,29.59
7440,Garden Product 7440,12,239,326.83,773.07
7441,Category 42 Product 7441,42,432,17.37,25.06
7442,Sports Product 7442,8,285,7.28,13.95
7443,Category 31 Product 7443,31,141,21.48,44.8
7444,Category 42 Product 7444,42,3,50.54,119.87
7445,Category 33 Product 7445,33,34,1.98,3.67
7446,Travel Product 7446,20,138,46.25,56.53
7447,Category 45 Product 7447,45,496,143.42,199.72
7448,Pet Supplies Product 7448,16,137,20.29,36.03
7449,Garden Product 7449,12,196,17.13,34.1
7450,Category 44 Product 7450,44,189,32.86,42.75
7451,Sports Product 7451,8,442,21.43,31.51
7452,Category 43 Product 7452,43,265,12.67,15.51
7453,Category 32 Product 7453,32,219,100.38,127.35
7454,Beauty Product 7454,9,2,29.62,45.47
7455,Category 46 Product 7455,46,198,11.0,24.66
7456,Category 24 Product 7456,24,158,19.81,32.78
7457,Category 47 Product 7457,47,36,28.7,71.35
7458,Category 32 Product 7458,32,145,31.99,48.55
7459,Category 26 Product 7459,26,457,33.35,80.76
7460,Pet Supplies Product 7460,16,497,9.66,19.85
7461,Category 21 Product 7461,21,24,29.5,52.95
7462,Category 31 Product 7462,31,498,128.78,256.48
7463,Category 35 Product 7463,35,8,9.56,23.74
7464,Office Product 7464,14,22,36.24,50.49
7465,Shoes Product 7465,7,459,118.59,185.02
7466,Home Appliances Product 7466,4,208,26.03,41.29
7467,Category 33 Product 7467,33,141,84.39,114.58
7468,Automotive Product 7468,13,35,75.57,133.64
7469,Category 30 Product 7469,30,368,12.49,30.88
7470,Computers Product 7470,2,377,61.57,102.98
7471,Books Product 7471,10,24,33.72,45.92
7472,Category 32 Product 7472,32,222,7.27,11.26
7473,Home Appliances Product 7473,4,295,19.45,39.18
7474,Category 25 Product 7474,25,500,8.41,20.72
7475,Category 25 Product 7475,25,249,32.38,53.4
7476,Category 46 Product 7476,46,345,90.99,120.75
7477,Computers Product 7477,2,202,22.81,51.18
7478,Smartphones Product 7478,3,453,31.38,70.24
7479,Automotive Product 7479,13,379,46.27,87.04
7480,Category 34 Product 7480,34,157,35.37,85.62
7481,Sports Product 7481,8,386,66.81,80.35
7482,Category 27 Product 7482,27,473,82.79,198.92
7483,Category 33 Product 7483,33,486,52.25,93.12
7484,Computers Product 7484,2,322,4.35,5.68
7485,Category 27 Product 7485,27,86,25.78,34.38
7486,Category 50 Product 7486,50,252,70.77,121.79
7487,Category 23 Product 7487,23,69,28.98,57.17
7488,Category 43 Product 7488,43,21,21.53,46.2
7489,Category 47 Product 7489,47,369,15.05,37.03
7490,Health Product 7490,17,282,96.91,195.67
7491,Category 37 Product 7491,37,360,186.77,341.5
7492,Beauty Product 7492,9,474,37.37,60.82
7493,Category 34 Product 7493,34,398,9.6,18.0
7494,Category 48 Product 7494,48,427,31.29,38.55
7495,Category 41 Product 7495,41,236,102.95,243.01
7496,Electronics Product 7496,1,488,83.99,133.01
7497,Automotive Product 7497,13,453,20.46,39.31
7498,Category 24 Product 7498,24,212,22.56,28.67
7499,Category 37 Product 7499,37,468,103.84,192.63
7500,Furniture Product 7500,5,98,76.04,136.1
7501,Category 39 Product 7501,39,302,109.84,148.71
7502,Category 48 Product 7502,48,462,29.51,52.17
7503,Electronics Product 7503,1,442,73.91,156.77
7504,Travel Product 7504,20,170,26.02,37.02
7505,Pet Supplies Product 7505,16,105,87.96,108.15
7506,Category 43 Product 7506,43,233,12.22,28.45
7507,Category 30 Product 7507,30,485,13.01,32.49
7508,Toys Product 7508,11,12,16.95,24.63
7509,Category 28 Product 7509,28,247,203.72,417.8
7510,Category 47 Product 7510,47,152,63.27,92.65
7511,Pet Supplies Product 7511,16,80,8.83,11.61
7512,Category 26 Product 7512,26,450,65.94,144.27
7513,Computers Product 7513,2,498,12.94,25.05
7514,Category 49 Product 7514,49,496,19.73,47.99
7515,Category 30 Product 7515,30,460,10.67,15.43
7516,Category 46 Product 7516,46,457,25.84,45.63
7517,Category 32 Product 7517,32,87,5.47,11.39
7518,Furniture Product 7518,5,87,42.16,99.38
7519,Jewelry Product 7519,15,32,22.29,51.35
7520,Category 33 Product 7520,33,456,6.66,8.58
7521,Category 39 Product 7521,39,480,104.7,202.76
7522,Toys Product 7522,11,347,56.41,138.32
7523,Automotive Product 7523,13,147,76.19,189.83
7524,Health Product 7524,17,446,27.66,65.28
7525,Category 42 Product 7525,42,386,46.21,65.16
7526,Category 33 Product 7526,33,382,13.79,24.6
7527,Gaming Product 7527,18,68,144.58,259.67
7528,Electronics Product 7528,1,70,273.0,509.79
7529,Category 48 Product 7529,48,307,10.44,25.54
7530,Category 22 Product 7530,22,135,42.93,96.58
7531,Jewelry Product 7531,15,211,98.77,132.66
7532,Home Appliances Product 7532,4,110,103.58,134.62
7533,Category 25 Product 7533,25,156,57.64,80.98
7534,Music Product 7534,19,234,14.66,30.27
7535,Travel Product 7535,20,167,261.23,313.54
7536,Category 41 Product 7536,41,494,28.86,48.88
7537,Category 48 Product 7537,48,433,61.58,127.06
7538,Electronics Product 7538,1,325,1.38,2.64
7539,Travel Product 7539,20,46,9.51,22.91
7540,Category 33 Product 7540,33,496,8.92,15.88
7541,Category 32 Product 7541,32,54,64.83,144.47
7542,Furniture Product 7542,5,8,17.43,31.47
7543,Books Product 7543,10,238,57.97,116.85
7544,Category 28 Product 7544,28,56,64.63,139.34
7545,Category 46 Product 7545,46,308,93.24,184.08
7546,Category 39 Product 7546,39,293,23.5,30.49
7547,Category 29 Product 7547,29,260,20.46,43.12
7548,Category 32 Product 7548,32,157,63.66,115.95
7549,Category 28 Product 7549,28,85,3.14,3.79
7550,Category 37 Product 7550,37,321,90.47,158.96
7551,Electronics Product 7551,1,109,22.24,42.05
7552,Category 31 Product 7552,31,14,31.47,54.15
7553,Category 22 Product 7553,22,51,30.87,59.8
7554,Home Appliances Product 7554,4,158,47.45,86.52
7555,Category 49 Product 7555,49,415,96.93,224.77
7556,Health Product 7556,17,316,74.46,97.37
7557,Category 36 Product 7557,36,87,12.55,26.52
7558,Category 22 Product 7558,22,298,63.45,140.75
7559,Travel Product 7559,20,270,39.46,89.05
7560,Sports Product 7560,8,477,47.08,61.78
7561,Category 48 Product 7561,48,146,93.75,200.12
7562,Category 30 Product 7562,30,342,118.69,183.36
7563,Category 29 Product 7563,29,198,86.7,141.49
7564,Music Product 7564,19,173,19.07,46.82
7565,Toys Product 7565,11,425,27.37,64.0
7566,Category 26 Product 7566,26,325,20.63,29.93
7567,Category 26 Product 7567,26,327,42.56,57.75
7568,Pet Supplies Product 7568,16,479,321.54,393.97
7569,Computers Product 7569,2,113,40.68,70.75
7570,Category 47 Product 7570,47,138,43.46,75.14
7571,Category 24 Product 7571,24,126,23.1,30.06
7572,Category 41 Product 7572,41,265,23.81,36.32
7573,Category 45 Product 7573,45,233,21.55,46.32
7574,Category 35 Product 7574,35,483,221.62,550.61
7575,Category 47 Product 7575,47,453,6.26,10.27
7576,Category 29 Product 7576,29,245,43.23,71.08
7577,Furniture Product 7577,5,77,86.73,180.18
7578,Category 49 Product 7578,49,254,15.23,22.74
7579,Category 50 Product 7579,50,9,25.1,47.77
7580,Category 39 Product 7580,39,307,654.74,817.25
7581,Category 28 Product 7581,28,281,15.4,28.32
7582,Category 38 Product 7582,38,342,78.34,149.4
7583,Category 43 Product 7583,43,88,36.22,84.98
7584,Category 25 Product 7584,25,474,20.32,45.04
7585,Category 34 Product 7585,34,397,6.61,15.85
7586,Category 36 Product 7586,36,447,6.12,12.61
7587,Jewelry Product 7587,15,382,307.07,649.17
7588,Category 22 Product 7588,22,449,26.24,43.7
7589,Category 33 Product 7589,33,367,94.0,188.51
7590,Category 23 Product 7590,23,450,31.53,56.89
7591,Beauty Product 7591,9,4,45.83,77.43
7592,Sports Product 7592,8,155,16.5,35.8
7593,Category 35 Product 7593,35,189,4.54,10.03
7594,Gaming Product 7594,18,463,36.73,88.8
7595,Computers Product 7595,2,351,13.95,21.04
7596,Books Product 7596,10,445,7.79,17.26
7597,Category 21 Product 7597,21,190,42.24,79.62
7598,Category 30 Product 7598,30,398,132.97,298.95
7599,Category 46 Product 7599,46,375,4.86,11.17
7600,Garden Product 7600,12,453,19.54,43.35
7601,Category 22 Product 7601,22,12,8.67,20.16
7602,Category 26 Product 7602,26,336,79.01,129.95
7603,Category 46 Product 7603,46,336,75.22,119.48
7604,Automotive Product 7604,13,227,61.19,109.82
7605,Shoes Product 7605,7,457,29.3,35.97
7606,Category 42 Product 7606,42,375,4.68,11.64
7607,Office Product 7607,14,37,11.69,26.59
7608,Music Product 7608,19,472,305.14,703.03
7609,Category 47 Product 7609,47,331,41.55,103.57
7610,Category 40 Product 7610,40,404,28.0,40.52
7611,Category 40 Product 7611,40,335,314.77,714.55
7612,Category 48 Product 7612,48,50,13.69,18.39
7613,Office Product 7613,14,488,32.88,69.59
7614,Smartphones Product 7614,3,103,26.71,59.15
7615,Pet Supplies Product 7615,16,159,158.84,231.4
7616,Category 34 Product 7616,34,146,62.53,130.5
7617,Home Appliances Product 7617,4,128,5.92,7.35
7618,Category 46 Product 7618,46,3,36.4,49.9
7619,Furniture Product 7619,5,98,53.69,66.33
7620,Shoes Product 7620,7,207,22.22,29.25
7621,Music Product 7621,19,81,19.62,46.79
7622,Shoes Product 7622,7,411,24.75,36.22
7623,Smartphones Product 7623,3,500,33.91,63.69
7624,Electronics Product 7624,1,225,28.98,66.53
7625,Category 26 Product 7625,26,359,11.21,14.81
7626,Category 30 Product 7626,30,94,96.2,142.69
7627,Category 39 Product 7627,39,80,233.05,427.34
7628,Category 36 Product 7628,36,259,45.82,103.47
7629,Office Product 7629,14,378,61.81,118.41
7630,Category 26 Product 7630,26,184,24.11,46.96
7631,Music Product 7631,19,75,20.69,45.72
7632,Garden Product 7632,12,31,150.19,234.29
7633,Category 33 Product 7633,33,11,25.55,31.7
7634,Garden Product 7634,12,83,43.59,66.71
7635,Category 24 Product 7635,24,73,64.95,112.99
7636,Travel Product 7636,20,70,73.01,154.3
7637,Automotive Product 7637,13,336,35.83,51.76
7638,Toys Product 7638,11,200,58.14,72.0
7639,Category 37 Product 7639,37,31,33.16,71.54
7640,Category 29 Product 7640,29,406,28.15,57.96
7641,Health Product 7641,17,269,16.53,29.14
7642,Category 32 Product 7642,32,389,122.93,223.33
7643,Jewelry Product 7643,15,160,189.48,448.47
7644,Category 47 Product 7644,47,24,9.85,15.21
7645,Books Product 7645,10,334,23.07,52.01
7646,Computers Product 7646,2,279,32.29,70.46
7647,Toys Product 7647,11,357,10.33,15.5
7648,Category 24 Product 7648,24,345,23.47,54.09
7649,Category 22 Product 7649,22,33,8.59,18.07
7650,Category 22 Product 7650,22,451,29.02,40.66
7651,Toys Product 7651,11,84,9.88,15.43
7652,Category 25 Product 7652,25,121,91.43,143.58
7653,Category 34 Product 7653,34,417,6.42,12.93
7654,Category 22 Product 7654,22,339,12.42,21.97
7655,Sports Product 7655,8,301,57.46,119.77
7656,Category 21 Product 7656,21,321,44.77,79.68
7657,Category 34 Product 7657,34,395,61.9,93.29
7658,Category 44 Product 7658,44,171,41.21,68.9
7659,Category 27 Product 7659,27,337,241.3,546.75
7660,Category 37 Product 7660,37,407,75.42,179.33
7661,Pet Supplies Product 7661,16,88,148.62,207.54
7662,Computers Product 7662,2,253,272.96,532.58
7663,Category 23 Product 7663,23,349,14.62,31.54
7664,Computers Product 7664,2,435,20.31,27.94
7665,Pet Supplies Product 7665,16,8,8.24,9.98
7666,Office Product 7666,14,85,28.39,42.01
7667,Category 21 Product 7667,21,160,22.26,33.17
7668,Category 49 Product 7668,49,243,57.17,81.43
7669,Category 24 Product 7669,24,341,42.4,105.76
7670,Music Product 7670,19,147,102.43,189.97
7671,Category 26 Product 7671,26,70,52.15,127.83
7672,Category 22 Product 7672,22,351,53.87,101.71
7673,Electronics Product 7673,1,104,102.91,238.19
7674,Category 37 Product 7674,37,333,111.53,200.27
7675,Category 49 Product 7675,49,153,31.49,48.23
7676,Category 49 Product 7676,49,55,38.24,52.08
7677,Office Product 7677,14,202,18.12,23.53
7678,Furniture Product 7678,5,262,17.91,30.14
7679,Category 40 Product 7679,40,443,8.81,12.43
7680,Category 23 Product 7680,23,149,88.62,114.96
7681,Category 31 Product 7681,31,31,85.17,182.3
7682,Toys Product 7682,11,452,47.51,86.46
7683,Category 46 Product 7683,46,234,11.93,22.6
7684,Furniture Product 7684,5,324,13.03,29.67
7685,Category 23 Product 7685,23,43,58.26,134.36
7686,Category 22 Product 7686,22,301,9.02,17.28
7687,Category 44 Product 7687,44,71,7.69,9.55
7688,Category 21 Product 7688,21,55,9.21,18.19
7689,Home Appliances Product 7689,4,427,28.14,43.19
7690,Category 50 Product 7690,50,401,14.77,22.44
7691,Category 46 Product 7691,46,333,21.02,26.95
7692,Category 49 Product 7692,49,272,171.49,230.24
7693,Office Product 7693,14,463,12.51,29.17
7694,Gaming Product 7694,18,410,99.28,141.63
7695,Gaming Product 7695,18,257,40.8,64.6
7696,Music Product 7696,19,477,20.87,47.54
7697,Sports Product 7697,8,252,4.6,8.3
7698,Category 24 Product 7698,24,69,4.26,5.81
7699,Toys Product 7699,11,260,34.62,42.16
7700,Category 43 Product 7700,43,91,130.17,269.34
7701,Furniture Product 7701,5,23,5.64,7.09
7702,Category 40 Product 7702,40,246,69.59,101.57
7703,Category 47 Product 7703,47,174,58.02,73.65
7704,Category 32 Product 7704,32,276,111.82,153.2
7705,Electronics Product 7705,1,204,2.48,3.62
7706,Category 24 Product 7706,24,294,4.54,10.1
7707,Category 28 Product 7707,28,140,64.51,83.91
7708,Books Product 7708,10,362,69.39,84.94
7709,Category 24 Product 7709,24,85,16.98,24.39
7710,Beauty Product 7710,9,25,22.14,39.03
7711,Shoes Product 7711,7,353,96.02,183.44
7712,Category 22 Product 7712,22,314,21.59,30.64
7713,Gaming Product 7713,18,47,7.1,12.95
7714,Office Product 7714,14,218,27.23,38.15
7715,Clothing Product 7715,6,493,311.56,544.06
7716,Category 30 Product 7716,30,19,60.85,83.02
7717,Pet Supplies Product 7717,16,419,21.52,53.54
7718,Category 41 Product 7718,41,466,32.46,66.6
7719,Category 26 Product 7719,26,389,7.94,14.57
7720,Pet Supplies Product 7720,16,346,91.87,130.46
7721,Gaming Product 7721,18,484,20.3,32.87
7722,Category 37 Product 7722,37,114,64.29,110.93
7723,Category 27 Product 7723,27,291,35.1,55.82
7724,Category 32 Product 7724,32,22,64.51,88.12
7725,Category 31 Product 7725,31,273,798.8,1643.59
7726,Pet Supplies Product 7726,16,130,60.01,72.55
7727,Garden Product 7727,12,240,69.98,84.84
7728,Category 42 Product 7728,42,123,480.25,601.36
7729,Category 22 Product 7729,22,390,83.53,123.63
7730,Category 45 Product 7730,45,130,126.69,155.15
7731,Shoes Product 7731,7,277,28.32,65.48
7732,Category 43 Product 7732,43,77,165.01,383.06
7733,Category 47 Product 7733,47,142,19.88,39.4
7734,Category 35 Product 7734,35,377,22.19,39.59
7735,Category 25 Product 7735,25,214,21.81,35.67
7736,Music Product 7736,19,200,25.61,63.8
7737,Computers Product 7737,2,325,43.01,96.62
7738,Sports Product 7738,8,108,122.29,217.49
7739,Category 27 Product 7739,27,445,37.6,90.06
7740,Category 40 Product 7740,40,11,45.92,84.42
7741,Category 25 Product 7741,25,151,97.06,210.83
7742,Category 49 Product 7742,49,210,64.74,98.52
7743,Category 37 Product 7743,37,453,14.81,25.59
7744,Category 28 Product 7744,28,415,83.38,100.55
7745,Category 42 Product 7745,42,415,9.84,20.61
7746,Toys Product 7746,11,6,82.92,176.64
7747,Category 46 Product 7747,46,18,10.77,21.43
7748,Category 35 Product 7748,35,346,31.59,77.23
7749,Category 36 Product 7749,36,467,8.44,16.71
7750,Beauty Product 7750,9,300,32.2,43.29
7751,Category 49 Product 7751,49,444,73.33,143.62
7752,Clothing Product 7752,6,38,21.63,34.67
7753,Category 32 Product 7753,32,497,67.72,147.69
7754,Clothing Product 7754,6,178,66.76,86.18
7755,Category 48 Product 7755,48,109,13.13,21.23
7756,Category 39 Product 7756,39,38,7.81,9.45
7757,Category 40 Product 7757,40,131,91.71,168.38
7758,Beauty Product 7758,9,73,256.06,585.5
7759,Shoes Product 7759,7,316,62.85,82.19
7760,Electronics Product 7760,1,34,34.99,74.1
7761,Travel Product 7761,20,179,49.98,65.05
7762,Garden Product 7762,12,356,57.17,92.29
7763,Category 27 Product 7763,27,98,8.93,17.78
7764,Category 48 Product 7764,48,207,28.79,46.39
7765,Toys Product 7765,11,109,44.74,105.84
7766,Category 30 Product 7766,30,55,14.0,26.46
7767,Furniture Product 7767,5,406,17.85,40.85
7768,Electronics Product 7768,1,281,29.52,70.8
7769,Category 25 Product 7769,25,376,40.03,93.16
7770,Travel Product 7770,20,12,13.53,18.31
7771,Category 22 Product 7771,22,420,22.79,35.33
7772,Garden Product 7772,12,213,91.16,156.89
7773,Category 33 Product 7773,33,391,38.49,65.18
7774,Shoes Product 7774,7,404,11.59,24.42
7775,Category 34 Product 7775,34,135,48.93,120.61
7776,Toys Product 7776,11,198,62.36,130.9
7777,Category 46 Product 7777,46,10,40.8,84.78
7778,Category 28 Product 7778,28,109,313.73,616.08
7779,Category 28 Product 7779,28,375,51.89,106.74
7780,Category 44 Product 7780,44,171,46.87,60.48
7781,Category 48 Product 7781,48,216,321.3,662.0
7782,Jewelry Product 7782,15,451,45.93,79.09
7783,Category 36 Product 7783,36,7,225.53,371.59
7784,Category 31 Product 7784,31,43,10.87,24.72
7785,Category 43 Product 7785,43,438,87.36,143.02
7786,Category 23 Product 7786,23,91,10.5,16.39
7787,Pet Supplies Product 7787,16,204,72.32,104.85
7788,Category 30 Product 7788,30,317,9.14,17.02
7789,Category 32 Product 7789,32,169,21.66,38.99
7790,Category 42 Product 7790,42,162,7.92,11.05
7791,Health Product 7791,17,296,7.25,17.14
7792,Automotive Product 7792,13,449,5.1,11.63
7793,Category 31 Product 7793,31,88,20.44,49.74
7794,Gaming Product 7794,18,152,18.42,24.65
7795,Home Appliances Product 7795,4,64,12.79,24.76
7796,Category 33 Product 7796,33,440,17.26,27.16
7797,Computers Product 7797,2,371,9.95,18.09
7798,Books Product 7798,10,263,105.51,252.09
7799,Travel Product 7799,20,79,131.86,168.07
7800,Category 24 Product 7800,24,194,34.39,42.81
7801,Category 25 Product 7801,25,121,41.38,79.84
7802,Category 28 Product 7802,28,75,19.53,25.68
7803,Office Product 7803,14,31,17.82,41.23
7804,Category 39 Product 7804,39,77,43.72,87.03
7805,Office Product 7805,14,362,25.71,53.14
7806,Category 50 Product 7806,50,217,16.23,20.48
7807,Category 31 Product 7807,31,142,18.65,23.14
7808,Category 39 Product 7808,39,467,130.97,213.82
7809,Category 24 Product 7809,24,50,28.85,38.58
7810,Office Product 7810,14,357,104.98,183.62
7811,Office Product 7811,14,156,12.29,16.17
7812,Category 40 Product 7812,40,229,20.38,29.36
7813,Category 28 Product 7813,28,485,13.03,25.06
7814,Category 23 Product 7814,23,6,99.29,136.5
7815,Category 36 Product 7815,36,468,12.36,16.55
7816,Category 45 Product 7816,45,371,87.68,197.13
7817,Category 41 Product 7817,41,262,14.6,26.57
7818,Category 29 Product 7818,29,47,16.93,23.28
7819,Category 43 Product 7819,43,22,416.86,563.94
7820,Category 40 Product 7820,40,488,111.46,232.04
7821,Garden Product 7821,12,5,8.1,16.45
7822,Jewelry Product 7822,15,66,55.92,91.62
7823,Category 33 Product 7823,33,98,5.69,10.66
7824,Category 42 Product 7824,42,143,7.89,10.1
7825,Category 31 Product 7825,31,418,9.11,15.83
7826,Electronics Product 7826,1,215,299.23,592.8
7827,Sports Product 7827,8,424,17.14,25.62
7828,Books Product 7828,10,137,55.56,89.94
7829,Automotive Product 7829,13,311,19.98,42.86
7830,Jewelry Product 7830,15,366,102.52,146.7
7831,Automotive Product 7831,13,318,6.19,9.15
7832,Category 22 Product 7832,22,38,137.52,260.51
7833,Category 46 Product 7833,46,31,4.38,5.3
7834,Health Product 7834,17,314,9.92,21.84
7835,Category 26 Product 7835,26,498,38.56,57.57
7836,Category 28 Product 7836,28,259,18.51,41.94
7837,Category 30 Product 7837,30,224,27.38,55.25
7838,Category 49 Product 7838,49,312,21.36,41.48
7839,Toys Product 7839,11,332,181.68,374.47
7840,Health Product 7840,17,170,37.89,70.94
7841,Category 23 Product 7841,23,33,257.77,478.62
7842,Category 47 Product 7842,47,181,74.45,156.47
7843,Sports Product 7843,8,263,39.2,83.79
7844,Category 43 Product 7844,43,170,8.85,12.47
7845,Category 31 Product 7845,31,16,40.51,57.72
7846,Category 45 Product 7846,45,500,5.42,9.73
7847,Category 50 Product 7847,50,351,69.09,130.01
7848,Category 46 Product 7848,46,366,5.97,9.97
7849,Beauty Product 7849,9,231,54.27,90.87
7850,Garden Product 7850,12,356,19.99,45.18
7851,Category 21 Product 7851,21,481,5.45,11.32
7852,Category 26 Product 7852,26,133,50.6,61.42
7853,Computers Product 7853,2,472,56.4,107.12
7854,Category 26 Product 7854,26,324,63.86,129.76
7855,Category 27 Product 7855,27,53,15.5,38.25
7856,Toys Product 7856,11,131,32.71,81.0
7857,Clothing Product 7857,6,77,29.62,43.65
7858,Computers Product 7858,2,290,30.48,37.61
7859,Category 44 Product 7859,44,425,28.05,59.78
7860,Category 24 Product 7860,24,269,92.27,162.61
7861,Pet Supplies Product 7861,16,1,36.05,58.88
7862,Jewelry Product 7862,15,465,14.68,19.79
7863,Category 35 Product 7863,35,181,30.32,53.8
7864,Automotive Product 7864,13,149,14.95,36.37
7865,Category 49 Product 7865,49,333,20.58,30.03
7866,Furniture Product 7866,5,439,96.08,227.95
7867,Clothing Product 7867,6,386,10.06,24.09
7868,Health Product 7868,17,67,103.81,242.66
7869,Music Product 7869,19,98,7.07,14.78
7870,Category 50 Product 7870,50,484,5.73,13.4
7871,Category 40 Product 7871,40,296,11.12,14.43
7872,Category 22 Product 7872,22,102,17.71,24.46
7873,Category 40 Product 7873,40,206,33.55,71.13
7874,Category 39 Product 7874,39,390,17.72,24.85
7875,Category 25 Product 7875,25,133,11.01,23.54
7876,Clothing Product 7876,6,245,501.61,804.92
7877,Category 40 Product 7877,40,87,30.26,41.5
7878,Category 25 Product 7878,25,428,8.66,11.67
7879,Smartphones Product 7879,3,116,115.8,161.83
7880,Category 30 Product 7880,30,115,7.09,11.04
7881,Category 45 Product 7881,45,229,65.1,85.81
7882,Category 41 Product 7882,41,173,44.04,91.37
7883,Category 45 Product 7883,45,378,45.93,70.9
7884,Music Product 7884,19,260,67.05,123.82
7885,Pet Supplies Product 7885,16,376,7.79,15.17
7886,Category 34 Product 7886,34,243,17.64,42.18
7887,Category 25 Product 7887,25,259,62.96,128.98
7888,Travel Product 7888,20,15,106.95,186.28
7889,Category 30 Product 7889,30,460,23.4,30.46
7890,Shoes Product 7890,7,86,21.4,39.82
7891,Category 23 Product 7891,23,332,74.73,123.71
7892,Category 25 Product 7892,25,411,36.41,61.99
7893,Category 29 Product 7893,29,233,13.51,22.37
7894,Category 48 Product 7894,48,43,40.28,61.18
7895,Category 29 Product 7895,29,156,82.57,157.37
7896,Travel Product 7896,20,447,43.42,88.58
7897,Books Product 7897,10,241,371.36,762.78
7898,Category 43 Product 7898,43,415,18.61,36.35
7899,Category 23 Product 7899,23,274,3.6,5.72
7900,Garden Product 7900,12,227,8.28,12.77
7901,Category 21 Product 7901,21,475,17.44,23.58
7902,Sports Product 7902,8,464,17.89,30.35
7903,Category 34 Product 7903,34,152,12.59,19.65
7904,Home Appliances Product 7904,4,149,11.26,20.82
7905,Category 25 Product 7905,25,105,13.28,26.27
7906,Shoes Product 7906,7,382,11.54,20.95
7907,Category 40 Product 7907,40,277,58.77,124.55
7908,Books Product 7908,10,489,18.43,28.62
7909,Smartphones Product 7909,3,111,8.65,15.98
7910,Jewelry Product 7910,15,302,44.04,67.17
7911,Category 46 Product 7911,46,4,16.54,29.67
7912,Health Product 7912,17,96,20.09,46.53
7913,Electronics Product 7913,1,239,60.43,132.12
7914,Clothing Product 7914,6,374,23.08,43.54
7915,Travel Product 7915,20,433,25.02,50.9
7916,Category 25 Product 7916,25,40,63.72,105.84
7917,Gaming Product 7917,18,494,51.12,90.39
7918,Category 34 Product 7918,34,303,26.93,45.32
7919,Category 50 Product 7919,50,240,36.29,51.23
7920,Category 34 Product 7920,34,54,131.71,310.39
7921,Sports Product 7921,8,435,4.35,7.64
7922,Health Product 7922,17,248,21.61,38.37
7923,Pet Supplies Product 7923,16,277,7.22,12.92
7924,Category 48 Product 7924,48,402,110.41,201.98
7925,Clothing Product 7925,6,319,98.04,151.01
7926,Office Product 7926,14,208,38.08,71.19
7927,Gaming Product 7927,18,35,29.99,39.2
7928,Shoes Product 7928,7,387,41.66,64.24
7929,Garden Product 7929,12,310,36.3,54.75
7930,Category 43 Product 7930,43,128,17.22,21.91
7931,Category 44 Product 7931,44,344,57.44,105.11
7932,Furniture Product 7932,5,205,6.83,9.65
7933,Category 49 Product 7933,49,260,76.49,122.89
7934,Category 32 Product 7934,32,365,121.36,278.02
7935,Home Appliances Product 7935,4,126,20.91,37.06
7936,Jewelry Product 7936,15,169,117.9,171.03
7937,Category 35 Product 7937,35,388,88.65,134.91
7938,Category 23 Product 7938,23,79,152.39,358.95
7939,Automotive Product 7939,13,32,85.04,206.48
7940,Category 49 Product 7940,49,84,146.98,242.8
7941,Pet Supplies Product 7941,16,295,160.46,322.45
7942,Category 26 Product 7942,26,51,26.99,49.88
7943,Category 46 Product 7943,46,154,14.25,18.32
7944,Smartphones Product 7944,3,306,25.17,33.07
7945,Pet Supplies Product 7945,16,223,63.74,147.65
7946,Computers Product 7946,2,59,101.68,229.48
7947,Gaming Product 7947,18,318,266.68,402.6
7948,Sports Product 7948,8,33,22.84,54.22
7949,Toys Product 7949,11,353,13.45,27.08
7950,Category 26 Product 7950,26,350,16.36,31.93
7951,Category 42 Product 7951,42,259,212.76,412.35
7952,Category 50 Product 7952,50,455,66.47,143.64
7953,Category 34 Product 7953,34,153,9.29,22.85
7954,Books Product 7954,10,78,76.59,134.16
7955,Music Product 7955,19,462,22.62,50.28
7956,Sports Product 7956,8,254,45.0,89.61
7957,Category 42 Product 7957,42,252,8.35,12.88
7958,Travel Product 7958,20,436,9.22,13.08
7959,Travel Product 7959,20,56,71.15,130.15
7960,Category 36 Product 7960,36,276,173.13,413.87
7961,Sports Product 7961,8,27,6.61,14.02
7962,Smartphones Product 7962,3,314,224.94,390.18
7963,Category 30 Product 7963,30,215,42.08,98.71
7964,Category 41 Product 7964,41,230,119.12,274.58
7965,Category 36 Product 7965,36,38,38.22,89.48
7966,Category 21 Product 7966,21,242,42.75,105.64
7967,Category 31 Product 7967,31,155,55.81,102.34
7968,Office Product 7968,14,222,18.03,39.36
7969,Home Appliances Product 7969,4,429,44.53,61.49
7970,Category 34 Product 7970,34,285,58.09,89.68
7971,Category 39 Product 7971,39,402,68.47,135.01
7972,Category 48 Product 7972,48,237,45.0,72.53
7973,Category 26 Product 7973,26,145,105.13,222.6
7974,Category 38 Product 7974,38,305,29.5,52.78
7975,Category 22 Product 7975,22,489,61.86,98.09
7976,Category 23 Product 7976,23,462,22.25,46.55
7977,Category 33 Product 7977,33,17,67.3,156.92
7978,Category 37 Product 7978,37,348,58.85,110.93
7979,Jewelry Product 7979,15,426,17.04,25.87
7980,Category 39 Product 7980,39,377,94.4,190.25
7981,Category 47 Product 7981,47,175,141.85,316.61
7982,Computers Product 7982,2,437,13.86,31.82
7983,Category 45 Product 7983,45,129,31.81,51.61
7984,Travel Product 7984,20,417,41.9,57.49
7985,Category 25 Product 7985,25,48,12.08,27.82
7986,Shoes Product 7986,7,318,5.05,9.94
7987,Category 34 Product 7987,34,337,52.82,77.08
7988,Category 32 Product 7988,32,427,80.42,118.87
7989,Office Product 7989,14,85,12.66,16.69
7990,Category 43 Product 7990,43,176,58.34,70.08
7991,Garden Product 7991,12,443,68.91,145.75
7992,Category 37 Product 7992,37,418,26.94,45.71
7993,Category 40 Product 7993,40,224,25.86,40.84
7994,Category 40 Product 7994,40,221,157.71,207.49
7995,Category 39 Product 7995,39,440,22.37,45.84
7996,Office Product 7996,14,357,4.91,7.7
7997,Category 37 Product 7997,37,325,10.29,18.75
7998,Category 28 Product 7998,28,47,19.95,32.04
7999,Category 40 Product 7999,40,242,66.67,82.61
8000,Furniture Product 8000,5,265,26.26,61.04
8001,Electronics Product 8001,1,296,27.36,59.87
8002,Category 31 Product 8002,31,426,11.47,26.0
8003,Category 34 Product 8003,34,453,37.69,78.16
8004,Category 30 Product 8004,30,14,28.53,42.87
8005,Category 38 Product 8005,38,20,54.87,115.48
8006,Furniture Product 8006,5,52,67.9,168.9
8007,Category 22 Product 8007,22,211,14.67,27.58
8008,Smartphones Product 8008,3,324,26.24,52.26
8009,Category 30 Product 8009,30,51,11.75,17.86
8010,Category 49 Product 8010,49,397,4.15,6.49
8011,Category 42 Product 8011,42,277,9.26,23.05
8012,Travel Product 8012,20,384,110.73,197.83
8013,Category 46 Product 8013,46,305,191.33,383.88
8014,Music Product 8014,19,269,60.07,85.4
8015,Category 24 Product 8015,24,266,56.01,108.74
8016,Category 25 Product 8016,25,71,124.47,267.75
8017,Category 45 Product 8017,45,27,71.87,158.01
8018,Jewelry Product 8018,15,499,29.51,46.31
8019,Health Product 8019,17,392,340.27,509.58
8020,Gaming Product 8020,18,498,64.15,140.05
8021,Furniture Product 8021,5,310,136.52,261.41
8022,Category 30 Product 8022,30,430,104.85,231.71
8023,Category 43 Product 8023,43,341,42.29,88.01
8024,Category 21 Product 8024,21,431,20.98,38.95
8025,Pet Supplies Product 8025,16,324,112.22,162.1
8026,Clothing Product 8026,6,30,55.28,97.55
8027,Automotive Product 8027,13,239,13.92,28.61
8028,Books Product 8028,10,435,26.4,56.85
8029,Electronics Product 8029,1,391,23.75,28.57
8030,Category 50 Product 8030,50,25,26.27,59.64
8031,Toys Product 8031,11,199,426.74,1043.65
8032,Garden Product 8032,12,3,17.24,21.04
8033,Category 38 Product 8033,38,463,15.33,31.69
8034,Category 24 Product 8034,24,471,38.48,72.05
8035,Beauty Product 8035,9,445,160.08,204.68
8036,Category 40 Product 8036,40,454,40.82,86.88
8037,Clothing Product 8037,6,373,22.2,36.54
8038,Category 50 Product 8038,50,114,23.31,51.06
8039,Category 28 Product 8039,28,23,135.67,231.92
8040,Category 25 Product 8040,25,31,32.77,52.85
8041,Jewelry Product 8041,15,368,64.31,154.31
8042,Category 26 Product 8042,26,94,46.55,108.63
8043,Category 38 Product 8043,38,112,9.97,15.45
8044,Category 22 Product 8044,22,499,76.14,123.9
8045,Computers Product 8045,2,457,79.45,168.81
8046,Category 28 Product 8046,28,484,35.04,48.14
8047,Clothing Product 8047,6,125,111.65,195.7
8048,Music Product 8048,19,200,13.88,17.28
8049,Category 24 Product 8049,24,205,13.44,31.7
8050,Sports Product 8050,8,219,4.72,11.53
8051,Health Product 8051,17,261,16.87,40.49
8052,Sports Product 8052,8,428,61.3,141.71
8053,Travel Product 8053,20,282,267.96,491.34
8054,Jewelry Product 8054,15,267,14.08,21.34
8055,Clothing Product 8055,6,2,17.66,34.08
8056,Electronics Product 8056,1,205,45.92,76.18
8057,Category 22 Product 8057,22,357,14.6,34.78
8058,Category 25 Product 8058,25,38,33.32,58.41
8059,Computers Product 8059,2,129,32.67,42.66
8060,Category 47 Product 8060,47,174,16.18,23.41
8061,Travel Product 8061,20,116,8.43,10.39
8062,Home Appliances Product 8062,4,221,7.46,16.45
8063,Home Appliances Product 8063,4,322,113.36,250.35
8064,Category 22 Product 8064,22,463,277.7,672.18
8065,Category 35 Product 8065,35,424,33.78,71.3
8066,Category 27 Product 8066,27,346,89.29,169.8
8067,Category 44 Product 8067,44,148,57.14,88.11
8068,Category 27 Product 8068,27,422,19.12,43.97
8069,Category 29 Product 8069,29,194,13.63,31.25
8070,Automotive Product 8070,13,149,64.74,111.59
8071,Office Product 8071,14,493,48.05,114.31
8072,Beauty Product 8072,9,353,59.4,123.05
8073,Health Product 8073,17,347,145.81,229.91
8074,Garden Product 8074,12,11,8.69,18.5
8075,Category 27 Product 8075,27,337,38.14,83.67
8076,Beauty Product 8076,9,146,56.46,114.95
8077,Category 34 Product 8077,34,133,26.37,31.74
8078,Toys Product 8078,11,363,139.74,211.78
8079,Pet Supplies Product 8079,16,212,12.36,16.94
8080,Category 45 Product 8080,45,490,36.29,66.96
8081,Category 40 Product 8081,40,25,11.01,16.66
8082,Home Appliances Product 8082,4,62,28.71,51.37
8083,Category 35 Product 8083,35,149,39.08,47.63
8084,Home Appliances Product 8084,4,78,33.53,52.6
8085,Music Product 8085,19,48,27.48,52.5
8086,Clothing Product 8086,6,99,65.82,120.0
8087,Toys Product 8087,11,397,234.16,311.65
8088,Category 43 Product 8088,43,41,17.42,25.54
8089,Category 44 Product 8089,44,134,9.08,16.24
8090,Category 43 Product 8090,43,467,5.7,7.27
8091,Category 43 Product 8091,43,151,17.37,25.97
8092,Pet Supplies Product 8092,16,498,50.18,87.37
8093,Home Appliances Product 8093,4,69,86.39,110.22
8094,Smartphones Product 8094,3,264,16.13,23.4
8095,Music Product 8095,19,119,12.14,29.04
8096,Category 43 Product 8096,43,12,6.38,14.49
8097,Category 34 Product 8097,34,408,35.95,54.82
8098,Category 36 Product 8098,36,152,56.15,127.25
8099,Jewelry Product 8099,15,345,40.28,61.5
8100,Furniture Product 8100,5,316,417.82,659.48
8101,Electronics Product 8101,1,470,73.89,162.74
8102,Garden Product 8102,12,15,56.58,73.44
8103,Jewelry Product 8103,15,456,3.13,7.56
8104,Category 24 Product 8104,24,256,9.87,22.47
8105,Home Appliances Product 8105,4,92,19.45,43.87
8106,Garden Product 8106,12,61,83.67,137.9
8107,Category 45 Product 8107,45,467,10.03,20.48
8108,Category 24 Product 8108,24,323,47.97,82.99
8109,Category 46 Product 8109,46,226,55.07,68.33
8110,Category 33 Product 8110,33,445,7.39,10.83
8111,Travel Product 8111,20,352,22.85,51.69
8112,Category 36 Product 8112,36,386,115.78,258.93
8113,Category 34 Product 8113,34,139,46.55,73.58
8114,Toys Product 8114,11,247,581.51,993.95
8115,Category 28 Product 8115,28,283,428.37,1053.67
8116,Category 47 Product 8116,47,495,71.34,122.65
8117,Computers Product 8117,2,45,64.16,134.38
8118,Category 48 Product 8118,48,112,167.5,409.17
8119,Category 50 Product 8119,50,327,28.81,51.6
8120,Category 37 Product 8120,37,384,11.22,18.24
8121,Books Product 8121,10,78,10.16,14.19
8122,Category 32 Product 8122,32,29,21.81,30.97
8123,Category 44 Product 8123,44,249,6.15,14.04
8124,Category 22 Product 8124,22,10,45.68,77.19
8125,Category 26 Product 8125,26,398,16.2,26.8
8126,Category 22 Product 8126,22,63,12.68,31.64
8127,Category 28 Product 8127,28,215,12.04,29.27
8128,Category 31 Product 8128,31,143,74.5,155.75
8129,Category 22 Product 8129,22,393,16.9,32.4
8130,Category 25 Product 8130,25,343,50.24,89.25
8131,Electronics Product 8131,1,27,46.67,115.22
8132,Beauty Product 8132,9,478,21.44,47.98
8133,Category 31 Product 8133,31,181,31.28,56.11
8134,Music Product 8134,19,190,111.29,223.28
8135,Beauty Product 8135,9,310,17.45,23.85
8136,Category 44 Product 8136,44,451,96.58,161.38
8137,Health Product 8137,17,209,19.89,35.25
8138,Office Product 8138,14,160,22.62,35.41
8139,Automotive Product 8139,13,431,56.1,137.87
8140,Category 22 Product 8140,22,192,30.89,60.58
8141,Category 36 Product 8141,36,476,46.82,57.9
8142,Shoes Product 8142,7,23,237.19,419.6
8143,Category 33 Product 8143,33,371,13.28,32.08
8144,Category 37 Product 8144,37,114,123.51,273.09
8145,Toys Product 8145,11,465,14.99,25.25
8146,Furniture Product 8146,5,80,20.9,25.37
8147,Office Product 8147,14,34,21.74,37.58
8148,Travel Product 8148,20,269,92.21,151.45
8149,Category 34 Product 8149,34,85,28.59,39.25
8150,Category 45 Product 8150,45,159,7.66,16.91
8151,Category 46 Product 8151,46,258,58.6,102.84
8152,Music Product 8152,19,367,22.91,49.6
8153,Category 47 Product 8153,47,469,39.28,81.74
8154,Toys Product 8154,11,399,126.9,155.69
8155,Gaming Product 8155,18,31,72.42,150.85
8156,Category 32 Product 8156,32,10,15.87,25.37
8157,Category 27 Product 8157,27,282,21.95,47.2
8158,Jewelry Product 8158,15,180,12.9,16.11
8159,Category 42 Product 8159,42,336,39.62,50.38
8160,Category 28 Product 8160,28,488,12.16,20.01
8161,Category 35 Product 8161,35,163,37.19,87.93
8162,Category 31 Product 8162,31,87,60.3,110.31
8163,Beauty Product 8163,9,325,25.14,33.13
8164,Category 44 Product 8164,44,324,27.25,64.61
8165,Category 34 Product 8165,34,106,37.42,76.67
8166,Category 31 Product 8166,31,141,26.04,36.77
8167,Category 27 Product 8167,27,247,16.2,27.82
8168,Music Product 8168,19,407,32.18,49.52
8169,Category 28 Product 8169,28,194,82.98,116.24
8170,Category 45 Product 8170,45,167,7.11,17.08
8171,Category 28 Product 8171,28,453,111.9,206.26
8172,Category 21 Product 8172,21,281,19.58,32.79
8173,Jewelry Product 8173,15,367,8.29,16.41
8174,Office Product 8174,14,25,77.82,172.88
8175,Category 23 Product 8175,23,211,65.31,110.95
8176,Category 45 Product 8176,45,138,89.79,202.61
8177,Category 49 Product 8177,49,446,12.87,30.2
8178,Category 44 Product 8178,44,152,63.89,104.82
8179,Category 24 Product 8179,24,304,5.85,14.54
8180,Category 38 Product 8180,38,270,19.32,42.94
8181,Music Product 8181,19,200,72.36,117.33
8182,Automotive Product 8182,13,411,21.68,44.32
8183,Smartphones Product 8183,3,6,11.21,24.87
8184,Category 41 Product 8184,41,213,46.76,77.92
8185,Category 49 Product 8185,49,80,11.73,25.72
8186,Toys Product 8186,11,2,97.96,243.09
8187,Smartphones Product 8187,3,250,30.55,41.53
8188,Category 21 Product 8188,21,342,131.43,168.96
8189,Category 42 Product 8189,42,124,10.48,21.85
8190,Jewelry Product 8190,15,60,54.01,104.51
8191,Category 30 Product 8191,30,335,37.56,59.25
8192,Category 29 Product 8192,29,391,20.13,38.61
8193,Category 29 Product 8193,29,14,158.33,300.79
8194,Category 35 Product 8194,35,220,125.32,237.52
8195,Category 26 Product 8195,26,352,52.0,110.01
8196,Category 27 Product 8196,27,241,13.72,33.39
8197,Electronics Product 8197,1,450,6.12,8.93
8198,Smartphones Product 8198,3,253,246.86,508.34
8199,Books Product 8199,10,14,101.03,238.23
8200,Category 30 Product 8200,30,231,38.6,58.44
8201,Category 36 Product 8201,36,240,15.23,23.79
8202,Toys Product 8202,11,403,20.58,32.1
8203,Category 44 Product 8203,44,435,47.36,118.15
8204,Category 48 Product 8204,48,314,23.69,42.22
8205,Category 40 Product 8205,40,483,45.2,104.07
8206,Category 38 Product 8206,38,380,13.93,18.7
8207,Category 46 Product 8207,46,22,134.21,173.17
8208,Automotive Product 8208,13,373,92.5,183.71
8209,Category 42 Product 8209,42,429,86.35,134.86
8210,Category 27 Product 8210,27,435,24.26,55.41
8211,Category 34 Product 8211,34,105,177.13,437.5
8212,Electronics Product 8212,1,256,59.44,122.63
8213,Gaming Product 8213,18,233,8.54,19.38
8214,Clothing Product 8214,6,295,75.9,158.52
8215,Books Product 8215,10,123,6.29,12.35
8216,Category 46 Product 8216,46,171,13.48,26.32
8217,Category 41 Product 8217,41,342,19.78,40.03
8218,Category 46 Product 8218,46,357,65.24,124.84
8219,Category 38 Product 8219,38,463,16.73,32.42
8220,Category 31 Product 8220,31,361,30.88,73.05
8221,Category 49 Product 8221,49,226,45.71,112.08
8222,Office Product 8222,14,395,5.55,13.5
8223,Computers Product 8223,2,291,35.33,51.32
8224,Category 32 Product 8224,32,401,41.08,89.51
8225,Category 28 Product 8225,28,85,53.79,111.59
8226,Shoes Product 8226,7,392,21.74,39.87
8227,Category 47 Product 8227,47,58,10.49,26.15
8228,Category 45 Product 8228,45,420,21.45,30.1
8229,Category 27 Product 8229,27,440,66.38,160.59
8230,Category 39 Product 8230,39,173,4.53,8.03
8231,Category 50 Product 8231,50,177,38.9,51.93
8232,Category 40 Product 8232,40,109,16.72,32.1
8233,Category 22 Product 8233,22,193,63.73,128.36
8234,Category 24 Product 8234,24,295,86.99,184.29
8235,Category 47 Product 8235,47,391,36.36,57.32
8236,Category 42 Product 8236,42,74,52.85,69.35
8237,Sports Product 8237,8,493,16.48,21.77
8238,Gaming Product 8238,18,184,165.15,237.72
8239,Category 28 Product 8239,28,169,652.91,1033.85
8240,Electronics Product 8240,1,29,34.26,48.24
8241,Furniture Product 8241,5,300,9.01,20.39
8242,Category 44 Product 8242,44,272,61.81,131.56
8243,Category 50 Product 8243,50,115,227.06,521.43
8244,Category 39 Product 8244,39,371,18.73,44.03
8245,Smartphones Product 8245,3,477,118.97,277.1
8246,Office Product 8246,14,154,8.64,16.68
8247,Toys Product 8247,11,21,47.28,115.45
8248,Category 33 Product 8248,33,162,32.19,55.62
8249,Category 46 Product 8249,46,383,19.3,45.36
8250,Travel Product 8250,20,78,59.68,144.25
8251,Automotive Product 8251,13,240,47.45,68.54
8252,Music Product 8252,19,81,7.54,10.7
8253,Category 21 Product 8253,21,238,8.8,13.9
8254,Beauty Product 8254,9,267,56.03,73.54
8255,Category 47 Product 8255,47,119,16.71,38.2
8256,Category 27 Product 8256,27,413,6.44,9.24
8257,Shoes Product 8257,7,144,12.54,25.87
8258,Category 21 Product 8258,21,107,9.81,23.3
8259,Category 41 Product 8259,41,431,41.42,89.82
8260,Category 37 Product 8260,37,203,30.96,75.8
8261,Toys Product 8261,11,198,3.13,5.86
8262,Clothing Product 8262,6,256,36.99,52.3
8263,Toys Product 8263,11,321,247.78,447.17
8264,Category 41 Product 8264,41,160,24.37,59.77
8265,Category 36 Product 8265,36,498,91.98,197.36
8266,Category 36 Product 8266,36,386,102.15,207.25
8267,Category 30 Product 8267,30,156,6.0,14.33
8268,Category 28 Product 8268,28,361,32.41,71.19
8269,Category 29 Product 8269,29,471,11.27,19.28
8270,Category 33 Product 8270,33,240,22.78,54.47
8271,Category 41 Product 8271,41,133,43.6,78.76
8272,Office Product 8272,14,475,26.52,47.13
8273,Sports Product 8273,8,286,13.36,32.78
8274,Category 29 Product 8274,29,471,10.16,18.73
8275,Office Product 8275,14,202,69.14,144.31
8276,Category 26 Product 8276,26,420,12.92,23.24
8277,Category 27 Product 8277,27,441,8.51,10.63
8278,Category 24 Product 8278,24,449,8.24,19.32
8279,Electronics Product 8279,1,10,9.57,19.52
8280,Computers Product 8280,2,338,18.24,22.28
8281,Category 29 Product 8281,29,261,7.51,9.31
8282,Garden Product 8282,12,13,24.64,44.0
8283,Sports Product 8283,8,110,54.04,87.17
8284,Jewelry Product 8284,15,315,9.2,13.07
8285,Category 28 Product 8285,28,15,204.92,287.89
8286,Category 22 Product 8286,22,85,13.67,18.31
8287,Category 28 Product 8287,28,220,25.74,60.76
8288,Category 47 Product 8288,47,182,29.54,38.24
8289,Pet Supplies Product 8289,16,43,20.54,36.31
8290,Travel Product 8290,20,118,51.35,116.23
8291,Category 21 Product 8291,21,46,155.0,375.35
8292,Computers Product 8292,2,470,53.98,124.11
8293,Books Product 8293,10,436,87.76,142.58
8294,Travel Product 8294,20,410,48.82,75.77
8295,Category 41 Product 8295,41,127,31.9,42.6
8296,Category 21 Product 8296,21,55,28.49,37.9
8297,Category 45 Product 8297,45,86,6.48,11.07
8298,Category 26 Product 8298,26,101,49.35,95.8
8299,Category 41 Product 8299,41,125,37.02,53.87
8300,Music Product 8300,19,14,97.11,150.09
8301,Category 38 Product 8301,38,66,50.49,77.93
8302,Category 28 Product 8302,28,394,37.76,61.07
8303,Category 22 Product 8303,22,75,207.9,412.94
8304,Gaming Product 8304,18,495,34.75,73.56
8305,Category 27 Product 8305,27,373,24.16,37.89
8306,Clothing Product 8306,6,403,58.39,136.88
8307,Category 24 Product 8307,24,302,47.37,86.11
8308,Category 22 Product 8308,22,234,5.45,12.89
8309,Category 47 Product 8309,47,260,6.78,14.32
8310,Category 47 Product 8310,47,182,147.74,272.36
8311,Furniture Product 8311,5,59,3.66,5.25
8312,Category 46 Product 8312,46,357,22.15,52.69
8313,Office Product 8313,14,373,105.44,242.16
8314,Category 41 Product 8314,41,111,49.15,93.38
8315,Category 22 Product 8315,22,70,8.6,21.01
8316,Music Product 8316,19,63,98.65,242.08
8317,Beauty Product 8317,9,133,17.9,44.16
8318,Category 22 Product 8318,22,417,56.57,102.54
8319,Category 31 Product 8319,31,339,23.6,36.58
8320,Books Product 8320,10,497,6.42,8.94
8321,Home Appliances Product 8321,4,115,35.62,85.46
8322,Electronics Product 8322,1,194,29.65,59.17
8323,Office Product 8323,14,461,49.6,108.01
8324,Books Product 8324,10,468,9.92,18.68
8325,Category 26 Product 8325,26,426,25.97,60.59
8326,Beauty Product 8326,9,462,23.25,33.01
8327,Toys Product 8327,11,217,54.44,81.09
8328,Category 40 Product 8328,40,497,31.68,44.86
8329,Gaming Product 8329,18,73,74.22,114.85
8330,Category 48 Product 8330,48,436,18.72,35.27
8331,Office Product 8331,14,332,11.21,16.67
8332,Category 50 Product 8332,50,333,48.19,110.78
8333,Gaming Product 8333,18,222,8.4,20.94
8334,Category 37 Product 8334,37,321,35.78,87.48
8335,Furniture Product 8335,5,406,106.89,206.56
8336,Category 31 Product 8336,31,165,54.41,69.06
8337,Category 39 Product 8337,39,97,7.62,11.64
8338,Category 49 Product 8338,49,156,24.1,34.79
8339,Beauty Product 8339,9,489,66.68,98.46
8340,Category 21 Product 8340,21,332,72.04,116.66
8341,Category 32 Product 8341,32,438,8.94,17.98
8342,Category 42 Product 8342,42,230,37.77,48.8
8343,Furniture Product 8343,5,94,70.69,110.25
8344,Travel Product 8344,20,361,66.46,99.95
8345,Shoes Product 8345,7,135,720.73,1741.0
8346,Category 47 Product 8346,47,355,23.62,57.03
8347,Music Product 8347,19,329,2.95,5.66
8348,Category 22 Product 8348,22,268,49.25,83.68
8349,Computers Product 8349,2,408,11.14,15.15
8350,Category 36 Product 8350,36,91,217.61,436.26
8351,Category 47 Product 8351,47,226,14.55,22.65
8352,Category 24 Product 8352,24,403,297.16,741.38
8353,Category 48 Product 8353,48,68,130.56,299.41
8354,Category 41 Product 8354,41,190,103.17,138.59
8355,Office Product 8355,14,426,76.29,94.34
8356,Travel Product 8356,20,126,70.57,174.73
8357,Category 26 Product 8357,26,339,33.62,76.2
8358,Electronics Product 8358,1,419,202.49,378.15
8359,Computers Product 8359,2,28,21.62,45.57
8360,Office Product 8360,14,421,6.28,13.94
8361,Sports Product 8361,8,233,45.1,103.27
8362,Category 39 Product 8362,39,213,62.32,131.36
8363,Category 34 Product 8363,34,274,88.92,162.81
8364,Furniture Product 8364,5,28,47.37,87.14
8365,Home Appliances Product 8365,4,131,85.3,154.58
8366,Category 27 Product 8366,27,9,44.21,75.96
8367,Category 25 Product 8367,25,78,42.6,79.93
8368,Beauty Product 8368,9,204,10.32,15.58
8369,Category 47 Product 8369,47,338,43.09,92.92
8370,Category 34 Product 8370,34,304,39.52,52.7
8371,Category 30 Product 8371,30,1,72.75,124.94
8372,Category 50 Product 8372,50,448,4.78,11.4
8373,Sports Product 8373,8,431,14.3,24.4
8374,Computers Product 8374,2,433,48.86,94.64
8375,Automotive Product 8375,13,211,41.4,71.49
8376,Category 29 Product 8376,29,37,10.0,19.12
8377,Category 41 Product 8377,41,367,43.77,63.54
8378,Gaming Product 8378,18,313,5.89,8.22
8379,Category 48 Product 8379,48,20,9.97,12.98
8380,Clothing Product 8380,6,94,28.47,37.32
8381,Category 23 Product 8381,23,46,46.39,107.29
8382,Category 38 Product 8382,38,429,38.49,56.41
8383,Category 21 Product 8383,21,310,41.69,104.12
8384,Category 23 Product 8384,23,172,10.29,19.24
8385,Books Product 8385,10,78,25.62,50.56
8386,Office Product 8386,14,451,10.91,16.17
8387,Category 27 Product 8387,27,36,4.87,6.99
8388,Health Product 8388,17,19,25.33,41.0
8389,Category 48 Product 8389,48,237,21.53,53.08
8390,Electronics Product 8390,1,322,156.23,256.32
8391,Jewelry Product 8391,15,374,34.09,65.82
8392,Category 27 Product 8392,27,81,104.04,220.88
8393,Category 50 Product 8393,50,115,57.22,113.45
8394,Pet Supplies Product 8394,16,249,61.74,106.69
8395,Home Appliances Product 8395,4,372,21.65,35.37
8396,Category 45 Product 8396,45,485,19.23,41.09
8397,Category 39 Product 8397,39,339,30.59,52.59
8398,Home Appliances Product 8398,4,239,54.05,111.56
8399,Category 44 Product 8399,44,262,8.95,18.43
8400,Music Product 8400,19,490,95.84,223.56
8401,Category 21 Product 8401,21,357,16.0,19.53
8402,Toys Product 8402,11,445,77.83,129.8
8403,Category 23 Product 8403,23,103,8.31,17.67
8404,Jewelry Product 8404,15,110,41.15,68.2
8405,Clothing Product 8405,6,415,35.9,86.35
8406,Category 21 Product 8406,21,392,65.43,105.51
8407,Computers Product 8407,2,24,87.41,192.73
8408,Garden Product 8408,12,255,118.21,142.54
8409,Category 49 Product 8409,49,484,46.14,68.43
8410,Computers Product 8410,2,105,29.68,59.63
8411,Category 29 Product 8411,29,493,43.3,71.33
8412,Category 44 Product 8412,44,209,2.59,5.28
8413,Category 38 Product 8413,38,350,66.37,142.51
8414,Office Product 8414,14,19,31.54,57.35
8415,Category 21 Product 8415,21,447,113.58,215.52
8416,Category 27 Product 8416,27,129,47.3,116.71
8417,Category 23 Product 8417,23,95,33.92,61.15
8418,Toys Product 8418,11,366,137.04,297.78
8419,Category 29 Product 8419,29,326,149.52,292.38
8420,Beauty Product 8420,9,145,22.3,53.54
8421,Clothing Product 8421,6,55,22.93,54.83
8422,Category 39 Product 8422,39,201,62.55,75.84
8423,Category 27 Product 8423,27,489,29.18,51.14
8424,Category 24 Product 8424,24,50,163.2,251.38
8425,Travel Product 8425,20,283,39.35,73.51
8426,Category 32 Product 8426,32,7,20.51,50.55
8427,Category 35 Product 8427,35,180,19.78,29.25
8428,Category 31 Product 8428,31,90,178.68,261.24
8429,Clothing Product 8429,6,243,4.87,11.39
8430,Category 24 Product 8430,24,88,124.63,254.42
8431,Music Product 8431,19,473,45.08,67.07
8432,Category 38 Product 8432,38,424,29.65,70.69
8433,Sports Product 8433,8,459,126.18,307.88
8434,Category 32 Product 8434,32,133,67.15,129.63
8435,Clothing Product 8435,6,487,36.02,62.12
8436,Category 28 Product 8436,28,498,30.46,38.22
8437,Beauty Product 8437,9,36,5.24,12.81
8438,Smartphones Product 8438,3,21,27.36,63.59
8439,Category 42 Product 8439,42,164,133.59,227.61
8440,Category 25 Product 8440,25,405,29.36,55.41
8441,Smartphones Product 8441,3,487,126.21,224.3
8442,Category 31 Product 8442,31,200,100.49,240.79
8443,Category 27 Product 8443,27,410,77.33,143.33
8444,Category 50 Product 8444,50,220,8.68,18.63
8445,Automotive Product 8445,13,488,44.37,81.21
8446,Electronics Product 8446,1,143,111.99,184.24
8447,Smartphones Product 8447,3,454,3.26,5.32
8448,Category 43 Product 8448,43,142,23.15,41.38
8449,Category 27 Product 8449,27,221,45.05,80.54
8450,Category 21 Product 8450,21,104,21.08,31.82
8451,Computers Product 8451,2,429,104.91,203.53
8452,Category 33 Product 8452,33,244,22.98,42.09
8453,Category 29 Product 8453,29,29,17.58,39.35
8454,Clothing Product 8454,6,301,17.48,41.68
8455,Beauty Product 8455,9,306,335.32,535.88
8456,Category 42 Product 8456,42,2,66.57,132.53
8457,Category 30 Product 8457,30,249,18.74,23.25
8458,Category 46 Product 8458,46,269,33.42,51.68
8459,Music Product 8459,19,242,62.95,130.35
8460,Electronics Product 8460,1,321,15.38,25.56
8461,Gaming Product 8461,18,52,28.76,66.68
8462,Category 30 Product 8462,30,201,92.97,155.08
8463,Category 40 Product 8463,40,296,28.87,53.6
8464,Category 30 Product 8464,30,59,72.45,128.3
8465,Category 36 Product 8465,36,143,52.56,70.92
8466,Pet Supplies Product 8466,16,407,33.85,65.53
8467,Category 29 Product 8467,29,480,7.47,16.67
8468,Category 42 Product 8468,42,388,14.81,27.42
8469,Category 36 Product 8469,36,346,51.8,88.74
8470,Category 25 Product 8470,25,314,149.39,353.04
8471,Category 48 Product 8471,48,307,42.15,85.24
8472,Category 46 Product 8472,46,104,52.46,70.26
8473,Jewelry Product 8473,15,65,82.98,194.21
8474,Category 43 Product 8474,43,6,6.72,14.03
8475,Books Product 8475,10,120,49.1,65.56
8476,Health Product 8476,17,233,248.31,453.7
8477,Category 49 Product 8477,49,140,16.92,31.32
8478,Category 47 Product 8478,47,444,12.77,24.36
8479,Category 30 Product 8479,30,237,62.15,128.61
8480,Gaming Product 8480,18,77,41.77,55.6
8481,Category 44 Product 8481,44,256,17.65,35.54
8482,Category 21 Product 8482,21,404,53.22,127.32
8483,Category 30 Product 8483,30,65,26.38,48.47
8484,Computers Product 8484,2,496,141.16,292.33
8485,Toys Product 8485,11,107,81.69,173.35
8486,Category 39 Product 8486,39,466,43.64,94.94
8487,Category 22 Product 8487,22,62,48.92,70.12
8488,Category 42 Product 8488,42,395,81.66,131.52
8489,Category 27 Product 8489,27,246,18.08,38.83
8490,Category 36 Product 8490,36,283,77.61,134.39
8491,Smartphones Product 8491,3,131,2.48,3.23
8492,Computers Product 8492,2,100,18.34,40.6
8493,Garden Product 8493,12,30,6.02,14.2
8494,Jewelry Product 8494,15,191,15.13,31.28
8495,Category 25 Product 8495,25,313,19.01,45.36
8496,Category 32 Product 8496,32,279,61.22,107.39
8497,Category 22 Product 8497,22,222,20.92,51.7
8498,Category 30 Product 8498,30,243,25.54,52.53
8499,Category 35 Product 8499,35,452,5.12,12.46
8500,Computers Product 8500,2,164,9.13,11.89
8501,Pet Supplies Product 8501,16,438,12.38,26.86
8502,Electronics Product 8502,1,142,82.52,167.31
8503,Category 26 Product 8503,26,439,57.26,90.55
8504,Category 21 Product 8504,21,148,77.26,176.45
8505,Category 40 Product 8505,40,58,32.14,48.85
8506,Category 23 Product 8506,23,410,20.37,34.61
8507,Category 30 Product 8507,30,124,79.24,192.86
8508,Category 44 Product 8508,44,296,42.36,61.94
8509,Garden Product 8509,12,91,45.61,101.18
8510,Category 34 Product 8510,34,182,59.17,91.8
8511,Jewelry Product 8511,15,260,67.76,111.45
8512,Category 47 Product 8512,47,467,90.34,207.84
8513,Music Product 8513,19,407,7.74,18.03
8514,Category 28 Product 8514,28,347,18.98,41.98
8515,Category 38 Product 8515,38,362,14.29,30.33
8516,Category 26 Product 8516,26,47,57.28,90.63
8517,Category 49 Product 8517,49,355,22.62,50.03
8518,Category 37 Product 8518,37,6,52.07,112.06
8519,Jewelry Product 8519,15,383,44.53,101.55
8520,Office Product 8520,14,404,247.83,429.3
8521,Category 49 Product 8521,49,449,13.1,19.12
8522,Category 39 Product 8522,39,403,17.8,22.88
8523,Category 24 Product 8523,24,373,57.37,128.43
8524,Category 30 Product 8524,30,141,10.95,21.89
8525,Category 27 Product 8525,27,422,7.94,16.27
8526,Category 24 Product 8526,24,428,47.99,62.81
8527,Category 49 Product 8527,49,400,22.57,32.07
8528,Gaming Product 8528,18,360,27.17,47.88
8529,Category 35 Product 8529,35,197,5.05,7.32
8530,Music Product 8530,19,482,383.71,840.39
8531,Category 48 Product 8531,48,417,4.28,7.38
8532,Category 28 Product 8532,28,288,103.03,142.39
8533,Shoes Product 8533,7,284,78.15,100.18
8534,Category 45 Product 8534,45,345,145.31,183.33
8535,Category 27 Product 8535,27,122,16.54,28.94
8536,Clothing Product 8536,6,42,3.6,4.9
8537,Category 28 Product 8537,28,131,21.14,40.14
8538,Office Product 8538,14,391,33.25,48.36
8539,Category 50 Product 8539,50,277,16.47,31.35
8540,Furniture Product 8540,5,447,16.97,22.8
8541,Category 39 Product 8541,39,177,24.72,36.88
8542,Category 34 Product 8542,34,351,32.17,79.51
8543,Category 35 Product 8543,35,467,40.19,55.84
8544,Category 42 Product 8544,42,31,328.65,740.88
8545,Category 29 Product 8545,29,231,14.41,19.24
8546,Books Product 8546,10,321,33.92,71.36
8547,Category 39 Product 8547,39,379,19.43,24.47
8548,Category 23 Product 8548,23,154,89.89,152.74
8549,Category 33 Product 8549,33,276,40.45,90.57
8550,Category 44 Product 8550,44,104,7.69,10.28
8551,Category 26 Product 8551,26,119,7.57,17.43
8552,Sports Product 8552,8,95,30.83,56.49
8553,Category 32 Product 8553,32,119,7.56,12.02
8554,Music Product 8554,19,357,2.06,5.07
8555,Category 30 Product 8555,30,151,105.41,184.37
8556,Garden Product 8556,12,105,117.87,259.36
8557,Office Product 8557,14,447,12.0,18.88
8558,Category 39 Product 8558,39,216,31.89,52.48
8559,Category 32 Product 8559,32,222,68.24,155.68
8560,Category 43 Product 8560,43,68,72.89,117.01
8561,Category 49 Product 8561,49,251,115.95,191.34
8562,Category 24 Product 8562,24,40,36.74,58.69
8563,Category 46 Product 8563,46,152,73.77,108.49
8564,Shoes Product 8564,7,286,102.72,228.04
8565,Computers Product 8565,2,200,4.37,10.07
8566,Category 49 Product 8566,49,390,23.33,56.23
8567,Category 49 Product 8567,49,488,30.96,52.63
8568,Smartphones Product 8568,3,47,43.18,105.99
8569,Category 24 Product 8569,24,208,3.56,5.01
8570,Pet Supplies Product 8570,16,306,21.29,50.41
8571,Category 49 Product 8571,49,395,503.98,860.61
8572,Category 24 Product 8572,24,251,30.52,42.22
8573,Category 36 Product 8573,36,160,20.32,50.5
8574,Health Product 8574,17,233,22.03,48.68
8575,Category 39 Product 8575,39,306,81.13,125.02
8576,Category 28 Product 8576,28,301,15.47,20.56
8577,Category 29 Product 8577,29,79,33.79,54.84
8578,Category 39 Product 8578,39,5,56.66,113.17
8579,Category 34 Product 8579,34,445,33.74,53.22
8580,Category 37 Product 8580,37,21,234.04,446.66
8581,Category 32 Product 8581,32,320,26.93,62.96
8582,Category 31 Product 8582,31,50,67.61,146.4
8583,Health Product 8583,17,334,32.8,43.44
8584,Category 40 Product 8584,40,37,34.66,75.66
8585,Automotive Product 8585,13,463,251.63,436.01
8586,Category 34 Product 8586,34,320,34.98,61.48
8587,Category 21 Product 8587,21,381,19.28,26.99
8588,Category 31 Product 8588,31,189,3.0,6.42
8589,Gaming Product 8589,18,16,53.42,131.38
8590,Category 30 Product 8590,30,233,106.87,172.64
8591,Category 26 Product 8591,26,471,102.44,169.74
8592,Category 29 Product 8592,29,22,18.81,37.58
8593,Category 44 Product 8593,44,63,7.36,15.48
8594,Toys Product 8594,11,450,143.67,271.09
8595,Jewelry Product 8595,15,422,114.05,240.25
8596,Category 33 Product 8596,33,101,26.64,38.29
8597,Category 41 Product 8597,41,358,13.69,28.39
8598,Beauty Product 8598,9,75,49.91,109.61
8599,Category 45 Product 8599,45,33,21.71,44.28
8600,Pet Supplies Product 8600,16,440,110.35,150.26
8601,Toys Product 8601,11,262,13.08,31.77
8602,Travel Product 8602,20,268,12.49,22.13
8603,Category 33 Product 8603,33,295,51.8,93.75
8604,Category 47 Product 8604,47,55,10.24,22.43
8605,Category 39 Product 8605,39,439,13.15,27.43
8606,Toys Product 8606,11,385,70.33,174.01
8607,Category 28 Product 8607,28,224,34.51,51.9
8608,Category 23 Product 8608,23,61,2.51,3.3
8609,Smartphones Product 8609,3,427,58.27,123.33
8610,Category 26 Product 8610,26,144,12.47,21.59
8611,Category 37 Product 8611,37,453,126.11,165.33
8612,Toys Product 8612,11,394,40.95,82.26
8613,Category 25 Product 8613,25,309,46.7,83.54
8614,Category 48 Product 8614,48,119,32.76,71.0
8615,Electronics Product 8615,1,186,48.31,90.04
8616,Category 35 Product 8616,35,357,14.01,17.63
8617,Gaming Product 8617,18,213,17.0,20.5
8618,Shoes Product 8618,7,131,7.14,16.6
8619,Category 43 Product 8619,43,26,23.78,48.88
8620,Category 40 Product 8620,40,9,75.49,141.1
8621,Office Product 8621,14,466,34.45,51.16
8622,Music Product 8622,19,120,72.0,145.86
8623,Category 28 Product 8623,28,428,19.39,37.92
8624,Category 44 Product 8624,44,102,58.17,117.98
8625,Category 27 Product 8625,27,261,153.71,364.26
8626,Category 29 Product 8626,29,487,77.43,162.36
8627,Category 37 Product 8627,37,416,65.08,140.09
8628,Electronics Product 8628,1,387,31.98,70.59
8629,Music Product 8629,19,206,13.09,26.43
8630,Jewelry Product 8630,15,345,27.91,54.92
8631,Category 38 Product 8631,38,278,17.68,36.33
8632,Travel Product 8632,20,400,14.69,36.57
8633,Category 46 Product 8633,46,113,72.54,173.33
8634,Category 22 Product 8634,22,31,43.12,77.0
8635,Pet Supplies Product 8635,16,55,56.43,128.77
8636,Category 23 Product 8636,23,106,14.36,35.43
8637,Category 22 Product 8637,22,54,23.82,39.43
8638,Smartphones Product 8638,3,129,135.37,334.65
8639,Category 47 Product 8639,47,301,10.2,14.36
8640,Beauty Product 8640,9,90,24.78,42.86
8641,Garden Product 8641,12,235,22.53,54.97
8642,Category 34 Product 8642,34,386,159.54,332.51
8643,Category 38 Product 8643,38,109,66.17,90.34
8644,Shoes Product 8644,7,46,39.24,74.8
8645,Category 24 Product 8645,24,177,8.34,10.3
8646,Category 45 Product 8646,45,116,39.85,62.54
8647,Category 37 Product 8647,37,441,14.97,35.83
8648,Category 21 Product 8648,21,483,119.57,226.82
8649,Books Product 8649,10,132,24.96,45.44
8650,Sports Product 8650,8,325,14.82,34.31
8651,Category 36 Product 8651,36,240,102.14,202.34
8652,Category 22 Product 8652,22,469,3.47,4.57
8653,Category 50 Product 8653,50,188,36.72,52.4
8654,Category 34 Product 8654,34,30,35.67,49.77
8655,Category 38 Product 8655,38,15,55.66,84.99
8656,Category 37 Product 8656,37,489,59.39,87.37
8657,Category 40 Product 8657,40,380,51.45,65.38
8658,Category 27 Product 8658,27,80,31.95,42.76
8659,Category 26 Product 8659,26,96,3.98,7.73
8660,Category 30 Product 8660,30,383,89.86,142.76
8661,Sports Product 8661,8,150,22.91,35.4
8662,Clothing Product 8662,6,84,33.38,82.33
8663,Gaming Product 8663,18,338,95.88,193.3
8664,Category 26 Product 8664,26,350,40.89,73.51
8665,Category 34 Product 8665,34,215,47.28,80.83
8666,Category 37 Product 8666,37,396,88.61,190.3
8667,Garden Product 8667,12,129,88.19,215.01
8668,Category 41 Product 8668,41,300,36.7,79.53
8669,Home Appliances Product 8669,4,403,16.66,35.83
8670,Home Appliances Product 8670,4,264,87.01,133.66
8671,Category 37 Product 8671,37,112,11.31,22.14
8672,Category 32 Product 8672,32,65,8.3,14.67
8673,Jewelry Product 8673,15,24,147.41,205.83
8674,Category 30 Product 8674,30,499,182.45,407.86
8675,Furniture Product 8675,5,253,11.19,15.11
8676,Clothing Product 8676,6,230,4.66,10.24
8677,Category 45 Product 8677,45,486,25.43,31.03
8678,Category 37 Product 8678,37,40,8.68,15.16
8679,Shoes Product 8679,7,466,3.86,6.35
8680,Office Product 8680,14,211,66.69,163.47
8681,Beauty Product 8681,9,69,8.76,14.03
8682,Category 32 Product 8682,32,359,365.73,581.6
8683,Category 36 Product 8683,36,497,18.12,26.14
8684,Category 37 Product 8684,37,498,48.6,62.8
8685,Category 43 Product 8685,43,219,37.35,64.06
8686,Jewelry Product 8686,15,334,10.36,21.88
8687,Electronics Product 8687,1,437,36.52,72.64
8688,Home Appliances Product 8688,4,232,40.38,73.48
8689,Category 32 Product 8689,32,430,8.54,11.86
8690,Sports Product 8690,8,119,134.92,167.59
8691,Category 30 Product 8691,30,309,88.6,118.13
8692,Category 22 Product 8692,22,135,29.64,46.61
8693,Category 36 Product 8693,36,67,10.58,21.93
8694,Shoes Product 8694,7,477,58.33,107.44
8695,Beauty Product 8695,9,373,8.59,18.23
8696,Category 32 Product 8696,32,440,37.42,76.06
8697,Category 34 Product 8697,34,176,213.85,522.02
8698,Category 21 Product 8698,21,120,42.74,72.76
8699,Shoes Product 8699,7,234,37.43,86.05
8700,Gaming Product 8700,18,394,4.32,8.32
8701,Category 23 Product 8701,23,440,26.94,38.56
8702,Travel Product 8702,20,379,59.61,140.95
8703,Books Product 8703,10,202,62.25,128.0
8704,Beauty Product 8704,9,196,7.63,12.49
8705,Category 30 Product 8705,30,486,10.37,19.3
8706,Garden Product 8706,12,163,17.12,25.01
8707,Health Product 8707,17,481,34.31,80.29
8708,Category 38 Product 8708,38,234,15.77,20.4
8709,Category 50 Product 8709,50,119,46.33,102.8
8710,Category 47 Product 8710,47,234,5.65,9.59
8711,Beauty Product 8711,9,173,70.42,175.26
8712,Category 43 Product 8712,43,397,4.59,7.32
8713,Category 49 Product 8713,49,297,18.87,38.52
8714,Category 30 Product 8714,30,443,8.78,18.86
8715,Category 28 Product 8715,28,187,14.05,17.87
8716,Furniture Product 8716,5,472,200.07,259.34
8717,Category 48 Product 8717,48,276,11.27,16.84
8718,Category 36 Product 8718,36,297,11.61,24.1
8719,Category 27 Product 8719,27,178,27.42,37.11
8720,Category 44 Product 8720,44,32,18.71,42.83
8721,Gaming Product 8721,18,406,15.97,31.06
8722,Category 23 Product 8722,23,56,11.9,24.95
8723,Category 43 Product 8723,43,338,14.64,23.97
8724,Category 49 Product 8724,49,108,158.11,347.23
8725,Category 42 Product 8725,42,308,29.51,37.73
8726,Category 28 Product 8726,28,447,124.0,274.66
8727,Category 24 Product 8727,24,114,61.58,102.13
8728,Category 24 Product 8728,24,46,9.68,21.27
8729,Sports Product 8729,8,492,28.13,53.43
8730,Category 30 Product 8730,30,380,20.06,46.42
8731,Pet Supplies Product 8731,16,320,27.05,39.57
8732,Category 31 Product 8732,31,109,3.41,8.29
8733,Furniture Product 8733,5,398,22.36,44.63
8734,Category 43 Product 8734,43,87,62.15,108.64
8735,Home Appliances Product 8735,4,368,96.36,144.56
8736,Category 35 Product 8736,35,61,20.51,36.29
8737,Gaming Product 8737,18,15,61.23,87.43
8738,Pet Supplies Product 8738,16,290,36.89,84.44
8739,Travel Product 8739,20,45,38.44,58.71
8740,Travel Product 8740,20,333,26.64,33.61
8741,Category 22 Product 8741,22,133,62.12,146.5
8742,Category 35 Product 8742,35,260,44.42,71.91
8743,Gaming Product 8743,18,303,12.74,30.98
8744,Category 42 Product 8744,42,51,24.41,43.71
8745,Category 35 Product 8745,35,272,85.43,119.61
8746,Category 33 Product 8746,33,346,18.87,33.88
8747,Electronics Product 8747,1,144,18.18,37.65
8748,Category 35 Product 8748,35,371,98.88,195.4
8749,Gaming Product 8749,18,74,5.88,7.72
8750,Category 48 Product 8750,48,278,4.3,9.87
8751,Category 22 Product 8751,22,132,38.71,80.84
8752,Category 22 Product 8752,22,60,21.61,37.47
8753,Category 46 Product 8753,46,496,44.43,74.35
8754,Category 24 Product 8754,24,136,421.96,518.58
8755,Toys Product 8755,11,404,99.19,171.45
8756,Category 35 Product 8756,35,272,200.65,412.45
8757,Category 22 Product 8757,22,9,54.1,115.86
8758,Category 33 Product 8758,33,294,48.57,60.34
8759,Category 22 Product 8759,22,353,17.52,25.59
8760,Category 32 Product 8760,32,224,33.45,66.37
8761,Gaming Product 8761,18,451,25.76,62.86
8762,Category 42 Product 8762,42,432,5.29,6.94
8763,Computers Product 8763,2,284,24.86,30.12
8764,Category 28 Product 8764,28,229,36.47,82.73
8765,Gaming Product 8765,18,125,10.03,18.64
8766,Category 27 Product 8766,27,113,15.11,30.26
8767,Category 43 Product 8767,43,102,50.18,61.41
8768,Category 45 Product 8768,45,301,59.47,108.01
8769,Computers Product 8769,2,393,77.94,98.51
8770,Toys Product 8770,11,117,59.28,84.64
8771,Gaming Product 8771,18,194,21.21,40.58
8772,Category 27 Product 8772,27,222,83.26,176.01
8773,Category 31 Product 8773,31,336,197.16,343.33
8774,Clothing Product 8774,6,80,25.17,42.32
8775,Beauty Product 8775,9,281,33.21,49.44
8776,Home Appliances Product 8776,4,21,44.34,80.24
8777,Category 31 Product 8777,31,124,81.24,113.91
8778,Category 30 Product 8778,30,472,15.82,32.83
8779,Home Appliances Product 8779,4,61,50.48,97.96
8780,Category 21 Product 8780,21,268,24.57,59.04
8781,Category 23 Product 8781,23,145,14.15,21.26
8782,Category 48 Product 8782,48,496,4.77,10.75
8783,Category 45 Product 8783,45,5,37.8,80.55
8784,Garden Product 8784,12,262,53.05,75.4
8785,Category 25 Product 8785,25,125,12.38,17.33
8786,Category 40 Product 8786,40,20,457.01,651.68
8787,Shoes Product 8787,7,259,2.96,7.34
8788,Category 21 Product 8788,21,428,121.76,297.09
8789,Home Appliances Product 8789,4,433,11.16,18.44
8790,Category 50 Product 8790,50,110,46.21,64.55
8791,Category 25 Product 8791,25,121,16.71,29.18
8792,Category 41 Product 8792,41,163,67.05,140.84
8793,Books Product 8793,10,2,27.41,48.99
8794,Category 47 Product 8794,47,152,5.42,11.26
8795,Category 34 Product 8795,34,229,41.47,101.82
8796,Books Product 8796,10,171,26.29,44.01
8797,Automotive Product 8797,13,407,24.08,47.06
8798,Books Product 8798,10,396,29.09,47.81
8799,Category 37 Product 8799,37,154,40.84,86.95
8800,Category 39 Product 8800,39,298,7.85,12.44
8801,Category 50 Product 8801,50,182,112.49,220.98
8802,Category 39 Product 8802,39,226,86.34,154.29
8803,Category 25 Product 8803,25,485,10.02,14.46
8804,Computers Product 8804,2,125,13.71,33.96
8805,Gaming Product 8805,18,18,20.93,36.4
8806,Category 21 Product 8806,21,215,126.06,184.16
8807,Category 21 Product 8807,21,171,17.73,36.57
8808,Category 47 Product 8808,47,287,13.79,32.24
8809,Music Product 8809,19,138,83.94,168.53
8810,Category 49 Product 8810,49,260,22.77,36.9
8811,Category 45 Product 8811,45,444,44.97,76.43
8812,Category 32 Product 8812,32,29,53.3,71.32
8813,Category 29 Product 8813,29,252,77.72,171.73
8814,Category 34 Product 8814,34,447,159.32,348.92
8815,Sports Product 8815,8,117,57.74,87.81
8816,Furniture Product 8816,5,147,14.28,23.42
8817,Category 28 Product 8817,28,280,14.01,23.71
8818,Garden Product 8818,12,474,13.4,20.01
8819,Category 47 Product 8819,47,373,56.83,132.8
8820,Category 29 Product 8820,29,238,5.66,11.29
8821,Toys Product 8821,11,358,21.5,27.77
8822,Beauty Product 8822,9,284,37.55,92.7
8823,Category 42 Product 8823,42,412,42.93,60.31
8824,Travel Product 8824,20,102,40.38,68.53
8825,Category 48 Product 8825,48,2,3.36,6.59
8826,Category 43 Product 8826,43,207,66.41,140.14
8827,Office Product 8827,14,28,164.68,240.58
8828,Category 46 Product 8828,46,451,66.94,89.97
8829,Travel Product 8829,20,43,8.53,19.94
8830,Category 43 Product 8830,43,284,62.22,78.86
8831,Beauty Product 8831,9,249,12.23,21.81
8832,Category 22 Product 8832,22,171,43.14,100.44
8833,Office Product 8833,14,337,7.21,17.63
8834,Automotive Product 8834,13,299,21.35,51.41
8835,Category 43 Product 8835,43,223,29.27,35.93
8836,Category 21 Product 8836,21,273,36.04,46.8
8837,Office Product 8837,14,372,58.45,72.53
8838,Office Product 8838,14,146,77.22,100.5
8839,Category 42 Product 8839,42,300,11.22,21.64
8840,Books Product 8840,10,416,47.23,65.62
8841,Category 24 Product 8841,24,41,37.76,61.41
8842,Shoes Product 8842,7,165,96.26,174.58
8843,Computers Product 8843,2,285,27.07,36.03
8844,Beauty Product 8844,9,415,4.05,6.33
8845,Category 35 Product 8845,35,93,32.81,57.38
8846,Category 26 Product 8846,26,212,6.53,15.53
8847,Automotive Product 8847,13,160,42.29,72.45
8848,Category 49 Product 8848,49,124,29.62,67.72
8849,Category 45 Product 8849,45,176,38.32,51.88
8850,Category 33 Product 8850,33,456,34.76,58.19
8851,Pet Supplies Product 8851,16,95,23.33,51.22
8852,Health Product 8852,17,26,53.59,117.49
8853,Category 31 Product 8853,31,424,18.06,35.53
8854,Computers Product 8854,2,181,72.72,116.15
8855,Category 24 Product 8855,24,156,19.47,36.97
8856,Toys Product 8856,11,111,67.34,163.11
8857,Beauty Product 8857,9,189,134.09,219.62
8858,Category 40 Product 8858,40,129,263.32,378.71
8859,Category 29 Product 8859,29,103,6.2,11.43
8860,Category 24 Product 8860,24,414,19.49,26.91
8861,Category 44 Product 8861,44,438,4.51,7.27
8862,Clothing Product 8862,6,342,40.66,95.82
8863,Pet Supplies Product 8863,16,98,17.5,39.38
8864,Category 42 Product 8864,42,168,65.77,126.44
8865,Smartphones Product 8865,3,33,9.85,14.31
8866,Category 29 Product 8866,29,276,52.26,128.22
8867,Health Product 8867,17,78,38.46,61.23
8868,Gaming Product 8868,18,457,48.53,108.9
8869,Garden Product 8869,12,249,63.61,79.54
8870,Category 34 Product 8870,34,20,81.54,115.32
8871,Category 23 Product 8871,23,289,28.6,59.64
8872,Furniture Product 8872,5,192,62.99,120.59
8873,Category 43 Product 8873,43,434,66.54,105.26
8874,Gaming Product 8874,18,11,11.06,14.22
8875,Category 31 Product 8875,31,105,57.32,121.32
8876,Category 38 Product 8876,38,120,61.19,119.87
8877,Category 34 Product 8877,34,130,24.72,56.2
8878,Category 34 Product 8878,34,37,15.23,33.4
8879,Category 27 Product 8879,27,142,19.71,31.44
8880,Jewelry Product 8880,15,425,7.92,18.78
8881,Category 43 Product 8881,43,228,15.81,28.47
8882,Category 36 Product 8882,36,127,39.44,81.74
8883,Beauty Product 8883,9,353,45.05,108.42
8884,Category 29 Product 8884,29,321,81.0,115.01
8885,Category 27 Product 8885,27,78,26.8,47.84
8886,Garden Product 8886,12,297,8.37,20.67
8887,Category 35 Product 8887,35,418,22.75,29.45
8888,Category 36 Product 8888,36,298,113.46,281.96
8889,Health Product 8889,17,386,225.7,352.27
8890,Pet Supplies Product 8890,16,60,11.08,20.87
8891,Beauty Product 8891,9,122,35.95,78.06
8892,Category 44 Product 8892,44,238,49.23,105.39
8893,Category 34 Product 8893,34,376,47.15,78.58
8894,Category 37 Product 8894,37,188,10.49,23.46
8895,Category 23 Product 8895,23,395,162.22,370.58
8896,Sports Product 8896,8,68,78.6,180.35
8897,Travel Product 8897,20,259,2.79,6.73
8898,Smartphones Product 8898,3,279,18.66,46.38
8899,Furniture Product 8899,5,156,53.36,77.77
8900,Category 46 Product 8900,46,285,99.42,198.41
8901,Electronics Product 8901,1,450,7.83,15.15
8902,Gaming Product 8902,18,22,15.77,37.27
8903,Category 31 Product 8903,31,322,55.88,81.81
8904,Category 25 Product 8904,25,169,34.2,62.94
8905,Clothing Product 8905,6,453,69.27,139.9
8906,Category 40 Product 8906,40,389,85.46,152.52
8907,Jewelry Product 8907,15,394,38.77,57.09
8908,Category 28 Product 8908,28,37,18.42,38.52
8909,Toys Product 8909,11,213,18.86,31.81
8910,Home Appliances Product 8910,4,44,10.27,13.15
8911,Pet Supplies Product 8911,16,184,16.88,24.46
8912,Category 42 Product 8912,42,72,48.59,80.09
8913,Category 44 Product 8913,44,487,85.09,187.21
8914,Category 23 Product 8914,23,403,200.74,381.25
8915,Category 34 Product 8915,34,322,36.08,88.59
8916,Books Product 8916,10,420,7.17,16.31
8917,Category 22 Product 8917,22,389,25.13,56.79
8918,Category 35 Product 8918,35,419,50.7,69.12
8919,Category 27 Product 8919,27,139,15.11,35.62
8920,Category 45 Product 8920,45,321,23.54,41.79
8921,Category 42 Product 8921,42,176,53.88,130.4
8922,Sports Product 8922,8,494,41.48,84.74
8923,Category 30 Product 8923,30,9,182.45,233.18
8924,Category 37 Product 8924,37,162,122.1,168.79
8925,Computers Product 8925,2,287,14.22,29.07
8926,Category 36 Product 8926,36,71,47.5,100.2
8927,Category 45 Product 8927,45,257,101.5,152.62
8928,Computers Product 8928,2,190,34.88,85.23
8929,Jewelry Product 8929,15,464,79.21,106.43
8930,Category 39 Product 8930,39,395,90.18,142.51
8931,Automotive Product 8931,13,328,31.56,65.47
8932,Category 43 Product 8932,43,300,26.99,60.76
8933,Category 42 Product 8933,42,411,19.46,24.73
8934,Category 46 Product 8934,46,4,15.62,21.48
8935,Music Product 8935,19,347,6.92,16.26
8936,Electronics Product 8936,1,277,26.61,32.91
8937,Category 25 Product 8937,25,11,47.5,87.46
8938,Category 39 Product 8938,39,491,12.93,27.02
8939,Category 46 Product 8939,46,200,32.96,41.96
8940,Category 41 Product 8940,41,84,73.17,138.5
8941,Automotive Product 8941,13,38,17.06,37.0
8942,Toys Product 8942,11,206,94.17,183.84
8943,Category 39 Product 8943,39,476,300.2,740.52
8944,Category 22 Product 8944,22,429,287.72,493.49
8945,Category 49 Product 8945,49,486,50.27,121.0
8946,Beauty Product 8946,9,455,20.96,42.67
8947,Category 40 Product 8947,40,1,55.94,74.71
8948,Health Product 8948,17,81,33.73,75.03
8949,Category 48 Product 8949,48,291,4.37,7.46
8950,Travel Product 8950,20,352,35.72,80.93
8951,Office Product 8951,14,342,19.78,25.86
8952,Office Product 8952,14,20,234.85,362.23
8953,Category 49 Product 8953,49,236,23.65,49.49
8954,Category 46 Product 8954,46,315,76.96,183.83
8955,Category 27 Product 8955,27,271,76.25,156.1
8956,Category 35 Product 8956,35,186,54.18,114.21
8957,Category 46 Product 8957,46,421,3.86,5.49
8958,Category 30 Product 8958,30,31,116.18,148.91
8959,Category 35 Product 8959,35,455,8.83,17.75
8960,Category 32 Product 8960,32,80,37.99,85.36
8961,Category 22 Product 8961,22,283,7.49,15.03
8962,Category 44 Product 8962,44,445,2.91,5.98
8963,Category 36 Product 8963,36,266,78.72,143.56
8964,Category 38 Product 8964,38,20,51.16,81.22
8965,Category 31 Product 8965,31,403,52.36,83.7
8966,Category 46 Product 8966,46,495,137.96,215.67
8967,Category 42 Product 8967,42,12,40.15,72.47
8968,Category 27 Product 8968,27,448,28.94,52.27
8969,Category 43 Product 8969,43,198,20.44,26.38
8970,Category 46 Product 8970,46,494,27.19,64.35
8971,Category 36 Product 8971,36,10,17.93,43.23
8972,Category 23 Product 8972,23,51,17.46,38.31
8973,Category 23 Product 8973,23,40,29.34,67.22
8974,Category 30 Product 8974,30,150,60.34,140.53
8975,Category 42 Product 8975,42,23,53.24,101.27
8976,Category 26 Product 8976,26,406,141.65,220.26
8977,Gaming Product 8977,18,200,4.83,7.41
8978,Pet Supplies Product 8978,16,490,33.81,49.27
8979,Category 47 Product 8979,47,128,31.88,74.28
8980,Gaming Product 8980,18,66,4.06,8.12
8981,Category 24 Product 8981,24,81,51.57,115.19
8982,Category 47 Product 8982,47,190,120.39,287.22
8983,Garden Product 8983,12,99,12.73,17.02
8984,Category 24 Product 8984,24,348,47.74,100.34
8985,Beauty Product 8985,9,100,110.84,163.51
8986,Category 41 Product 8986,41,486,11.67,26.27
8987,Garden Product 8987,12,243,16.54,25.06
8988,Category 27 Product 8988,27,198,46.94,108.77
8989,Category 48 Product 8989,48,107,55.53,74.38
8990,Category 28 Product 8990,28,233,59.24,106.39
8991,Category 26 Product 8991,26,231,61.79,152.94
8992,Toys Product 8992,11,377,211.02,500.15
8993,Category 27 Product 8993,27,499,7.46,18.25
8994,Clothing Product 8994,6,344,32.72,50.87
8995,Category 45 Product 8995,45,175,17.0,35.32
8996,Category 27 Product 8996,27,365,10.9,24.76
8997,Category 33 Product 8997,33,185,5.39,8.54
8998,Category 24 Product 8998,24,457,78.48,135.29
8999,Shoes Product 8999,7,348,62.45,140.0
9000,Category 21 Product 9000,21,124,23.13,49.58
9001,Automotive Product 9001,13,164,6.4,15.57
9002,Category 47 Product 9002,47,122,71.84,99.27
9003,Category 34 Product 9003,34,279,22.55,41.72
9004,Pet Supplies Product 9004,16,193,10.55,23.31
9005,Category 36 Product 9005,36,42,34.89,53.77
9006,Category 32 Product 9006,32,253,29.84,65.36
9007,Garden Product 9007,12,333,27.01,40.58
9008,Category 48 Product 9008,48,299,39.2,73.09
9009,Category 39 Product 9009,39,396,37.49,78.81
9010,Category 27 Product 9010,27,255,472.07,593.05
9011,Home Appliances Product 9011,4,444,19.41,23.73
9012,Category 33 Product 9012,33,30,29.71,43.3
9013,Category 21 Product 9013,21,424,18.66,23.68
9014,Beauty Product 9014,9,50,24.45,38.96
9015,Category 41 Product 9015,41,407,44.13,77.25
9016,Category 31 Product 9016,31,104,37.35,90.35
9017,Category 28 Product 9017,28,453,102.69,165.32
9018,Category 26 Product 9018,26,8,14.01,31.51
9019,Computers Product 9019,2,385,60.81,89.48
9020,Category 48 Product 9020,48,451,25.4,49.5
9021,Clothing Product 9021,6,491,25.18,43.99
9022,Category 39 Product 9022,39,322,4.42,8.35
9023,Category 40 Product 9023,40,493,17.98,27.89
9024,Category 24 Product 9024,24,91,81.9,137.76
9025,Shoes Product 9025,7,26,18.54,35.43
9026,Category 23 Product 9026,23,36,9.47,14.24
9027,Category 40 Product 9027,40,265,4.27,10.3
9028,Electronics Product 9028,1,469,323.81,759.69
9029,Beauty Product 9029,9,186,96.84,224.71
9030,Category 21 Product 9030,21,471,30.96,41.24
9031,Garden Product 9031,12,124,7.58,14.53
9032,Furniture Product 9032,5,227,56.3,110.53
9033,Category 42 Product 9033,42,331,9.4,17.62
9034,Category 31 Product 9034,31,247,19.59,30.52
9035,Category 24 Product 9035,24,214,42.26,80.14
9036,Category 23 Product 9036,23,49,8.05,16.0
9037,Health Product 9037,17,29,34.23,84.19
9038,Category 21 Product 9038,21,497,103.9,141.08
9039,Shoes Product 9039,7,361,119.22,274.56
9040,Category 27 Product 9040,27,44,45.74,86.18
9041,Books Product 9041,10,240,66.64,96.05
9042,Category 46 Product 9042,46,241,45.48,100.88
9043,Category 37 Product 9043,37,420,37.87,59.98
9044,Category 44 Product 9044,44,195,33.16,52.34
9045,Electronics Product 9045,1,170,69.04,131.0
9046,Category 24 Product 9046,24,99,115.18,239.39
9047,Category 40 Product 9047,40,379,16.71,32.21
9048,Office Product 9048,14,417,62.03,88.63
9049,Music Product 9049,19,122,30.26,38.22
9050,Category 26 Product 9050,26,398,38.27,67.76
9051,Category 30 Product 9051,30,457,45.02,100.64
9052,Category 23 Product 9052,23,290,52.65,110.23
9053,Category 42 Product 9053,42,170,42.67,55.94
9054,Category 35 Product 9054,35,223,79.73,162.51
9055,Category 48 Product 9055,48,306,54.86,92.92
9056,Category 44 Product 9056,44,112,16.29,22.48
9057,Office Product 9057,14,458,38.8,91.55
9058,Clothing Product 9058,6,123,105.66,220.82
9059,Category 27 Product 9059,27,349,15.19,22.0
9060,Toys Product 9060,11,236,28.94,72.1
9061,Pet Supplies Product 9061,16,391,63.79,156.88
9062,Category 35 Product 9062,35,393,9.69,13.21
9063,Beauty Product 9063,9,288,17.1,38.76
9064,Category 31 Product 9064,31,141,22.7,37.38
9065,Category 48 Product 9065,48,148,22.15,50.25
9066,Jewelry Product 9066,15,29,47.86,88.78
9067,Beauty Product 9067,9,221,27.82,54.59
9068,Category 44 Product 9068,44,143,24.0,51.65
9069,Category 29 Product 9069,29,58,53.31,101.47
9070,Gaming Product 9070,18,234,256.97,436.34
9071,Category 38 Product 9071,38,394,40.91,86.22
9072,Category 42 Product 9072,42,447,433.58,600.87
9073,Toys Product 9073,11,447,17.55,42.03
9074,Beauty Product 9074,9,479,230.82,503.95
9075,Office Product 9075,14,427,108.53,176.74
9076,Pet Supplies Product 9076,16,50,32.6,58.22
9077,Category 29 Product 9077,29,2,12.75,30.23
9078,Toys Product 9078,11,263,80.54,158.43
9079,Category 25 Product 9079,25,180,34.23,52.04
9080,Category 40 Product 9080,40,285,20.17,30.33
9081,Clothing Product 9081,6,241,7.46,17.95
9082,Clothing Product 9082,6,256,21.75,44.46
9083,Category 37 Product 9083,37,71,68.21,86.11
9084,Home Appliances Product 9084,4,53,35.07,73.44
9085,Automotive Product 9085,13,263,3.78,4.75
9086,Sports Product 9086,8,359,3.32,4.27
9087,Category 43 Product 9087,43,298,73.7,161.92
9088,Beauty Product 9088,9,360,19.51,32.16
9089,Category 21 Product 9089,21,21,39.13,62.64
9090,Office Product 9090,14,109,58.69,127.1
9091,Sports Product 9091,8,190,28.67,65.72
9092,Clothing Product 9092,6,285,114.51,190.54
9093,Smartphones Product 9093,3,36,44.31,64.69
9094,Category 35 Product 9094,35,448,3.55,6.68
9095,Computers Product 9095,2,249,20.89,43.57
9096,Music Product 9096,19,157,26.44,64.35
9097,Category 37 Product 9097,37,325,260.24,334.62
9098,Category 38 Product 9098,38,451,13.13,27.13
9099,Toys Product 9099,11,435,24.98,45.55
9100,Furniture Product 9100,5,272,239.42,427.3
9101,Category 30 Product 9101,30,51,94.4,121.99
9102,Category 41 Product 9102,41,72,13.65,32.55
9103,Books Product 9103,10,20,63.51,84.65
9104,Category 36 Product 9104,36,32,18.3,28.74
9105,Music Product 9105,19,351,106.21,237.35
9106,Books Product 9106,10,262,24.33,50.27
9107,Category 41 Product 9107,41,479,46.05,66.58
9108,Category 36 Product 9108,36,387,44.77,88.32
9109,Books Product 9109,10,46,23.89,52.04
9110,Category 44 Product 9110,44,209,53.11,79.2
9111,Category 28 Product 9111,28,39,74.23,104.5
9112,Travel Product 9112,20,349,60.22,109.62
9113,Category 25 Product 9113,25,486,27.4,64.88
9114,Category 29 Product 9114,29,114,27.08,41.48
9115,Category 40 Product 9115,40,440,77.37,130.43
9116,Automotive Product 9116,13,119,10.92,13.26
9117,Category 21 Product 9117,21,337,6.91,13.58
9118,Category 38 Product 9118,38,62,38.72,65.39
9119,Category 34 Product 9119,34,102,53.85,72.36
9120,Category 34 Product 9120,34,365,86.41,108.28
9121,Category 42 Product 9121,42,141,88.77,124.63
9122,Category 27 Product 9122,27,259,58.24,111.69
9123,Category 28 Product 9123,28,291,8.96,14.47
9124,Health Product 9124,17,398,41.46,95.53
9125,Category 38 Product 9125,38,183,32.73,74.89
9126,Home Appliances Product 9126,4,230,29.55,62.12
9127,Category 41 Product 9127,41,265,16.81,39.45
9128,Office Product 9128,14,443,75.44,183.81
9129,Category 21 Product 9129,21,98,60.37,114.41
9130,Automotive Product 9130,13,410,17.13,31.07
9131,Category 45 Product 9131,45,187,11.95,22.3
9132,Category 44 Product 9132,44,20,79.61,153.85
9133,Books Product 9133,10,233,119.78,288.47
9134,Category 22 Product 9134,22,418,17.65,32.38
9135,Travel Product 9135,20,74,92.95,114.76
9136,Category 42 Product 9136,42,414,99.98,122.94
9137,Category 24 Product 9137,24,258,25.73,40.85
9138,Category 30 Product 9138,30,320,19.24,39.87
9139,Category 30 Product 9139,30,186,21.17,44.78
9140,Category 24 Product 9140,24,445,13.94,25.0
9141,Toys Product 9141,11,160,19.23,38.44
9142,Category 34 Product 9142,34,85,110.94,260.01
9143,Category 49 Product 9143,49,434,36.86,81.77
9144,Computers Product 9144,2,381,23.89,55.99
9145,Jewelry Product 9145,15,489,9.18,20.73
9146,Smartphones Product 9146,3,71,18.59,33.05
9147,Category 35 Product 9147,35,476,16.75,37.24
9148,Sports Product 9148,8,280,87.54,108.47
9149,Category 47 Product 9149,47,33,16.09,36.67
9150,Health Product 9150,17,187,38.23,70.48
9151,Office Product 9151,14,354,35.61,63.52
9152,Gaming Product 9152,18,350,111.01,222.11
9153,Category 46 Product 9153,46,195,14.38,25.45
9154,Furniture Product 9154,5,74,16.68,22.8
9155,Travel Product 9155,20,64,13.36,31.09
9156,Category 38 Product 9156,38,456,35.59,43.52
9157,Category 46 Product 9157,46,417,31.21,77.6
9158,Gaming Product 9158,18,486,18.12,44.49
9159,Category 22 Product 9159,22,385,72.36,151.48
9160,Sports Product 9160,8,219,51.63,100.82
9161,Category 46 Product 9161,46,489,7.72,15.5
9162,Travel Product 9162,20,193,25.31,55.8
9163,Shoes Product 9163,7,255,42.27,58.7
9164,Category 36 Product 9164,36,212,46.22,77.64
9165,Category 34 Product 9165,34,252,8.18,14.58
9166,Category 23 Product 9166,23,110,78.26,160.13
9167,Category 39 Product 9167,39,354,136.6,164.91
9168,Sports Product 9168,8,40,45.46,112.88
9169,Category 30 Product 9169,30,177,26.51,52.89
9170,Music Product 9170,19,229,34.16,85.09
9171,Category 42 Product 9171,42,9,18.83,23.25
9172,Category 42 Product 9172,42,180,24.06,38.85
9173,Category 28 Product 9173,28,439,11.02,18.04
9174,Category 42 Product 9174,42,321,48.78,104.3
9175,Category 40 Product 9175,40,25,27.95,41.41
9176,Beauty Product 9176,9,79,6.05,14.33
9177,Furniture Product 9177,5,55,9.06,17.86
9178,Category 38 Product 9178,38,266,37.55,78.7
9179,Category 42 Product 9179,42,63,68.03,158.7
9180,Category 49 Product 9180,49,156,10.29,22.75
9181,Category 38 Product 9181,38,11,13.14,21.93
9182,Automotive Product 9182,13,56,16.27,31.63
9183,Category 37 Product 9183,37,245,37.66,64.71
9184,Category 41 Product 9184,41,296,3.85,7.14
9185,Category 43 Product 9185,43,359,12.76,30.58
9186,Category 21 Product 9186,21,472,73.84,144.27
9187,Shoes Product 9187,7,410,57.75,71.58
9188,Category 26 Product 9188,26,407,36.88,69.51
9189,Category 50 Product 9189,50,312,58.32,88.87
9190,Category 43 Product 9190,43,136,258.97,467.71
9191,Computers Product 9191,2,500,34.76,77.17
9192,Category 46 Product 9192,46,303,61.84,100.43
9193,Smartphones Product 9193,3,151,8.07,17.16
9194,Travel Product 9194,20,316,32.27,54.51
9195,Category 30 Product 9195,30,409,20.58,35.87
9196,Category 44 Product 9196,44,149,39.68,84.93
9197,Computers Product 9197,2,259,30.18,45.21
9198,Category 48 Product 9198,48,9,131.55,296.71
9199,Category 50 Product 9199,50,319,23.03,54.06
9200,Category 21 Product 9200,21,343,16.41,34.64
9201,Health Product 9201,17,223,81.38,136.48
9202,Office Product 9202,14,372,13.88,33.08
9203,Category 33 Product 9203,33,265,161.75,277.49
9204,Pet Supplies Product 9204,16,357,16.78,36.97
9205,Clothing Product 9205,6,265,12.05,27.96
9206,Category 49 Product 9206,49,107,10.92,25.9
9207,Category 30 Product 9207,30,426,64.83,152.81
9208,Travel Product 9208,20,422,7.62,11.9
9209,Category 43 Product 9209,43,470,46.91,93.62
9210,Category 23 Product 9210,23,279,33.29,75.19
9211,Computers Product 9211,2,494,10.0,18.75
9212,Electronics Product 9212,1,458,16.19,37.89
9213,Category 31 Product 9213,31,142,202.83,374.43
9214,Category 46 Product 9214,46,311,10.36,20.63
9215,Toys Product 9215,11,478,148.09,349.51
9216,Category 45 Product 9216,45,8,86.35,119.43
9217,Shoes Product 9217,7,443,25.97,40.57
9218,Travel Product 9218,20,346,8.69,20.05
9219,Category 41 Product 9219,41,497,74.22,157.52
9220,Category 23 Product 9220,23,216,48.58,103.26
9221,Shoes Product 9221,7,34,8.96,11.41
9222,Category 22 Product 9222,22,394,110.74,216.19
9223,Category 41 Product 9223,41,219,68.93,146.43
9224,Sports Product 9224,8,498,17.78,25.97
9225,Pet Supplies Product 9225,16,402,63.99,91.13
9226,Category 21 Product 9226,21,237,14.31,32.04
9227,Category 36 Product 9227,36,331,61.95,121.08
9228,Category 39 Product 9228,39,152,20.49,27.39
9229,Category 35 Product 9229,35,167,3.15,6.1
9230,Clothing Product 9230,6,157,304.1,467.75
9231,Home Appliances Product 9231,4,23,121.3,187.72
9232,Category 23 Product 9232,23,149,40.73,72.46
9233,Category 40 Product 9233,40,414,27.95,47.11
9234,Category 30 Product 9234,30,107,45.74,86.84
9235,Sports Product 9235,8,401,18.12,31.99
9236,Home Appliances Product 9236,4,259,41.7,53.57
9237,Category 36 Product 9237,36,304,416.8,1003.23
9238,Health Product 9238,17,107,121.7,276.85
9239,Category 40 Product 9239,40,101,157.92,304.61
9240,Category 32 Product 9240,32,267,83.72,131.52
9241,Category 23 Product 9241,23,175,88.35,173.5
9242,Health Product 9242,17,52,5.14,12.04
9243,Category 43 Product 9243,43,370,104.43,157.13
9244,Furniture Product 9244,5,354,41.38,89.02
9245,Smartphones Product 9245,3,158,139.66,337.43
9246,Category 40 Product 9246,40,483,39.41,53.72
9247,Electronics Product 9247,1,186,27.73,36.73
9248,Home Appliances Product 9248,4,422,31.08,68.73
9249,Category 30 Product 9249,30,420,29.88,49.17
9250,Category 30 Product 9250,30,247,47.33,105.26
9251,Office Product 9251,14,203,17.07,28.77
9252,Smartphones Product 9252,3,397,54.54,104.96
9253,Category 48 Product 9253,48,476,20.14,37.08
9254,Category 22 Product 9254,22,45,150.2,373.54
9255,Category 49 Product 9255,49,34,6.87,15.87
9256,Health Product 9256,17,227,33.7,81.68
9257,Category 29 Product 9257,29,441,96.62,228.47
9258,Category 24 Product 9258,24,66,17.35,28.59
9259,Furniture Product 9259,5,490,163.97,316.04
9260,Category 45 Product 9260,45,391,84.79,195.53
9261,Computers Product 9261,2,342,24.64,53.44
9262,Music Product 9262,19,169,15.94,26.55
9263,Computers Product 9263,2,277,33.35,45.16
9264,Jewelry Product 9264,15,158,33.26,58.78
9265,Category 43 Product 9265,43,34,52.51,69.57
9266,Category 32 Product 9266,32,16,137.13,215.46
9267,Category 26 Product 9267,26,446,123.61,250.8
9268,Category 26 Product 9268,26,93,103.99,192.08
9269,Category 48 Product 9269,48,350,10.29,13.07
9270,Gaming Product 9270,18,449,20.31,31.45
9271,Books Product 9271,10,29,36.48,76.04
9272,Category 26 Product 9272,26,242,34.82,82.43
9273,Category 22 Product 9273,22,190,34.09,75.12
9274,Category 41 Product 9274,41,76,66.89,119.66
9275,Clothing Product 9275,6,119,29.94,56.63
9276,Shoes Product 9276,7,159,59.68,109.58
9277,Electronics Product 9277,1,357,34.21,80.97
9278,Furniture Product 9278,5,478,24.98,53.81
9279,Home Appliances Product 9279,4,199,240.59,471.4
9280,Shoes Product 9280,7,459,5.86,7.38
9281,Office Product 9281,14,200,44.24,87.09
9282,Sports Product 9282,8,91,133.59,311.15
9283,Category 24 Product 9283,24,179,16.92,27.52
9284,Category 41 Product 9284,41,414,11.71,21.94
9285,Pet Supplies Product 9285,16,228,72.96,105.66
9286,Sports Product 9286,8,268,25.52,38.1
9287,Category 38 Product 9287,38,183,20.5,29.37
9288,Category 34 Product 9288,34,67,5.77,8.95
9289,Category 40 Product 9289,40,483,17.83,36.51
9290,Category 50 Product 9290,50,187,17.22,32.7
9291,Shoes Product 9291,7,51,54.06,75.09
9292,Category 21 Product 9292,21,101,60.74,81.5
9293,Computers Product 9293,2,217,46.43,77.79
9294,Music Product 9294,19,106,26.71,58.12
9295,Category 49 Product 9295,49,74,18.48,45.81
9296,Category 28 Product 9296,28,108,69.52,173.5
9297,Category 50 Product 9297,50,289,56.0,91.24
9298,Clothing Product 9298,6,130,28.03,63.47
9299,Category 26 Product 9299,26,69,39.72,53.0
9300,Category 41 Product 9300,41,353,28.9,64.91
9301,Automotive Product 9301,13,81,506.41,1169.79
9302,Automotive Product 9302,13,38,51.02,98.31
9303,Category 29 Product 9303,29,496,36.19,77.66
9304,Category 34 Product 9304,34,337,60.35,123.93
9305,Category 26 Product 9305,26,226,7.29,13.64
9306,Travel Product 9306,20,421,15.53,31.89
9307,Category 32 Product 9307,32,227,10.8,18.49
9308,Category 33 Product 9308,33,434,93.73,122.99
9309,Home Appliances Product 9309,4,361,28.68,55.12
9310,Category 25 Product 9310,25,217,22.22,54.31
9311,Jewelry Product 9311,15,468,85.66,167.59
9312,Travel Product 9312,20,240,13.19,19.97
9313,Toys Product 9313,11,214,50.02,105.99
9314,Category 40 Product 9314,40,208,8.67,18.2
9315,Category 28 Product 9315,28,223,13.0,26.75
9316,Category 33 Product 9316,33,305,14.43,21.56
9317,Category 34 Product 9317,34,146,22.13,49.87
9318,Books Product 9318,10,141,15.67,38.9
9319,Clothing Product 9319,6,435,37.0,92.36
9320,Category 35 Product 9320,35,111,11.77,14.76
9321,Smartphones Product 9321,3,252,31.49,49.45
9322,Category 33 Product 9322,33,427,47.77,95.22
9323,Toys Product 9323,11,500,103.8,159.67
9324,Sports Product 9324,8,258,27.51,60.96
9325,Category 27 Product 9325,27,178,77.27,173.81
9326,Health Product 9326,17,161,17.99,35.73
9327,Category 33 Product 9327,33,320,41.77,100.45
9328,Category 44 Product 9328,44,376,25.7,45.92
9329,Garden Product 9329,12,199,123.66,267.55
9330,Category 39 Product 9330,39,159,58.58,119.19
9331,Category 28 Product 9331,28,471,89.52,159.58
9332,Automotive Product 9332,13,159,26.43,50.58
9333,Category 48 Product 9333,48,439,13.7,24.96
9334,Category 44 Product 9334,44,204,32.16,41.47
9335,Clothing Product 9335,6,346,149.43,325.22
9336,Category 34 Product 9336,34,191,21.05,29.24
9337,Category 39 Product 9337,39,27,12.11,21.05
9338,Category 36 Product 9338,36,384,56.33,86.41
9339,Clothing Product 9339,6,222,18.38,34.03
9340,Category 40 Product 9340,40,298,48.54,103.22
9341,Category 31 Product 9341,31,56,41.84,51.73
9342,Smartphones Product 9342,3,185,36.72,64.7
9343,Category 30 Product 9343,30,479,33.64,41.32
9344,Category 25 Product 9344,25,350,100.19,149.57
9345,Category 22 Product 9345,22,426,11.17,27.66
9346,Category 48 Product 9346,48,457,6.58,16.17
9347,Category 45 Product 9347,45,364,90.93,211.91
9348,Category 50 Product 9348,50,382,11.57,26.04
9349,Category 23 Product 9349,23,345,14.69,22.49
9350,Category 34 Product 9350,34,152,29.7,61.79
9351,Toys Product 9351,11,280,17.87,30.99
9352,Pet Supplies Product 9352,16,87,45.1,79.12
9353,Category 43 Product 9353,43,342,31.42,60.89
9354,Category 30 Product 9354,30,357,20.28,28.98
9355,Toys Product 9355,11,344,12.56,16.55
9356,Category 21 Product 9356,21,248,287.66,632.51
9357,Category 28 Product 9357,28,341,8.01,9.85
9358,Category 41 Product 9358,41,154,24.14,33.59
9359,Category 34 Product 9359,34,95,3.07,7.51
9360,Travel Product 9360,20,179,24.71,52.74
9361,Category 41 Product 9361,41,65,15.81,24.35
9362,Garden Product 9362,12,320,87.85,125.33
9363,Category 26 Product 9363,26,298,37.2,57.18
9364,Category 35 Product 9364,35,292,70.08,155.49
9365,Category 40 Product 9365,40,401,70.89,145.85
9366,Books Product 9366,10,495,25.9,32.79
9367,Jewelry Product 9367,15,208,40.11,69.14
9368,Category 45 Product 9368,45,174,82.74,175.45
9369,Category 24 Product 9369,24,415,18.42,22.82
9370,Garden Product 9370,12,188,10.66,19.0
9371,Furniture Product 9371,5,111,127.04,263.41
9372,Category 32 Product 9372,32,360,86.98,207.77
9373,Category 43 Product 9373,43,177,100.29,194.6
9374,Category 34 Product 9374,34,35,7.41,17.88
9375,Furniture Product 9375,5,488,42.5,72.07
9376,Pet Supplies Product 9376,16,467,47.13,108.9
9377,Jewelry Product 9377,15,380,22.56,38.25
9378,Automotive Product 9378,13,166,9.69,23.43
9379,Travel Product 9379,20,125,113.3,216.07
9380,Category 31 Product 9380,31,386,71.78,178.04
9381,Furniture Product 9381,5,437,8.37,10.79
9382,Category 32 Product 9382,32,399,97.54,146.54
9383,Health Product 9383,17,138,24.77,47.12
9384,Health Product 9384,17,436,192.89,236.33
9385,Category 50 Product 9385,50,463,41.49,94.47
9386,Category 27 Product 9386,27,491,351.08,666.45
9387,Category 43 Product 9387,43,89,27.93,62.86
9388,Category 31 Product 9388,31,94,20.08,45.5
9389,Category 27 Product 9389,27,416,82.51,199.59
9390,Sports Product 9390,8,310,94.98,119.09
9391,Category 25 Product 9391,25,155,79.94,140.44
9392,Furniture Product 9392,5,156,4.98,11.92
9393,Category 42 Product 9393,42,421,16.38,22.31
9394,Music Product 9394,19,74,99.8,195.8
9395,Travel Product 9395,20,110,105.35,156.38
9396,Category 30 Product 9396,30,9,40.12,78.5
9397,Category 47 Product 9397,47,399,19.07,25.08
9398,Category 27 Product 9398,27,394,5.8,13.21
9399,Category 44 Product 9399,44,37,17.2,42.39
9400,Computers Product 9400,2,152,11.73,28.85
9401,Clothing Product 9401,6,131,220.16,409.55
9402,Category 21 Product 9402,21,500,7.7,17.65
9403,Category 36 Product 9403,36,321,31.56,57.18
9404,Books Product 9404,10,243,54.21,135.04
9405,Category 22 Product 9405,22,366,38.36,55.9
9406,Category 36 Product 9406,36,443,31.01,72.97
9407,Category 30 Product 9407,30,69,63.08,98.17
9408,Clothing Product 9408,6,201,30.86,38.35
9409,Sports Product 9409,8,129,33.13,47.29
9410,Category 39 Product 9410,39,81,43.44,61.14
9411,Home Appliances Product 9411,4,229,146.26,356.9
9412,Category 35 Product 9412,35,232,58.15,128.56
9413,Automotive Product 9413,13,372,123.84,251.49
9414,Category 47 Product 9414,47,450,34.68,51.59
9415,Category 22 Product 9415,22,427,57.31,76.76
9416,Category 28 Product 9416,28,208,7.16,14.38
9417,Sports Product 9417,8,500,135.56,207.69
9418,Category 47 Product 9418,47,51,22.42,36.13
9419,Category 36 Product 9419,36,200,138.78,210.21
9420,Category 24 Product 9420,24,189,3.5,6.92
9421,Sports Product 9421,8,140,31.72,43.76
9422,Toys Product 9422,11,184,72.13,108.34
9423,Category 41 Product 9423,41,7,19.06,44.65
9424,Category 32 Product 9424,32,232,9.93,22.26
9425,Category 35 Product 9425,35,484,43.52,61.55
9426,Smartphones Product 9426,3,154,64.38,90.2
9427,Category 41 Product 9427,41,34,40.02,83.87
9428,Category 44 Product 9428,44,350,34.88,70.04
9429,Shoes Product 9429,7,240,247.57,534.87
9430,Category 40 Product 9430,40,421,56.77,133.64
9431,Category 28 Product 9431,28,245,27.23,65.84
9432,Furniture Product 9432,5,393,34.72,51.55
9433,Gaming Product 9433,18,480,10.48,24.25
9434,Category 37 Product 9434,37,124,119.38,270.25
9435,Category 44 Product 9435,44,269,9.45,23.42
9436,Clothing Product 9436,6,48,27.76,40.7
9437,Automotive Product 9437,13,150,19.77,35.43
9438,Category 43 Product 9438,43,409,32.88,41.31
9439,Category 45 Product 9439,45,442,32.62,56.35
9440,Category 34 Product 9440,34,399,56.87,107.49
9441,Category 27 Product 9441,27,147,16.88,29.97
9442,Category 41 Product 9442,41,405,78.45,189.13
9443,Category 29 Product 9443,29,216,14.69,29.41
9444,Office Product 9444,14,331,33.42,62.46
9445,Category 47 Product 9445,47,188,15.61,26.79
9446,Category 30 Product 9446,30,437,43.01,60.06
9447,Furniture Product 9447,5,450,55.23,102.64
9448,Toys Product 9448,11,51,43.22,53.8
9449,Sports Product 9449,8,382,17.28,23.02
9450,Category 50 Product 9450,50,470,61.06,91.41
9451,Category 22 Product 9451,22,361,68.86,145.72
9452,Furniture Product 9452,5,328,24.62,57.17
9453,Jewelry Product 9453,15,399,18.36,35.31
9454,Category 28 Product 9454,28,9,18.38,42.82
9455,Automotive Product 9455,13,5,85.18,153.61
9456,Furniture Product 9456,5,317,2.62,3.65
9457,Category 36 Product 9457,36,485,7.97,11.41
9458,Beauty Product 9458,9,203,226.47,508.17
9459,Toys Product 9459,11,3,25.69,59.41
9460,Category 49 Product 9460,49,58,37.7,52.88
9461,Office Product 9461,14,138,186.73,409.51
9462,Category 29 Product 9462,29,70,3.16,6.91
9463,Furniture Product 9463,5,330,78.87,136.02
9464,Category 26 Product 9464,26,444,5.71,10.59
9465,Category 42 Product 9465,42,377,7.91,13.71
9466,Automotive Product 9466,13,484,96.98,188.38
9467,Home Appliances Product 9467,4,120,198.19,478.3
9468,Shoes Product 9468,7,232,42.49,65.69
9469,Category 30 Product 9469,30,75,37.59,63.49
9470,Category 23 Product 9470,23,283,48.9,71.44
9471,Pet Supplies Product 9471,16,142,8.08,13.19
9472,Category 29 Product 9472,29,132,23.98,49.65
9473,Furniture Product 9473,5,38,75.22,118.88
9474,Toys Product 9474,11,71,19.32,39.88
9475,Electronics Product 9475,1,89,141.99,301.02
9476,Category 27 Product 9476,27,19,34.15,51.23
9477,Travel Product 9477,20,413,20.19,34.63
9478,Category 23 Product 9478,23,424,17.04,27.18
9479,Category 47 Product 9479,47,117,20.73,44.06
9480,Category 50 Product 9480,50,189,37.71,66.53
9481,Category 32 Product 9481,32,352,16.28,30.11
9482,Pet Supplies Product 9482,16,230,15.44,29.92
9483,Category 45 Product 9483,45,194,12.63,30.55
9484,Category 45 Product 9484,45,476,29.86,72.85
9485,Category 46 Product 9485,46,321,31.04,56.01
9486,Category 22 Product 9486,22,205,20.6,44.4
9487,Category 29 Product 9487,29,277,39.16,70.72
9488,Category 34 Product 9488,34,175,62.28,100.77
9489,Category 42 Product 9489,42,365,27.45,66.17
9490,Category 50 Product 9490,50,250,20.22,29.92
9491,Category 42 Product 9491,42,102,213.16,426.92
9492,Category 28 Product 9492,28,280,12.5,21.74
9493,Books Product 9493,10,282,29.66,72.2
9494,Health Product 9494,17,256,58.51,96.21
9495,Category 46 Product 9495,46,3,81.77,173.27
9496,Category 44 Product 9496,44,86,35.39,46.06
9497,Office Product 9497,14,194,11.36,25.41
9498,Automotive Product 9498,13,47,21.44,33.04
9499,Category 40 Product 9499,40,5,35.81,71.36
9500,Category 47 Product 9500,47,242,56.16,89.51
9501,Jewelry Product 9501,15,241,31.03,41.17
9502,Category 28 Product 9502,28,289,120.0,197.12
9503,Category 45 Product 9503,45,295,19.84,28.66
9504,Gaming Product 9504,18,376,124.92,169.16
9505,Sports Product 9505,8,433,11.87,24.17
9506,Category 39 Product 9506,39,216,61.3,137.69
9507,Garden Product 9507,12,36,4.12,9.84
9508,Category 28 Product 9508,28,43,57.61,79.7
9509,Category 46 Product 9509,46,429,25.73,33.1
9510,Category 43 Product 9510,43,64,83.79,141.5
9511,Electronics Product 9511,1,305,8.31,20.1
9512,Category 45 Product 9512,45,486,37.33,57.49
9513,Automotive Product 9513,13,245,6.26,14.81
9514,Category 23 Product 9514,23,58,33.37,67.14
9515,Category 29 Product 9515,29,63,50.27,114.73
9516,Clothing Product 9516,6,419,102.65,124.67
9517,Category 28 Product 9517,28,279,18.77,30.32
9518,Toys Product 9518,11,311,87.73,136.6
9519,Category 26 Product 9519,26,47,85.43,152.61
9520,Music Product 9520,19,395,6.52,10.07
9521,Gaming Product 9521,18,181,42.8,105.65
9522,Category 32 Product 9522,32,299,63.47,120.79
9523,Category 30 Product 9523,30,74,45.75,69.1
9524,Travel Product 9524,20,209,375.22,724.44
9525,Books Product 9525,10,61,219.48,308.15
9526,Travel Product 9526,20,224,21.23,41.77
9527,Category 39 Product 9527,39,470,67.34,82.58
9528,Category 25 Product 9528,25,327,76.38,121.91
9529,Category 30 Product 9529,30,401,20.5,44.91
9530,Category 23 Product 9530,23,406,17.0,28.16
9531,Category 25 Product 9531,25,100,44.93,56.58
9532,Sports Product 9532,8,113,5.26,12.08
9533,Computers Product 9533,2,180,45.63,79.58
9534,Category 48 Product 9534,48,134,29.52,61.57
9535,Jewelry Product 9535,15,470,174.48,432.27
9536,Category 33 Product 9536,33,184,139.14,232.57
9537,Category 21 Product 9537,21,91,17.44,42.7
9538,Category 44 Product 9538,44,422,9.98,12.26
9539,Category 22 Product 9539,22,324,76.21,103.0
9540,Smartphones Product 9540,3,143,15.88,29.49
9541,Category 26 Product 9541,26,136,77.72,188.26
9542,Category 39 Product 9542,39,366,23.26,49.64
9543,Sports Product 9543,8,17,19.6,46.64
9544,Category 44 Product 9544,44,335,92.25,111.79
9545,Category 48 Product 9545,48,222,195.14,249.5
9546,Category 38 Product 9546,38,423,123.12,176.51
9547,Category 36 Product 9547,36,20,10.8,19.24
9548,Category 47 Product 9548,47,407,14.9,22.4
9549,Category 22 Product 9549,22,93,129.32,250.52
9550,Category 50 Product 9550,50,148,9.33,23.11
9551,Category 22 Product 9551,22,381,28.61,61.28
9552,Toys Product 9552,11,187,21.22,41.85
9553,Pet Supplies Product 9553,16,457,22.03,53.1
9554,Smartphones Product 9554,3,461,28.15,68.89
9555,Sports Product 9555,8,284,4.57,8.67
9556,Gaming Product 9556,18,62,31.26,57.07
9557,Category 39 Product 9557,39,276,45.48,78.59
9558,Category 30 Product 9558,30,35,142.67,345.37
9559,Pet Supplies Product 9559,16,144,17.46,32.27
9560,Category 25 Product 9560,25,87,36.55,63.15
9561,Category 37 Product 9561,37,490,72.91,161.88
9562,Category 46 Product 9562,46,87,80.15,185.05
9563,Category 34 Product 9563,34,137,3.68,8.04
9564,Beauty Product 9564,9,159,68.97,113.39
9565,Category 26 Product 9565,26,273,21.81,29.48
9566,Category 21 Product 9566,21,60,41.58,86.32
9567,Office Product 9567,14,44,22.15,44.85
9568,Category 21 Product 9568,21,498,19.27,38.99
9569,Toys Product 9569,11,397,4.29,7.58
9570,Automotive Product 9570,13,344,19.74,27.36
9571,Category 34 Product 9571,34,195,9.98,19.46
9572,Furniture Product 9572,5,316,78.3,148.63
9573,Category 41 Product 9573,41,55,81.11,148.84
9574,Category 28 Product 9574,28,171,19.73,33.24
9575,Books Product 9575,10,225,25.82,58.26
9576,Clothing Product 9576,6,97,17.28,43.17
9577,Category 49 Product 9577,49,4,30.31,73.25
9578,Garden Product 9578,12,339,80.58,145.77
9579,Category 38 Product 9579,38,274,21.24,42.81
9580,Category 43 Product 9580,43,199,64.76,128.59
9581,Music Product 9581,19,236,68.7,143.08
9582,Category 37 Product 9582,37,328,69.08,128.6
9583,Category 44 Product 9583,44,145,25.6,60.05
9584,Category 36 Product 9584,36,18,26.65,45.61
9585,Category 31 Product 9585,31,241,22.58,54.66
9586,Category 49 Product 9586,49,118,45.82,102.02
9587,Category 33 Product 9587,33,152,74.7,186.56
9588,Automotive Product 9588,13,372,24.3,33.0
9589,Category 45 Product 9589,45,310,108.72,236.58
9590,Clothing Product 9590,6,263,20.66,39.15
9591,Category 30 Product 9591,30,331,51.31,115.61
9592,Category 41 Product 9592,41,366,53.4,120.13
9593,Music Product 9593,19,303,155.29,262.43
9594,Furniture Product 9594,5,268,38.1,76.6
9595,Category 35 Product 9595,35,18,35.24,75.87
9596,Category 48 Product 9596,48,207,51.8,129.25
9597,Category 41 Product 9597,41,449,38.36,84.09
9598,Category 41 Product 9598,41,160,35.36,59.09
9599,Category 32 Product 9599,32,159,51.89,84.98
9600,Category 39 Product 9600,39,7,30.44,56.86
9601,Category 48 Product 9601,48,497,12.77,21.08
9602,Category 41 Product 9602,41,142,52.18,67.47
9603,Category 42 Product 9603,42,169,16.65,30.09
9604,Health Product 9604,17,52,13.36,30.14
9605,Automotive Product 9605,13,37,42.25,51.86
9606,Category 47 Product 9606,47,403,44.55,89.01
9607,Jewelry Product 9607,15,152,10.0,16.64
9608,Gaming Product 9608,18,115,33.4,72.81
9609,Category 39 Product 9609,39,485,28.11,57.99
9610,Category 32 Product 9610,32,162,180.01,447.17
9611,Electronics Product 9611,1,143,83.71,143.32
9612,Computers Product 9612,2,465,12.1,19.48
9613,Category 24 Product 9613,24,51,99.27,185.73
9614,Category 42 Product 9614,42,259,9.88,15.03
9615,Category 24 Product 9615,24,204,22.27,31.74
9616,Category 49 Product 9616,49,21,8.68,16.83
9617,Category 47 Product 9617,47,224,424.5,661.3
9618,Category 34 Product 9618,34,491,54.49,85.29
9619,Toys Product 9619,11,488,105.69,164.9
9620,Category 29 Product 9620,29,333,85.55,156.63
9621,Category 45 Product 9621,45,259,18.68,23.67
9622,Automotive Product 9622,13,146,8.75,18.51
9623,Category 21 Product 9623,21,238,108.91,241.51
9624,Category 30 Product 9624,30,31,90.37,139.9
9625,Jewelry Product 9625,15,463,37.91,55.78
9626,Category 38 Product 9626,38,170,7.42,16.11
9627,Garden Product 9627,12,163,32.72,53.65
9628,Category 26 Product 9628,26,446,5.37,9.57
9629,Category 23 Product 9629,23,385,13.09,19.42
9630,Category 26 Product 9630,26,273,39.9,70.61
9631,Home Appliances Product 9631,4,92,16.76,41.32
9632,Category 44 Product 9632,44,175,129.41,309.97
9633,Category 22 Product 9633,22,16,78.94,161.51
9634,Category 50 Product 9634,50,264,37.43,93.37
9635,Category 23 Product 9635,23,160,68.17,144.15
9636,Category 24 Product 9636,24,356,21.08,30.34
9637,Category 37 Product 9637,37,128,19.6,42.12
9638,Smartphones Product 9638,3,498,91.52,160.93
9639,Category 50 Product 9639,50,483,17.18,41.4
9640,Sports Product 9640,8,468,12.8,16.44
9641,Category 43 Product 9641,43,176,126.47,282.11
9642,Category 30 Product 9642,30,161,47.31,72.67
9643,Category 46 Product 9643,46,248,30.47,42.0
9644,Jewelry Product 9644,15,27,64.1,148.14
9645,Books Product 9645,10,408,49.72,118.33
9646,Computers Product 9646,2,39,157.91,250.8
9647,Category 40 Product 9647,40,141,19.67,34.71
9648,Garden Product 9648,12,375,10.77,23.23
9649,Music Product 9649,19,469,69.09,120.81
9650,Toys Product 9650,11,435,28.43,65.87
9651,Category 35 Product 9651,35,481,63.46,104.92
9652,Smartphones Product 9652,3,63,41.0,94.77
9653,Category 29 Product 9653,29,273,22.71,47.77
9654,Category 22 Product 9654,22,462,56.13,130.7
9655,Beauty Product 9655,9,322,17.83,29.7
9656,Beauty Product 9656,9,108,84.82,177.5
9657,Category 37 Product 9657,37,21,10.84,20.16
9658,Electronics Product 9658,1,144,18.41,35.99
9659,Category 30 Product 9659,30,249,183.38,319.3
9660,Category 43 Product 9660,43,144,10.98,15.19
9661,Pet Supplies Product 9661,16,35,14.07,20.23
9662,Computers Product 9662,2,77,7.95,18.71
9663,Category 24 Product 9663,24,347,54.34,114.41
9664,Category 31 Product 9664,31,72,37.27,61.3
9665,Pet Supplies Product 9665,16,375,12.59,27.01
9666,Office Product 9666,14,249,39.62,49.36
9667,Category 39 Product 9667,39,440,14.38,29.76
9668,Category 28 Product 9668,28,256,23.69,33.07
9669,Sports Product 9669,8,360,19.61,36.19
9670,Category 24 Product 9670,24,333,5.41,10.02
9671,Travel Product 9671,20,420,18.26,30.44
9672,Sports Product 9672,8,426,14.43,26.15
9673,Category 24 Product 9673,24,44,79.66,108.49
9674,Sports Product 9674,8,472,45.11,69.09
9675,Category 47 Product 9675,47,417,209.98,370.14
9676,Electronics Product 9676,1,313,22.03,39.75
9677,Category 28 Product 9677,28,25,21.89,52.97
9678,Health Product 9678,17,159,80.82,195.39
9679,Category 28 Product 9679,28,135,24.56,53.44
9680,Category 23 Product 9680,23,2,67.59,103.54
9681,Clothing Product 9681,6,427,26.74,51.85
9682,Category 45 Product 9682,45,192,144.73,272.5
9683,Category 28 Product 9683,28,324,33.84,45.8
9684,Category 40 Product 9684,40,380,29.99,73.0
9685,Category 33 Product 9685,33,212,49.49,88.21
9686,Category 27 Product 9686,27,77,123.0,166.07
9687,Category 29 Product 9687,29,264,62.06,120.06
9688,Category 27 Product 9688,27,200,140.1,196.36
9689,Category 50 Product 9689,50,199,17.93,34.2
9690,Category 26 Product 9690,26,454,41.11,90.27
9691,Category 39 Product 9691,39,140,470.51,1135.15
9692,Category 31 Product 9692,31,273,71.61,159.73
9693,Category 22 Product 9693,22,197,24.1,52.48
9694,Category 33 Product 9694,33,348,16.46,34.85
9695,Furniture Product 9695,5,426,52.27,87.99
9696,Home Appliances Product 9696,4,140,12.83,21.95
9697,Category 25 Product 9697,25,259,17.63,29.05
9698,Automotive Product 9698,13,133,45.53,112.41
9699,Furniture Product 9699,5,332,5.01,7.21
9700,Computers Product 9700,2,279,144.83,203.99
9701,Category 31 Product 9701,31,335,62.8,124.93
9702,Category 35 Product 9702,35,317,92.1,125.54
9703,Sports Product 9703,8,23,21.24,39.32
9704,Home Appliances Product 9704,4,337,33.31,66.06
9705,Category 26 Product 9705,26,244,19.71,35.03
9706,Category 32 Product 9706,32,333,124.43,162.84
9707,Automotive Product 9707,13,94,65.69,144.05
9708,Category 35 Product 9708,35,67,43.86,62.09
9709,Category 48 Product 9709,48,409,31.4,46.65
9710,Office Product 9710,14,235,11.7,14.53
9711,Category 44 Product 9711,44,465,2.47,3.97
9712,Category 28 Product 9712,28,185,10.96,27.03
9713,Health Product 9713,17,246,28.57,65.77
9714,Books Product 9714,10,257,8.51,16.97
9715,Category 50 Product 9715,50,346,8.65,16.79
9716,Garden Product 9716,12,352,5.23,12.62
9717,Category 36 Product 9717,36,307,7.97,17.65
9718,Home Appliances Product 9718,4,438,18.62,24.91
9719,Category 26 Product 9719,26,120,38.01,81.95
9720,Furniture Product 9720,5,243,25.0,48.74
9721,Category 33 Product 9721,33,81,3.77,9.3
9722,Category 44 Product 9722,44,444,7.02,13.48
9723,Furniture Product 9723,5,444,5.5,8.82
9724,Automotive Product 9724,13,214,16.43,33.24
9725,Health Product 9725,17,83,79.45,172.07
9726,Category 46 Product 9726,46,215,23.45,49.6
9727,Category 23 Product 9727,23,396,37.55,86.0
9728,Category 35 Product 9728,35,439,40.26,63.68
9729,Office Product 9729,14,52,71.04,104.22
9730,Office Product 9730,14,471,36.13,73.77
9731,Category 39 Product 9731,39,207,111.54,193.22
9732,Category 40 Product 9732,40,94,18.62,22.87
9733,Category 32 Product 9733,32,468,32.96,64.47
9734,Category 28 Product 9734,28,3,53.99,101.56
9735,Category 35 Product 9735,35,446,17.55,28.89
9736,Gaming Product 9736,18,495,50.37,78.62
9737,Office Product 9737,14,193,24.19,53.91
9738,Category 33 Product 9738,33,325,18.1,39.69
9739,Category 48 Product 9739,48,406,38.16,86.29
9740,Category 33 Product 9740,33,57,12.69,23.24
9741,Category 31 Product 9741,31,458,28.44,35.02
9742,Category 27 Product 9742,27,105,72.8,87.48
9743,Category 49 Product 9743,49,192,12.3,16.17
9744,Category 48 Product 9744,48,207,31.74,63.62
9745,Automotive Product 9745,13,377,46.06,67.95
9746,Category 42 Product 9746,42,465,58.24,98.44
9747,Category 22 Product 9747,22,489,13.78,25.92
9748,Category 42 Product 9748,42,47,57.03,118.04
9749,Pet Supplies Product 9749,16,171,7.53,12.36
9750,Category 43 Product 9750,43,363,33.61,70.37
9751,Category 44 Product 9751,44,272,1.15,1.47
9752,Office Product 9752,14,86,17.68,39.7
9753,Health Product 9753,17,189,47.22,73.76
9754,Automotive Product 9754,13,237,75.04,123.95
9755,Category 44 Product 9755,44,415,31.29,67.05
9756,Garden Product 9756,12,80,63.48,139.22
9757,Garden Product 9757,12,346,82.93,141.31
9758,Category 44 Product 9758,44,38,17.2,40.22
9759,Category 22 Product 9759,22,422,35.72,88.78
9760,Furniture Product 9760,5,241,17.43,33.43
9761,Category 43 Product 9761,43,275,17.79,40.66
9762,Category 23 Product 9762,23,362,11.38,24.6
9763,Computers Product 9763,2,205,65.93,143.02
9764,Category 31 Product 9764,31,297,29.21,56.5
9765,Toys Product 9765,11,431,53.65,123.3
9766,Category 21 Product 9766,21,142,205.09,497.1
9767,Category 28 Product 9767,28,206,109.21,153.8
9768,Automotive Product 9768,13,379,30.89,46.4
9769,Category 37 Product 9769,37,295,18.16,44.82
9770,Category 22 Product 9770,22,223,42.71,94.92
9771,Garden Product 9771,12,472,22.72,49.78
9772,Category 21 Product 9772,21,248,84.45,151.4
9773,Computers Product 9773,2,469,107.64,231.78
9774,Smartphones Product 9774,3,1,42.54,69.1
9775,Sports Product 9775,8,149,29.56,72.05
9776,Category 26 Product 9776,26,257,181.28,330.52
9777,Category 32 Product 9777,32,453,18.24,22.85
9778,Automotive Product 9778,13,288,33.33,55.3
9779,Category 46 Product 9779,46,365,11.16,27.57
9780,Computers Product 9780,2,491,272.94,520.74
9781,Category 49 Product 9781,49,442,17.16,30.71
9782,Category 35 Product 9782,35,409,19.61,42.86
9783,Category 44 Product 9783,44,157,24.57,46.99
9784,Music Product 9784,19,281,38.92,69.64
9785,Smartphones Product 9785,3,287,24.92,47.4
9786,Category 25 Product 9786,25,34,78.53,184.51
9787,Category 44 Product 9787,44,48,67.6,132.65
9788,Category 26 Product 9788,26,140,21.78,36.69
9789,Books Product 9789,10,457,3.59,5.81
9790,Shoes Product 9790,7,251,30.48,70.24
9791,Gaming Product 9791,18,463,41.76,83.72
9792,Category 45 Product 9792,45,94,62.09,75.35
9793,Category 25 Product 9793,25,396,17.95,41.04
9794,Category 49 Product 9794,49,396,20.09,49.65
9795,Garden Product 9795,12,56,66.29,138.12
9796,Category 43 Product 9796,43,416,4.85,6.95
9797,Category 31 Product 9797,31,190,81.89,190.6
9798,Electronics Product 9798,1,308,10.67,18.75
9799,Category 29 Product 9799,29,459,19.68,38.78
9800,Category 21 Product 9800,21,331,31.28,69.47
9801,Category 27 Product 9801,27,290,56.88,134.29
9802,Garden Product 9802,12,81,8.44,19.75
9803,Category 39 Product 9803,39,28,19.68,25.07
9804,Garden Product 9804,12,149,28.38,36.4
9805,Category 39 Product 9805,39,288,39.49,51.86
9806,Office Product 9806,14,202,24.47,49.66
9807,Furniture Product 9807,5,405,35.39,58.14
9808,Travel Product 9808,20,127,10.77,20.46
9809,Travel Product 9809,20,432,161.97,300.38
9810,Garden Product 9810,12,126,42.16,57.87
9811,Music Product 9811,19,477,22.4,37.61
9812,Music Product 9812,19,88,61.34,95.98
9813,Computers Product 9813,2,64,37.95,59.49
9814,Beauty Product 9814,9,407,45.19,93.62
9815,Shoes Product 9815,7,389,19.19,37.0
9816,Category 40 Product 9816,40,117,20.23,38.72
9817,Music Product 9817,19,345,317.7,502.65
9818,Category 33 Product 9818,33,130,21.55,38.12
9819,Gaming Product 9819,18,110,6.89,12.17
9820,Category 27 Product 9820,27,470,53.23,90.64
9821,Category 34 Product 9821,34,454,22.84,54.54
9822,Category 46 Product 9822,46,99,35.61,71.61
9823,Category 33 Product 9823,33,156,39.98,71.32
9824,Shoes Product 9824,7,406,21.09,42.4
9825,Category 34 Product 9825,34,137,231.66,475.16
9826,Automotive Product 9826,13,353,14.64,23.37
9827,Category 36 Product 9827,36,402,10.71,13.83
9828,Category 48 Product 9828,48,427,155.71,374.37
9829,Category 29 Product 9829,29,444,48.62,62.86
9830,Garden Product 9830,12,398,13.34,27.49
9831,Category 30 Product 9831,30,35,5.79,8.16
9832,Shoes Product 9832,7,320,19.8,31.08
9833,Garden Product 9833,12,7,9.51,22.81
9834,Gaming Product 9834,18,258,68.57,141.55
9835,Category 26 Product 9835,26,126,29.51,62.71
9836,Category 39 Product 9836,39,397,91.96,203.36
9837,Category 37 Product 9837,37,121,6.08,10.3
9838,Category 30 Product 9838,30,88,14.7,29.83
9839,Category 27 Product 9839,27,286,79.3,197.29
9840,Category 28 Product 9840,28,332,199.81,329.6
9841,Beauty Product 9841,9,413,81.15,140.37
9842,Category 26 Product 9842,26,402,29.02,47.43
9843,Category 25 Product 9843,25,436,95.65,203.68
9844,Jewelry Product 9844,15,194,9.03,16.22
9845,Clothing Product 9845,6,359,67.09,151.33
9846,Category 23 Product 9846,23,79,90.88,177.97
9847,Category 25 Product 9847,25,492,9.46,14.56
9848,Category 50 Product 9848,50,21,16.45,36.72
9849,Sports Product 9849,8,366,63.69,156.68
9850,Category 21 Product 9850,21,221,21.77,42.12
9851,Category 49 Product 9851,49,154,20.76,45.55
9852,Category 31 Product 9852,31,65,77.04,155.63
9853,Category 39 Product 9853,39,117,37.85,86.14
9854,Garden Product 9854,12,205,17.12,29.51
9855,Clothing Product 9855,6,5,17.04,37.14
9856,Clothing Product 9856,6,331,12.18,21.54
9857,Category 45 Product 9857,45,195,7.43,11.01
9858,Category 30 Product 9858,30,35,56.92,138.23
9859,Category 27 Product 9859,27,466,11.69,18.5
9860,Category 31 Product 9860,31,216,34.92,80.08
9861,Category 37 Product 9861,37,150,183.64,379.93
9862,Jewelry Product 9862,15,285,58.41,85.17
9863,Home Appliances Product 9863,4,289,4.08,9.77
9864,Category 42 Product 9864,42,416,99.01,183.7
9865,Category 24 Product 9865,24,94,10.35,19.81
9866,Category 22 Product 9866,22,357,11.08,21.9
9867,Automotive Product 9867,13,352,24.8,44.42
9868,Category 21 Product 9868,21,163,14.04,29.79
9869,Travel Product 9869,20,370,6.36,11.31
9870,Category 37 Product 9870,37,309,25.59,50.07
9871,Toys Product 9871,11,448,17.33,29.55
9872,Category 47 Product 9872,47,22,11.24,25.68
9873,Clothing Product 9873,6,159,178.33,270.08
9874,Category 33 Product 9874,33,351,10.36,18.87
9875,Category 25 Product 9875,25,250,8.24,18.55
9876,Category 31 Product 9876,31,414,71.66,113.44
9877,Office Product 9877,14,271,19.62,39.43
9878,Category 31 Product 9878,31,229,193.34,321.93
9879,Office Product 9879,14,22,28.42,62.56
9880,Category 39 Product 9880,39,408,72.92,120.89
9881,Gaming Product 9881,18,38,58.65,132.87
9882,Home Appliances Product 9882,4,377,6.49,13.57
9883,Category 25 Product 9883,25,403,15.02,18.93
9884,Category 35 Product 9884,35,161,15.39,34.5
9885,Category 23 Product 9885,23,471,22.43,31.26
9886,Category 30 Product 9886,30,336,28.44,71.03
9887,Category 27 Product 9887,27,394,40.63,50.28
9888,Category 38 Product 9888,38,271,21.37,52.67
9889,Health Product 9889,17,468,10.22,13.73
9890,Category 30 Product 9890,30,154,16.9,29.74
9891,Category 25 Product 9891,25,429,12.01,25.11
9892,Category 26 Product 9892,26,195,4.36,10.0
9893,Category 43 Product 9893,43,120,13.35,27.89
9894,Shoes Product 9894,7,97,44.04,85.73
9895,Category 29 Product 9895,29,411,31.99,42.8
9896,Category 21 Product 9896,21,346,43.1,60.12
9897,Furniture Product 9897,5,97,21.51,29.9
9898,Category 35 Product 9898,35,394,10.58,19.35
9899,Category 32 Product 9899,32,234,64.39,100.47
9900,Category 38 Product 9900,38,318,7.24,13.28
9901,Category 32 Product 9901,32,469,60.64,128.7
9902,Category 23 Product 9902,23,457,17.97,25.64
9903,Sports Product 9903,8,229,48.87,75.77
9904,Category 38 Product 9904,38,356,24.73,61.75
9905,Category 23 Product 9905,23,246,67.14,157.31
9906,Category 26 Product 9906,26,296,62.85,87.88
9907,Automotive Product 9907,13,219,142.97,277.47
9908,Jewelry Product 9908,15,94,176.33,268.62
9909,Category 24 Product 9909,24,352,36.31,45.94
9910,Category 49 Product 9910,49,435,22.12,52.19
9911,Shoes Product 9911,7,50,67.96,88.17
9912,Garden Product 9912,12,446,21.9,39.84
9913,Category 38 Product 9913,38,205,68.96,87.21
9914,Category 30 Product 9914,30,189,74.55,173.55
9915,Category 49 Product 9915,49,177,79.15,145.85
9916,Beauty Product 9916,9,20,81.63,158.42
9917,Category 27 Product 9917,27,484,103.74,193.95
9918,Beauty Product 9918,9,213,91.68,133.24
9919,Category 28 Product 9919,28,155,37.6,76.54
9920,Category 46 Product 9920,46,316,15.44,27.06
9921,Category 21 Product 9921,21,188,138.73,332.22
9922,Category 32 Product 9922,32,493,25.28,51.36
9923,Category 44 Product 9923,44,228,28.49,41.8
9924,Automotive Product 9924,13,290,24.19,49.64
9925,Category 41 Product 9925,41,182,70.42,143.32
9926,Travel Product 9926,20,388,32.96,73.09
9927,Category 39 Product 9927,39,242,7.15,16.41
9928,Category 38 Product 9928,38,227,57.44,112.65
9929,Category 24 Product 9929,24,316,156.57,274.44
9930,Category 31 Product 9930,31,404,7.91,13.29
9931,Category 28 Product 9931,28,334,59.91,139.28
9932,Category 44 Product 9932,44,11,13.04,31.83
9933,Category 29 Product 9933,29,347,21.4,37.49
9934,Sports Product 9934,8,440,8.21,19.32
9935,Category 43 Product 9935,43,324,71.48,102.27
9936,Category 25 Product 9936,25,216,261.89,350.18
9937,Category 42 Product 9937,42,7,44.71,111.36
9938,Garden Product 9938,12,235,64.38,94.04
9939,Books Product 9939,10,343,16.86,34.67
9940,Computers Product 9940,2,254,14.23,28.36
9941,Category 35 Product 9941,35,368,111.57,191.07
9942,Category 24 Product 9942,24,469,55.34,90.2
9943,Category 34 Product 9943,34,26,38.9,53.39
9944,Category 41 Product 9944,41,160,89.87,134.11
9945,Electronics Product 9945,1,152,10.7,19.01
9946,Category 50 Product 9946,50,222,155.92,388.68
9947,Category 39 Product 9947,39,23,26.69,37.88
9948,Category 32 Product 9948,32,429,113.06,247.88
9949,Category 49 Product 9949,49,33,14.78,18.24
9950,Category 44 Product 9950,44,412,40.9,99.16
9951,Shoes Product 9951,7,401,159.35,345.77
9952,Office Product 9952,14,77,67.05,133.92
9953,Category 32 Product 9953,32,234,43.91,81.85
9954,Category 29 Product 9954,29,158,15.32,23.6
9955,Automotive Product 9955,13,135,50.17,71.41
9956,Gaming Product 9956,18,48,21.21,47.99
9957,Category 39 Product 9957,39,165,16.02,33.34
9958,Category 28 Product 9958,28,395,31.15,41.13
9959,Category 28 Product 9959,28,216,33.79,75.18
9960,Category 29 Product 9960,29,389,10.54,24.93
9961,Automotive Product 9961,13,371,13.3,22.6
9962,Travel Product 9962,20,245,398.26,839.46
9963,Category 48 Product 9963,48,209,62.66,120.6
9964,Category 27 Product 9964,27,335,13.44,29.8
9965,Category 47 Product 9965,47,294,86.36,124.21
9966,Category 45 Product 9966,45,6,37.14,73.09
9967,Category 29 Product 9967,29,225,14.82,36.11
9968,Travel Product 9968,20,102,67.89,168.55
9969,Shoes Product 9969,7,37,15.44,24.92
9970,Electronics Product 9970,1,312,2.79,6.58
9971,Category 27 Product 9971,27,225,20.86,28.61
9972,Beauty Product 9972,9,55,97.55,177.85
9973,Gaming Product 9973,18,293,134.97,255.46
9974,Electronics Product 9974,1,198,186.68,272.81
9975,Furniture Product 9975,5,483,155.42,243.23
9976,Health Product 9976,17,51,12.51,24.5
9977,Category 31 Product 9977,31,187,13.96,22.81
9978,Health Product 9978,17,160,26.4,65.93
9979,Category 46 Product 9979,46,164,17.59,36.53
9980,Category 43 Product 9980,43,175,4.1,7.63
9981,Electronics Product 9981,1,184,28.85,55.37
9982,Jewelry Product 9982,15,313,113.62,276.05
9983,Category 41 Product 9983,41,342,62.55,98.36
9984,Travel Product 9984,20,363,131.68,161.34
9985,Category 35 Product 9985,35,465,22.46,45.34
9986,Furniture Product 9986,5,93,56.16,98.71
9987,Category 37 Product 9987,37,270,122.54,185.42
9988,Health Product 9988,17,442,46.9,110.54
9989,Category 21 Product 9989,21,249,108.28,253.46
9990,Category 37 Product 9990,37,301,52.87,119.13
9991,Electronics Product 9991,1,297,17.08,40.11
9992,Clothing Product 9992,6,25,34.24,53.38
9993,Category 42 Product 9993,42,419,45.15,107.99
9994,Category 26 Product 9994,26,453,26.51,33.72
9995,Office Product 9995,14,280,41.0,56.45
9996,Health Product 9996,17,481,30.11,66.32
9997,Jewelry Product 9997,15,355,14.85,22.7
9998,Category 45 Product 9998,45,165,16.85,30.16
9999,Category 35 Product 9999,35,32,9.49,18.25
10000,Category 44 Product 10000,44,336,75.02,125.32
